signal_date,ticker,pattern,close,sma50,sma200,prev_high_close,volume,vol_avg20,entry_price,entry_band_low,entry_band_high,stop_pct,stop_price,pattern_family,score_trend,score_setup,score_volume,score_rsi,score_risk,score_pattern,sma50_slope_pct,ma_slope_bonus,feature_recent_signal_count,feature_close_vs_prev_high_pct,feature_close_vs_sma50_pct,feature_gap_pct,feature_range_vs_atr,feature_gap_sequence_risk,feature_exhaustion_risk,pattern_bonus,score_penalty_crowding,score_penalty_extension,score_penalty_gap_shock,score_penalty_total,score_penalty_stop_risk,signal_score_pre_stop_risk_penalty,signal_score,signal_stop_risk,signal_stop_risk_5d,signal_gap_through_stop_risk,signal_mae_exceeds_stop_risk,signal_reliability_score,score_penalty_stop_risk_method,score_penalty_stop_risk_gated,consensus_count,signal_score_pre_lt_health,lt_health_points,lt_health_bonus,markov_state,markov_p_continuation,markov_p_adverse,score_markov_adjustment,signal_score_pre_markov,st_score,st_score_pre_model,markov_state_encoded
2023-11-13,BEL.NS,A_breakout_40d,143.4,137.021,117.0982,140.4,20245049,9622982.3,144.5,143.055,145.945,7.0,134.385,A,100.0,67.1,82.1,64.7,58.0,59.9,0.39,1.57,0,2.1368,4.6555,0.2522,1.6022,0.8544,8.9508,18.0,-0.0,-0.0,-0.0,-0.0,0.0,73.7,73.7,0.1477,0.1154,0.0745,0.1644,85,continuous_power,False,1,73.7,2,0.0,,0.0,0.0,0.0,73.7,48.3,31.2,0|0|0|0|0
2023-11-13,COALINDIA.NS,A_breakout_40d,349.35,294.486,244.2345,323.55,42178783,10091859.2,359.0,355.41,362.59,7.0,333.87,A,100.0,100.0,100.0,79.2,58.0,59.9,3.39,3.0,0,7.974,18.6304,2.9685,2.3889,4.5521,27.1213,18.0,-0.0,-0.0,-0.0,-0.0,0.0,84.5,84.5,0.1329,0.1154,0.0815,0.1575,87,continuous_power,False,1,84.5,2,0.0,,0.0,0.0,0.0,84.5,27.9,31.1,0|0|0|0|0
2023-11-13,EICHERMOT.NS,A_breakout_40d,3645.3999,3431.677,3348.5647,3550.3,875885,390636.5,3689.0,3652.11,3725.89,7.0,3430.77,A,62.4,71.4,84.8,68.4,58.0,59.9,0.58,2.33,0,2.6786,6.2279,1.3909,1.1043,1.4952,10.0914,18.0,-0.0,-0.0,-0.0,-0.0,0.0,68.3,68.3,0.1289,0.0815,0.0745,0.1353,87,continuous_power,False,1,68.3,2,0.0,,0.0,0.0,0.0,68.3,48.3,31.2,0|0|0|0|0
2023-11-15,COALINDIA.NS,A_breakout_40d,350.6,296.897,244.8525,349.35,35092206,11319714.15,353.0,349.47,356.53,7.0,328.29,A,100.0,52.9,100.0,79.6,58.0,59.9,3.62,3.0,1,0.3578,18.0881,2.7623,1.2323,6.0448,18.7085,18.0,-0.0,-0.0,-0.0,-0.0,0.0,75.1,75.1,0.1289,0.0815,0.0745,0.1353,87,continuous_power,False,1,75.1,2,0.0,,0.0,0.0,0.0,75.1,39.3,31.2,0|0|0|0|0
2023-11-15,EICHERMOT.NS,A_breakout_40d,3848.3,3441.911,3352.0537,3645.3999,1914550,478980.85,3848.05,3809.5695,3886.5305,7.0,3578.6865,A,63.4,94.5,100.0,77.5,58.0,59.9,0.78,3.0,1,5.5659,11.8071,1.196,2.0789,3.3216,21.9784,18.0,-0.0,-0.0,-0.0,-0.0,0.0,76.0,76.0,0.1289,0.0815,0.0745,0.1353,87,continuous_power,False,1,76.0,2,0.0,,0.0,0.0,0.0,76.0,43.8,31.2,0|0|0|0|0
2023-11-15,HINDALCO.NS,A_breakout_40d,505.4,477.682,441.5782,497.35,11674265,5530896.05,504.0,498.96,509.04,7.0,468.72,A,90.9,62.9,82.2,68.8,58.0,59.9,0.75,3.0,0,1.6186,5.8026,1.9487,1.7107,2.8049,10.2665,18.0,-0.0,-0.0,-0.0,-0.0,0.0,72.6,72.6,0.1289,0.0815,0.0745,0.1353,87,continuous_power,False,1,72.6,2,0.0,,0.0,0.0,0.0,72.6,30.4,31.1,0|0|0|0|0
2023-11-15,ONGC.NS,A_breakout_40d,199.5,186.517,167.0035,195.9,19769385,8913351.2,202.5,200.475,204.525,7.0,188.325,A,100.0,64.7,84.4,70.2,58.0,59.9,1.13,3.0,0,1.8377,6.9608,1.379,1.1721,1.5511,9.593,18.0,-0.0,-0.0,-0.0,-0.0,0.0,75.1,75.1,0.1314,0.0912,0.0745,0.1411,87,continuous_power,False,1,75.1,2,0.0,,0.0,0.0,0.0,75.1,36.9,31.1,0|0|0|0|0
2023-11-16,BPCL.NS,A_breakout_40d,199.325,177.4945,177.1355,196.275,15416172,9930847.5,200.0,198.0,202.0,7.0,186.0,A,51.0,62.4,71.0,79.4,58.0,59.9,1.12,3.0,0,1.5539,12.2993,0.3694,1.0597,0.5919,13.9032,18.0,-0.0,-0.0,-0.0,-0.0,0.0,63.4,63.4,0.1289,0.0788,0.0745,0.1353,87,continuous_power,False,1,63.4,2,0.0,,0.0,0.0,0.0,63.4,34.9,31.1,0|0|0|0|0
2023-11-16,HCLTECH.NS,A_breakout_40d,1311.05,1261.597,1155.056,1305.0,3936945,1910849.35,1313.4,1300.266,1326.534,7.0,1221.462,A,96.1,53.7,81.2,65.7,58.0,59.9,0.86,3.0,0,0.4636,3.9199,0.5601,1.8709,2.2081,6.7123,18.0,-0.0,-0.0,-0.0,-0.0,0.0,71.6,71.6,0.1289,0.0815,0.0745,0.1353,87,continuous_power,False,1,71.6,2,0.0,,0.0,0.0,0.0,71.6,52.3,31.2,0|0|0|0|0
2023-11-16,HEROMOTOCO.NS,A_breakout_40d,3280.05,3072.724,2815.6725,3265.8501,963718,552472.25,3289.7,3256.803,3322.597,7.0,3059.421,A,95.6,53.5,74.9,64.4,58.0,59.9,0.75,2.99,0,0.4348,6.7473,0.2565,1.746,1.5894,8.7873,18.0,-0.0,-0.0,-0.0,-0.0,0.0,70.6,70.6,0.1314,0.0815,0.0745,0.1353,87,continuous_power,False,1,70.6,2,0.0,,0.0,0.0,0.0,70.6,48.3,31.2,0|0|0|0|0
2023-11-16,NTPC.NS,A_breakout_40d,252.35,238.511,198.0518,247.3,22145147,10952364.3,253.0,250.47,255.53,7.0,235.29,A,100.0,66.3,80.4,68.6,58.0,59.9,0.97,3.0,0,2.0421,5.8023,0.6066,1.3353,1.8677,10.7036,18.0,-0.0,-0.0,-0.0,-0.0,0.0,74.9,74.9,0.1314,0.0912,0.0745,0.1411,87,continuous_power,False,1,74.9,2,0.0,,0.0,0.0,0.0,74.9,36.9,31.1,0|0|0|0|0
2023-11-16,ONGC.NS,A_breakout_40d,201.8,186.918,167.2507,199.5,18629240,9625759.95,200.85,198.8415,202.8585,7.0,186.7905,A,100.0,59.2,78.7,72.7,58.0,59.9,1.12,3.0,1,1.1529,7.9618,1.5038,0.5304,2.5895,9.4535,18.0,-0.0,-0.0,-0.0,-0.0,0.0,73.4,73.4,0.1314,0.0904,0.0745,0.1411,87,continuous_power,False,1,73.4,2,0.0,,0.0,0.0,0.0,73.4,31.9,31.1,0|0|0|0|0
2023-11-17,APOLLOHOSP.NS,A_breakout_40d,5478.9502,5049.276,4779.5852,5338.75,735541,481244.6,5475.0,5420.25,5529.75,7.0,5091.75,A,78.2,71.0,70.6,71.8,58.0,59.9,0.92,3.0,0,2.6261,8.5096,-0.1227,1.5489,0.864,13.2643,18.0,-0.0,-0.0,-0.0,-0.0,0.0,70.3,70.3,0.1289,0.0815,0.0745,0.1353,87,continuous_power,False,1,70.3,2,0.0,,0.0,0.0,0.0,70.3,34.9,31.1,0|0|0|0|0
2023-11-17,HEROMOTOCO.NS,A_breakout_40d,3334.75,3080.562,2818.4868,3280.05,947293,582633.75,3357.0,3323.43,3390.57,7.0,3122.01,A,96.5,63.3,72.5,67.7,58.0,59.9,0.84,3.0,1,1.6677,8.2514,0.2942,1.2311,1.227,12.0002,18.0,-0.0,-0.0,-0.0,-0.0,0.0,72.5,72.5,0.1314,0.0912,0.0745,0.1411,87,continuous_power,False,1,72.5,2,0.0,,0.0,0.0,0.0,72.5,48.3,31.2,0|0|0|0|0
2023-11-17,SBILIFE.NS,A_breakout_40d,1413.95,1329.237,1236.2977,1373.7,3192944,996760.8,1413.95,1399.8105,1428.0895,7.0,1314.9735,A,87.6,73.4,100.0,67.1,58.0,59.9,0.42,1.66,0,2.93,6.3731,-0.4375,2.6184,1.9098,12.0859,18.0,-0.0,-0.0,-0.0,-0.0,0.0,75.0,75.0,0.1289,0.0904,0.0745,0.1353,87,continuous_power,False,1,75.0,2,0.0,,0.0,0.0,0.0,75.0,48.3,31.2,0|0|0|0|0
2023-11-17,SILVERBEES.NS,A_breakout_40d,72.27,70.0974,70.0198,71.83,5847598,3298577.65,72.26,71.5374,72.9826,7.0,67.2018,A,50.6,54.9,75.5,60.0,58.0,59.9,-0.36,0.0,0,0.6126,3.0994,-2.9683,2.6113,1.7299,6.6638,18.0,-0.0,-0.0,-0.0,-0.0,0.0,58.8,58.8,0.1289,0.0815,0.052,0.1353,87,continuous_power,False,1,58.8,2,0.0,,0.0,0.0,0.0,58.8,47.8,31.2,0|0|0|0|0
2023-11-17,TVSMOTOR.NS,A_breakout_40d,1747.6,1558.502,1305.5358,1684.15,1721816,859504.8,1754.95,1737.4005,1772.4995,7.0,1632.1035,A,100.0,80.1,80.1,79.2,58.0,59.9,1.65,3.0,0,3.7675,12.1333,0.7511,2.0365,1.8441,16.4631,18.0,-0.0,-0.0,-0.0,-0.0,0.0,77.9,77.9,0.1477,0.1154,0.0745,0.1669,85,continuous_power,False,1,77.9,2,0.0,,0.0,0.0,0.0,77.9,13.6,13.8,0|0|0|0|0
2023-11-20,BAJAJ-AUTO.NS,A_breakout_40d,5650.1499,5172.396,4578.5233,5631.5,679425,450529.45,5640.5,5584.095,5696.905,7.0,5245.665,A,100.0,52.6,70.2,73.5,58.0,59.9,1.77,3.0,0,0.3312,9.2366,-0.3809,0.8034,0.883,7.7927,18.0,-0.0,-0.0,-0.0,-0.0,0.0,71.0,71.0,0.1434,0.0815,0.0745,0.1575,86,continuous_power,False,1,71.0,2,0.0,,0.0,0.0,0.0,71.0,38.9,31.1,0|0|0|0|0
2023-11-21,BAJAJ-AUTO.NS,A_breakout_40d,5685.9502,5192.439,4587.2693,5650.1499,746193,449643.15,5680.0,5623.2,5736.8,7.0,5282.4,A,100.0,55.1,73.2,74.9,58.0,59.9,1.86,3.0,1,0.6336,9.5044,-0.1708,0.7775,,8.6355,18.0,-0.0,-0.0,0.0,0.0,0.0,71.9,71.9,0.1434,0.0815,0.0745,0.1575,86,continuous_power,False,1,71.9,2,0.0,,0.0,0.0,0.0,71.9,34.9,31.1,0|0|0|0|0
2023-11-21,HDFCLIFE.NS,A_breakout_40d,667.9,634.594,588.02,652.4,5077816,2311451.65,669.75,663.0525,676.4475,7.0,622.8675,A,89.6,69.0,83.9,71.8,58.0,59.9,0.09,0.36,0,2.3758,5.2484,0.3985,1.5483,1.2851,12.1929,18.0,-0.0,-0.0,-0.0,-0.0,0.0,71.3,71.3,0.1477,0.0912,0.052,0.1669,85,continuous_power,False,1,71.3,2,0.0,,0.0,0.0,0.0,71.3,34.9,31.1,0|0|0|0|0
2023-11-21,SBILIFE.NS,A_breakout_40d,1423.65,1332.831,1237.804,1413.95,2049132,1058944.7,1425.0,1410.75,1439.25,7.0,1325.25,A,88.4,55.5,78.7,65.1,58.0,59.9,0.56,2.23,1,0.686,6.814,0.2671,1.2584,0.6508,10.0068,18.0,-0.0,-0.0,-0.0,-0.0,0.0,69.3,69.3,0.1289,0.0815,0.0745,0.1353,87,continuous_power,False,1,69.3,2,0.0,,0.0,0.0,0.0,69.3,48.3,31.2,0|0|0|0|0
2023-11-22,BPCL.NS,A_breakout_40d,201.05,179.1915,177.648,199.325,25730664,11129625.0,201.775,199.7572,203.7927,7.0,187.6507,A,54.3,56.9,86.2,72.3,58.0,59.9,1.27,3.0,1,0.8654,12.1984,1.0309,1.3899,1.4208,11.4723,18.0,-0.0,-0.0,-0.0,-0.0,0.0,64.8,64.8,0.1289,0.0788,0.0745,0.1353,87,continuous_power,False,1,64.8,2,0.0,,0.0,0.0,0.0,64.8,46.3,31.2,0|0|0|0|0
2023-11-23,BAJAJ-AUTO.NS,A_breakout_40d,5925.25,5236.44,4607.3563,5751.5498,1118718,476877.55,5940.0,5880.6,5999.4,7.0,5524.2,A,100.0,74.2,86.9,82.2,58.0,59.9,2.0,3.0,2,3.0201,13.1542,0.8424,1.8026,1.8114,15.7899,18.0,-0.0,-0.0,-0.0,-0.0,0.0,77.7,77.7,0.1434,0.0912,0.0745,0.1575,86,continuous_power,False,1,77.7,2,0.0,,0.0,0.0,0.0,77.7,16.1,13.8,0|0|0|0|0
2023-11-23,HEROMOTOCO.NS,A_breakout_40d,3568.0,3117.791,2832.0755,3413.6001,1726414,664085.6,3568.0,3532.32,3603.68,7.0,3318.24,A,100.0,86.2,92.0,78.5,58.0,59.9,1.47,3.0,1,4.5231,14.44,0.186,2.1059,1.5096,20.9502,18.0,-0.0,-0.0,-0.0,-0.0,0.0,80.7,80.7,0.1434,0.1154,0.0745,0.1575,86,continuous_power,False,1,80.7,2,0.0,,0.0,0.0,0.0,80.7,32.4,31.1,0|0|0|0|0
2023-11-23,TVSMOTOR.NS,A_breakout_40d,1776.05,1579.761,1319.5363,1747.6,1599755,958458.9,1783.0,1765.17,1800.83,7.0,1658.19,A,100.0,63.0,73.4,76.8,58.0,59.9,1.75,3.0,1,1.628,12.4252,0.8452,1.1861,1.2443,12.8641,18.0,-0.0,-0.0,-0.0,-0.0,0.0,73.6,73.6,0.1477,0.0912,0.0745,0.1628,85,continuous_power,False,1,73.6,2,0.0,,0.0,0.0,0.0,73.6,16.1,13.8,0|0|0|0|0
2023-11-28,ADANIGREEN.NS,A_breakout_40d,1052.8,949.564,912.694,1018.75,11565049,1102385.45,1089.65,1078.7535,1100.5465,7.0,1013.3745,A,70.2,76.7,100.0,73.3,58.0,59.9,-0.56,0.0,0,3.3423,10.8719,1.8232,4.7291,6.3506,24.6045,18.0,-0.0,-0.0,-0.0,-0.0,0.0,70.7,70.7,0.1289,0.0815,0.0602,0.1353,87,continuous_power,False,1,70.7,2,0.0,,0.0,0.0,0.0,70.7,39.3,31.2,0|0|0|0|0
2023-11-28,ADANIPORTS.NS,A_breakout_40d,837.7,808.846,731.702,831.4,15929818,3781678.15,850.0,841.5,858.5,7.0,790.5,A,100.0,56.1,100.0,64.8,58.0,59.9,-0.4,0.0,0,0.7578,3.5673,1.3136,2.5055,3.1569,8.2814,18.0,-0.0,-0.0,-0.0,-0.0,0.0,72.3,72.3,0.1329,0.0912,0.0745,0.1575,87,continuous_power,False,1,72.3,2,0.0,,0.0,0.0,0.0,72.3,50.3,31.2,0|0|0|0|0
2023-11-28,ADANIPOWER.NS,A_breakout_40d,89.24,73.9638,54.2643,80.22,337413070,80889872.25,91.34,90.4266,92.2534,7.0,84.9462,A,100.0,100.0,100.0,75.2,58.0,59.9,0.79,3.0,0,11.2441,20.6536,2.4673,3.5199,5.6047,36.826,18.0,-0.0,-0.0,-0.0,-0.0,0.0,84.4,84.4,0.1314,0.1154,0.0815,0.1575,87,continuous_power,False,1,84.4,2,0.0,,0.0,0.0,0.0,84.4,39.3,31.2,0|0|0|0|0
2023-11-28,BPCL.NS,A_breakout_40d,212.25,180.9145,178.2386,205.65,23186856,12841212.7,213.0,210.87,215.13,7.0,198.09,A,57.5,75.7,76.1,79.3,58.0,59.9,1.43,3.0,1,3.2093,17.3206,0.8402,1.3215,1.4511,19.4603,18.0,-0.0,-0.0,-0.0,-0.0,0.0,68.0,68.0,0.1289,0.0815,0.0745,0.1353,87,continuous_power,False,1,68.0,2,0.0,,0.0,0.0,0.0,68.0,32.4,31.1,0|0|0|0|0
2023-11-28,IOC.NS,A_breakout_40d,108.2,94.189,88.6275,104.1,61127565,38894428.45,108.7,107.613,109.787,7.0,101.091,A,81.4,81.5,71.4,70.7,58.0,59.9,1.16,3.0,0,3.9385,14.8754,1.2083,1.3277,1.7383,17.8096,18.0,-0.0,-0.0,-0.0,-0.0,0.0,73.1,73.1,0.1314,0.0815,0.0745,0.1353,87,continuous_power,False,1,73.1,2,0.0,,0.0,0.0,0.0,73.1,32.4,31.1,0|0|0|0|0
2023-11-28,SILVERBEES.NS,A_breakout_40d,73.41,70.2714,70.1401,72.27,5105403,3173598.45,73.74,73.0026,74.4774,7.0,68.5782,A,50.9,62.6,72.2,63.8,58.0,59.9,0.24,0.95,0,1.5774,4.4664,1.4331,0.7762,1.4331,6.4961,18.0,-0.0,-0.0,-0.0,-0.0,0.0,61.1,61.1,0.1289,0.0815,0.0602,0.1353,87,continuous_power,False,1,61.1,2,0.0,,0.0,0.0,0.0,61.1,52.3,31.2,0|0|0|0|0
2023-11-28,TATAPOWER.NS,A_breakout_40d,270.8,254.464,226.0267,263.95,24745437,8757009.3,275.0,272.25,277.75,7.0,255.75,A,100.0,70.8,96.5,67.4,58.0,59.9,-0.08,0.0,0,2.5952,6.4198,0.4842,2.2561,1.9148,10.9987,18.0,-0.0,-0.0,-0.0,-0.0,0.0,72.8,72.8,0.1477,0.1154,0.0745,0.1644,85,continuous_power,False,1,72.8,2,0.0,,0.0,0.0,0.0,72.8,46.3,31.2,0|0|0|0|0
2023-11-29,BPCL.NS,A_breakout_40d,214.325,181.645,178.4935,212.25,25208812,13007993.9,217.25,215.0775,219.4225,7.0,202.0425,A,58.8,57.8,78.8,80.4,58.0,59.9,1.64,3.0,1,0.9776,17.9911,0.3534,1.5323,1.6989,17.309,18.0,-0.0,-0.0,-0.0,-0.0,0.0,65.1,65.1,0.1289,0.0788,0.0745,0.1353,87,continuous_power,False,1,65.1,2,0.0,,0.0,0.0,0.0,65.1,32.4,31.1,0|0|0|0|0
2023-11-29,GRASIM.NS,A_breakout_40d,1995.3162,1925.9032,1769.5457,1993.8719,824220,433154.45,1998.0553,1978.0747,2018.0359,7.0,1858.1914,A,94.2,50.6,78.1,65.3,58.0,59.9,0.52,2.06,0,0.0724,3.6042,0.6174,0.9653,1.2535,4.5074,18.0,-0.0,-0.0,-0.0,-0.0,0.0,69.3,69.3,0.1314,0.0815,0.0745,0.1411,87,continuous_power,False,1,69.3,2,0.0,,0.0,0.0,0.0,69.3,52.3,31.2,0|0|0|0|0
2023-11-29,HEROMOTOCO.NS,A_breakout_40d,3746.8999,3154.765,2846.4508,3622.0,1561256,748795.25,3800.0,3762.0,3838.0,7.0,3534.0,A,100.0,77.6,81.7,82.3,58.0,59.9,1.85,3.0,1,3.4484,18.7695,0.3589,2.0195,1.6043,22.6564,18.0,-0.0,-0.0,-0.0,-0.0,0.0,77.7,77.7,0.1477,0.0912,0.0745,0.1669,85,continuous_power,False,1,77.7,2,0.0,,0.0,0.0,0.0,77.7,32.4,31.1,0|0|0|0|0
2023-11-29,TATAPOWER.NS,A_breakout_40d,273.4,254.632,226.3672,270.8,26392589,9793565.75,273.0,270.27,275.73,7.0,253.89,A,100.0,57.7,93.9,69.2,58.0,59.9,-0.05,0.0,1,0.9601,7.3706,1.551,0.7184,2.7692,10.5887,18.0,-0.0,-0.0,-0.0,-0.0,0.0,70.1,70.1,0.1434,0.0912,0.0745,0.1644,86,continuous_power,False,1,70.1,2,0.0,,0.0,0.0,0.0,70.1,43.3,31.2,0|0|0|0|0
2023-11-30,AXISBANK.NS,A_breakout_40d,1074.25,1008.751,940.4095,1060.15,24755589,7441410.45,1075.4,1064.646,1086.154,7.0,1000.122,A,86.3,60.6,100.0,69.2,58.0,59.9,0.29,1.16,0,1.33,6.4931,0.2405,1.4309,2.1496,11.6974,18.0,-0.0,-0.0,-0.0,-0.0,0.0,71.8,71.8,0.1289,0.0815,0.0745,0.1353,87,continuous_power,False,1,71.8,2,0.0,,0.0,0.0,0.0,71.8,48.3,31.2,0|0|0|0|0
2023-11-30,BHARTIARTL.NS,A_breakout_40d,1014.7,939.416,850.8445,995.4,9934052,4160967.7,1015.0,1004.85,1025.15,7.0,943.95,A,100.0,65.5,87.7,79.4,58.0,59.9,0.96,3.0,0,1.9389,8.0139,-0.0402,1.844,1.8276,11.2487,18.0,-0.0,-0.0,-0.0,-0.0,0.0,76.0,76.0,0.1314,0.0904,0.0745,0.1411,87,continuous_power,False,1,76.0,2,0.0,,0.0,0.0,0.0,76.0,34.9,31.1,0|0|0|0|0
2023-11-30,BPCL.NS,A_breakout_40d,217.85,182.4145,178.7484,214.325,32721308,14110400.0,220.0,217.8,222.2,7.0,204.6,A,60.3,63.2,86.4,82.1,58.0,59.9,1.8,3.0,2,1.6447,19.4258,1.3648,0.9777,1.9847,19.076,18.0,-0.0,-0.0,-0.0,-0.0,0.0,67.5,67.5,0.1289,0.0815,0.0745,0.1353,87,continuous_power,False,1,67.5,2,0.0,,0.0,0.0,0.0,67.5,32.4,31.1,0|0|0|0|0
2023-11-30,DIVISLAB.NS,A_breakout_40d,3788.7,3624.976,3408.5885,3765.1499,887438,545295.05,3799.0,3761.01,3836.99,7.0,3533.07,A,81.7,55.0,72.5,68.5,58.0,59.9,-0.03,0.0,0,0.6255,4.5166,-0.0054,1.1581,0.1739,6.4089,18.0,-0.0,-0.0,-0.0,-0.0,0.0,64.2,64.2,0.1434,0.0815,0.052,0.1575,86,continuous_power,False,1,64.2,2,0.0,,0.0,0.0,0.0,64.2,40.9,31.1,0|0|0|0|0
2023-11-30,DRREDDY.NS,A_breakout_40d,1157.63,1103.7228,1020.2317,1143.0699,4267760,2063068.75,1160.0,1148.4,1171.6,7.0,1078.8,A,90.9,60.2,81.4,71.1,58.0,59.9,0.04,0.17,0,1.2738,4.8841,0.1688,0.953,0.4496,7.3265,18.0,-0.0,-0.0,-0.0,-0.0,0.0,68.6,68.6,0.1477,0.0904,0.052,0.1669,85,continuous_power,False,1,68.6,2,0.0,,0.0,0.0,0.0,68.6,40.9,31.1,0|0|0|0|0
2023-11-30,EICHERMOT.NS,A_breakout_40d,3896.8999,3534.813,3382.6992,3883.8,1338711,587220.6,3922.0,3882.78,3961.22,7.0,3647.46,A,72.5,52.7,85.6,71.1,58.0,59.9,1.41,3.0,0,0.3373,10.2435,1.1988,1.0466,1.7082,7.8397,18.0,-0.0,-0.0,-0.0,-0.0,0.0,67.4,67.4,0.1289,0.0815,0.0745,0.1353,87,continuous_power,False,1,67.4,2,0.0,,0.0,0.0,0.0,67.4,52.3,31.2,0|0|0|0|0
2023-11-30,GRASIM.NS,A_breakout_40d,1997.5074,1927.3744,1771.4747,1995.3162,1707069,503949.15,2011.9501,1991.8306,2032.0696,7.0,1871.1136,A,94.0,50.9,100.0,65.7,58.0,59.9,0.46,1.84,1,0.1098,3.6388,0.1373,1.3484,0.9179,4.7328,18.0,-0.0,-0.0,-0.0,-0.0,0.0,71.9,71.9,0.1289,0.0815,0.0745,0.1353,87,continuous_power,False,1,71.9,2,0.0,,0.0,0.0,0.0,71.9,52.3,31.2,0|0|0|0|0
2023-11-30,HCLTECH.NS,A_breakout_40d,1340.9,1273.152,1163.625,1333.95,4104385,1924238.1,1346.0,1332.54,1359.46,7.0,1251.78,A,97.1,54.2,82.7,67.8,58.0,59.9,0.39,1.54,0,0.521,5.3213,0.2286,0.8556,0.6194,5.5411,18.0,-0.0,-0.0,-0.0,-0.0,0.0,70.6,70.6,0.1314,0.0904,0.0745,0.1411,87,continuous_power,False,1,70.6,2,0.0,,0.0,0.0,0.0,70.6,52.3,31.2,0|0|0|0|0
2023-11-30,HDFCLIFE.NS,A_breakout_40d,690.75,636.629,592.4953,675.65,4637116,2386428.2,694.05,687.1095,700.9905,7.0,645.4665,A,87.2,67.9,78.9,77.9,58.0,59.9,0.28,1.13,0,2.2349,8.5012,0.185,1.3674,0.9371,11.5155,18.0,-0.0,-0.0,-0.0,-0.0,0.0,70.8,70.8,0.1477,0.0815,0.052,0.1644,85,continuous_power,False,1,70.8,2,0.0,,0.0,0.0,0.0,70.8,16.1,13.8,0|0|0|0|0
2023-11-30,HEROMOTOCO.NS,A_breakout_40d,3819.05,3171.178,2852.071,3746.8999,2909100,883893.65,3860.0,3821.4,3898.6,7.0,3589.8,A,100.0,65.4,100.0,84.0,58.0,59.9,2.08,3.0,1,1.9256,20.43,1.4172,1.1699,2.552,23.5821,18.0,-0.0,-0.0,-0.0,-0.0,0.0,77.7,77.7,0.1314,0.0815,0.0745,0.1411,87,continuous_power,False,1,77.7,2,0.0,,0.0,0.0,0.0,77.7,43.8,31.2,0|0|0|0|0
2023-11-30,JSWSTEEL.NS,A_breakout_40d,801.1,767.751,749.2845,793.25,3142500,1817441.55,805.0,796.95,813.05,7.0,748.65,A,62.3,57.9,74.6,66.7,58.0,59.9,-0.37,0.0,0,0.9896,4.3437,0.0945,1.4772,0.6479,7.3604,18.0,-0.0,-0.0,-0.0,-0.0,0.0,61.9,61.9,0.1289,0.0815,0.052,0.1353,87,continuous_power,False,1,61.9,2,0.0,,0.0,0.0,0.0,61.9,52.3,31.2,0|0|0|0|0
2023-11-30,LT.NS,A_breakout_40d,3109.2,3008.132,2539.7553,3109.0,3131624,1494999.75,3129.95,3098.6505,3161.2495,7.0,2910.8535,A,100.0,50.1,81.9,63.0,58.0,59.9,0.52,2.08,0,0.0064,3.3598,-0.2416,1.7156,0.7966,3.6325,18.0,-0.0,-0.0,-0.0,-0.0,0.0,70.8,70.8,0.1314,0.0912,0.0745,0.1411,87,continuous_power,False,1,70.8,2,0.0,,0.0,0.0,0.0,70.8,52.3,31.2,0|0|0|0|0
2023-11-30,M&M.NS,A_breakout_40d,1647.75,1550.958,1414.783,1619.1,5214960,2601546.1,1656.0,1639.44,1672.56,7.0,1540.08,A,98.1,64.2,80.1,69.0,58.0,59.9,0.16,0.63,0,1.7695,6.2408,-0.2501,1.2923,1.2061,12.3715,18.0,-0.0,-0.0,-0.0,-0.0,0.0,71.0,71.0,0.1538,0.1084,0.0602,0.1669,85,continuous_power,False,1,71.0,2,0.0,,0.0,0.0,0.0,71.0,46.3,31.2,0|0|0|0|0
2023-11-30,MAXHEALTH.NS,A_breakout_40d,635.8,582.467,537.7765,621.55,4826074,1297705.55,628.75,622.4625,635.0375,7.0,584.7375,A,91.6,68.3,100.0,65.0,58.0,59.9,0.24,0.95,0,2.2927,9.1564,-0.53,2.9299,2.6804,10.8727,18.0,-0.0,-0.0,-0.0,-0.0,0.0,74.0,74.0,0.1314,0.0912,0.0745,0.1411,87,continuous_power,False,1,74.0,2,0.0,,0.0,0.0,0.0,74.0,45.3,31.2,0|0|0|0|0
2023-11-30,NTPC.NS,A_breakout_40d,261.3,241.716,201.969,258.4,21687673,9652828.0,262.35,259.7265,264.9735,7.0,243.9855,A,100.0,59.0,84.9,74.3,58.0,59.9,0.75,3.0,0,1.1223,8.1021,-0.1741,1.1564,0.7,9.2189,18.0,-0.0,-0.0,-0.0,-0.0,0.0,74.2,74.2,0.1314,0.0839,0.0745,0.1411,87,continuous_power,False,1,74.2,2,0.0,,0.0,0.0,0.0,74.2,34.9,31.1,0|0|0|0|0
2023-11-30,SBILIFE.NS,A_breakout_40d,1435.25,1341.28,1245.6037,1430.1,3027395,1040302.05,1438.05,1423.6695,1452.4305,7.0,1337.3865,A,88.4,52.9,98.2,64.8,58.0,59.9,0.51,2.04,0,0.3601,7.006,0.1527,1.1714,0.4728,5.9789,18.0,-0.0,-0.0,-0.0,-0.0,0.0,71.1,71.1,0.1289,0.0815,0.0745,0.1353,87,continuous_power,False,1,71.1,2,0.0,,0.0,0.0,0.0,71.1,52.3,31.2,0|0|0|0|0
2023-11-30,SUNPHARMA.NS,A_breakout_40d,1225.85,1150.793,1057.3888,1204.1,4672807,1823137.75,1233.05,1220.7195,1245.3805,7.0,1146.7365,A,94.2,64.5,91.3,72.0,58.0,59.9,0.54,2.16,0,1.8063,6.5222,-0.8193,2.3149,1.8292,7.7078,18.0,-0.0,-0.0,-0.0,-0.0,0.0,74.1,74.1,0.1314,0.0839,0.0745,0.1411,87,continuous_power,False,1,74.1,2,0.0,,0.0,0.0,0.0,74.1,36.4,31.1,0|0|0|0|0
2023-11-30,TATACONSUM.NS,A_breakout_40d,940.75,900.882,817.5102,933.55,2982505,1416249.4,945.9,936.441,955.359,7.0,879.687,A,100.0,56.2,82.1,65.2,58.0,59.9,0.7,2.79,0,0.7713,4.4254,-0.166,1.0675,0.3004,4.2931,18.0,-0.0,-0.0,-0.0,-0.0,0.0,72.8,72.8,0.1314,0.0912,0.0745,0.1411,87,continuous_power,False,1,72.8,2,0.0,,0.0,0.0,0.0,72.8,52.3,31.2,0|0|0|0|0
2023-11-30,TITAN.NS,A_breakout_40d,3490.6001,3276.131,2911.0732,3442.3999,1480088,847379.9,3499.0,3464.01,3533.99,7.0,3254.07,A,100.0,61.2,74.9,71.4,58.0,59.9,0.64,2.57,0,1.4002,6.5464,0.0525,1.5332,1.2376,7.93,18.0,-0.0,-0.0,-0.0,-0.0,0.0,72.8,72.8,0.1477,0.0912,0.0745,0.1575,85,continuous_power,False,1,72.8,2,0.0,,0.0,0.0,0.0,72.8,40.9,31.1,0|0|0|0|0
2023-11-30,TRENT.NS,A_breakout_40d,2787.0,2248.312,1754.2915,2676.3999,2343154,924308.0,2787.0,2759.13,2814.87,7.0,2591.91,A,100.0,83.1,90.7,88.6,58.0,59.9,2.82,3.0,0,4.1324,23.9597,0.0,2.3713,1.9543,21.797,18.0,-0.0,-0.0,-0.0,-0.0,0.0,80.2,80.2,0.1477,0.0912,0.0745,0.1669,85,continuous_power,False,1,80.2,2,0.0,,0.0,0.0,0.0,80.2,13.6,13.8,0|0|0|0|0
2023-11-30,TVSMOTOR.NS,A_breakout_40d,1864.5,1609.224,1335.7315,1863.65,2171737,989027.3,1883.0,1864.17,1901.83,7.0,1751.19,A,100.0,50.4,83.9,83.3,58.0,59.9,2.25,3.0,0,0.0456,15.8633,-0.558,1.3454,0.936,14.1286,18.0,-0.0,-0.0,-0.0,-0.0,0.0,72.6,72.6,0.1314,0.0815,0.0745,0.1411,87,continuous_power,False,1,72.6,2,0.0,,0.0,0.0,0.0,72.6,31.9,31.1,0|0|0|0|0
2023-11-30,ULTRACEMCO.NS,A_breakout_40d,9003.6504,8454.331,8002.4153,8790.9502,1025481,245413.35,9103.7998,9012.7618,9194.8378,7.0,8466.5338,A,78.2,69.4,100.0,67.3,58.0,59.9,0.2,0.79,0,2.4195,6.4975,0.5016,1.8759,1.6454,9.6941,18.0,-0.0,-0.0,-0.0,-0.0,0.0,71.5,71.5,0.1289,0.0815,0.0745,0.1353,87,continuous_power,False,1,71.5,2,0.0,,0.0,0.0,0.0,71.5,48.3,31.2,0|0|0|0|0
2023-12-01,AXISBANK.NS,A_breakout_40d,1104.65,1010.301,941.5372,1074.25,14428758,7877649.15,1120.5,1109.295,1131.705,7.0,1042.065,A,86.5,72.6,76.6,74.2,58.0,59.9,0.41,1.63,1,2.8299,9.3387,0.1071,1.971,1.548,16.9056,18.0,-0.0,-0.0,-0.0,-0.0,0.0,71.7,71.7,0.1434,0.0815,0.0745,0.1575,86,continuous_power,False,1,71.7,2,0.0,,0.0,0.0,0.0,71.7,32.4,31.1,0|0|0|0|0
2023-12-01,BEL.NS,A_breakout_40d,147.45,138.135,119.9355,146.1,34466616,12529905.35,152.0,150.48,153.52,7.0,141.36,A,100.0,57.4,95.0,65.5,58.0,59.9,0.42,1.67,0,0.924,6.7434,1.4051,1.0301,1.9115,9.0457,18.0,-0.0,-0.0,-0.0,-0.0,0.0,73.6,73.6,0.1314,0.0912,0.0745,0.1411,87,continuous_power,False,1,73.6,2,0.0,,0.0,0.0,0.0,73.6,48.3,31.2,0|0|0|0|0
2023-12-01,GRASIM.NS,A_breakout_40d,2008.0656,1928.2349,1773.4656,1997.5074,932202,533109.0,2066.782,2046.1142,2087.4498,7.0,1922.1072,A,93.6,54.2,75.0,67.5,58.0,59.9,0.39,1.57,2,0.5286,4.1401,0.723,0.9817,1.063,5.3732,18.0,-0.0,-0.0,-0.0,-0.0,0.0,69.1,69.1,0.1329,0.0815,0.0745,0.1411,87,continuous_power,False,1,69.1,2,0.0,,0.0,0.0,0.0,69.1,40.9,31.1,0|0|0|0|0
2023-12-01,LT.NS,A_breakout_40d,3190.6499,3013.774,2544.882,3109.2,2112908,1406865.4,3285.0,3252.15,3317.85,7.0,3055.05,A,100.0,71.0,70.0,70.8,58.0,59.9,0.61,2.45,1,2.6196,5.8689,0.6674,1.8129,1.9812,10.5428,18.0,-0.0,-0.0,-0.0,-0.0,0.0,74.0,74.0,0.1678,0.1154,0.0745,0.1669,83,continuous_power,False,1,74.0,2,0.0,,0.0,0.0,0.0,74.0,18.1,13.8,0|0|0|0|0
2023-12-01,MAXHEALTH.NS,A_breakout_40d,652.35,584.065,538.839,635.8,2242286,1362721.45,658.5,651.915,665.085,7.0,612.405,A,92.0,70.8,72.9,69.2,58.0,59.9,0.47,1.87,1,2.603,11.6913,-1.1088,1.5843,1.9352,15.9753,18.0,-0.0,-0.0,-0.0,-0.0,0.0,72.1,72.1,0.1477,0.0912,0.0745,0.1575,85,continuous_power,False,1,72.1,2,0.0,,0.0,0.0,0.0,72.1,41.8,31.2,0|0|0|0|0
2023-12-01,NTPC.NS,A_breakout_40d,268.95,242.371,202.4875,261.3,29121320,10772991.05,276.0,273.24,278.76,7.0,256.68,A,100.0,73.4,94.1,79.6,58.0,59.9,0.92,3.0,1,2.9277,10.9663,0.4018,2.4325,1.9438,14.7952,18.0,-0.0,-0.0,-0.0,-0.0,0.0,78.4,78.4,0.1314,0.0912,0.0745,0.1411,87,continuous_power,False,1,78.4,2,0.0,,0.0,0.0,0.0,78.4,34.9,31.1,0|0|0|0|0
2023-12-01,TATAPOWER.NS,A_breakout_40d,276.0,254.929,227.0125,273.4,32159928,11907009.4,285.0,282.15,287.85,7.0,265.05,A,100.0,57.6,94.0,67.3,58.0,59.9,0.14,0.55,2,0.951,8.2654,0.7839,1.6113,1.6213,9.7315,18.0,-0.0,-0.0,-0.0,-0.0,0.0,72.4,72.4,0.1434,0.0912,0.0745,0.1628,86,continuous_power,False,1,72.4,2,0.0,,0.0,0.0,0.0,72.4,46.3,31.2,0|0|0|0|0
2023-12-04,ADANIENT.NS,A_breakout_40d,2531.2,2345.32,2212.137,2506.3501,5681516,2244015.6,2531.2,2505.888,2556.512,7.0,2354.016,A,80.1,57.9,90.6,68.7,58.0,59.9,-0.46,0.0,0,0.9915,7.9256,7.9253,1.2245,8.4896,16.4791,18.0,-0.0,-0.0,-0.0,-0.0,0.0,67.6,67.6,0.1314,0.0815,0.052,0.1411,87,continuous_power,False,1,67.6,2,0.0,,0.0,0.0,0.0,67.6,35.8,31.2,0|0|0|0|0
2023-12-04,ADANIGREEN.NS,A_breakout_40d,1123.75,954.359,916.4373,1052.8,5999345,1815989.45,1126.0,1114.74,1137.26,7.0,1047.18,A,70.7,100.0,100.0,76.4,58.0,59.9,0.61,2.43,1,6.7392,17.7492,13.0054,1.9597,14.8632,30.5707,18.0,-0.0,-0.0,-0.0,-0.0,0.0,78.0,78.0,0.1289,0.0815,0.0745,0.1353,87,continuous_power,False,1,78.0,2,0.0,,0.0,0.0,0.0,78.0,24.4,31.1,0|0|0|0|0
2023-12-04,ADANIPORTS.NS,A_breakout_40d,878.65,808.668,737.556,837.7,11064795,4645179.6,884.0,875.16,892.84,7.0,822.12,A,98.2,89.1,87.6,72.4,58.0,59.9,-0.07,0.0,1,4.8884,8.654,4.4938,1.1933,5.8488,17.2467,18.0,-0.0,-0.0,-0.0,-0.0,0.0,70.7,70.7,0.1477,0.1154,0.0745,0.1669,85,continuous_power,False,1,70.7,2,0.0,,0.0,0.0,0.0,70.7,24.4,31.1,0|0|0|0|0
2023-12-04,AMBUJACEM.NS,A_breakout_40d,474.55,427.298,416.216,445.6,13146040,2744792.85,475.0,470.25,479.75,7.0,441.75,A,63.3,100.0,100.0,78.9,58.0,59.9,0.03,0.13,0,6.4969,11.0583,4.0724,2.2877,6.1171,24.4154,18.0,-0.0,-0.0,-0.0,-0.0,0.0,74.2,74.2,0.1289,0.0815,0.0598,0.1353,87,continuous_power,False,1,74.2,2,0.0,,0.0,0.0,0.0,74.2,24.4,31.1,0|0|0|0|0
2023-12-04,APOLLOHOSP.NS,A_breakout_40d,5622.5498,5139.875,4840.4052,5591.1499,936113,515995.45,5610.0,5553.9,5666.1,7.0,5217.3,A,80.9,54.5,76.3,70.3,58.0,59.9,0.9,3.0,0,0.5616,9.3908,0.6233,0.7736,1.1327,8.9453,18.0,-0.0,-0.0,-0.0,-0.0,0.0,68.2,68.2,0.1289,0.0815,0.0745,0.1353,87,continuous_power,False,1,68.2,2,0.0,,0.0,0.0,0.0,68.2,36.9,31.1,0|0|0|0|0
2023-12-04,AXISBANK.NS,A_breakout_40d,1125.6,1012.318,942.8065,1104.65,14043213,8320110.7,1136.8,1125.432,1148.168,7.0,1057.224,A,86.9,65.2,73.8,76.9,58.0,59.9,0.59,2.37,2,1.8965,11.1904,1.4348,1.4377,2.6272,16.6589,18.0,-0.0,-0.0,-0.0,-0.0,0.0,70.8,70.8,0.1314,0.0815,0.0745,0.1411,87,continuous_power,False,1,70.8,2,0.0,,0.0,0.0,0.0,70.8,32.4,31.1,0|0|0|0|0
2023-12-04,BANKBEES.NS,A_breakout_40d,473.6,448.5628,441.3862,456.5,3667150,706107.1,474.01,469.2699,478.7501,7.0,440.8293,A,58.1,80.0,100.0,79.3,58.0,59.9,-0.24,0.0,0,3.7459,5.5816,0.7667,3.0716,2.9416,12.2984,18.0,-0.0,-0.0,-0.0,-0.0,0.0,69.1,69.1,0.1289,0.0815,0.052,0.1353,87,continuous_power,False,1,69.1,2,0.0,,0.0,0.0,0.0,69.1,34.9,31.1,0|0|0|0|0
2023-12-04,BEL.NS,A_breakout_40d,153.55,138.408,120.2228,147.45,51416976,14856502.4,153.7,152.163,155.237,7.0,142.941,A,100.0,83.1,100.0,72.8,58.0,59.9,0.68,2.72,1,4.137,10.9401,3.0858,1.4684,4.5588,18.6239,18.0,-0.0,-0.0,-0.0,-0.0,0.0,80.6,80.6,0.1314,0.1154,0.0815,0.1411,87,continuous_power,False,1,80.6,2,0.0,,0.0,0.0,0.0,80.6,37.3,31.2,0|0|0|0|0
2023-12-04,BPCL.NS,A_breakout_40d,230.75,184.2835,179.3312,219.0,41482794,15945471.2,235.025,232.6747,237.3752,7.0,218.5732,A,63.8,92.9,92.0,87.0,58.0,59.9,2.29,3.0,3,5.3653,25.2147,1.5982,1.8059,3.0949,28.588,18.0,-0.0,-0.0,-0.0,-0.0,0.0,75.0,75.0,0.1289,0.0815,0.0745,0.1353,87,continuous_power,False,1,75.0,2,0.0,,0.0,0.0,0.0,75.0,29.4,31.1,0|0|0|0|0
2023-12-04,COALINDIA.NS,A_breakout_40d,354.7,314.513,252.0087,350.6,22705896,14518181.55,355.7,352.143,359.257,7.0,330.801,A,100.0,59.4,71.3,71.0,58.0,59.9,2.21,3.0,0,1.1694,12.7775,1.2837,0.9003,1.6213,11.7304,18.0,-0.0,-0.0,-0.0,-0.0,0.0,72.4,72.4,0.1434,0.0912,0.0745,0.1575,86,continuous_power,False,1,72.4,2,0.0,,0.0,0.0,0.0,72.4,36.9,31.1,0|0|0|0|0
2023-12-04,EICHERMOT.NS,A_breakout_40d,4180.3501,3559.065,3390.5435,3896.8999,2824695,721665.35,4181.0,4139.19,4222.81,7.0,3888.33,A,74.9,100.0,100.0,81.3,58.0,59.9,1.54,3.0,1,7.2737,17.4564,1.5111,2.6983,3.6603,25.7673,18.0,-0.0,-0.0,-0.0,-0.0,0.0,79.5,79.5,0.1289,0.0815,0.0745,0.1353,87,continuous_power,False,1,79.5,2,0.0,,0.0,0.0,0.0,79.5,29.4,31.1,0|0|0|0|0
2023-12-04,GOLDBEES.NS,A_breakout_40d,53.72,50.9338,50.4774,53.29,7685812,4213112.85,53.1,52.569,53.631,7.0,49.383,A,54.5,56.5,76.5,75.9,58.0,59.9,0.6,2.4,0,0.8069,5.4702,1.9891,0.7323,4.454,5.778,18.0,-0.0,-0.0,-0.0,-0.0,0.0,62.9,62.9,0.1289,0.0788,0.0745,0.1353,87,continuous_power,False,1,62.9,2,0.0,,0.0,0.0,0.0,62.9,15.6,13.8,0|0|0|0|0
2023-12-04,GRASIM.NS,A_breakout_40d,2044.8193,1930.1374,1775.5393,2008.0656,1055783,569796.55,2049.7498,2029.2523,2070.2473,7.0,1906.2673,A,93.5,64.6,77.1,73.0,58.0,59.9,0.4,1.61,3,1.8303,5.9416,2.924,1.4001,3.8303,8.8738,18.0,-0.0,-0.0,-0.0,-0.0,0.0,71.6,71.6,0.1477,0.0912,0.0745,0.1644,85,continuous_power,False,1,71.6,2,0.0,,0.0,0.0,0.0,71.6,11.6,13.8,0|0|0|0|0
2023-12-04,ICICIBANK.NS,A_breakout_40d,991.2,938.732,928.2795,954.25,33131257,13805215.2,1002.5,992.475,1012.525,7.0,932.325,A,55.6,81.0,88.0,72.3,58.0,59.9,-0.45,0.0,0,3.8722,5.5892,1.7957,2.3616,3.7018,13.1766,18.0,-0.0,-0.0,-0.0,-0.0,0.0,67.0,67.0,0.1289,0.0815,0.052,0.1353,87,continuous_power,False,1,67.0,2,0.0,,0.0,0.0,0.0,67.0,31.9,31.1,0|0|0|0|0
2023-12-04,LT.NS,A_breakout_40d,3313.55,3021.648,2550.7955,3190.6499,3095974,1489083.8,3319.05,3285.8595,3352.2405,7.0,3086.7165,A,100.0,80.8,81.6,78.3,58.0,59.9,0.77,3.0,2,3.8519,9.6604,2.9571,1.9181,4.9114,17.1241,18.0,-0.0,-0.0,-0.0,-0.0,0.0,78.2,78.2,0.1477,0.1154,0.0745,0.1644,85,continuous_power,False,1,78.2,2,0.0,,0.0,0.0,0.0,78.2,9.1,13.8,0|0|0|0|0
2023-12-04,MAXHEALTH.NS,A_breakout_40d,691.4,586.405,540.1075,652.35,2292979,1438205.2,704.65,697.6035,711.6965,7.0,655.3245,A,92.9,97.9,71.9,76.4,58.0,59.9,0.9,3.0,2,5.9861,17.9049,0.9427,2.4236,2.7753,28.1563,18.0,-0.0,-0.0,-0.0,-0.0,0.0,78.9,78.9,0.1678,0.1154,0.0745,0.1669,83,continuous_power,False,1,78.9,2,0.0,,0.0,0.0,0.0,78.9,32.4,31.1,0|0|0|0|0
2023-12-04,NESTLEIND.NS,A_breakout_40d,1220.14,1183.5278,1092.3942,1219.665,1987840,1200642.0,1222.55,1210.3245,1234.7755,7.0,1136.9715,A,91.7,50.3,73.1,58.7,58.0,59.9,0.75,3.0,0,0.0389,3.0935,0.2071,1.3289,0.8357,2.2649,18.0,-0.0,-0.0,-0.0,-0.0,0.0,68.8,68.8,0.1289,0.0815,0.08,0.1353,87,continuous_power,False,1,68.8,2,0.0,,0.0,0.0,0.0,68.8,52.3,31.2,0|0|0|0|0
2023-12-04,NTPC.NS,A_breakout_40d,274.8,243.043,203.034,268.95,20464526,11493328.0,275.2,272.448,277.952,7.0,255.936,A,100.0,67.4,75.6,82.5,58.0,59.9,1.11,3.0,2,2.1751,13.0664,2.6213,0.9883,3.9053,16.8813,18.0,-0.0,-0.0,-0.0,-0.0,0.0,74.9,74.9,0.1477,0.0912,0.0745,0.1669,85,continuous_power,False,1,74.9,2,0.0,,0.0,0.0,0.0,74.9,9.1,13.8,0|0|0|0|0
2023-12-04,ONGC.NS,A_breakout_40d,202.05,189.09,169.8872,201.8,28615290,11160306.0,202.2,200.178,204.222,7.0,188.046,A,100.0,51.0,91.3,64.1,58.0,59.9,0.55,2.19,0,0.1239,6.8539,1.0023,2.0784,2.1884,8.5968,18.0,-0.0,-0.0,-0.0,-0.0,0.0,72.3,72.3,0.1289,0.0904,0.0745,0.1353,87,continuous_power,False,1,72.3,2,0.0,,0.0,0.0,0.0,72.3,48.3,31.2,0|0|0|0|0
2023-12-04,POWERGRID.NS,A_breakout_40d,212.9,204.274,185.4346,212.3,27914088,16221452.0,213.7,211.563,215.837,7.0,198.741,A,100.0,52.3,74.4,63.1,58.0,59.9,0.78,3.0,0,0.2826,4.2228,0.7136,0.64,1.5679,3.1767,18.0,-0.0,-0.0,-0.0,-0.0,0.0,71.1,71.1,0.1314,0.0912,0.0745,0.1411,87,continuous_power,False,1,71.1,2,0.0,,0.0,0.0,0.0,71.1,52.3,31.2,0|0|0|0|0
2023-12-04,SBILIFE.NS,A_breakout_40d,1454.0,1343.906,1248.5107,1435.25,2078827,1104364.85,1454.0,1439.46,1468.54,7.0,1352.22,A,88.2,60.5,77.6,66.4,58.0,59.9,0.51,2.05,1,1.3064,8.1921,1.1414,1.3541,1.6321,9.0005,18.0,-0.0,-0.0,-0.0,-0.0,0.0,69.9,69.9,0.1314,0.0815,0.0745,0.1353,87,continuous_power,False,1,69.9,2,0.0,,0.0,0.0,0.0,69.9,36.9,31.1,0|0|0|0|0
2023-12-04,SBIN.NS,A_breakout_40d,594.7,577.11,568.9047,594.25,26077882,13931255.3,595.05,589.0995,601.0005,7.0,553.3965,A,57.2,50.6,77.4,65.7,58.0,59.9,-0.42,0.0,0,0.0757,3.0479,2.8422,1.3264,3.481,6.8991,18.0,-0.0,-0.0,-0.0,-0.0,0.0,59.7,59.7,0.1289,0.0815,0.052,0.1353,87,continuous_power,False,1,59.7,2,0.0,,0.0,0.0,0.0,59.7,47.8,31.2,0|0|0|0|0
2023-12-04,SHRIRAMFIN.NS,A_breakout_40d,418.89,385.2938,325.6236,407.15,9360830,4863807.5,418.89,414.7011,423.0789,7.0,389.5677,A,100.0,73.1,78.5,67.7,58.0,59.9,0.49,1.98,0,2.8835,8.7196,1.0857,2.1845,2.5073,13.2172,18.0,-0.0,-0.0,-0.0,-0.0,0.0,75.0,75.0,0.1477,0.1154,0.0745,0.1669,85,continuous_power,False,1,75.0,2,0.0,,0.0,0.0,0.0,75.0,36.9,31.1,0|0|0|0|0
2023-12-04,TATAPOWER.NS,A_breakout_40d,281.55,255.249,227.3845,276.0,28890541,12860703.4,283.0,280.17,285.83,7.0,263.19,A,100.0,66.1,84.9,70.6,58.0,59.9,0.37,1.49,3,2.0109,10.3041,3.2609,1.0869,4.3245,13.5108,18.0,-0.0,-0.0,-0.0,-0.0,0.0,74.0,74.0,0.1477,0.1084,0.0745,0.1669,85,continuous_power,False,1,74.0,2,0.0,,0.0,0.0,0.0,74.0,28.4,31.1,0|0|0|0|0
2023-12-04,TATASTEEL.NS,A_breakout_40d,131.0,124.395,115.5203,130.0,41230928,26627142.3,131.0,129.69,132.31,7.0,121.83,A,88.4,56.2,71.0,72.1,58.0,59.9,-0.15,0.0,0,0.7692,5.3097,1.6923,1.048,2.4574,7.8224,18.0,-0.0,-0.0,-0.0,-0.0,0.0,62.1,62.1,0.1434,0.0815,0.052,0.1575,86,continuous_power,False,1,62.1,2,0.0,,0.0,0.0,0.0,62.1,35.9,31.1,0|0|0|0|0
2023-12-04,ULTRACEMCO.NS,A_breakout_40d,9317.75,8474.236,8022.5625,9033.8496,473570,266251.4,9321.0,9227.79,9414.21,7.0,8668.53,A,78.2,75.1,75.6,74.8,58.0,59.9,0.37,1.48,1,3.1426,9.9539,1.2857,1.6474,2.9504,15.2608,18.0,-0.0,-0.0,-0.0,-0.0,0.0,70.3,70.3,0.1314,0.0815,0.0602,0.1411,87,continuous_power,False,1,70.3,2,0.0,,0.0,0.0,0.0,70.3,34.9,31.1,0|0|0|0|0
2023-12-05,ADANIENT.NS,A_breakout_40d,2959.3501,2355.101,2217.3053,2531.2,22879079,3295304.55,3080.0,3049.2,3110.8,7.0,2864.4,A,81.1,100.0,100.0,81.8,58.0,59.9,0.05,0.19,1,16.9149,25.657,0.0,3.9722,8.677,58.8626,18.0,-0.0,-0.0,-0.0,-0.0,0.0,78.0,78.0,0.1477,0.0912,0.0598,0.1669,85,continuous_power,False,1,78.0,2,0.0,,0.0,0.0,0.0,78.0,43.8,31.2,0|0|0|0|0
2023-12-05,ADANIGREEN.NS,A_breakout_40d,1348.5,961.15,919.368,1123.75,16961888,2649737.35,1474.5,1459.755,1489.245,7.0,1371.285,A,72.7,100.0,100.0,86.7,58.0,59.9,1.22,3.0,1,20.0,40.3007,0.2002,3.9641,12.9399,75.2056,18.0,-0.0,-0.0,-0.0,-0.0,0.0,79.3,79.3,0.1289,0.0815,0.0745,0.1353,87,continuous_power,False,1,79.3,2,0.0,,0.0,0.0,0.0,79.3,43.8,31.2,0|0|0|0|0
2023-12-05,ADANIPORTS.NS,A_breakout_40d,1013.1,812.569,739.71,878.65,46564412,6757861.95,1045.0,1034.55,1055.45,7.0,971.85,A,99.2,100.0,100.0,85.7,58.0,59.9,0.46,1.84,1,15.3019,24.6786,0.6089,4.8481,7.738,51.9288,18.0,-0.0,-0.0,-0.0,-0.0,0.0,83.3,83.3,0.1678,0.1154,0.0745,0.2037,83,continuous_power,False,1,83.3,2,0.0,,0.0,0.0,0.0,83.3,43.8,31.2,0|0|0|0|0
2023-12-05,ADANIPOWER.NS,A_breakout_40d,107.63,75.687,55.6699,92.94,296481860,103114008.75,109.0,107.91,110.09,7.0,101.37,A,100.0,100.0,97.5,83.5,58.0,59.9,2.33,3.0,0,15.8059,42.2041,-0.3658,3.3102,11.2828,63.1816,18.0,-0.0,-0.0,-0.0,-0.0,0.0,84.3,84.3,0.1477,0.1154,0.0745,0.1669,85,continuous_power,False,1,84.3,2,0.0,,0.0,0.0,0.0,84.3,43.8,31.2,0|0|0|0|0
2023-12-05,AMBUJACEM.NS,A_breakout_40d,509.05,428.916,416.9722,474.55,22838581,3807753.95,515.0,509.85,520.15,7.0,478.95,A,64.3,100.0,100.0,85.3,58.0,59.9,0.48,1.9,1,7.27,18.6829,0.0948,3.1538,6.0007,35.6171,18.0,-0.0,-0.0,-0.0,-0.0,0.0,76.4,76.4,0.1289,0.0815,0.0745,0.1353,87,continuous_power,False,1,76.4,2,0.0,,0.0,0.0,0.0,76.4,43.8,31.2,0|0|0|0|0
2023-12-05,AXISBANK.NS,A_breakout_40d,1132.45,1014.421,944.1302,1125.6,15804808,8896948.7,1135.1,1123.749,1146.451,7.0,1055.643,A,87.2,54.9,75.5,77.8,58.0,59.9,0.76,3.0,3,0.6086,11.6351,0.995,1.1189,2.4248,14.9274,18.0,-0.0,-0.0,-0.0,-0.0,0.0,69.7,69.7,0.1314,0.0815,0.0745,0.1353,87,continuous_power,False,1,69.7,2,0.0,,0.0,0.0,0.0,69.7,34.9,31.1,0|0|0|0|0
2023-12-05,BANKBEES.NS,A_breakout_40d,478.76,448.8844,441.6788,473.6,2465859,820318.8,482.0,477.18,486.82,7.0,448.26,A,58.2,58.7,100.0,81.6,58.0,59.9,-0.1,0.0,1,1.0895,6.6555,0.0866,2.0796,3.153,11.1166,18.0,-0.0,-0.0,-0.0,-0.0,0.0,64.9,64.9,0.1289,0.0815,0.0414,0.1353,87,continuous_power,False,1,64.9,2,0.0,,0.0,0.0,0.0,64.9,34.9,31.1,0|0|0|0|0
2023-12-05,BPCL.NS,A_breakout_40d,236.1,185.48,179.6775,230.75,38376064,17582879.4,240.5,238.095,242.905,7.0,223.665,A,66.1,68.5,83.7,88.4,58.0,59.9,2.52,3.0,3,2.3185,27.2914,1.8527,0.9374,3.5355,26.8343,18.0,-0.0,-0.0,-0.0,-0.0,0.0,69.6,69.6,0.1289,0.0815,0.0745,0.1353,87,continuous_power,False,1,69.6,2,0.0,,0.0,0.0,0.0,69.6,27.9,31.1,0|0|0|0|0
2023-12-05,ICICIBANK.NS,A_breakout_40d,1013.45,939.258,929.0428,991.2,31378461,15016790.2,1014.0,1003.86,1024.14,7.0,943.02,A,55.5,68.0,81.8,76.6,58.0,59.9,-0.26,0.0,1,2.2448,7.899,1.14,1.3545,3.7047,15.4129,18.0,-0.0,-0.0,-0.0,-0.0,0.0,63.7,63.7,0.1289,0.0815,0.0414,0.1353,87,continuous_power,False,1,63.7,2,0.0,,0.0,0.0,0.0,63.7,34.9,31.1,0|0|0|0|0
2023-12-05,NTPC.NS,A_breakout_40d,285.45,243.917,203.6313,274.8,18883076,12096224.5,288.0,285.12,290.88,7.0,267.84,A,100.0,81.0,71.2,86.4,58.0,59.9,1.28,3.0,3,3.8756,17.0275,0.1456,2.2038,3.1843,23.5848,18.0,-0.0,-0.0,-0.0,-0.0,0.0,77.2,77.2,0.1678,0.1084,0.0745,0.2037,83,continuous_power,False,1,77.2,2,0.0,,0.0,0.0,0.0,77.2,8.4,8.3,0|0|0|0|0
2023-12-05,POWERGRID.NS,A_breakout_40d,222.3,204.627,185.7479,212.9,40709207,17822711.6,226.0,223.74,228.26,7.0,210.18,A,100.0,85.3,85.7,75.1,58.0,59.9,0.77,3.0,1,4.4152,8.6367,0.3758,2.7391,2.6144,14.6823,18.0,-0.0,-0.0,-0.0,-0.0,0.0,79.6,79.6,0.1477,0.1154,0.0745,0.1628,85,continuous_power,False,1,79.6,2,0.0,,0.0,0.0,0.0,79.6,16.1,13.8,0|0|0|0|0
2023-12-05,SBILIFE.NS,A_breakout_40d,1460.95,1346.221,1249.9132,1454.0,1932719,1166492.65,1462.0,1447.38,1476.62,7.0,1359.66,A,88.5,53.8,73.1,67.4,58.0,59.9,0.59,2.34,2,0.478,8.5223,0.0,0.913,1.0469,7.6765,18.0,-0.0,-0.0,-0.0,-0.0,0.0,68.4,68.4,0.1314,0.0815,0.0745,0.1353,87,continuous_power,False,1,68.4,2,0.0,,0.0,0.0,0.0,68.4,40.9,31.1,0|0|0|0|0
2023-12-05,SBIN.NS,A_breakout_40d,608.25,577.253,569.192,594.7,36430152,15184194.35,614.0,607.86,620.14,7.0,571.02,A,57.1,68.2,88.0,71.2,58.0,59.9,-0.31,0.0,1,2.2785,5.3697,0.0588,1.748,3.0248,12.859,18.0,-0.0,-0.0,-0.0,-0.0,0.0,64.8,64.8,0.1289,0.0815,0.052,0.1353,87,continuous_power,False,1,64.8,2,0.0,,0.0,0.0,0.0,64.8,48.3,31.2,0|0|0|0|0
2023-12-05,ULTRACEMCO.NS,A_breakout_40d,9329.75,8491.668,8033.3125,9317.75,448461,276490.15,9329.75,9236.4525,9423.0475,7.0,8676.6675,A,78.5,51.0,72.4,75.1,58.0,59.9,0.54,2.16,2,0.1288,9.8695,0.0349,0.9729,1.3881,10.1287,18.0,-0.0,-0.0,-0.0,-0.0,0.0,65.9,65.9,0.1289,0.0815,0.0602,0.1353,87,continuous_power,False,1,65.9,2,0.0,,0.0,0.0,0.0,65.9,34.9,31.1,0|0|0|0|0
2023-12-06,ADANIGREEN.NS,A_breakout_40d,1563.45,971.95,923.564,1348.5,19688066,3603171.35,1580.0,1564.2,1595.8,7.0,1469.4,A,76.2,100.0,100.0,90.8,58.0,59.9,2.24,3.0,2,15.9399,60.857,9.3437,1.7838,12.3426,102.4752,18.0,-0.0,-0.0,-0.0,-0.0,0.0,80.1,80.1,0.1289,0.0815,0.0745,0.1353,87,continuous_power,False,1,80.1,2,0.0,,0.0,0.0,0.0,80.1,69.4,67.2,0|0|0|0|0
2023-12-06,ADANIPORTS.NS,A_breakout_40d,1017.95,816.306,741.88,1013.1,41008947,8694793.5,1029.0,1018.71,1039.29,7.0,956.97,A,100.0,53.8,100.0,86.0,58.0,59.9,0.96,3.0,2,0.4787,24.702,3.1488,2.1603,7.429,36.8426,18.0,-0.0,-0.0,-0.0,-0.0,0.0,75.5,75.5,0.1314,0.0815,0.0745,0.1353,87,continuous_power,False,1,75.5,2,0.0,,0.0,0.0,0.0,75.5,37.3,31.2,0|0|0|0|0
2023-12-06,ADANIPOWER.NS,A_breakout_40d,112.09,76.399,56.0662,107.63,232159980,110364235.75,113.59,112.4541,114.7259,7.0,105.6387,A,100.0,83.2,82.1,85.2,58.0,59.9,2.98,3.0,1,4.1438,46.7166,1.2729,1.6771,3.5671,57.8485,18.0,-0.0,-0.0,-0.0,-0.0,0.0,79.0,79.0,0.1678,0.1084,0.0745,0.1868,83,continuous_power,False,1,79.0,2,0.0,,0.0,0.0,0.0,79.0,43.8,31.2,0|0|0|0|0
2023-12-06,ASIANPAINT.NS,A_breakout_40d,3252.55,3123.842,3112.151,3226.25,1229158,804795.7,3284.0,3251.16,3316.84,7.0,3054.12,A,51.9,56.5,70.5,69.5,58.0,59.9,-0.09,0.0,0,0.8152,4.1202,1.2011,1.174,1.7554,6.2356,18.0,-0.0,-0.0,-0.0,-0.0,0.0,59.1,59.1,0.1289,0.0815,0.0414,0.1353,87,continuous_power,False,1,59.1,2,0.0,,0.0,0.0,0.0,59.1,40.9,31.1,0|0|0|0|0
2023-12-06,BEL.NS,A_breakout_40d,156.15,139.128,120.8033,153.55,26688698,16835139.85,161.8,160.182,163.418,7.0,150.474,A,100.0,63.5,71.7,73.0,58.0,59.9,1.02,3.0,2,1.6933,12.2348,0.3947,1.2705,0.9349,15.8591,18.0,-0.0,-0.0,-0.0,-0.0,0.0,73.3,73.3,0.1477,0.0912,0.0745,0.1575,85,continuous_power,False,1,73.3,2,0.0,,0.0,0.0,0.0,73.3,34.9,31.1,0|0|0|0|0
2023-12-06,ITC.NS,A_breakout_40d,446.0705,424.246,415.6412,437.2117,21203900,9524247.05,447.5149,443.0397,451.99,7.0,416.1888,A,60.4,66.2,84.5,71.1,58.0,59.9,0.02,0.07,0,2.0262,5.1443,0.4759,1.944,1.775,9.4716,18.0,-0.0,-0.0,-0.0,-0.0,0.0,64.7,64.7,0.1289,0.0815,0.052,0.1353,87,continuous_power,False,1,64.7,2,0.0,,0.0,0.0,0.0,64.7,36.9,31.1,0|0|0|0|0
2023-12-06,POWERGRID.NS,A_breakout_40d,224.4,205.083,186.0671,222.3,29544730,18809727.35,225.0,222.75,227.25,7.0,209.25,A,100.0,57.6,71.4,76.9,58.0,59.9,0.82,3.0,2,0.9447,9.4191,1.6644,0.8967,3.1448,12.107,18.0,-0.0,-0.0,-0.0,-0.0,0.0,72.2,72.2,0.1477,0.0839,0.0745,0.1575,85,continuous_power,False,1,72.2,2,0.0,,0.0,0.0,0.0,72.2,13.1,13.8,0|0|0|0|0
2023-12-06,TATAPOWER.NS,A_breakout_40d,294.15,256.389,228.2112,281.55,45934967,15514732.95,295.0,292.05,297.95,7.0,274.35,A,100.0,85.8,99.2,76.7,58.0,59.9,0.69,2.76,2,4.4752,14.728,0.0178,2.4745,1.8751,20.4094,18.0,-0.0,-0.0,-0.0,-0.0,0.0,81.3,81.3,0.1314,0.1154,0.0787,0.1411,87,continuous_power,False,1,81.3,2,0.0,,0.0,0.0,0.0,81.3,43.8,31.2,0|0|0|0|0
2023-12-07,ADANIGREEN.NS,A_breakout_40d,1624.15,984.057,928.2445,1563.45,10884637,4101413.85,1645.0,1628.55,1661.45,7.0,1529.85,A,80.1,81.1,93.1,91.6,58.0,59.9,3.41,3.0,3,3.8824,65.0463,1.0586,1.4979,8.6457,90.5484,18.0,-0.0,-0.0,-0.0,-0.0,0.0,76.2,76.2,0.1314,0.0815,0.0745,0.1353,87,continuous_power,False,1,76.2,2,0.0,,0.0,0.0,0.0,76.2,77.4,67.2,0|0|0|0|0
2023-12-07,ADANIPORTS.NS,A_breakout_40d,1039.65,820.558,744.3097,1017.95,14840081,9317053.0,1048.0,1037.52,1058.48,7.0,974.64,A,100.0,67.1,71.9,87.1,58.0,59.9,1.54,3.0,3,2.1317,26.7004,1.0855,1.0132,4.115,38.5236,18.0,-0.0,-0.0,-0.0,-0.0,0.0,74.5,74.5,0.1678,0.0904,0.0745,0.1868,83,continuous_power,False,1,74.5,2,0.0,,0.0,0.0,0.0,74.5,43.8,31.2,0|0|0|0|0
2023-12-07,BEL.NS,A_breakout_40d,160.35,139.614,121.1318,156.15,51346222,18973084.9,161.35,159.7365,162.9635,7.0,150.0555,A,100.0,71.5,94.1,76.5,58.0,59.9,1.24,3.0,3,2.6897,14.8524,3.6183,0.8029,4.084,18.0061,18.0,-0.0,-0.0,-0.0,-0.0,0.0,78.0,78.0,0.1314,0.0912,0.0745,0.1411,87,continuous_power,False,1,78.0,2,0.0,,0.0,0.0,0.0,78.0,24.4,31.1,0|0|0|0|0
2023-12-07,INDIGO.NS,A_breakout_40d,2878.3501,2550.089,2343.821,2872.1499,1133420,669576.55,2900.0,2871.0,2929.0,7.0,2697.0,A,94.0,51.7,73.9,76.7,58.0,59.9,1.77,3.0,0,0.2159,12.8725,0.9888,1.4354,2.4337,11.599,18.0,-0.0,-0.0,-0.0,-0.0,0.0,70.2,70.2,0.1314,0.0815,0.0745,0.1411,87,continuous_power,False,1,70.2,2,0.0,,0.0,0.0,0.0,70.2,34.9,31.1,0|0|0|0|0
2023-12-07,TATAPOWER.NS,A_breakout_40d,325.8,257.763,228.8222,294.15,152381610,22780478.6,331.95,328.6305,335.2695,7.0,308.7135,A,100.0,100.0,100.0,85.1,58.0,59.9,1.21,3.0,3,10.7598,26.3952,0.289,4.0639,4.3974,43.9408,18.0,-0.0,-0.0,-0.0,-0.0,0.0,84.7,84.7,0.1477,0.1154,0.0745,0.1669,85,continuous_power,False,1,84.7,2,0.0,,0.0,0.0,0.0,84.7,43.8,31.2,0|0|0|0|0
2023-12-08,HCLTECH.NS,A_breakout_40d,1364.1,1279.066,1169.8257,1340.9,4509751,2294877.35,1370.1,1356.399,1383.801,7.0,1274.193,A,96.7,63.8,79.3,68.6,58.0,59.9,0.41,1.66,0,1.7302,6.6481,0.3765,1.8662,1.3191,8.0531,18.0,-0.0,-0.0,-0.0,-0.0,0.0,72.3,72.3,0.1477,0.0912,0.0745,0.1575,85,continuous_power,False,1,72.3,2,0.0,,0.0,0.0,0.0,72.3,38.9,31.1,0|0|0|0|0
2023-12-08,JSWSTEEL.NS,A_breakout_40d,839.35,771.643,752.3077,824.7,7142037,1987139.2,841.55,833.1345,849.9655,7.0,782.6415,A,62.9,64.2,100.0,75.2,58.0,59.9,0.51,2.05,0,1.7764,8.7744,0.6897,2.1234,2.1738,10.1931,18.0,-0.0,-0.0,-0.0,-0.0,0.0,68.8,68.8,0.1289,0.0815,0.0745,0.1353,87,continuous_power,False,1,68.8,2,0.0,,0.0,0.0,0.0,68.8,34.9,31.1,0|0|0|0|0
2023-12-08,TITAN.NS,A_breakout_40d,3634.6499,3306.78,2943.1707,3585.3999,1562141,844566.4,3634.55,3598.2045,3670.8955,7.0,3380.1315,A,100.0,61.0,77.0,80.7,58.0,59.9,0.79,3.0,0,1.3736,9.9151,-0.2901,1.3088,0.6187,10.2846,18.0,-0.0,-0.0,-0.0,-0.0,0.0,73.7,73.7,0.1477,0.0815,0.0745,0.1575,85,continuous_power,False,1,73.7,2,0.0,,0.0,0.0,0.0,73.7,16.1,13.8,0|0|0|0|0
2023-12-11,ULTRACEMCO.NS,A_breakout_40d,9670.9004,8585.987,8078.1908,9413.5498,588082,321190.25,9702.4502,9605.4257,9799.4747,7.0,9023.2787,A,81.4,71.9,76.6,77.7,58.0,59.9,1.32,3.0,1,2.7338,12.6359,0.0048,1.8104,0.9929,14.6109,18.0,-0.0,-0.0,-0.0,-0.0,0.0,72.1,72.1,0.1314,0.0815,0.0745,0.1353,87,continuous_power,False,1,72.1,2,0.0,,0.0,0.0,0.0,72.1,34.9,31.1,0|0|0|0|0
2023-12-12,BAJAJ-AUTO.NS,A_breakout_40d,6254.2002,5499.338,4741.3375,6201.7002,810900,496462.2,6259.8999,6197.3009,6322.4989,7.0,5821.7069,A,100.0,56.8,72.7,76.8,58.0,59.9,2.02,3.0,0,0.8465,13.7264,0.417,1.2658,0.8835,10.0741,18.0,-0.0,-0.0,-0.0,-0.0,0.0,72.2,72.2,0.1477,0.0815,0.0745,0.1575,85,continuous_power,False,1,72.2,2,0.0,,0.0,0.0,0.0,72.2,16.1,13.8,0|0|0|0|0
2023-12-12,HDFCLIFE.NS,A_breakout_40d,707.35,641.735,599.2135,690.75,10749420,3195903.55,706.5,699.435,713.565,7.0,657.045,A,85.5,69.2,100.0,73.4,58.0,59.9,0.56,2.24,0,2.4032,10.2246,0.6543,2.4589,2.1132,12.3035,18.0,-0.0,-0.0,-0.0,-0.0,0.0,74.5,74.5,0.1289,0.0815,0.0745,0.1353,87,continuous_power,False,1,74.5,2,0.0,,0.0,0.0,0.0,74.5,46.3,31.2,0|0|0|0|0
2023-12-12,HINDALCO.NS,A_breakout_40d,527.45,489.265,446.7202,523.0,9498031,5852393.35,528.95,523.6605,534.2395,7.0,491.9235,A,97.6,56.8,72.5,69.6,58.0,59.9,0.97,3.0,0,0.8509,7.8046,0.4977,1.5824,1.0801,6.4192,18.0,-0.0,-0.0,-0.0,-0.0,0.0,71.5,71.5,0.1314,0.0839,0.0745,0.1411,87,continuous_power,False,1,71.5,2,0.0,,0.0,0.0,0.0,71.5,40.9,31.1,0|0|0|0|0
2023-12-12,ULTRACEMCO.NS,A_breakout_40d,9863.5,8618.003,8091.6495,9670.9004,1060266,366706.6,9899.9502,9800.9507,9998.9497,7.0,9206.9537,A,82.5,65.9,97.8,80.4,58.0,59.9,1.49,3.0,1,1.9915,14.4523,0.3262,1.6296,1.5264,15.9766,18.0,-0.0,-0.0,-0.0,-0.0,0.0,73.9,73.9,0.1289,0.0815,0.0745,0.1353,87,continuous_power,False,1,73.9,2,0.0,,0.0,0.0,0.0,73.9,34.9,31.1,0|0|0|0|0
2023-12-13,INDIGO.NS,A_breakout_40d,2981.1499,2594.436,2363.465,2926.45,1415518,706932.3,3000.0,2970.0,3030.0,7.0,2790.0,A,98.9,65.0,80.0,81.8,58.0,59.9,2.16,3.0,1,1.8692,14.9055,1.2814,0.8163,1.3879,14.0136,18.0,-0.0,-0.0,-0.0,-0.0,0.0,74.7,74.7,0.1477,0.0839,0.0745,0.1575,85,continuous_power,False,1,74.7,2,0.0,,0.0,0.0,0.0,74.7,16.1,13.8,0|0|0|0|0
2023-12-13,NTPC.NS,A_breakout_40d,294.05,249.549,207.204,287.3,23629670,13857112.1,297.75,294.7725,300.7275,7.0,276.9075,A,100.0,68.8,74.1,79.6,58.0,59.9,1.96,3.0,0,2.3495,17.8326,0.4764,1.3176,0.8633,16.4278,18.0,-0.0,-0.0,-0.0,-0.0,0.0,74.9,74.9,0.1477,0.0912,0.0745,0.1669,85,continuous_power,False,1,74.9,2,0.0,,0.0,0.0,0.0,74.9,32.4,31.1,0|0|0|0|0
2023-12-13,TVSMOTOR.NS,A_breakout_40d,2022.3,1682.989,1373.8505,1937.8,2224533,1151640.6,2026.0,2005.74,2046.26,7.0,1884.18,A,100.0,84.9,78.6,84.5,58.0,59.9,2.59,3.0,0,4.3606,20.1612,0.1135,2.0508,1.2947,21.0625,18.0,-0.0,-0.0,-0.0,-0.0,0.0,78.9,78.9,0.1678,0.1154,0.0745,0.2,83,continuous_power,False,1,78.9,2,0.0,,0.0,0.0,0.0,78.9,13.6,13.8,0|0|0|0|0
2023-12-14,BAJAJFINSV.NS,A_breakout_40d,1730.95,1623.391,1495.9688,1710.15,2130836,1351610.65,1738.95,1721.5605,1756.3395,7.0,1617.2235,A,92.6,59.7,71.5,70.0,58.0,59.9,0.93,3.0,0,1.2163,6.6256,0.9172,1.2636,1.6408,6.7158,18.0,-0.0,-0.0,-0.0,-0.0,0.0,71.0,71.0,0.1314,0.0815,0.0745,0.1411,87,continuous_power,False,1,71.0,2,0.0,,0.0,0.0,0.0,71.0,40.9,31.1,0|0|0|0|0
2023-12-14,DLF.NS,A_breakout_40d,699.5,597.139,491.563,673.75,7464762,4484826.55,700.0,693.0,707.0,7.0,651.0,A,100.0,80.6,73.3,80.4,58.0,59.9,2.51,3.0,0,3.8219,17.1419,1.18,1.3249,1.9486,18.2029,18.0,-0.0,-0.0,-0.0,-0.0,0.0,77.2,77.2,0.1678,0.1154,0.0745,0.1868,83,continuous_power,False,1,77.2,2,0.0,,0.0,0.0,0.0,77.2,13.6,13.8,0|0|0|0|0
2023-12-14,HCLTECH.NS,A_breakout_40d,1414.6,1289.769,1175.0662,1375.3,5145574,2619993.4,1422.0,1407.78,1436.22,7.0,1322.46,A,98.8,72.9,79.3,75.9,58.0,59.9,1.0,3.0,1,2.8576,9.6786,1.5922,1.4598,2.3548,12.0654,18.0,-0.0,-0.0,-0.0,-0.0,0.0,76.0,76.0,0.1434,0.0912,0.0745,0.1575,86,continuous_power,False,1,76.0,2,0.0,,0.0,0.0,0.0,76.0,13.1,13.8,0|0|0|0|0
2023-12-14,INDUSTOWER.NS,A_breakout_40d,201.05,185.716,167.9965,193.8,23451294,5946834.75,202.55,200.5245,204.5755,7.0,188.3715,A,100.0,79.9,100.0,66.5,58.0,59.9,0.13,0.52,0,3.741,8.2567,1.0112,2.8519,3.3796,13.3459,18.0,-0.0,-0.0,-0.0,-0.0,0.0,77.6,77.6,0.1477,0.1154,0.0745,0.1669,85,continuous_power,False,1,77.6,2,0.0,,0.0,0.0,0.0,77.6,46.3,31.2,0|0|0|0|0
2023-12-14,INFY.NS,A_breakout_40d,1501.45,1432.814,1387.56,1491.15,12489858,5355964.8,1523.05,1507.8195,1538.2805,7.0,1416.4365,A,66.3,55.5,86.6,62.1,58.0,59.9,0.18,0.72,0,0.6907,4.7903,0.9938,2.0589,2.774,4.8779,18.0,-0.0,-0.0,-0.0,-0.0,0.0,64.3,64.3,0.1289,0.0815,0.0745,0.1353,87,continuous_power,False,1,64.3,2,0.0,,0.0,0.0,0.0,64.3,52.3,31.2,0|0|0|0|0
2023-12-14,NTPC.NS,A_breakout_40d,295.4,250.546,207.8415,294.05,24900443,14553852.0,298.0,295.02,300.98,7.0,277.14,A,100.0,53.7,74.2,80.2,58.0,59.9,1.98,3.0,1,0.4591,17.9025,1.2583,0.6158,1.8141,13.9862,18.0,-0.0,-0.0,-0.0,-0.0,0.0,71.9,71.9,0.1477,0.0815,0.0745,0.1575,85,continuous_power,False,1,71.9,2,0.0,,0.0,0.0,0.0,71.9,16.1,13.8,0|0|0|0|0
2023-12-14,SHRIRAMFIN.NS,A_breakout_40d,423.66,389.7958,331.849,418.89,11924520,5273931.25,423.4,419.166,427.634,7.0,393.762,A,100.0,59.1,85.2,64.4,58.0,59.9,0.7,2.79,0,1.1387,8.6877,0.5363,2.3022,2.3541,9.3936,18.0,-0.0,-0.0,-0.0,-0.0,0.0,73.8,73.8,0.1314,0.0912,0.0815,0.1353,87,continuous_power,False,1,73.8,2,0.0,,0.0,0.0,0.0,73.8,48.3,31.2,0|0|0|0|0
2023-12-14,TECHM.NS,A_breakout_40d,1264.7,1187.211,1149.7885,1233.3,5287733,1759846.1,1270.0,1257.3,1282.7,7.0,1181.1,A,66.3,70.4,100.0,68.9,58.0,59.9,-0.26,0.0,0,2.546,6.527,1.5542,1.5833,2.6008,8.7604,18.0,-0.0,-0.0,-0.0,-0.0,0.0,68.5,68.5,0.1289,0.0815,0.0602,0.1353,87,continuous_power,False,1,68.5,2,0.0,,0.0,0.0,0.0,68.5,45.3,31.2,0|0|0|0|0
2023-12-14,ULTRACEMCO.NS,A_breakout_40d,9963.2998,8683.868,8116.5383,9863.5,710415,464485.9,10000.0,9900.0,10100.0,7.0,9300.0,A,84.9,58.1,70.6,77.5,58.0,59.9,1.77,3.0,2,1.0118,14.7334,0.9328,0.9685,1.6856,14.0323,18.0,-0.0,-0.0,-0.0,-0.0,0.0,69.2,69.2,0.1314,0.0815,0.0745,0.1353,87,continuous_power,False,1,69.2,2,0.0,,0.0,0.0,0.0,69.2,34.9,31.1,0|0|0|0|0
2023-12-14,WIPRO.NS,A_breakout_40d,217.2,200.0915,198.4038,211.3,24681376,11868946.1,218.025,215.8447,220.2052,7.0,202.7632,A,54.3,72.3,81.6,72.5,58.0,59.9,0.33,1.31,0,2.7922,8.5503,0.9174,1.4246,1.6674,11.493,18.0,-0.0,-0.0,-0.0,-0.0,0.0,65.5,65.5,0.1289,0.0815,0.0602,0.1353,87,continuous_power,False,1,65.5,2,0.0,,0.0,0.0,0.0,65.5,34.9,31.1,0|0|0|0|0
2023-12-15,BEL.NS,A_breakout_40d,169.05,142.68,123.1458,164.0,39766631,22394040.2,171.75,170.0325,173.4675,7.0,159.7275,A,100.0,74.6,75.5,80.2,58.0,59.9,1.87,3.0,0,3.0793,18.4819,1.2195,1.0736,1.4006,19.5328,18.0,-0.0,-0.0,-0.0,-0.0,0.0,76.3,76.3,0.1477,0.0912,0.0745,0.1669,85,continuous_power,False,1,76.3,2,0.0,,0.0,0.0,0.0,76.3,32.4,31.1,0|0|0|0|0
2023-12-15,HCLTECH.NS,A_breakout_40d,1491.3,1294.821,1176.9967,1414.6,7374290,2791860.65,1489.85,1474.9515,1504.7485,7.0,1385.5605,A,100.0,93.4,92.8,83.5,58.0,59.9,1.23,3.0,1,5.422,15.1742,0.5231,2.5445,3.504,22.4793,18.0,-0.0,-0.0,-0.0,-0.0,0.0,82.4,82.4,0.1477,0.1154,0.0745,0.1669,85,continuous_power,False,1,82.4,2,0.0,,0.0,0.0,0.0,82.4,13.6,13.8,0|0|0|0|0
2023-12-15,INFY.NS,A_breakout_40d,1578.4,1435.702,1387.5545,1501.45,18395389,5942038.9,1567.95,1552.2705,1583.6295,7.0,1458.1935,A,67.3,91.0,100.0,72.4,58.0,59.9,0.36,1.44,1,5.1251,9.9393,1.4386,2.3299,4.2054,17.3114,18.0,-0.0,-0.0,-0.0,-0.0,0.0,74.4,74.4,0.1289,0.0815,0.0745,0.1353,87,continuous_power,False,1,74.4,2,0.0,,0.0,0.0,0.0,74.4,43.8,31.2,0|0|0|0|0
2023-12-15,JSWSTEEL.NS,A_breakout_40d,867.2,779.398,755.4977,853.85,4058044,2202918.05,844.0,835.56,852.44,7.0,784.92,A,65.8,62.5,76.8,78.2,58.0,59.9,1.0,3.0,0,1.5635,11.2654,0.7847,1.1249,1.6167,10.6758,18.0,-0.0,-0.0,-0.0,-0.0,0.0,67.1,67.1,0.1289,0.0815,0.0745,0.1353,87,continuous_power,False,1,67.1,2,0.0,,0.0,0.0,0.0,67.1,16.1,13.8,0|0|0|0|0
2023-12-15,NTPC.NS,A_breakout_40d,305.1,251.824,208.5008,295.4,28843558,14888772.55,306.0,302.94,309.06,7.0,284.58,A,100.0,76.3,78.7,83.5,58.0,59.9,2.12,3.0,2,3.2837,21.156,0.8802,1.4082,2.1692,22.203,18.0,-0.0,-0.0,-0.0,-0.0,0.0,77.1,77.1,0.1538,0.0912,0.0745,0.1669,85,continuous_power,False,1,77.1,2,0.0,,0.0,0.0,0.0,77.1,13.6,13.8,0|0|0|0|0
2023-12-15,POWERGRID.NS,A_breakout_40d,237.35,209.713,188.5527,236.95,41341690,22625532.7,236.9,234.531,239.269,7.0,220.317,A,100.0,51.4,76.5,75.4,58.0,59.9,1.66,3.0,0,0.1688,13.1785,1.2495,1.8142,2.2888,11.1552,18.0,-0.0,-0.0,-0.0,-0.0,0.0,71.6,71.6,0.1314,0.0815,0.0745,0.1411,87,continuous_power,False,1,71.6,2,0.0,,0.0,0.0,0.0,71.6,34.9,31.1,0|0|0|0|0
2023-12-15,SBIN.NS,A_breakout_40d,648.25,581.188,572.4887,623.65,29813572,16950492.3,646.65,640.1835,653.1165,7.0,601.3845,A,57.6,81.6,75.2,82.7,58.0,59.9,0.49,1.98,0,3.9445,11.5388,0.6975,2.7136,3.1056,17.3928,18.0,-0.0,-0.0,-0.0,-0.0,0.0,68.2,68.2,0.1289,0.0815,0.0598,0.1353,87,continuous_power,False,1,68.2,2,0.0,,0.0,0.0,0.0,68.2,13.6,13.8,0|0|0|0|0
2023-12-15,TATASTEEL.NS,A_breakout_40d,136.45,125.028,116.443,132.0,77377446,31706182.9,136.85,135.4815,138.2185,7.0,127.2705,A,86.9,77.0,88.8,76.8,58.0,59.9,0.31,1.24,0,3.3712,9.1356,1.0606,1.5602,2.1002,13.159,18.0,-0.0,-0.0,-0.0,-0.0,0.0,73.9,73.9,0.1329,0.0904,0.0745,0.1575,87,continuous_power,False,1,73.9,2,0.0,,0.0,0.0,0.0,73.9,34.9,31.1,0|0|0|0|0
2023-12-15,TCS.NS,A_breakout_40d,3861.0,3497.376,3368.2305,3672.1001,8531230,2345557.7,3858.1001,3819.5191,3896.6811,7.0,3588.0331,A,69.2,91.2,100.0,76.1,58.0,59.9,0.39,1.57,0,5.1442,10.3971,-0.015,3.4006,3.1106,17.141,18.0,-0.0,-0.0,-0.0,-0.0,0.0,75.1,75.1,0.1289,0.0815,0.0745,0.1353,87,continuous_power,False,1,75.1,2,0.0,,0.0,0.0,0.0,75.1,32.4,31.1,0|0|0|0|0
2023-12-15,TECHM.NS,A_breakout_40d,1306.1,1189.009,1150.6467,1264.7,5900381,1940118.05,1305.0,1291.95,1318.05,7.0,1213.65,A,66.7,76.2,100.0,75.7,58.0,59.9,0.01,0.05,1,3.2735,9.8478,0.4191,2.2191,3.1343,14.8524,18.0,-0.0,-0.0,-0.0,-0.0,0.0,70.0,70.0,0.1289,0.0815,0.052,0.1353,87,continuous_power,False,1,70.0,2,0.0,,0.0,0.0,0.0,70.0,46.3,31.2,0|0|0|0|0
2023-12-15,WIPRO.NS,A_breakout_40d,223.275,200.5025,198.5133,217.2,41567234,13255129.0,223.0,220.77,225.23,7.0,207.39,A,55.0,72.4,100.0,77.3,58.0,59.9,0.49,1.96,1,2.797,11.3577,0.3798,1.6798,1.999,15.2985,18.0,-0.0,-0.0,-0.0,-0.0,0.0,68.9,68.9,0.1289,0.0815,0.0745,0.1353,87,continuous_power,False,1,68.9,2,0.0,,0.0,0.0,0.0,68.9,46.3,31.2,0|0|0|0|0
2023-12-18,BAJAJ-AUTO.NS,A_breakout_40d,6465.7002,5607.068,4790.9173,6334.8501,851061,526840.6,6470.0,6405.3,6534.7,7.0,6017.1,A,100.0,66.5,72.3,78.6,58.0,59.9,2.41,3.0,1,2.0656,15.3134,0.0,1.8225,1.3777,12.9102,18.0,-0.0,-0.0,-0.0,-0.0,0.0,74.2,74.2,0.1477,0.0912,0.0745,0.1669,85,continuous_power,False,1,74.2,2,0.0,,0.0,0.0,0.0,74.2,16.1,13.8,0|0|0|0|0
2023-12-18,BEL.NS,A_breakout_40d,172.7,143.357,123.5343,169.05,35901409,23514297.6,172.9,171.171,174.629,7.0,160.797,A,100.0,67.3,70.5,82.3,58.0,59.9,2.01,3.0,1,2.1591,20.4685,1.5972,1.0029,2.5053,20.6253,18.0,-0.0,-0.0,-0.0,-0.0,0.0,74.2,74.2,0.1678,0.0912,0.0745,0.1669,83,continuous_power,False,1,74.2,2,0.0,,0.0,0.0,0.0,74.2,10.6,13.8,0|0|0|0|0
2023-12-19,COALINDIA.NS,A_breakout_40d,366.95,328.516,259.5757,355.55,28937243,12796246.05,369.0,365.31,372.69,7.0,343.17,A,100.0,75.7,85.2,70.8,58.0,59.9,1.88,3.0,0,3.2063,11.6993,-0.3308,2.4336,1.6807,14.156,18.0,-0.0,-0.0,-0.0,-0.0,0.0,77.5,77.5,0.1314,0.1154,0.0787,0.1411,87,continuous_power,False,1,77.5,2,0.0,,0.0,0.0,0.0,77.5,36.9,31.1,0|0|0|0|0
2023-12-19,NESTLEIND.NS,A_breakout_40d,1274.485,1207.3797,1108.4797,1252.22,7057320,1743078.0,1284.7,1271.853,1297.547,7.0,1194.771,A,94.6,64.2,100.0,66.0,58.0,59.9,0.9,3.0,0,1.778,5.5579,0.8851,2.5927,2.7179,7.4356,18.0,-0.0,-0.0,-0.0,-0.0,0.0,75.9,75.9,0.1289,0.0815,0.0815,0.1353,87,continuous_power,False,1,75.9,2,0.0,,0.0,0.0,0.0,75.9,52.3,31.2,0|0|0|0|0
2023-12-19,TATACONSUM.NS,A_breakout_40d,966.15,920.123,832.3092,957.3,3897491,1189758.5,975.0,965.25,984.75,7.0,906.75,A,100.0,57.4,100.0,66.9,58.0,59.9,0.94,3.0,0,0.9245,5.0023,0.3475,1.965,1.4078,4.9885,18.0,-0.0,-0.0,-0.0,-0.0,0.0,75.6,75.6,0.1289,0.0839,0.0815,0.1353,87,continuous_power,False,1,75.6,2,0.0,,0.0,0.0,0.0,75.6,52.3,31.2,0|0|0|0|0
2023-12-20,ONGC.NS,A_breakout_40d,203.2,192.168,172.7022,202.05,57762576,14894121.6,203.95,201.9105,205.9895,7.0,189.6735,A,100.0,54.6,100.0,60.9,58.0,59.9,0.8,3.0,0,0.5692,5.7408,0.7239,1.9386,2.7178,6.0766,18.0,-0.0,-0.0,-0.0,-0.0,0.0,74.9,74.9,0.1289,0.0904,0.0835,0.1353,87,continuous_power,False,1,74.9,2,0.0,,0.0,0.0,0.0,74.9,52.3,31.2,0|0|0|0|0
2023-12-20,TATACONSUM.NS,A_breakout_40d,976.3,922.154,833.61,966.15,4465789,1372830.75,976.0,966.24,985.76,7.0,907.68,A,100.0,58.4,100.0,70.6,58.0,59.9,0.98,3.0,1,1.0506,5.8717,0.916,2.6325,3.4672,6.1735,18.0,-0.0,-0.0,-0.0,-0.0,0.0,75.9,75.9,0.1289,0.0815,0.0815,0.1353,87,continuous_power,False,1,75.9,2,0.0,,0.0,0.0,0.0,75.9,40.9,31.1,0|0|0|0|0
2023-12-21,BRITANNIA.NS,A_breakout_40d,5059.6001,4716.456,4641.1995,5016.0,796081,310928.1,5075.0,5024.25,5125.75,7.0,4719.75,A,58.1,57.0,91.2,69.5,58.0,59.9,0.9,3.0,0,0.8692,7.2755,-0.5035,2.5061,2.0295,7.2567,18.0,-0.0,-0.0,-0.0,-0.0,0.0,66.1,66.1,0.1289,0.0788,0.0745,0.1353,87,continuous_power,False,1,66.1,2,0.0,,0.0,0.0,0.0,66.1,49.3,31.2,0|0|0|0|0
2023-12-21,GODREJCP.NS,A_breakout_40d,1072.9,1007.218,1005.239,1050.35,2398325,1136482.5,1076.15,1065.3885,1086.9115,7.0,1000.8195,A,51.0,67.2,82.2,66.9,58.0,59.9,0.7,2.79,0,2.1469,6.5211,-0.5094,2.0003,1.5521,9.0213,18.0,-0.0,-0.0,-0.0,-0.0,0.0,65.2,65.2,0.1289,0.0815,0.0745,0.1353,87,continuous_power,False,1,65.2,2,0.0,,0.0,0.0,0.0,65.2,45.3,31.2,0|0|0|0|0
2023-12-22,BRITANNIA.NS,A_breakout_40d,5161.1001,4729.079,4644.6962,5059.6001,582688,334573.75,5155.0,5103.45,5206.55,7.0,4794.15,A,59.1,66.0,74.8,74.5,58.0,59.9,0.99,3.0,1,2.0061,9.1354,0.3044,1.3651,1.7237,11.2175,18.0,-0.0,-0.0,-0.0,-0.0,0.0,66.1,66.1,0.1289,0.0815,0.0745,0.1353,87,continuous_power,False,1,66.1,2,0.0,,0.0,0.0,0.0,66.1,34.9,31.1,0|0|0|0|0
2023-12-22,WIPRO.NS,A_breakout_40d,231.325,202.299,199.1451,223.275,46080814,17380474.8,227.0,224.73,229.27,7.0,211.11,A,57.9,78.8,93.0,74.7,58.0,59.9,0.9,3.0,0,3.6054,14.3481,0.2995,2.5455,1.845,16.9918,18.0,-0.0,-0.0,-0.0,-0.0,0.0,70.8,70.8,0.1289,0.0815,0.0745,0.1353,87,continuous_power,False,1,70.8,2,0.0,,0.0,0.0,0.0,70.8,43.8,31.2,0|0|0|0|0
2023-12-26,BEL.NS,A_breakout_40d,181.95,146.883,125.4838,174.8,52736391,27331993.6,184.0,182.16,185.84,7.0,171.12,A,100.0,82.7,78.6,79.2,58.0,59.9,2.46,3.0,0,4.0904,23.8741,1.8307,1.1689,2.615,24.4639,18.0,-0.0,-0.0,-0.0,-0.0,0.0,78.3,78.3,0.1477,0.1154,0.0745,0.1669,85,continuous_power,False,1,78.3,2,0.0,,0.0,0.0,0.0,78.3,27.9,31.1,0|0|0|0|0
2023-12-26,BRITANNIA.NS,A_breakout_40d,5235.9502,4742.699,4648.977,5161.1001,574310,357107.85,5242.0,5189.58,5294.42,7.0,4875.06,A,60.1,61.6,72.2,77.4,58.0,59.9,1.13,3.0,2,1.4503,10.4002,-0.1182,0.9662,0.4686,12.4035,18.0,-0.0,-0.0,-0.0,-0.0,0.0,65.2,65.2,0.1289,0.0815,0.0745,0.1353,87,continuous_power,False,1,65.2,2,0.0,,0.0,0.0,0.0,65.2,34.9,31.1,0|0|0|0|0
2023-12-26,DIVISLAB.NS,A_breakout_40d,3863.5,3616.007,3482.335,3798.1001,1249185,432400.35,3894.0,3855.06,3932.94,7.0,3621.42,A,69.2,63.8,97.8,66.9,58.0,59.9,-0.03,0.0,0,1.7219,6.8444,0.111,2.3997,2.2363,10.1602,18.0,-0.0,-0.0,-0.0,-0.0,0.0,67.4,67.4,0.1289,0.0815,0.0602,0.1353,87,continuous_power,False,1,67.4,2,0.0,,0.0,0.0,0.0,67.4,48.3,31.2,0|0|0|0|0
2023-12-26,WIPRO.NS,A_breakout_40d,235.05,202.7885,199.343,231.325,54628644,19799378.7,234.25,231.9075,236.5925,7.0,217.8525,A,58.6,62.9,95.2,76.8,58.0,59.9,0.94,3.0,1,1.6103,15.9089,-1.8697,1.9389,2.2304,17.9542,18.0,-0.0,-0.0,-0.0,-0.0,0.0,68.1,68.1,0.1289,0.0815,0.0745,0.1353,87,continuous_power,False,1,68.1,2,0.0,,0.0,0.0,0.0,68.1,39.3,31.2,0|0|0|0|0
2023-12-27,BAJAJ-AUTO.NS,A_breakout_40d,6709.6499,5773.761,4871.6488,6465.7002,1017894,476763.1,6709.6499,6642.5534,6776.7464,7.0,6239.9744,A,100.0,80.2,82.7,75.5,58.0,59.9,2.46,3.0,0,3.773,16.2093,0.0843,2.0762,1.2457,17.4419,18.0,-0.0,-0.0,-0.0,-0.0,0.0,78.2,78.2,0.1477,0.1154,0.0745,0.1644,85,continuous_power,False,1,78.2,2,0.0,,0.0,0.0,0.0,78.2,32.4,31.1,0|0|0|0|0
2023-12-27,HINDALCO.NS,A_breakout_40d,605.6,506.266,453.7867,579.85,12430827,6096155.75,608.0,601.92,614.08,7.0,565.44,A,100.0,85.5,80.8,81.3,58.0,59.9,1.89,3.0,0,4.4408,19.6209,0.3708,1.8255,1.7485,23.2611,18.0,-0.0,-0.0,-0.0,-0.0,0.0,79.2,79.2,0.1538,0.1154,0.0745,0.1669,85,continuous_power,False,1,79.2,2,0.0,,0.0,0.0,0.0,79.2,32.4,31.1,0|0|0|0|0
2023-12-28,BRITANNIA.NS,A_breakout_40d,5282.0,4769.966,4657.4402,5235.9502,655367,374648.8,5260.5498,5207.9443,5313.1553,7.0,4892.3113,A,62.1,57.0,75.0,77.5,58.0,59.9,1.37,3.0,2,0.8795,10.7345,0.1562,1.3918,0.6289,10.1887,18.0,-0.0,-0.0,-0.0,-0.0,0.0,65.0,65.0,0.1289,0.0815,0.0745,0.1353,87,continuous_power,False,1,65.0,2,0.0,,0.0,0.0,0.0,65.0,16.1,13.8,0|0|0|0|0
2023-12-28,COALINDIA.NS,A_breakout_40d,380.95,336.269,263.9235,366.95,28310022,14513738.9,381.5,377.685,385.315,7.0,354.795,A,100.0,80.5,79.0,71.1,58.0,59.9,1.96,3.0,0,3.8152,13.2873,0.3282,1.4892,0.9991,16.4591,18.0,-0.0,-0.0,-0.0,-0.0,0.0,77.6,77.6,0.1477,0.1154,0.0745,0.1575,85,continuous_power,False,1,77.6,2,0.0,,0.0,0.0,0.0,77.6,32.4,31.1,0|0|0|0|0
2023-12-28,DRREDDY.NS,A_breakout_40d,1171.71,1113.8082,1042.9468,1157.63,4888545,2795536.75,1166.02,1154.3598,1177.6802,7.0,1084.3986,A,84.0,59.7,75.0,65.7,58.0,59.9,0.31,1.23,0,1.2163,5.1985,0.0761,1.7247,0.8358,7.9129,18.0,-0.0,-0.0,-0.0,-0.0,0.0,67.8,67.8,0.1314,0.0815,0.0745,0.1411,87,continuous_power,False,1,67.8,2,0.0,,0.0,0.0,0.0,67.8,52.3,31.2,0|0|0|0|0
2023-12-28,GODREJCP.NS,A_breakout_40d,1112.5,1016.468,1008.7875,1103.45,2301621,1179173.75,1113.45,1102.3155,1124.5845,7.0,1035.5085,A,53.8,56.6,79.0,75.3,58.0,59.9,1.13,3.0,0,0.8202,9.4476,0.6842,0.6561,1.2766,10.3207,18.0,-0.0,-0.0,-0.0,-0.0,0.0,63.7,63.7,0.1289,0.0788,0.0745,0.1353,87,continuous_power,False,1,63.7,2,0.0,,0.0,0.0,0.0,63.7,34.9,31.1,0|0|0|0|0
2023-12-28,HEROMOTOCO.NS,A_breakout_40d,4173.25,3485.981,2979.1072,4067.45,1714818,923262.75,4176.0,4134.24,4217.76,7.0,3883.68,A,100.0,70.8,77.1,80.5,58.0,59.9,2.88,3.0,0,2.6011,19.7152,0.0,1.3849,0.3849,18.4908,18.0,-0.0,-0.0,-0.0,-0.0,0.0,75.7,75.7,0.1477,0.0912,0.0745,0.1669,85,continuous_power,False,1,75.7,2,0.0,,0.0,0.0,0.0,75.7,32.4,31.1,0|0|0|0|0
2023-12-28,IOC.NS,A_breakout_40d,133.25,106.562,93.0155,128.05,54672874,29822627.95,129.7,128.403,130.997,7.0,120.621,A,100.0,82.5,76.7,75.5,58.0,59.9,3.68,3.0,0,4.0609,25.0446,0.316,1.8029,1.3102,23.8853,18.0,-0.0,-0.0,-0.0,-0.0,0.0,77.9,77.9,0.1477,0.1154,0.0745,0.1669,85,continuous_power,False,1,77.9,2,0.0,,0.0,0.0,0.0,77.9,43.8,31.2,0|0|0|0|0
2023-12-28,ITC.NS,A_breakout_40d,446.889,427.7347,420.9374,446.0705,21493169,13342586.1,446.889,442.4201,451.3579,7.0,415.6067,A,58.1,51.5,72.2,63.4,58.0,59.9,0.24,0.94,0,0.1835,4.4781,0.0219,1.1273,0.2336,4.4377,18.0,-0.0,-0.0,-0.0,-0.0,0.0,60.2,60.2,0.1289,0.0815,0.0602,0.1353,87,continuous_power,False,1,60.2,2,0.0,,0.0,0.0,0.0,60.2,52.3,31.2,0|0|0|0|0
2023-12-28,JSWSTEEL.NS,A_breakout_40d,880.8,793.745,762.4678,875.9,4482599,2620031.4,882.0,873.18,890.82,7.0,820.26,A,70.5,54.5,74.2,71.6,58.0,59.9,1.12,3.0,0,0.5594,10.9676,0.7992,1.01,1.4821,9.0133,18.0,-0.0,-0.0,-0.0,-0.0,0.0,65.9,65.9,0.1289,0.0815,0.0745,0.1353,87,continuous_power,False,1,65.9,2,0.0,,0.0,0.0,0.0,65.9,36.9,31.1,0|0|0|0|0
2023-12-28,NESTLEIND.NS,A_breakout_40d,1312.495,1221.9004,1118.8373,1286.0225,3155440,2068217.0,1312.5,1299.375,1325.625,7.0,1220.625,A,96.1,66.5,70.5,71.2,58.0,59.9,1.02,3.0,0,2.0585,7.4142,0.5809,1.2292,0.914,10.0602,18.0,-0.0,-0.0,-0.0,-0.0,0.0,72.9,72.9,0.1434,0.0912,0.0745,0.1575,86,continuous_power,False,1,72.9,2,0.0,,0.0,0.0,0.0,72.9,36.9,31.1,0|0|0|0|0
2023-12-28,NTPC.NS,A_breakout_40d,313.9,262.77,213.8765,309.65,37591916,19463922.6,314.35,311.2065,317.4935,7.0,292.3455,A,100.0,61.0,78.6,72.8,58.0,59.9,2.67,3.0,0,1.3725,19.4581,0.9966,0.8378,1.4488,14.6087,18.0,-0.0,-0.0,-0.0,-0.0,0.0,73.7,73.7,0.1329,0.0912,0.0745,0.1411,87,continuous_power,False,1,73.7,2,0.0,,0.0,0.0,0.0,73.7,46.3,31.2,0|0|0|0|0
2023-12-28,POWERGRID.NS,A_breakout_40d,239.1,215.218,191.3219,237.35,39164340,25167987.9,237.8,235.422,240.178,7.0,221.154,A,100.0,55.9,71.1,67.7,58.0,59.9,1.66,3.0,0,0.7373,11.0967,0.4486,0.9275,0.9436,9.6031,18.0,-0.0,-0.0,-0.0,-0.0,0.0,71.6,71.6,0.1329,0.0912,0.0745,0.1411,87,continuous_power,False,1,71.6,2,0.0,,0.0,0.0,0.0,71.6,36.9,31.1,0|0|0|0|0
2023-12-29,BRITANNIA.NS,A_breakout_40d,5338.4502,4785.014,4662.5332,5282.0,535691,353380.65,5339.0,5285.61,5392.39,7.0,4965.27,A,63.1,58.5,70.3,79.5,58.0,59.9,1.45,3.0,2,1.0687,11.566,-0.4061,1.3345,0.7181,10.5496,18.0,-0.0,-0.0,-0.0,-0.0,0.0,65.0,65.0,0.1289,0.0815,0.0745,0.1353,87,continuous_power,False,1,65.0,2,0.0,,0.0,0.0,0.0,65.0,16.1,13.8,0|0|0|0|0
2023-12-29,TATACONSUM.NS,A_breakout_40d,1086.8,937.392,842.9217,1041.0,5017576,1698101.55,1093.85,1082.9115,1104.7885,7.0,1017.2805,A,100.0,85.2,99.1,89.2,58.0,59.9,1.44,3.0,0,4.3996,15.9387,1.244,2.0432,2.7173,22.4146,18.0,-0.0,-0.0,-0.0,-0.0,0.0,81.7,81.7,0.1434,0.0912,0.0745,0.1644,86,continuous_power,False,1,81.7,2,0.0,,0.0,0.0,0.0,81.7,13.6,13.8,0|0|0|0|0
2024-01-01,INDUSTOWER.NS,A_breakout_40d,202.75,186.437,169.2842,201.05,25210453,12006197.65,201.8,199.782,203.818,7.0,187.674,A,100.0,56.8,82.0,63.1,58.0,59.9,-0.01,0.0,0,0.8456,8.7499,-0.4773,1.2502,1.1642,13.418,18.0,-0.0,-0.0,-0.0,-0.0,0.0,65.6,65.6,0.1329,0.0912,0.0745,0.1575,87,continuous_power,False,1,65.6,2,0.0,,0.0,0.0,0.0,65.6,46.3,31.2,0|0|0|0|0
2024-01-02,COALINDIA.NS,A_breakout_40d,392.65,340.351,266.303,381.8,28363847,14442608.95,394.8,390.852,398.748,7.0,367.164,A,100.0,72.7,79.3,73.1,58.0,59.9,2.01,3.0,1,2.8418,15.3662,1.4667,1.0103,1.8121,16.0635,18.0,-0.0,-0.0,-0.0,-0.0,0.0,76.2,76.2,0.1434,0.1084,0.0745,0.1575,86,continuous_power,False,1,76.2,2,0.0,,0.0,0.0,0.0,76.2,32.4,31.1,0|0|0|0|0
2024-01-02,DIVISLAB.NS,A_breakout_40d,4030.0,3640.815,3509.6897,3939.95,1386959,490575.6,4050.0,4009.5,4090.5,7.0,3766.5,A,68.7,68.3,96.5,73.5,58.0,59.9,0.69,2.74,0,2.2856,10.6895,0.2324,1.5957,0.9375,11.9341,18.0,-0.0,-0.0,-0.0,-0.0,0.0,71.0,71.0,0.1289,0.0815,0.0745,0.1353,87,continuous_power,False,1,71.0,2,0.0,,0.0,0.0,0.0,71.0,46.3,31.2,0|0|0|0|0
2024-01-02,SUNPHARMA.NS,A_breakout_40d,1296.2,1198.011,1086.2685,1262.15,3174447,1986117.15,1296.2,1283.238,1309.162,7.0,1205.466,A,100.0,71.6,72.0,75.9,58.0,59.9,1.06,3.0,0,2.6978,8.196,0.0595,1.8946,1.0402,9.8151,18.0,-0.0,-0.0,-0.0,-0.0,0.0,75.1,75.1,0.1477,0.0912,0.0745,0.1669,85,continuous_power,False,1,75.1,2,0.0,,0.0,0.0,0.0,75.1,16.1,13.8,0|0|0|0|0
2024-01-03,ADANIENT.NS,A_breakout_40d,3003.0,2524.934,2338.37,2991.8,19725411,4849743.8,3039.3999,3009.0059,3069.7939,7.0,2826.6419,A,89.9,53.0,100.0,68.2,58.0,59.9,1.93,3.0,0,0.3744,18.9338,3.9081,2.3892,5.5504,12.4522,18.0,-0.0,-0.0,-0.0,-0.0,0.0,72.7,72.7,0.1289,0.0815,0.0815,0.1353,87,continuous_power,False,1,72.7,2,0.0,,0.0,0.0,0.0,72.7,39.8,31.2,0|0|0|0|0
2024-01-03,ADANIGREEN.NS,A_breakout_40d,1697.25,1192.401,1015.7893,1624.15,8064214,3669564.25,1706.55,1689.4845,1723.6155,7.0,1587.0915,A,100.0,86.0,84.0,74.2,58.0,59.9,5.95,3.0,0,4.5008,42.3389,5.9524,1.6431,6.6131,27.1985,18.0,-0.0,-0.0,-0.0,-0.0,0.0,79.5,79.5,0.1477,0.1154,0.0745,0.1644,85,continuous_power,False,1,79.5,2,0.0,,0.0,0.0,0.0,79.5,35.8,31.2,0|0|0|0|0
2024-01-03,AMBUJACEM.NS,A_breakout_40d,536.1,460.975,432.5982,534.3,13711402,4684911.05,538.35,532.9665,543.7335,7.0,500.6655,A,82.8,52.7,98.5,69.2,58.0,59.9,1.95,3.0,0,0.3369,16.297,1.4221,1.2563,2.1431,10.1489,18.0,-0.0,-0.0,-0.0,-0.0,0.0,71.1,71.1,0.1289,0.0815,0.0815,0.1353,87,continuous_power,False,1,71.1,2,0.0,,0.0,0.0,0.0,71.1,48.3,31.2,0|0|0|0|0
2024-01-03,BAJAJ-AUTO.NS,A_breakout_40d,6986.5,5933.019,4946.4065,6797.25,1256275,494261.5,7025.0,6954.75,7095.25,7.0,6533.25,A,100.0,72.3,90.8,75.9,58.0,59.9,2.76,3.0,0,2.7842,17.7562,-0.3151,2.7918,2.0859,15.663,18.0,-0.0,-0.0,-0.0,-0.0,0.0,77.7,77.7,0.1314,0.0912,0.0745,0.1411,87,continuous_power,False,1,77.7,2,0.0,,0.0,0.0,0.0,77.7,34.9,31.1,0|0|0|0|0
2024-01-03,ITC.NS,A_breakout_40d,459.5513,429.1463,422.4863,452.9072,24961710,13207031.7,462.1993,457.5773,466.8213,7.0,429.8454,A,57.9,61.7,77.8,71.1,58.0,59.9,0.4,1.6,1,1.467,7.085,-0.0213,1.4531,0.7768,8.6181,18.0,-0.0,-0.0,-0.0,-0.0,0.0,63.9,63.9,0.1289,0.0815,0.0602,0.1353,87,continuous_power,False,1,63.9,2,0.0,,0.0,0.0,0.0,63.9,36.9,31.1,0|0|0|0|0
2024-01-04,BAJFINANCE.NS,A_breakout_40d,770.555,736.4344,708.2544,763.265,29118790,10962074.0,773.495,765.76,781.2299,7.0,719.3503,A,69.9,57.6,93.1,63.3,58.0,59.9,-0.66,0.0,0,0.9551,4.6332,2.3724,1.1124,2.6252,8.9816,18.0,-0.0,-0.0,-0.0,-0.0,0.0,65.6,65.6,0.1289,0.0815,0.0602,0.1353,87,continuous_power,False,1,65.6,2,0.0,,0.0,0.0,0.0,65.6,43.8,31.2,0|0|0|0|0
2024-01-04,DLF.NS,A_breakout_40d,761.4,641.82,516.8075,728.65,13312567,3946546.0,760.0,752.4,767.6,7.0,706.8,A,100.0,86.0,100.0,76.4,58.0,59.9,2.65,3.0,0,4.4946,18.6314,0.3284,2.5433,2.0089,18.8635,18.0,-0.0,-0.0,-0.0,-0.0,0.0,81.6,81.6,0.1314,0.1154,0.0815,0.1411,87,continuous_power,False,1,81.6,2,0.0,,0.0,0.0,0.0,81.6,43.8,31.2,0|0|0|0|0
2024-01-04,INDUSINDBK.NS,A_breakout_40d,1648.55,1510.439,1353.9937,1610.55,4271262,2333396.5,1654.0,1637.46,1670.54,7.0,1538.22,A,100.0,68.9,76.6,70.7,58.0,59.9,1.07,3.0,0,2.3594,9.1438,-0.509,1.8115,1.1016,10.3445,18.0,-0.0,-0.0,-0.0,-0.0,0.0,75.0,75.0,0.1434,0.0912,0.0745,0.1575,86,continuous_power,False,1,75.0,2,0.0,,0.0,0.0,0.0,75.0,33.9,31.1,0|0|0|0|0
2024-01-04,NTPC.NS,A_breakout_40d,317.1,269.536,217.1498,313.9,40057506,18711896.25,322.9,319.671,326.129,7.0,300.297,A,100.0,58.2,82.8,70.2,58.0,59.9,2.57,3.0,0,1.0194,17.6466,1.5349,1.4048,2.2143,10.75,18.0,-0.0,-0.0,-0.0,-0.0,0.0,73.6,73.6,0.1314,0.0904,0.0745,0.1411,87,continuous_power,False,1,73.6,2,0.0,,0.0,0.0,0.0,73.6,33.9,31.1,0|0|0|0|0
2024-01-04,ONGC.NS,A_breakout_40d,214.65,196.53,175.2692,208.3,31054419,17612165.75,215.45,213.2955,217.6045,7.0,200.3685,A,100.0,74.4,75.3,69.9,58.0,59.9,1.11,3.0,0,3.0485,9.22,1.0804,1.1356,1.335,12.2326,18.0,-0.0,-0.0,-0.0,-0.0,0.0,75.9,75.9,0.1477,0.1154,0.0745,0.1575,85,continuous_power,False,1,75.9,2,0.0,,0.0,0.0,0.0,75.9,34.9,31.1,0|0|0|0|0
2024-01-05,GODREJCP.NS,A_breakout_40d,1219.85,1038.249,1016.4762,1202.0,2079251,1267273.95,1184.2,1172.358,1196.042,7.0,1101.306,A,60.7,61.9,72.8,87.7,58.0,59.9,1.85,3.0,0,1.485,17.4911,0.0,1.826,1.2318,18.0683,18.0,-0.0,-0.0,-0.0,-0.0,0.0,65.7,65.7,0.1289,0.0788,0.0602,0.1353,87,continuous_power,False,1,65.7,2,0.0,,0.0,0.0,0.0,65.7,13.6,13.8,0|0|0|0|0
2024-01-05,INDUSTOWER.NS,A_breakout_40d,222.15,188.618,170.4415,216.45,40926196,15695139.25,222.55,220.3245,224.7755,7.0,206.9715,A,100.0,71.1,92.2,74.4,58.0,59.9,1.29,3.0,1,2.6334,17.7777,0.7161,1.3155,1.3209,23.4382,18.0,-0.0,-0.0,-0.0,-0.0,0.0,77.5,77.5,0.1314,0.0912,0.0745,0.1411,87,continuous_power,False,1,77.5,2,0.0,,0.0,0.0,0.0,77.5,43.8,31.2,0|0|0|0|0
2024-01-05,TATAPOWER.NS,A_breakout_40d,340.75,288.107,241.414,338.15,37557423,23639588.05,344.0,340.56,347.44,7.0,319.92,A,100.0,56.2,71.8,69.5,58.0,59.9,2.99,3.0,0,0.7689,18.272,0.444,1.2195,0.9076,10.1457,18.0,-0.0,-0.0,-0.0,-0.0,0.0,71.8,71.8,0.1329,0.0912,0.0745,0.1411,87,continuous_power,False,1,71.8,2,0.0,,0.0,0.0,0.0,71.8,36.9,31.1,0|0|0|0|0
2024-01-09,ADANIPORTS.NS,A_breakout_40d,1197.1,934.579,793.467,1168.85,14701104,8138544.2,1220.0,1207.8,1232.2,7.0,1134.6,A,100.0,69.3,76.1,82.0,58.0,59.9,4.1,3.0,0,2.4169,28.0898,1.125,1.3068,1.7806,23.5459,18.0,-0.0,-0.0,-0.0,-0.0,0.0,75.3,75.3,0.1477,0.0912,0.0745,0.1669,85,continuous_power,False,1,75.3,2,0.0,,0.0,0.0,0.0,75.3,32.4,31.1,0|0|0|0|0
2024-01-09,BAJAJ-AUTO.NS,A_breakout_40d,7093.8999,6062.56,5010.9908,6986.5,2125908,603366.75,7125.0,7053.75,7196.25,7.0,6626.25,A,100.0,62.3,100.0,76.0,58.0,59.9,2.7,3.0,1,1.5372,17.0116,5.1139,1.7572,6.2769,13.8296,18.0,-0.0,-0.0,-0.0,-0.0,0.0,76.9,76.9,0.1289,0.0815,0.0787,0.1353,87,continuous_power,False,1,76.9,2,0.0,,0.0,0.0,0.0,76.9,26.4,31.1,0|0|0|0|0
2024-01-09,DLF.NS,A_breakout_40d,789.6,656.149,523.0537,761.4,9348457,4401336.8,790.45,782.5455,798.3545,7.0,735.1185,A,100.0,79.6,82.5,78.2,58.0,59.9,3.41,3.0,1,3.7037,20.3385,1.6726,1.416,2.8713,20.2591,18.0,-0.0,-0.0,-0.0,-0.0,0.0,78.1,78.1,0.1477,0.1154,0.0745,0.1644,85,continuous_power,False,1,78.1,2,0.0,,0.0,0.0,0.0,78.1,29.4,31.1,0|0|0|0|0
2024-01-09,SIEMENS.NS,A_breakout_40d,2461.5237,2195.5066,2146.5585,2429.7375,1113636,678300.55,2460.0854,2435.4846,2484.6863,7.0,2287.8795,A,61.4,60.5,72.8,68.9,58.0,59.9,1.8,3.0,0,1.3082,12.1164,0.3823,1.7448,1.4155,9.8572,18.0,-0.0,-0.0,-0.0,-0.0,0.0,65.0,65.0,0.1289,0.0815,0.0745,0.1353,87,continuous_power,False,1,65.0,2,0.0,,0.0,0.0,0.0,65.0,36.9,31.1,0|0|0|0|0
2024-01-10,CIPLA.NS,A_breakout_40d,1329.2,1232.64,1104.6053,1300.15,3625567,1807503.5,1339.85,1326.4515,1353.2485,7.0,1246.0605,A,100.0,67.9,80.1,69.0,58.0,59.9,1.0,3.0,0,2.2344,7.8336,0.5158,1.4754,1.6654,10.2351,18.0,-0.0,-0.0,-0.0,-0.0,0.0,75.2,75.2,0.1314,0.0912,0.0745,0.1411,87,continuous_power,False,1,75.2,2,0.0,,0.0,0.0,0.0,75.2,34.9,31.1,0|0|0|0|0
2024-01-10,TRENT.NS,A_breakout_40d,3173.6001,2753.111,1985.477,3115.45,951897,547768.9,3190.0,3158.1,3221.9,7.0,2966.7,A,100.0,64.9,74.8,78.4,58.0,59.9,4.0,3.0,0,1.8665,15.2732,0.3547,1.1388,1.2011,12.0657,18.0,-0.0,-0.0,-0.0,-0.0,0.0,74.2,74.2,0.1477,0.0912,0.0745,0.1644,85,continuous_power,False,1,74.2,2,0.0,,0.0,0.0,0.0,74.2,16.1,13.8,0|0|0|0|0
2024-01-11,BAJAJ-AUTO.NS,A_breakout_40d,7298.8501,6135.963,5044.6568,7093.8999,1031594,631773.6,7360.0,7286.4,7433.6,7.0,6844.8,A,100.0,73.1,72.7,78.2,58.0,59.9,2.92,3.0,1,2.8891,18.952,0.5139,1.2877,1.1085,17.4078,18.0,-0.0,-0.0,-0.0,-0.0,0.0,75.5,75.5,0.1477,0.0912,0.0745,0.1669,85,continuous_power,False,1,75.5,2,0.0,,0.0,0.0,0.0,75.5,32.4,31.1,0|0|0|0|0
2024-01-11,HEROMOTOCO.NS,A_breakout_40d,4342.2002,3671.706,3063.2492,4173.25,2133475,800361.5,4242.6499,4200.2234,4285.0764,7.0,3945.6644,A,100.0,82.4,93.3,75.6,58.0,59.9,2.78,3.0,0,4.0484,18.2611,0.8929,2.1056,1.9985,20.6751,18.0,-0.0,-0.0,-0.0,-0.0,0.0,80.0,80.0,0.1314,0.1154,0.0787,0.1411,87,continuous_power,False,1,80.0,2,0.0,,0.0,0.0,0.0,80.0,43.8,31.2,0|0|0|0|0
2024-01-11,RELIANCE.NS,A_breakout_40d,1359.9,1228.349,1187.7023,1325.05,23725852,11897683.8,1359.9,1346.301,1373.499,7.0,1264.707,A,67.1,71.0,79.9,76.7,58.0,59.9,1.5,3.0,0,2.6301,10.7096,0.3358,1.6217,1.7075,12.6124,18.0,-0.0,-0.0,-0.0,-0.0,0.0,69.4,69.4,0.1289,0.0815,0.0745,0.1353,87,continuous_power,False,1,69.4,2,0.0,,0.0,0.0,0.0,69.4,34.9,31.1,0|0|0|0|0
2024-01-11,SHRIRAMFIN.NS,A_breakout_40d,455.95,406.5764,348.1573,439.27,14663945,7047330.75,458.56,453.9744,463.1456,7.0,426.4608,A,100.0,80.4,81.6,71.1,58.0,59.9,1.65,3.0,0,3.7972,12.1437,3.1605,1.567,4.1467,16.0613,18.0,-0.0,-0.0,-0.0,-0.0,0.0,77.9,77.9,0.1434,0.1154,0.0745,0.1575,86,continuous_power,False,1,77.9,2,0.0,,0.0,0.0,0.0,77.9,25.9,31.1,0|0|0|0|0
2024-01-11,TATAPOWER.NS,A_breakout_40d,357.3,296.798,244.258,346.45,33499272,19358661.9,361.65,358.0335,365.2665,7.0,336.3345,A,100.0,75.1,74.6,76.0,58.0,59.9,3.75,3.0,1,3.1318,20.3849,0.8659,1.3181,1.5955,17.3328,18.0,-0.0,-0.0,-0.0,-0.0,0.0,76.1,76.1,0.1477,0.1084,0.0745,0.1669,85,continuous_power,False,1,76.1,2,0.0,,0.0,0.0,0.0,76.1,32.4,31.1,0|0|0|0|0
2024-01-12,HCLTECH.NS,A_breakout_40d,1540.8,1375.949,1211.938,1504.3,5862043,2793016.7,1610.0,1593.9,1626.1,7.0,1497.3,A,100.0,69.4,82.0,69.8,58.0,59.9,1.71,3.0,0,2.4264,11.9809,1.3604,1.8402,2.5712,13.3855,18.0,-0.0,-0.0,-0.0,-0.0,0.0,75.8,75.8,0.1314,0.0912,0.0745,0.1411,87,continuous_power,False,1,75.8,2,0.0,,0.0,0.0,0.0,75.8,36.9,31.1,0|0|0|0|0
2024-01-12,INFY.NS,A_breakout_40d,1612.75,1477.389,1394.1595,1578.4,26754401,7581904.45,1644.95,1628.5005,1661.3995,7.0,1529.8035,A,79.8,67.4,100.0,64.3,58.0,59.9,1.13,3.0,0,2.1763,9.1622,4.5375,1.7257,5.6747,11.4154,18.0,-0.0,-0.0,-0.0,-0.0,0.0,73.5,73.5,0.1289,0.0815,0.0815,0.1353,87,continuous_power,False,1,73.5,2,0.0,,0.0,0.0,0.0,73.5,39.8,31.2,0|0|0|0|0
2024-01-12,ONGC.NS,A_breakout_40d,223.4,200.302,177.186,217.95,39228118,19937329.45,228.5,226.215,230.785,7.0,212.505,A,100.0,70.0,79.4,71.2,58.0,59.9,1.59,3.0,0,2.5006,11.5316,0.9205,2.2342,2.7818,12.451,18.0,-0.0,-0.0,-0.0,-0.0,0.0,75.6,75.6,0.1329,0.0912,0.0745,0.1575,87,continuous_power,False,1,75.6,2,0.0,,0.0,0.0,0.0,75.6,34.9,31.1,0|0|0|0|0
2024-01-12,TATACONSUM.NS,A_breakout_40d,1159.0,981.064,863.458,1125.55,6018282,2184342.85,1190.0,1178.1,1201.9,7.0,1106.7,A,100.0,73.8,95.1,81.8,58.0,59.9,2.41,3.0,0,2.9719,18.137,0.5539,1.6014,1.347,17.044,18.0,-0.0,-0.0,-0.0,-0.0,0.0,78.7,78.7,0.1314,0.0912,0.0745,0.1411,87,continuous_power,False,1,78.7,2,0.0,,0.0,0.0,0.0,78.7,32.4,31.1,0|0|0|0|0
2024-01-12,TCS.NS,A_breakout_40d,3882.8,3601.666,3413.2702,3861.0,6813450,2363386.4,3960.0,3920.4,3999.6,7.0,3682.8,A,77.6,54.5,97.7,65.3,58.0,59.9,1.05,3.0,0,0.5646,7.8057,3.0103,1.2155,3.4691,7.9263,18.0,-0.0,-0.0,-0.0,-0.0,0.0,70.2,70.2,0.1289,0.0815,0.0815,0.1353,87,continuous_power,False,1,70.2,2,0.0,,0.0,0.0,0.0,70.2,45.8,31.2,0|0|0|0|0
2024-01-12,TECHM.NS,A_breakout_40d,1308.05,1221.956,1165.8157,1306.1,5023455,2268818.5,1335.0,1321.65,1348.35,7.0,1241.55,A,74.1,51.2,84.3,63.8,58.0,59.9,1.03,3.0,0,0.1493,7.0456,1.7929,1.5529,2.3457,8.0107,18.0,-0.0,-0.0,-0.0,-0.0,0.0,67.0,67.0,0.1289,0.0815,0.0745,0.1353,87,continuous_power,False,1,67.0,2,0.0,,0.0,0.0,0.0,67.0,47.3,31.2,0|0|0|0|0
2024-01-15,HCLTECH.NS,A_breakout_40d,1588.2,1382.534,1214.4717,1540.8,9712071,2909905.75,1587.0,1571.13,1602.87,7.0,1475.91,A,100.0,74.6,100.0,74.5,58.0,59.9,1.87,3.0,1,3.0763,14.876,4.4912,1.2771,6.3087,17.5874,18.0,-0.0,-0.0,-0.0,-0.0,0.0,79.3,79.3,0.1314,0.0912,0.0815,0.1411,87,continuous_power,False,1,79.3,2,0.0,,0.0,0.0,0.0,79.3,24.4,31.1,0|0|0|0|0
2024-01-15,INFY.NS,A_breakout_40d,1652.1,1483.348,1395.4738,1612.75,13228305,7323550.25,1644.8,1628.352,1661.248,7.0,1529.664,A,81.5,69.5,76.1,68.2,58.0,59.9,1.32,3.0,1,2.4399,11.3764,1.9966,0.7792,5.6809,15.9937,18.0,-0.0,-0.0,-0.0,-0.0,0.0,71.3,71.3,0.1289,0.0815,0.0745,0.1353,87,continuous_power,False,1,71.3,2,0.0,,0.0,0.0,0.0,71.3,41.8,31.2,0|0|0|0|0
2024-01-15,ONGC.NS,A_breakout_40d,233.5,201.238,177.5957,223.4,57884916,21688376.2,234.95,232.6005,237.2995,7.0,218.5035,A,100.0,86.2,93.4,77.3,58.0,59.9,1.72,3.0,1,4.521,16.0318,2.2829,1.7809,4.5721,22.3284,18.0,-0.0,-0.0,-0.0,-0.0,0.0,80.8,80.8,0.1329,0.1154,0.0745,0.1575,87,continuous_power,False,1,80.8,2,0.0,,0.0,0.0,0.0,80.8,27.9,31.1,0|0|0|0|0
2024-01-15,TECHM.NS,A_breakout_40d,1337.65,1226.207,1167.006,1308.05,6012767,2274437.8,1330.1,1316.799,1343.401,7.0,1236.993,A,75.4,68.1,92.9,68.3,58.0,59.9,1.24,3.0,1,2.2629,9.0884,2.0603,2.0207,4.723,13.946,18.0,-0.0,-0.0,-0.0,-0.0,0.0,71.9,71.9,0.1289,0.0815,0.0815,0.1353,87,continuous_power,False,1,71.9,2,0.0,,0.0,0.0,0.0,71.9,43.8,31.2,0|0|0|0|0
2024-01-15,WIPRO.NS,A_breakout_40d,247.3,212.5005,202.2228,238.575,127844264,26217465.5,247.5,245.025,249.975,7.0,230.175,A,75.4,79.3,100.0,72.1,58.0,59.9,1.95,3.0,0,3.6571,16.3762,9.9903,2.5651,12.6738,19.8282,18.0,-0.0,-0.0,-0.0,-0.0,0.0,75.2,75.2,0.1289,0.0815,0.0815,0.1353,87,continuous_power,False,1,75.2,2,0.0,,0.0,0.0,0.0,75.2,24.4,31.1,0|0|0|0|0
2024-01-16,IOC.NS,A_breakout_40d,143.6,117.835,96.536,137.65,54350562,25200593.7,143.0,141.57,144.43,7.0,132.99,A,100.0,84.6,83.1,77.7,58.0,59.9,4.03,3.0,0,4.3226,21.8653,0.4359,1.7295,1.7604,22.5498,18.0,-0.0,-0.0,-0.0,-0.0,0.0,79.2,79.2,0.1477,0.1154,0.0745,0.1669,85,continuous_power,False,1,79.2,2,0.0,,0.0,0.0,0.0,79.2,32.4,31.1,0|0|0|0|0
2024-01-16,TITAN.NS,A_breakout_40d,3820.3,3537.406,3104.0897,3758.8501,1170685,705458.25,3818.95,3780.7605,3857.1395,7.0,3551.6235,A,100.0,63.1,73.2,75.0,58.0,59.9,1.68,3.0,0,1.6348,7.9972,0.0,1.7156,0.9786,8.5493,18.0,-0.0,-0.0,-0.0,-0.0,0.0,73.5,73.5,0.1477,0.0912,0.0745,0.1575,85,continuous_power,False,1,73.5,2,0.0,,0.0,0.0,0.0,73.5,16.1,13.8,0|0|0|0|0
2024-01-17,IOC.NS,A_breakout_40d,144.1,118.799,96.8645,143.6,43031636,26248439.35,143.8,142.362,145.238,7.0,133.734,A,100.0,52.8,72.8,78.1,58.0,59.9,4.07,3.0,1,0.3482,21.2973,-0.4178,1.0395,0.8553,17.9556,18.0,-0.0,-0.0,-0.0,-0.0,0.0,71.5,71.5,0.1477,0.0815,0.0745,0.1575,85,continuous_power,False,1,71.5,2,0.0,,0.0,0.0,0.0,71.5,32.4,31.1,0|0|0|0|0
2024-01-18,APOLLOHOSP.NS,A_breakout_40d,5990.8501,5566.012,5043.76,5925.8999,591170,294667.85,5987.0,5927.13,6046.87,7.0,5567.91,A,100.0,58.8,80.1,69.5,58.0,59.9,1.71,3.0,0,1.096,7.6327,0.5586,1.5163,1.2575,7.0008,18.0,-0.0,-0.0,-0.0,-0.0,0.0,73.4,73.4,0.1314,0.0912,0.0745,0.1411,87,continuous_power,False,1,73.4,2,0.0,,0.0,0.0,0.0,73.4,40.9,31.1,0|0|0|0|0
2024-01-18,TECHM.NS,A_breakout_40d,1355.15,1238.438,1170.4955,1337.65,4533782,2348431.5,1373.9,1360.161,1387.639,7.0,1277.727,A,79.0,60.5,78.6,68.6,58.0,59.9,1.64,3.0,2,1.3083,9.4241,-0.0038,1.7029,0.7029,10.452,18.0,-0.0,-0.0,-0.0,-0.0,0.0,69.3,69.3,0.1289,0.0815,0.0745,0.1353,87,continuous_power,False,1,69.3,2,0.0,,0.0,0.0,0.0,69.3,34.9,31.1,0|0|0|0|0
2024-01-19,BHARTIARTL.NS,A_breakout_40d,1125.0,1010.271,897.385,1102.4,11753391,4538127.25,1145.0,1133.55,1156.45,7.0,1064.85,A,100.0,66.4,91.8,76.6,58.0,59.9,1.71,3.0,0,2.0501,11.3563,0.3634,1.9541,1.3175,11.8996,18.0,-0.0,-0.0,-0.0,-0.0,0.0,76.6,76.6,0.1314,0.0912,0.0745,0.1411,87,continuous_power,False,1,76.6,2,0.0,,0.0,0.0,0.0,76.6,34.9,31.1,0|0|0|0|0
2024-01-19,TECHM.NS,A_breakout_40d,1389.9,1243.256,1172.0935,1355.15,4463826,2404746.15,1396.5,1382.535,1410.465,7.0,1298.745,A,80.4,70.5,77.1,72.9,58.0,59.9,1.74,3.0,2,2.5643,11.7952,1.3836,1.1397,2.0154,14.9239,18.0,-0.0,-0.0,-0.0,-0.0,0.0,71.5,71.5,0.1289,0.0815,0.0745,0.1353,87,continuous_power,False,1,71.5,2,0.0,,0.0,0.0,0.0,71.5,34.9,31.1,0|0|0|0|0
2024-01-23,APOLLOHOSP.NS,A_breakout_40d,6153.75,5606.024,5061.519,6094.6499,982889,324750.4,6153.5498,6092.0143,6215.0853,7.0,5722.8013,A,100.0,57.8,100.0,75.4,58.0,59.9,1.67,3.0,1,0.9697,9.7703,5.4696,1.9646,6.6192,10.1201,18.0,-0.0,-0.0,-0.0,-0.0,0.0,75.9,75.9,0.1289,0.0815,0.0787,0.1353,87,continuous_power,False,1,75.9,2,0.0,,0.0,0.0,0.0,75.9,26.4,31.1,0|0|0|0|0
2024-01-23,BHARTIARTL.NS,A_breakout_40d,1158.0,1014.696,899.457,1125.0,18194595,5217601.0,1140.1,1128.699,1151.501,7.0,1060.293,A,100.0,73.5,100.0,80.9,58.0,59.9,1.77,3.0,1,2.9333,14.1229,1.7778,1.426,3.126,16.9224,18.0,-0.0,-0.0,-0.0,-0.0,0.0,79.2,79.2,0.1314,0.0912,0.0745,0.1411,87,continuous_power,False,1,79.2,2,0.0,,0.0,0.0,0.0,79.2,29.4,31.1,0|0|0|0|0
2024-01-23,CIPLA.NS,A_breakout_40d,1409.0,1251.279,1122.594,1329.2,7556815,1910900.5,1409.0,1394.91,1423.09,7.0,1310.37,A,100.0,98.0,100.0,75.2,58.0,59.9,0.94,3.0,0,6.0036,12.6048,4.2961,1.7251,5.4445,20.8874,18.0,-0.0,-0.0,-0.0,-0.0,0.0,84.0,84.0,0.1314,0.1154,0.0815,0.1575,87,continuous_power,False,1,84.0,2,0.0,,0.0,0.0,0.0,84.0,24.4,31.1,0|0|0|0|0
2024-01-23,HEROMOTOCO.NS,A_breakout_40d,4444.2002,3851.655,3135.7925,4399.75,1399043,815771.25,4429.0,4384.71,4473.29,7.0,4118.97,A,100.0,58.1,74.3,77.5,58.0,59.9,3.45,3.0,0,1.0103,15.3842,0.0432,1.3863,0.4454,10.333,18.0,-0.0,-0.0,-0.0,-0.0,0.0,72.7,72.7,0.1477,0.0815,0.0745,0.1575,85,continuous_power,False,1,72.7,2,0.0,,0.0,0.0,0.0,72.7,16.1,13.8,0|0|0|0|0
2024-01-23,MAXHEALTH.NS,A_breakout_40d,776.05,672.183,583.2775,743.0,4986823,1832543.35,767.05,759.3795,774.7205,7.0,713.3565,A,100.0,85.6,94.4,66.3,58.0,59.9,2.19,3.0,0,4.4482,15.4522,3.4436,1.716,5.1625,18.7675,18.0,-0.0,-0.0,-0.0,-0.0,0.0,80.5,80.5,0.1314,0.1154,0.0835,0.1411,87,continuous_power,False,1,80.5,2,0.0,,0.0,0.0,0.0,80.5,37.3,31.2,0|0|0|0|0
2024-01-23,SUNPHARMA.NS,A_breakout_40d,1378.3,1251.341,1111.052,1335.75,4129729,2002754.5,1380.0,1366.2,1393.8,7.0,1283.4,A,100.0,75.5,81.2,75.2,58.0,59.9,1.44,3.0,0,3.1855,10.1458,-1.4675,2.7718,1.9945,13.3216,18.0,-0.0,-0.0,-0.0,-0.0,0.0,77.0,77.0,0.1477,0.1084,0.0745,0.1575,85,continuous_power,False,1,77.0,2,0.0,,0.0,0.0,0.0,77.0,30.4,31.1,0|0|0|0|0
2024-01-24,BHARTIARTL.NS,A_breakout_40d,1189.95,1019.848,901.6618,1158.0,9546592,5571898.45,1186.0,1174.14,1197.86,7.0,1102.98,A,100.0,72.1,74.3,84.0,58.0,59.9,1.94,3.0,2,2.7591,16.6791,-1.5458,1.8545,2.3972,20.8519,18.0,-0.0,-0.0,-0.0,-0.0,0.0,75.7,75.7,0.1678,0.0912,0.0745,0.1669,83,continuous_power,False,1,75.7,2,0.0,,0.0,0.0,0.0,75.7,9.1,13.8,0|0|0|0|0
2024-01-24,INDUSTOWER.NS,A_breakout_40d,229.95,197.575,174.5207,222.15,45883653,18996484.45,232.25,229.9275,234.5725,7.0,215.9925,A,100.0,78.1,88.3,68.3,58.0,59.9,1.73,3.0,0,3.5111,16.3862,3.5928,1.8182,4.4882,17.8667,18.0,-0.0,-0.0,-0.0,-0.0,0.0,78.3,78.3,0.1314,0.1154,0.0815,0.1411,87,continuous_power,False,1,78.3,2,0.0,,0.0,0.0,0.0,78.3,35.8,31.2,0|0|0|0|0
2024-01-24,POWERGRID.NS,A_breakout_40d,246.2,228.053,197.6554,242.35,28309825,16332214.65,244.75,242.3025,247.1975,7.0,227.6175,A,100.0,62.7,74.7,64.5,58.0,59.9,1.38,3.0,0,1.5886,7.9574,-0.7565,1.9615,3.2565,8.9391,18.0,-0.0,-0.0,-0.0,-0.0,0.0,73.3,73.3,0.1314,0.0912,0.0745,0.1411,87,continuous_power,False,1,73.3,2,0.0,,0.0,0.0,0.0,73.3,45.3,31.2,0|0|0|0|0
2024-01-25,AMBUJACEM.NS,A_breakout_40d,560.15,495.144,444.9273,549.45,8019238,3966309.75,570.9,565.191,576.609,7.0,530.937,A,100.0,65.6,80.4,66.4,58.0,59.9,2.38,3.0,0,1.9474,13.1287,0.4835,2.2249,1.7166,12.9233,18.0,-0.0,-0.0,-0.0,-0.0,0.0,74.7,74.7,0.1314,0.0912,0.0787,0.1411,87,continuous_power,False,1,74.7,2,0.0,,0.0,0.0,0.0,74.7,48.3,31.2,0|0|0|0|0
2024-01-25,BAJAJ-AUTO.NS,A_breakout_40d,7597.5,6472.164,5196.2205,7301.9502,2065788,689595.85,7594.0,7518.06,7669.94,7.0,7062.42,A,100.0,82.4,99.9,76.0,58.0,59.9,2.89,3.0,0,4.0475,17.3873,2.0401,2.2319,3.4499,18.1642,18.0,-0.0,-0.0,-0.0,-0.0,0.0,80.9,80.9,0.1314,0.1154,0.0815,0.1411,87,continuous_power,False,1,80.9,2,0.0,,0.0,0.0,0.0,80.9,27.9,31.1,0|0|0|0|0
2024-01-29,AMBUJACEM.NS,A_breakout_40d,574.1,498.238,445.898,560.15,7828638,4260456.95,574.2,568.458,579.942,7.0,534.006,A,100.0,69.9,76.8,70.0,58.0,59.9,2.58,3.0,1,2.4904,15.2261,1.9191,0.9061,3.1149,18.0603,18.0,-0.0,-0.0,-0.0,-0.0,0.0,75.2,75.2,0.1434,0.1084,0.0745,0.1575,86,continuous_power,False,1,75.2,2,0.0,,0.0,0.0,0.0,75.2,39.3,31.2,0|0|0|0|0
2024-01-29,APOLLOHOSP.NS,A_breakout_40d,6329.75,5664.328,5091.3477,6213.3501,554591,335176.7,6331.0,6267.69,6394.31,7.0,5887.83,A,100.0,65.0,73.1,77.8,58.0,59.9,1.77,3.0,1,1.8734,11.7476,0.4896,1.0732,0.5628,12.4096,18.0,-0.0,-0.0,-0.0,-0.0,0.0,74.0,74.0,0.1477,0.0912,0.0745,0.1644,85,continuous_power,False,1,74.0,2,0.0,,0.0,0.0,0.0,74.0,16.1,13.8,0|0|0|0|0
2024-01-29,BPCL.NS,A_breakout_40d,246.325,223.9875,191.1437,240.475,27869484,16945805.7,248.425,245.9408,250.9093,7.0,231.0353,A,100.0,69.5,72.9,66.6,58.0,59.9,2.17,3.0,0,2.4327,9.9727,-0.0843,2.0741,1.2651,13.0694,18.0,-0.0,-0.0,-0.0,-0.0,0.0,74.5,74.5,0.1434,0.1154,0.0745,0.1575,86,continuous_power,False,1,74.5,2,0.0,,0.0,0.0,0.0,74.5,46.3,31.2,0|0|0|0|0
2024-01-29,COALINDIA.NS,A_breakout_40d,412.8,363.719,280.538,392.65,27149058,13141989.3,415.75,411.5925,419.9075,7.0,386.6475,A,100.0,91.1,81.3,71.3,58.0,59.9,1.76,3.0,0,5.1318,13.4942,0.8988,1.9356,2.6029,20.6283,18.0,-0.0,-0.0,-0.0,-0.0,0.0,80.0,80.0,0.1477,0.1154,0.0787,0.1644,85,continuous_power,False,1,80.0,2,0.0,,0.0,0.0,0.0,80.0,43.8,31.2,0|0|0|0|0
2024-01-29,ONGC.NS,A_breakout_40d,252.5,208.26,181.0305,242.05,54127939,23617279.1,256.5,253.935,259.065,7.0,238.545,A,100.0,84.5,85.8,74.0,58.0,59.9,2.16,3.0,0,4.3173,21.2427,2.9694,1.7295,3.8931,24.9912,18.0,-0.0,-0.0,-0.0,-0.0,0.0,79.4,79.4,0.1434,0.1154,0.0745,0.1575,86,continuous_power,False,1,79.4,2,0.0,,0.0,0.0,0.0,79.4,39.3,31.2,0|0|0|0|0
2024-01-29,POWERGRID.NS,A_breakout_40d,253.95,229.573,198.4643,246.2,26181011,16204028.35,254.0,251.46,256.54,7.0,236.22,A,100.0,75.2,72.3,70.6,58.0,59.9,1.51,3.0,1,3.1478,10.6184,-0.0204,1.5434,0.5434,14.9081,18.0,-0.0,-0.0,-0.0,-0.0,0.0,75.7,75.7,0.1477,0.1154,0.0745,0.1644,85,continuous_power,False,1,75.7,2,0.0,,0.0,0.0,0.0,75.7,36.9,31.1,0|0|0|0|0
2024-01-29,RELIANCE.NS,A_breakout_40d,1448.05,1270.91,1203.8583,1394.125,23893438,12015756.3,1459.95,1445.3505,1474.5495,7.0,1357.7535,A,77.8,80.9,79.8,74.1,58.0,59.9,1.67,3.0,0,3.868,13.938,0.8444,2.6889,2.5554,18.48,18.0,-0.0,-0.0,-0.0,-0.0,0.0,73.5,73.5,0.1289,0.0815,0.0745,0.1353,87,continuous_power,False,1,73.5,2,0.0,,0.0,0.0,0.0,73.5,32.4,31.1,0|0|0|0|0
2024-01-29,SHRIRAMFIN.NS,A_breakout_40d,481.8,420.442,358.6736,461.94,17895075,6896783.0,481.8,476.982,486.618,7.0,448.074,A,100.0,84.4,91.9,73.8,58.0,59.9,1.71,3.0,0,4.2993,14.5937,5.4114,1.9205,6.7986,18.0806,18.0,-0.0,-0.0,-0.0,-0.0,0.0,80.2,80.2,0.1314,0.1154,0.0815,0.1411,87,continuous_power,False,1,80.2,2,0.0,,0.0,0.0,0.0,80.2,24.4,31.1,0|0|0|0|0
2024-01-29,SIEMENS.NS,A_breakout_40d,2527.3557,2303.9789,2176.0982,2468.5676,784343,405571.65,2535.2507,2509.8982,2560.6032,7.0,2357.7832,A,79.4,69.1,78.7,67.4,58.0,59.9,2.05,3.0,0,2.3815,9.6953,-0.0333,1.1195,0.3687,12.068,18.0,-0.0,-0.0,-0.0,-0.0,0.0,71.1,71.1,0.1289,0.0815,0.0745,0.1353,87,continuous_power,False,1,71.1,2,0.0,,0.0,0.0,0.0,71.1,48.3,31.2,0|0|0|0|0
2024-01-29,SUNPHARMA.NS,A_breakout_40d,1400.85,1263.699,1117.0118,1382.1,3413149,2060693.9,1401.9,1387.881,1415.919,7.0,1303.767,A,100.0,60.9,73.1,74.8,58.0,59.9,1.58,3.0,1,1.3566,10.8531,-0.2412,2.007,1.3435,10.0817,18.0,-0.0,-0.0,-0.0,-0.0,0.0,73.0,73.0,0.1477,0.0912,0.0745,0.1575,85,continuous_power,False,1,73.0,2,0.0,,0.0,0.0,0.0,73.0,16.1,13.8,0|0|0|0|0
2024-01-29,TATAPOWER.NS,A_breakout_40d,381.9,318.535,252.4192,365.1,34448280,19836060.6,386.1,382.239,389.961,7.0,359.073,A,100.0,86.8,74.7,77.2,58.0,59.9,3.49,3.0,0,4.6015,19.8926,1.1915,1.7839,2.3676,23.8384,18.0,-0.0,-0.0,-0.0,-0.0,0.0,78.5,78.5,0.1678,0.1154,0.0745,0.1868,83,continuous_power,False,1,78.5,2,0.0,,0.0,0.0,0.0,78.5,32.4,31.1,0|0|0|0|0
2024-01-30,BPCL.NS,A_breakout_40d,252.1,225.104,191.5742,246.325,44271876,18304977.5,252.975,250.4453,255.5048,7.0,235.2668,A,100.0,68.8,88.4,70.2,58.0,59.9,2.18,3.0,1,2.3445,11.9927,0.8525,1.5143,2.1187,14.5626,18.0,-0.0,-0.0,-0.0,-0.0,0.0,79.5,79.5,0.1329,0.1084,0.0745,0.1575,87,continuous_power,False,1,79.5,2,0.0,,0.0,0.0,0.0,79.5,46.3,31.2,0|0|0|0|0
2024-01-30,SHRIRAMFIN.NS,A_breakout_40d,490.59,422.1108,359.8227,481.8,14238795,7344172.25,490.0,485.1,494.9,7.0,455.7,A,100.0,64.6,78.8,76.2,58.0,59.9,1.81,3.0,1,1.8244,16.223,0.0,1.1722,4.6046,17.0144,18.0,-0.0,-0.0,-0.0,-0.0,0.0,77.6,77.6,0.1477,0.0912,0.0745,0.1669,85,continuous_power,False,1,77.6,2,0.0,,0.0,0.0,0.0,77.6,32.4,31.1,0|0|0|0|0
2024-01-31,DRREDDY.NS,A_breakout_40d,1224.23,1144.4456,1071.7073,1186.38,7857425,2232019.25,1217.89,1205.7111,1230.0689,7.0,1132.6377,A,83.9,75.5,100.0,69.8,58.0,59.9,0.81,3.0,0,3.1904,6.9714,-0.2722,2.3434,2.0052,12.6338,18.0,-0.0,-0.0,-0.0,-0.0,0.0,88.1,88.1,0.1477,0.0912,0.0745,0.1644,85,continuous_power,False,1,88.1,2,0.0,,0.0,0.0,0.0,88.1,48.3,31.2,0|0|0|0|0
2024-01-31,MAXHEALTH.NS,A_breakout_40d,780.8,686.552,591.017,776.05,4981773,2745410.65,780.0,772.2,787.8,7.0,725.4,A,100.0,54.9,76.3,63.4,58.0,59.9,2.14,3.0,0,0.6121,13.7277,-0.3191,1.9977,1.4659,12.2065,18.0,-0.0,-0.0,-0.0,-0.0,0.0,82.7,82.7,0.1987,0.1154,0.0745,0.2037,80,continuous_power,False,1,82.7,2,0.0,,0.0,0.0,0.0,82.7,46.3,31.2,0|0|0|0|0
2024-01-31,POWERGRID.NS,A_breakout_40d,259.3,231.494,199.3276,254.1,34369455,17793130.7,259.0,256.41,261.59,7.0,240.87,A,100.0,66.4,78.6,74.3,58.0,59.9,1.83,3.0,1,2.0464,12.0115,-0.0394,1.1271,0.1409,14.6044,18.0,-0.0,-0.0,-0.0,-0.0,0.0,83.9,83.9,0.206,0.1154,0.0682,0.2725,79,continuous_power,False,1,83.9,2,0.0,,0.0,0.0,0.0,83.9,34.9,31.1,0|0|0|0|0
2024-01-31,SUNPHARMA.NS,A_breakout_40d,1418.45,1272.094,1120.8593,1400.85,5796356,2318597.7,1427.0,1412.73,1441.27,7.0,1327.11,A,100.0,60.1,90.0,71.3,58.0,59.9,1.66,3.0,1,1.2564,11.5051,-0.0036,1.8976,1.0554,10.7473,18.0,-0.0,-0.0,-0.0,-0.0,0.0,87.0,87.0,0.1987,0.1084,0.0745,0.2111,80,continuous_power,False,1,87.0,2,0.0,,0.0,0.0,0.0,87.0,46.3,31.2,0|0|0|0|0
2024-02-01,GODREJCP.NS,A_breakout_40d,1254.55,1093.21,1033.3695,1219.85,8781324,2201040.95,1257.0,1244.43,1269.57,7.0,1169.01,A,79.0,72.8,100.0,71.5,58.0,59.9,1.84,3.0,0,2.8446,14.7584,4.1101,2.6047,5.906,17.4526,18.0,-0.0,-0.0,-0.0,-0.0,0.0,97.0,97.0,0.2294,0.0912,0.052,0.2943,77,continuous_power,False,1,97.0,2,0.0,,0.0,0.0,0.0,97.0,35.8,31.2,0|0|0|0|0
2024-02-01,POWERGRID.NS,A_breakout_40d,265.8,232.62,199.7891,259.3,29929092,18833159.65,264.5,261.855,267.145,7.0,245.985,A,100.0,70.1,71.8,78.0,58.0,59.9,2.0,3.0,2,2.5067,14.2636,-0.1157,1.7236,0.8126,16.2895,18.0,-0.0,-0.0,-0.0,-0.0,0.0,80.2,80.2,0.1987,0.1154,0.0745,0.2111,80,continuous_power,False,1,80.2,2,0.0,,0.0,0.0,0.0,80.2,13.6,13.8,0|0|0|0|0
2024-02-01,SHREECEM.NS,A_breakout_40d,29613.5508,27603.3532,25661.6133,28758.9004,174274,39216.25,29500.0,29205.0,29795.0,7.0,27435.0,A,87.8,73.8,100.0,68.9,58.0,59.9,0.84,3.0,0,2.9718,7.2824,3.3049,1.8351,4.1955,13.4887,18.0,-0.0,-0.0,-0.0,-0.0,0.0,96.8,96.8,0.2294,0.1154,0.052,0.3324,77,continuous_power,False,1,96.8,2,0.0,,0.0,0.0,0.0,96.8,39.8,31.2,0|0|0|0|0
2024-02-02,BPCL.NS,A_breakout_40d,279.175,228.9865,192.9666,254.225,77556082,22342378.8,283.0,280.17,285.83,7.0,263.19,A,100.0,100.0,100.0,81.0,58.0,59.9,2.72,3.0,2,9.8141,21.9177,1.7504,2.7327,3.7896,35.9668,18.0,-0.0,-0.0,-0.0,-0.0,0.0,94.4,94.4,0.2294,0.1233,0.0745,0.3324,77,continuous_power,False,1,94.4,2,0.0,,0.0,0.0,0.0,94.4,40.8,31.2,0|0|0|0|0
2024-02-02,COALINDIA.NS,A_breakout_40d,419.8,368.635,284.2385,412.8,25177075,13676880.85,423.25,419.0175,427.4825,7.0,393.6225,A,100.0,63.6,76.8,70.1,58.0,59.9,1.71,3.0,1,1.6957,13.8796,1.0081,1.0162,1.481,14.4683,18.0,-0.0,-0.0,-0.0,-0.0,0.0,83.9,83.9,0.206,0.1154,0.0745,0.2725,79,continuous_power,False,1,83.9,2,0.0,,0.0,0.0,0.0,83.9,46.3,31.2,0|0|0|0|0
2024-02-02,IOC.NS,A_breakout_40d,162.9,127.907,100.3565,149.75,94675914,32906944.95,167.95,166.2705,169.6295,7.0,156.1935,A,100.0,100.0,97.5,78.8,58.0,59.9,3.96,3.0,0,8.7813,27.3582,1.4357,2.4972,3.6712,34.1284,18.0,-0.0,-0.0,-0.0,-0.0,0.0,93.1,93.1,0.206,0.1233,0.0745,0.3108,79,continuous_power,False,1,93.1,2,0.0,,0.0,0.0,0.0,93.1,43.8,31.2,0|0|0|0|0
2024-02-02,NTPC.NS,A_breakout_40d,332.5,298.021,230.3195,324.55,32346639,21125442.3,338.0,334.62,341.38,7.0,314.34,A,100.0,69.6,70.6,65.4,58.0,59.9,2.5,3.0,0,2.4495,11.5693,0.6211,1.0688,1.2828,13.1843,18.0,-0.0,-0.0,-0.0,-0.0,0.0,82.5,82.5,0.206,0.1154,0.0745,0.2725,79,continuous_power,False,1,82.5,2,0.0,,0.0,0.0,0.0,82.5,48.3,31.2,0|0|0|0|0
2024-02-02,POWERGRID.NS,A_breakout_40d,277.1,233.976,200.3222,265.8,33900724,20113973.9,277.5,274.725,280.275,7.0,258.075,A,100.0,84.0,73.7,82.7,58.0,59.9,2.29,3.0,3,4.2513,18.431,-0.4891,2.1015,1.608,24.7107,18.0,-0.0,-0.0,-0.0,-0.0,0.0,81.7,81.7,0.206,0.1154,0.0745,0.2725,79,continuous_power,False,1,81.7,2,0.0,,0.0,0.0,0.0,81.7,13.6,13.8,0|0|0|0|0
2024-02-05,BPCL.NS,A_breakout_40d,287.375,230.854,193.5729,279.175,45025890,23698427.5,289.975,287.0753,292.8748,7.0,269.6768,A,100.0,73.5,78.0,83.1,58.0,59.9,3.07,3.0,2,2.9372,24.4834,1.3701,1.4125,4.2207,32.404,18.0,-0.0,-0.0,-0.0,-0.0,0.0,82.2,82.2,0.206,0.1084,0.0602,0.2725,79,continuous_power,False,1,82.2,2,0.0,,0.0,0.0,0.0,82.2,43.8,31.2,0|0|0|0|0
2024-02-05,COALINDIA.NS,A_breakout_40d,440.25,370.756,285.3122,419.8,31418925,14695830.1,444.8,440.352,449.248,7.0,413.664,A,100.0,89.0,82.8,75.9,58.0,59.9,1.93,3.0,1,4.8714,18.7439,0.8218,2.2017,2.7405,23.3362,18.0,-0.0,-0.0,-0.0,-0.0,0.0,87.2,87.2,0.206,0.1233,0.0745,0.2943,79,continuous_power,False,1,87.2,2,0.0,,0.0,0.0,0.0,87.2,32.4,31.1,0|0|0|0|0
2024-02-05,INDIGO.NS,A_breakout_40d,3171.1499,2921.51,2558.1442,3127.1001,3430174,1085800.35,3190.05,3158.1495,3221.9505,7.0,2966.7465,A,100.0,61.3,100.0,66.9,58.0,59.9,1.59,3.0,0,1.4086,8.5449,3.1323,1.6177,4.5112,12.669,18.0,-0.0,-0.0,-0.0,-0.0,0.0,93.9,93.9,0.2294,0.1154,0.0745,0.3108,77,continuous_power,False,1,93.9,2,0.0,,0.0,0.0,0.0,93.9,41.8,31.2,0|0|0|0|0
2024-02-05,IOC.NS,A_breakout_40d,173.95,129.365,100.8402,162.9,101043319,36765061.9,176.55,174.7845,178.3155,7.0,164.1915,A,100.0,100.0,95.0,83.3,58.0,59.9,4.34,3.0,1,6.7833,34.4645,3.1001,1.7588,5.9119,42.7942,18.0,-0.0,-0.0,-0.0,-0.0,0.0,91.1,91.1,0.206,0.1233,0.0745,0.3108,79,continuous_power,False,1,91.1,2,0.0,,0.0,0.0,0.0,91.1,37.3,31.2,0|0|0|0|0
2024-02-05,SUNPHARMA.NS,A_breakout_40d,1463.8,1286.182,1127.154,1418.45,3481964,2317330.75,1450.0,1435.5,1464.5,7.0,1348.5,A,100.0,75.6,70.1,74.9,58.0,59.9,1.78,3.0,1,3.1972,13.8097,0.7165,1.0336,0.8023,14.6773,18.0,-0.0,-0.0,-0.0,-0.0,0.0,81.0,81.0,0.206,0.1154,0.0745,0.2725,79,continuous_power,False,1,81.0,2,0.0,,0.0,0.0,0.0,81.0,16.1,13.8,0|0|0|0|0
2024-02-05,TATASTEEL.NS,A_breakout_40d,141.55,133.255,121.2455,139.85,80737626,43580234.45,143.0,141.57,144.43,7.0,132.99,A,99.5,59.7,77.1,63.2,58.0,59.9,0.93,3.0,0,1.2156,6.2249,0.9373,1.0136,1.4116,9.2395,18.0,-0.0,-0.0,-0.0,-0.0,0.0,85.0,85.0,0.206,0.1154,0.0745,0.2725,79,continuous_power,False,1,85.0,2,0.0,,0.0,0.0,0.0,85.0,48.3,31.2,0|0|0|0|0
2024-02-06,BPCL.NS,A_breakout_40d,304.65,232.926,194.2569,287.375,45260656,25557436.9,308.4,305.316,311.484,7.0,286.812,A,100.0,98.1,75.4,86.5,58.0,59.9,3.47,3.0,2,6.0113,30.7926,0.9047,1.7557,2.9083,43.9454,18.0,-0.0,-0.0,-0.0,-0.0,0.0,82.2,82.2,0.206,0.1154,0.0745,0.2725,79,continuous_power,False,1,82.2,2,0.0,,0.0,0.0,0.0,82.2,43.8,31.2,0|0|0|0|0
2024-02-06,IOC.NS,A_breakout_40d,184.5,131.03,101.3765,173.95,97077698,40523785.7,188.2,186.318,190.082,7.0,175.026,A,100.0,98.5,87.9,86.2,58.0,59.9,4.9,3.0,2,6.065,40.8074,1.4947,1.8419,5.0378,50.7822,18.0,-0.0,-0.0,-0.0,-0.0,0.0,87.6,87.6,0.206,0.1154,0.0745,0.2943,79,continuous_power,False,1,87.6,2,0.0,,0.0,0.0,0.0,87.6,43.8,31.2,0|0|0|0|0
2024-02-06,TCS.NS,A_breakout_40d,4136.0,3745.707,3466.7017,3973.3,4474396,2477563.6,4153.0,4111.47,4194.53,7.0,3862.29,A,90.2,82.8,76.1,74.8,58.0,59.9,1.18,3.0,0,4.0948,10.4197,0.5965,2.0021,1.8933,17.1313,18.0,-0.0,-0.0,-0.0,-0.0,0.0,85.3,85.3,0.206,0.1154,0.0602,0.2725,79,continuous_power,False,1,85.3,2,0.0,,0.0,0.0,0.0,85.3,32.4,31.1,0|0|0|0|0
2024-02-07,ADANIGREEN.NS,A_breakout_40d,1866.0,1544.715,1107.645,1723.25,8925796,2080563.75,1884.1,1865.259,1902.941,7.0,1752.213,A,100.0,100.0,100.0,72.5,58.0,59.9,5.41,3.0,0,8.2838,20.799,1.6176,3.0753,4.0201,29.2336,18.0,-0.0,-0.0,-0.0,-0.0,0.0,95.9,95.9,0.2294,0.1233,0.0745,0.3324,77,continuous_power,False,1,95.9,2,0.0,,0.0,0.0,0.0,95.9,40.8,31.2,0|0|0|0|0
2024-02-07,DLF.NS,A_breakout_40d,827.45,726.481,561.7365,805.4,10550511,6896462.05,828.8,820.512,837.088,7.0,770.784,A,100.0,71.9,70.6,68.6,58.0,59.9,2.37,3.0,0,2.7378,13.8984,1.0848,1.2942,2.0376,12.9032,18.0,-0.0,-0.0,-0.0,-0.0,0.0,82.2,82.2,0.206,0.1154,0.0745,0.2725,79,continuous_power,False,1,82.2,2,0.0,,0.0,0.0,0.0,82.2,36.9,31.1,0|0|0|0|0
2024-02-07,IOC.NS,A_breakout_40d,186.45,132.683,101.9187,184.5,82890137,43358297.2,187.9,186.021,189.779,7.0,174.747,A,100.0,58.5,78.2,86.7,58.0,59.9,5.5,3.0,3,1.0569,40.5229,2.0054,0.9445,3.6411,41.6586,18.0,-0.0,-0.0,-0.0,-0.0,0.0,80.6,80.6,0.206,0.0904,0.052,0.2725,79,continuous_power,False,1,80.6,2,0.0,,0.0,0.0,0.0,80.6,39.3,31.2,0|0|0|0|0
2024-02-07,SBIN.NS,A_breakout_40d,675.25,625.49,591.3008,655.4,41696232,20869953.6,680.4,673.596,687.204,7.0,632.772,A,78.9,74.2,80.0,68.9,58.0,59.9,1.49,3.0,0,3.0287,7.9554,0.7382,1.2687,1.1856,12.5896,18.0,-0.0,-0.0,-0.0,-0.0,0.0,89.4,89.4,0.206,0.0912,0.052,0.2725,79,continuous_power,False,1,89.4,2,0.0,,0.0,0.0,0.0,89.4,46.3,31.2,0|0|0|0|0
2024-02-07,TRENT.NS,A_breakout_40d,3607.5,3022.603,2150.1253,3246.3999,5846891,887845.85,3735.3501,3697.9966,3772.7036,7.0,3473.8756,A,100.0,100.0,100.0,74.4,58.0,59.9,1.89,3.0,0,11.1231,19.3508,1.4827,4.6295,5.1122,36.2999,18.0,-0.0,-0.0,-0.0,-0.0,0.0,95.7,95.7,0.2294,0.1233,0.0745,0.3324,77,continuous_power,False,1,95.7,2,0.0,,0.0,0.0,0.0,95.7,43.8,31.2,0|0|0|0|0
2024-02-08,ETERNAL.NS,A_breakout_40d,144.1,128.624,96.1888,143.8,184839600,65526718.5,146.9,145.431,148.369,7.0,136.617,A,100.0,51.7,96.4,63.9,58.0,59.9,1.96,3.0,0,0.2086,11.644,1.4957,1.4025,2.4234,8.647,18.0,-0.0,-0.0,-0.0,-0.0,0.0,73.9,73.9,0.1289,0.0815,0.0815,0.1353,87,continuous_power,False,1,73.9,2,0.0,,0.0,0.0,0.0,73.9,48.3,31.2,0|0|0|0|0
2024-02-08,IOC.NS,A_breakout_40d,192.4,134.462,102.488,186.45,83103687,46760912.65,193.4,191.466,195.334,7.0,179.862,A,100.0,75.5,75.5,88.1,58.0,59.9,6.12,3.0,4,3.1912,43.0887,0.7777,1.1809,2.3623,44.0834,18.0,-0.0,-0.0,-0.0,-0.0,0.0,80.6,80.6,0.206,0.0912,0.0602,0.2725,79,continuous_power,False,1,80.6,2,0.0,,0.0,0.0,0.0,80.6,43.8,31.2,0|0|0|0|0
2024-02-08,SBIN.NS,A_breakout_40d,699.55,628.274,592.097,675.25,74222434,23911063.55,703.65,696.6135,710.6865,7.0,654.3945,A,80.5,78.8,100.0,74.6,58.0,59.9,1.66,3.0,1,3.5987,11.3447,0.7627,1.9986,2.4661,18.9298,18.0,-0.0,-0.0,-0.0,-0.0,0.0,97.0,97.0,0.2294,0.0912,0.052,0.3324,77,continuous_power,False,1,97.0,2,0.0,,0.0,0.0,0.0,97.0,43.8,31.2,0|0|0|0|0
2024-02-08,TRENT.NS,A_breakout_40d,3841.95,3046.448,2162.538,3607.5,7374486,1220408.3,3800.0,3762.0,3838.0,7.0,3534.0,A,100.0,100.0,100.0,79.2,58.0,59.9,2.33,3.0,1,6.499,26.1124,3.544,1.9187,8.0412,44.2373,18.0,-0.0,-0.0,-0.0,-0.0,0.0,94.5,94.5,0.2294,0.1233,0.0745,0.3324,77,continuous_power,False,1,94.5,2,0.0,,0.0,0.0,0.0,94.5,35.8,31.2,0|0|0|0|0
2024-02-09,AMBUJACEM.NS,A_breakout_40d,576.2,524.374,453.9308,574.1,6956624,4361461.4,582.1,576.279,587.921,7.0,541.353,A,100.0,52.9,71.9,64.9,58.0,59.9,2.88,3.0,0,0.3658,9.8834,0.2396,1.4465,0.9079,7.896,18.0,-0.0,-0.0,-0.0,-0.0,0.0,81.3,81.3,0.1987,0.1084,0.0745,0.2111,80,continuous_power,False,1,81.3,2,0.0,,0.0,0.0,0.0,81.3,52.3,31.2,0|0|0|0|0
2024-02-09,APOLLOHOSP.NS,A_breakout_40d,6437.3501,5819.766,5179.9805,6352.9502,933104,430879.3,6464.8999,6400.2509,6529.5489,7.0,6012.3569,A,100.0,60.6,83.3,71.4,58.0,59.9,1.4,3.0,0,1.3285,10.6118,0.6163,1.659,1.8241,9.5752,18.0,-0.0,-0.0,-0.0,-0.0,0.0,86.0,86.0,0.206,0.1154,0.0602,0.2943,79,continuous_power,False,1,86.0,2,0.0,,0.0,0.0,0.0,86.0,36.9,31.1,0|0|0|0|0
2024-02-09,ETERNAL.NS,A_breakout_40d,149.45,129.348,96.6728,144.1,257918900,76732500.5,151.0,149.49,152.51,7.0,140.43,A,100.0,79.7,100.0,69.0,58.0,59.9,2.18,3.0,1,3.7127,15.1529,1.9431,1.493,3.7648,17.3645,18.0,-0.0,-0.0,-0.0,-0.0,0.0,80.1,80.1,0.1289,0.1154,0.0815,0.1353,87,continuous_power,False,1,80.1,2,0.0,,0.0,0.0,0.0,80.1,39.3,31.2,0|0|0|0|0
2024-02-09,MAXHEALTH.NS,A_breakout_40d,874.4,715.927,603.4048,862.3,7995614,3487493.35,880.0,871.2,888.8,7.0,818.4,A,100.0,61.2,85.9,71.5,58.0,59.9,3.26,3.0,0,1.4032,22.1354,1.0321,0.5555,1.6238,22.9056,18.0,-0.0,-0.0,-0.0,-0.0,0.0,87.1,87.1,0.206,0.1154,0.0602,0.2943,79,continuous_power,False,1,87.1,2,0.0,,0.0,0.0,0.0,87.1,43.8,31.2,0|0|0|0|0
2024-02-09,SBIN.NS,A_breakout_40d,725.25,631.49,592.9993,699.55,43235061,25435693.4,726.0,718.74,733.26,7.0,675.18,A,82.5,79.4,74.0,79.0,58.0,59.9,1.9,3.0,2,3.6738,14.8474,0.5861,1.5792,2.3982,24.0621,18.0,-0.0,-0.0,-0.0,-0.0,0.0,85.3,85.3,0.2294,0.0912,0.052,0.2725,77,continuous_power,False,1,85.3,2,0.0,,0.0,0.0,0.0,85.3,32.4,31.1,0|0|0|0|0
2024-02-09,SUNPHARMA.NS,A_breakout_40d,1534.8,1310.502,1137.2488,1499.6,6343881,2571402.15,1539.85,1524.4515,1555.2485,7.0,1432.0605,A,100.0,68.8,89.3,81.3,58.0,59.9,2.31,3.0,1,2.3473,17.1154,0.0867,1.1322,0.4458,17.474,18.0,-0.0,-0.0,-0.0,-0.0,0.0,87.6,87.6,0.2294,0.1154,0.0602,0.3108,77,continuous_power,False,1,87.6,2,0.0,,0.0,0.0,0.0,87.6,32.4,31.1,0|0|0|0|0
2024-02-12,APOLLOHOSP.NS,A_breakout_40d,6614.4502,5843.616,5191.2463,6437.3501,709946,455716.1,6614.4502,6548.3057,6680.5947,7.0,6151.4387,A,100.0,72.0,71.2,76.3,58.0,59.9,1.54,3.0,1,2.7511,13.191,0.428,1.8187,2.1394,15.6099,18.0,-0.0,-0.0,-0.0,-0.0,0.0,80.9,80.9,0.206,0.1154,0.0745,0.2725,79,continuous_power,False,1,80.9,2,0.0,,0.0,0.0,0.0,80.9,16.1,13.8,0|0|0|0|0
2024-02-12,DRREDDY.NS,A_breakout_40d,1266.7,1160.1024,1081.9319,1235.95,4296460,2516453.0,1270.0,1257.3,1282.7,7.0,1181.1,A,86.1,69.9,74.1,72.6,58.0,59.9,0.92,3.0,0,2.488,9.1886,1.2744,1.0668,1.3412,11.4495,18.0,-0.0,-0.0,-0.0,-0.0,0.0,85.3,85.3,0.2294,0.0912,0.052,0.2725,77,continuous_power,False,1,85.3,2,0.0,,0.0,0.0,0.0,85.3,34.9,31.1,0|0|0|0|0
2024-02-12,ETERNAL.NS,A_breakout_40d,153.8,130.148,97.1885,149.45,155848100,83029011.5,154.35,152.8065,155.8935,7.0,143.5455,A,100.0,73.3,77.5,72.4,58.0,59.9,2.45,3.0,2,2.9107,17.8291,1.0371,1.4855,3.2279,21.5593,18.0,-0.0,-0.0,-0.0,-0.0,0.0,76.0,76.0,0.1477,0.1084,0.0745,0.1575,85,continuous_power,False,1,76.0,2,0.0,,0.0,0.0,0.0,76.0,43.8,31.2,0|0|0|0|0
2024-02-12,WIPRO.NS,A_breakout_40d,250.725,228.932,207.5099,249.825,48873500,23952173.6,251.55,249.0345,254.0655,7.0,233.9415,A,100.0,52.9,80.8,64.3,58.0,59.9,2.11,3.0,0,0.3603,9.5194,0.1121,1.5486,0.9543,7.1356,18.0,-0.0,-0.0,-0.0,-0.0,0.0,84.8,84.8,0.1987,0.1154,0.0745,0.2111,80,continuous_power,False,1,84.8,2,0.0,,0.0,0.0,0.0,84.8,52.3,31.2,0|0|0|0|0
2024-02-13,SIEMENS.NS,A_breakout_40d,2531.8462,2382.5845,2204.688,2527.3557,1263116,554637.5,2512.0349,2486.9146,2537.1553,7.0,2336.1925,A,90.3,51.4,85.5,61.8,58.0,59.9,1.55,3.0,0,0.1777,6.2647,-0.0083,2.3306,1.3791,5.5007,18.0,-0.0,-0.0,-0.0,-0.0,0.0,88.9,88.9,0.1987,0.0912,0.052,0.2725,80,continuous_power,False,1,88.9,2,0.0,,0.0,0.0,0.0,88.9,52.3,31.2,0|0|0|0|0
2024-02-13,SUNPHARMA.NS,A_breakout_40d,1542.2,1323.474,1142.789,1534.8,4687838,2865832.3,1545.8,1530.342,1561.258,7.0,1437.594,A,100.0,53.9,72.7,81.8,58.0,59.9,2.47,3.0,1,0.4821,16.5267,0.1988,0.6578,0.4291,13.2409,18.0,-0.0,-0.0,-0.0,-0.0,0.0,78.5,78.5,0.1987,0.0839,0.052,0.2111,80,continuous_power,False,1,78.5,2,0.0,,0.0,0.0,0.0,78.5,16.1,13.8,0|0|0|0|0
2024-02-14,BPCL.NS,A_breakout_40d,311.825,243.791,198.1915,310.25,47987362,30036525.6,315.0,311.85,318.15,7.0,292.95,A,100.0,54.1,72.0,74.4,58.0,59.9,3.81,3.0,0,0.5077,27.9067,-0.3936,1.5479,0.7258,20.4131,18.0,-0.0,-0.0,-0.0,-0.0,0.0,79.8,79.8,0.1987,0.0912,0.0602,0.2111,80,continuous_power,False,1,79.8,2,0.0,,0.0,0.0,0.0,79.8,43.8,31.2,0|0|0|0|0
2024-02-14,SIEMENS.NS,A_breakout_40d,2570.7056,2389.9373,2207.7641,2531.8462,893019,586214.85,2582.7979,2556.9699,2608.6258,7.0,2402.002,A,91.3,62.3,70.5,65.2,58.0,59.9,1.54,3.0,1,1.5348,7.5637,-0.7825,1.0235,0.955,8.3983,18.0,-0.0,-0.0,-0.0,-0.0,0.0,83.5,83.5,0.206,0.0912,0.0602,0.2725,79,continuous_power,False,1,83.5,2,0.0,,0.0,0.0,0.0,83.5,47.3,31.2,0|0|0|0|0
2024-02-15,BPCL.NS,A_breakout_40d,326.375,245.7035,198.9509,311.825,51245018,30480301.5,333.0,329.67,336.33,7.0,309.69,A,100.0,87.3,73.6,77.9,58.0,59.9,3.7,3.0,1,4.6661,32.8329,1.0182,1.0655,1.4673,32.5681,18.0,-0.0,-0.0,-0.0,-0.0,0.0,83.2,83.2,0.2294,0.1154,0.0745,0.2943,77,continuous_power,False,1,83.2,2,0.0,,0.0,0.0,0.0,83.2,43.8,31.2,0|0|0|0|0
2024-02-15,M&M.NS,A_breakout_40d,1765.05,1662.487,1524.448,1734.45,9887134,3015519.35,1788.0,1770.12,1805.88,7.0,1662.84,A,95.3,64.1,100.0,64.7,58.0,59.9,0.31,1.26,0,1.7643,6.1693,1.4484,2.248,2.8522,11.4842,18.0,-0.0,-0.0,-0.0,-0.0,0.0,84.6,84.6,0.1678,0.1154,0.0602,0.2037,83,continuous_power,False,1,84.6,2,0.0,,0.0,0.0,0.0,84.6,46.3,31.2,0|0|0|0|0
2024-02-16,AMBUJACEM.NS,A_breakout_40d,585.1,535.564,458.665,576.2,9619487,4528345.95,588.8,582.912,594.688,7.0,547.584,A,100.0,62.4,82.5,65.8,58.0,59.9,2.13,3.0,0,1.5446,9.2493,0.166,0.9684,0.5339,8.7799,18.0,-0.0,-0.0,-0.0,-0.0,0.0,87.0,87.0,0.206,0.1154,0.0745,0.2943,79,continuous_power,False,1,87.0,2,0.0,,0.0,0.0,0.0,87.0,48.3,31.2,0|0|0|0|0
2024-02-16,BAJAJ-AUTO.NS,A_breakout_40d,8325.0498,7061.046,5463.591,8123.0498,938756,467566.4,8400.0,8316.0,8484.0,7.0,7812.0,A,100.0,69.9,80.2,84.5,58.0,59.9,2.83,3.0,0,2.4868,17.9011,0.7731,2.0897,2.1859,17.1162,18.0,-0.0,-0.0,-0.0,-0.0,0.0,82.5,82.5,0.206,0.0912,0.0602,0.2725,79,continuous_power,False,1,82.5,2,0.0,,0.0,0.0,0.0,82.5,13.6,13.8,0|0|0|0|0
2024-02-16,BPCL.NS,A_breakout_40d,327.3,247.5275,199.6982,326.375,55744810,32146077.8,329.95,326.6505,333.2495,7.0,306.8535,A,100.0,52.3,74.7,78.1,58.0,59.9,3.64,3.0,2,0.2834,32.2277,2.0299,1.1246,2.913,28.0205,18.0,-0.0,-0.0,-0.0,-0.0,0.0,80.1,80.1,0.206,0.0912,0.052,0.2111,79,continuous_power,False,1,80.1,2,0.0,,0.0,0.0,0.0,80.1,39.3,31.2,0|0|0|0|0
2024-02-16,M&M.NS,A_breakout_40d,1835.55,1665.477,1527.5057,1765.05,7188957,3247558.75,1836.05,1817.6895,1854.4105,7.0,1707.5265,A,95.2,82.0,84.3,70.7,58.0,59.9,0.4,1.59,1,3.9942,10.2117,1.3002,1.5232,3.7109,21.0277,18.0,-0.0,-0.0,-0.0,-0.0,0.0,82.3,82.3,0.1987,0.1154,0.0602,0.2725,80,continuous_power,False,1,82.3,2,0.0,,0.0,0.0,0.0,82.3,43.8,31.2,0|0|0|0|0
2024-02-16,TVSMOTOR.NS,A_breakout_40d,2138.75,2007.225,1577.5513,2093.0,2287490,865465.8,2153.0,2131.47,2174.53,7.0,2002.29,A,100.0,67.5,92.9,67.7,58.0,59.9,0.96,3.0,0,2.1859,6.5526,0.2747,1.667,1.7483,10.7671,18.0,-0.0,-0.0,-0.0,-0.0,0.0,91.2,91.2,0.206,0.1154,0.0745,0.2943,79,continuous_power,False,1,91.2,2,0.0,,0.0,0.0,0.0,91.2,48.3,31.2,0|0|0|0|0
2024-02-16,WIPRO.NS,A_breakout_40d,271.5,233.483,208.9725,259.25,34942644,17750635.1,272.95,270.2205,275.6795,7.0,253.8435,A,100.0,87.8,79.4,76.7,58.0,59.9,2.41,3.0,1,4.7252,16.2826,0.7715,1.6122,1.717,21.477,18.0,-0.0,-0.0,-0.0,-0.0,0.0,84.9,84.9,0.206,0.1154,0.0745,0.2725,79,continuous_power,False,1,84.9,2,0.0,,0.0,0.0,0.0,84.9,32.4,31.1,0|0|0|0|0
2024-02-19,BAJAJ-AUTO.NS,A_breakout_40d,8509.7002,7109.841,5483.9798,8325.0498,1044959,491960.15,8505.0,8419.95,8590.05,7.0,7909.65,A,100.0,67.7,82.5,86.7,58.0,59.9,3.02,3.0,1,2.218,19.689,0.9003,1.7275,2.9318,18.7078,18.0,-0.0,-0.0,-0.0,-0.0,0.0,83.4,83.4,0.206,0.0912,0.052,0.2943,79,continuous_power,False,1,83.4,2,0.0,,0.0,0.0,0.0,83.4,13.6,13.8,0|0|0|0|0
2024-02-20,GRASIM.NS,A_breakout_40d,2192.25,2094.6484,1898.9838,2175.0,1710394,910304.55,2200.0,2178.0,2222.0,7.0,2046.0,A,100.0,56.3,77.6,59.8,58.0,59.9,0.37,1.5,0,0.7931,4.6596,0.0184,0.9136,0.2947,8.3906,18.0,-0.0,-0.0,-0.0,-0.0,0.0,76.0,76.0,0.1678,0.1154,0.0745,0.2037,83,continuous_power,False,1,76.0,2,0.0,,0.0,0.0,0.0,76.0,50.3,31.2,0|0|0|0|0
2024-02-20,POWERGRID.NS,A_breakout_40d,287.9,248.717,206.3407,282.9,43053543,27769512.95,287.55,284.6745,290.4255,7.0,267.4215,A,100.0,64.1,71.0,69.3,58.0,59.9,2.42,3.0,0,1.7674,15.754,0.7237,0.9879,0.864,13.7145,18.0,-0.0,-0.0,-0.0,-0.0,0.0,81.5,81.5,0.206,0.1154,0.0745,0.2725,79,continuous_power,False,1,81.5,2,0.0,,0.0,0.0,0.0,81.5,46.3,31.2,0|0|0|0|0
2024-02-21,DLF.NS,A_breakout_40d,886.85,767.641,583.138,863.9,8801547,5292866.2,894.0,885.06,902.94,7.0,831.42,A,100.0,71.3,73.3,71.5,58.0,59.9,2.85,3.0,0,2.6566,15.5293,0.1273,1.2657,0.6735,15.0046,18.0,-0.0,-0.0,-0.0,-0.0,0.0,82.7,82.7,0.206,0.1154,0.0745,0.2725,79,continuous_power,False,1,82.7,2,0.0,,0.0,0.0,0.0,82.7,34.9,31.1,0|0|0|0|0
2024-02-22,GRASIM.NS,A_breakout_40d,2201.2,2099.7994,1903.5502,2194.0,3428899,1042916.6,2234.0,2211.66,2256.34,7.0,2077.62,A,100.0,52.6,100.0,60.7,58.0,59.9,0.51,2.06,1,0.3282,4.8291,1.8232,1.8363,2.907,6.0284,18.0,-0.0,-0.0,-0.0,-0.0,0.0,87.7,87.7,0.1678,0.1154,0.0745,0.2111,83,continuous_power,False,1,87.7,2,0.0,,0.0,0.0,0.0,87.7,47.8,31.2,0|0|0|0|0
2024-02-22,RELIANCE.NS,A_breakout_40d,1481.75,1361.8025,1236.2293,1481.375,18493728,11934120.8,1489.5,1474.605,1504.395,7.0,1385.235,A,100.0,50.2,71.0,65.7,58.0,59.9,1.82,3.0,0,0.0253,8.808,0.0307,1.1026,0.4099,4.4838,18.0,-0.0,-0.0,-0.0,-0.0,0.0,80.3,80.3,0.1987,0.0912,0.0745,0.2111,80,continuous_power,False,1,80.3,2,0.0,,0.0,0.0,0.0,80.3,40.9,31.1,0|0|0|0|0
2024-02-23,BEL.NS,A_breakout_40d,205.3,183.087,143.515,194.75,76179371,25146275.0,205.65,203.5935,207.7065,7.0,191.2545,A,100.0,93.3,100.0,72.1,58.0,59.9,1.9,3.0,0,5.4172,12.1325,0.7959,1.7771,2.1245,21.0022,18.0,-0.0,-0.0,-0.0,-0.0,0.0,95.0,95.0,0.206,0.1233,0.0745,0.3324,79,continuous_power,False,1,95.0,2,0.0,,0.0,0.0,0.0,95.0,43.8,31.2,0|0|0|0|0
2024-02-23,INDUSTOWER.NS,A_breakout_40d,241.15,212.262,182.8385,232.25,77810544,26963095.2,245.0,242.55,247.45,7.0,227.85,A,100.0,80.7,97.7,66.2,58.0,59.9,1.71,3.0,0,3.8321,13.6096,2.887,1.4598,3.8745,19.3717,18.0,-0.0,-0.0,-0.0,-0.0,0.0,94.4,94.4,0.2294,0.1233,0.0745,0.3108,77,continuous_power,False,1,94.4,2,0.0,,0.0,0.0,0.0,94.4,39.3,31.2,0|0|0|0|0
2024-02-26,INDUSTOWER.NS,A_breakout_40d,246.35,213.431,183.3167,241.15,47416676,28752833.65,247.0,244.53,249.47,7.0,229.71,A,100.0,67.3,73.0,68.6,58.0,59.9,1.91,3.0,1,2.1563,15.4237,1.5965,0.9586,3.9393,21.3321,18.0,-0.0,-0.0,-0.0,-0.0,0.0,82.8,82.8,0.206,0.1154,0.0745,0.2725,79,continuous_power,False,1,82.8,2,0.0,,0.0,0.0,0.0,82.8,40.8,31.2,0|0|0|0|0
2024-02-29,ETERNAL.NS,A_breakout_40d,165.45,140.61,104.1465,164.2,175785400,86630876.0,168.0,166.32,169.68,7.0,156.24,A,100.0,56.1,80.6,70.1,58.0,59.9,3.1,3.0,0,0.7613,17.548,-1.8199,1.9084,1.1688,11.2634,18.0,-0.0,-0.0,-0.0,-0.0,0.0,84.6,84.6,0.206,0.1084,0.0602,0.2725,79,continuous_power,False,1,84.6,2,0.0,,0.0,0.0,0.0,84.6,41.8,31.2,0|0|0|0|0
2024-02-29,TATACONSUM.NS,A_breakout_40d,1190.05,1119.693,929.8945,1183.6,2722341,1408683.6,1204.0,1191.96,1216.04,7.0,1119.72,A,100.0,54.4,78.7,65.4,58.0,59.9,2.04,3.0,0,0.545,6.2836,-0.0856,1.8178,1.6418,5.422,18.0,-0.0,-0.0,-0.0,-0.0,0.0,84.5,84.5,0.206,0.1154,0.0745,0.2725,79,continuous_power,False,1,84.5,2,0.0,,0.0,0.0,0.0,84.5,40.9,31.1,0|0|0|0|0
2024-03-01,INDUSTOWER.NS,A_breakout_40d,263.1,217.562,185.297,252.8,37746325,24618076.45,265.55,262.8945,268.2055,7.0,246.9615,A,100.0,82.6,70.7,73.0,58.0,59.9,2.5,3.0,1,4.0744,20.931,0.0,1.5905,0.8314,25.9567,18.0,-0.0,-0.0,-0.0,-0.0,0.0,82.0,82.0,0.206,0.1154,0.0745,0.2725,79,continuous_power,False,1,82.0,2,0.0,,0.0,0.0,0.0,82.0,43.8,31.2,0|0|0|0|0
2024-03-01,TATASTEEL.NS,A_breakout_40d,149.95,137.929,124.5167,145.9,123709943,42843202.1,154.9,153.351,156.449,7.0,144.057,A,100.0,72.2,97.8,65.2,58.0,59.9,0.68,2.72,0,2.7759,8.7154,1.5264,2.0576,2.6089,11.0476,18.0,-0.0,-0.0,-0.0,-0.0,0.0,93.0,93.0,0.2294,0.1154,0.0745,0.3108,77,continuous_power,False,1,93.0,2,0.0,,0.0,0.0,0.0,93.0,45.3,31.2,0|0|0|0|0
2024-03-01,TVSMOTOR.NS,A_breakout_40d,2242.6001,2041.395,1624.2148,2162.1001,1643917,755730.65,2263.3999,2240.7659,2286.0339,7.0,2104.9619,A,100.0,79.8,83.5,68.6,58.0,59.9,0.7,2.82,0,3.7232,9.8563,0.0351,2.2647,1.4762,14.6285,18.0,-0.0,-0.0,-0.0,-0.0,0.0,87.9,87.9,0.2294,0.1233,0.0745,0.2943,77,continuous_power,False,1,87.9,2,0.0,,0.0,0.0,0.0,87.9,46.3,31.2,0|0|0|0|0
2024-03-04,GOLDBEES.NS,A_breakout_40d,53.89,53.0074,51.3527,53.58,6321132,3491278.8,54.7,54.153,55.247,7.0,50.871,A,66.1,54.6,76.2,66.4,58.0,59.9,0.05,0.22,0,0.5786,1.665,2.0794,0.8395,3.2996,4.0299,18.0,-0.0,-0.0,-0.0,-0.0,0.0,71.1,71.1,0.1477,0.0815,0.0403,0.1644,85,continuous_power,False,1,71.1,2,0.0,,0.0,0.0,0.0,71.1,36.4,31.1,0|0|0|0|0
2024-03-04,NTPC.NS,A_breakout_40d,353.85,321.918,247.32,345.7,38075510,15241724.15,354.9,351.351,358.449,7.0,330.057,A,100.0,68.9,90.0,67.5,58.0,59.9,1.2,3.0,0,2.3575,9.9193,1.31,1.5494,2.0186,12.676,18.0,-0.0,-0.0,-0.0,-0.0,0.0,90.4,90.4,0.2294,0.1154,0.0745,0.2943,77,continuous_power,False,1,90.4,2,0.0,,0.0,0.0,0.0,90.4,48.3,31.2,0|0|0|0|0
2024-03-04,TATASTEEL.NS,A_breakout_40d,153.1,138.396,124.7437,149.95,67577785,42185210.05,153.2,151.668,154.732,7.0,142.476,A,100.0,66.8,72.0,68.6,58.0,59.9,0.85,3.0,1,2.1007,10.6246,3.3011,1.0199,5.1298,15.2228,18.0,-0.0,-0.0,-0.0,-0.0,0.0,82.2,82.2,0.206,0.1154,0.0745,0.2725,79,continuous_power,False,1,82.2,2,0.0,,0.0,0.0,0.0,82.2,28.4,31.1,0|0|0|0|0
2024-03-05,ADANIPOWER.NS,A_breakout_40d,114.77,109.3912,77.4246,114.09,10617185,6966347.75,115.0,113.85,116.15,7.0,106.95,A,100.0,54.8,70.5,58.9,58.0,59.9,0.56,2.26,0,0.596,4.917,-0.1965,1.3303,0.5387,5.693,18.0,-0.0,-0.0,-0.0,-0.0,0.0,76.7,76.7,0.1678,0.1154,0.0745,0.2037,83,continuous_power,False,1,76.7,2,0.0,,0.0,0.0,0.0,76.7,52.3,31.2,0|0|0|0|0
2024-03-05,GOLDBEES.NS,A_breakout_40d,54.62,53.0426,51.3656,53.89,6871961,3660516.05,54.9,54.351,55.449,7.0,51.057,A,66.3,60.8,77.5,72.7,58.0,59.9,0.12,0.48,1,1.3546,2.9738,1.5031,0.4363,2.9586,6.7022,18.0,-0.0,-0.0,-0.0,-0.0,0.0,74.5,74.5,0.1678,0.0815,0.0229,0.1868,83,continuous_power,False,1,74.5,2,0.0,,0.0,0.0,0.0,74.5,35.9,31.1,0|0|0|0|0
2024-03-06,BAJAJ-AUTO.NS,A_breakout_40d,8605.7998,7596.273,5711.2673,8509.7002,959543,520272.05,8638.0,8551.62,8724.38,7.0,8033.34,A,100.0,59.0,76.9,66.7,58.0,59.9,2.5,3.0,0,1.1293,13.2898,0.2149,1.2759,0.4908,12.5226,18.0,-0.0,-0.0,-0.0,-0.0,0.0,84.0,84.0,0.206,0.1154,0.0745,0.2725,79,continuous_power,False,1,84.0,2,0.0,,0.0,0.0,0.0,84.0,48.3,31.2,0|0|0|0|0
2024-03-06,GOLDBEES.NS,A_breakout_40d,54.72,53.0732,51.3811,54.62,5869713,3721837.85,55.0,54.45,55.55,7.0,51.15,A,66.5,51.5,71.5,73.4,58.0,59.9,0.19,0.75,2,0.1831,3.1029,0.5126,0.3604,1.5648,5.7147,18.0,-0.0,-0.0,-0.0,-0.0,0.0,72.3,72.3,0.1678,0.0815,0.0229,0.1669,83,continuous_power,False,1,72.3,2,0.0,,0.0,0.0,0.0,72.3,38.9,31.1,0|0|0|0|0
2024-03-06,ICICIBANK.NS,A_breakout_40d,1097.1,1020.541,973.052,1092.35,21796484,13145919.55,1094.95,1084.0005,1105.8995,7.0,1018.3035,A,74.4,53.5,73.2,69.1,58.0,59.9,0.74,2.96,0,0.4348,7.5018,-0.7123,1.5994,0.7106,7.2427,18.0,-0.0,-0.0,-0.0,-0.0,0.0,86.0,86.0,0.2294,0.0815,0.0414,0.2725,77,continuous_power,False,1,86.0,2,0.0,,0.0,0.0,0.0,86.0,37.9,31.1,0|0|0|0|0
2024-03-06,PIDILITIND.NS,A_breakout_40d,1415.775,1342.443,1289.2785,1397.775,3148778,787581.9,1417.55,1403.3745,1431.7255,7.0,1318.3215,A,70.6,60.3,100.0,64.7,58.0,59.9,0.44,1.76,0,1.2878,5.4626,0.0,2.6815,1.6828,8.0583,18.0,-0.0,-0.0,-0.0,-0.0,0.0,91.4,91.4,0.1678,0.0815,0.0414,0.2111,83,continuous_power,False,1,91.4,2,0.0,,0.0,0.0,0.0,91.4,50.3,31.2,0|0|0|0|0
2024-03-07,BAJAJ-AUTO.NS,A_breakout_40d,8879.0498,7644.563,5733.0693,8605.7998,1243547,568322.55,9023.4502,8933.2157,9113.6847,7.0,8391.8087,A,100.0,75.4,83.8,71.2,58.0,59.9,2.75,3.0,1,3.1752,16.1486,0.3742,1.8283,1.546,19.2922,18.0,-0.0,-0.0,-0.0,-0.0,0.0,87.6,87.6,0.2294,0.1154,0.0745,0.2943,77,continuous_power,False,1,87.6,2,0.0,,0.0,0.0,0.0,87.6,43.8,31.2,0|0|0|0|0
2024-03-07,BHARTIARTL.NS,A_breakout_40d,1199.7,1112.13,955.769,1193.7,8903981,5755917.8,1186.0,1174.14,1197.86,7.0,1102.98,A,100.0,54.0,70.9,71.7,58.0,59.9,1.64,3.0,0,0.5026,7.8741,1.3529,0.8335,1.9374,10.571,18.0,-0.0,-0.0,-0.0,-0.0,0.0,79.7,79.7,0.1987,0.0912,0.0602,0.2111,80,continuous_power,False,1,79.7,2,0.0,,0.0,0.0,0.0,79.7,36.9,31.1,0|0|0|0|0
2024-03-07,PIDILITIND.NS,A_breakout_40d,1432.925,1344.422,1290.0625,1415.775,3875992,949721.5,1437.5,1423.125,1451.875,7.0,1336.875,A,71.1,59.7,100.0,67.2,58.0,59.9,0.52,2.08,1,1.2114,6.583,0.1254,2.4509,2.7533,10.2998,18.0,-0.0,-0.0,-0.0,-0.0,0.0,93.8,93.8,0.206,0.0815,0.0403,0.2725,79,continuous_power,False,1,93.8,2,0.0,,0.0,0.0,0.0,93.8,48.3,31.2,0|0|0|0|0
2024-03-07,TATACONSUM.NS,A_breakout_40d,1261.55,1142.984,940.7427,1220.05,3522952,1447900.9,1263.0,1250.37,1275.63,7.0,1174.59,A,100.0,77.2,88.7,78.1,58.0,59.9,2.08,3.0,0,3.4015,10.3734,0.6516,1.9236,1.9413,14.8941,18.0,-0.0,-0.0,-0.0,-0.0,0.0,88.6,88.6,0.2294,0.1154,0.0745,0.3108,77,continuous_power,False,1,88.6,2,0.0,,0.0,0.0,0.0,88.6,34.9,31.1,0|0|0|0|0
2024-03-07,TATAPOWER.NS,A_breakout_40d,425.25,367.108,278.115,407.4,98883541,19252304.1,414.0,409.86,418.14,7.0,385.02,A,100.0,85.1,100.0,73.9,58.0,59.9,1.94,3.0,0,4.3814,15.8378,0.2659,3.2607,2.8024,23.5837,18.0,-0.0,-0.0,-0.0,-0.0,0.0,94.3,94.3,0.2294,0.1233,0.0745,0.3324,77,continuous_power,False,1,94.3,2,0.0,,0.0,0.0,0.0,94.3,43.8,31.2,0|0|0|0|0
2024-03-07,TATASTEEL.NS,A_breakout_40d,157.25,139.615,125.4542,153.1,124847699,45189608.4,158.9,157.311,160.489,7.0,147.777,A,100.0,71.7,95.3,71.2,58.0,59.9,1.44,3.0,2,2.7106,12.6312,0.5277,1.667,1.3788,15.8864,18.0,-0.0,-0.0,-0.0,-0.0,0.0,92.4,92.4,0.2294,0.1154,0.0745,0.3324,77,continuous_power,False,1,92.4,2,0.0,,0.0,0.0,0.0,92.4,46.3,31.2,0|0|0|0|0
2024-03-11,CIPLA.NS,A_breakout_40d,1504.1,1388.398,1205.9833,1487.45,2183994,1434774.05,1512.0,1496.88,1527.12,7.0,1406.16,A,100.0,59.0,70.4,67.8,58.0,59.9,1.82,3.0,0,1.1194,8.3335,0.6641,1.0088,0.6729,6.7782,18.0,-0.0,-0.0,-0.0,-0.0,0.0,81.0,81.0,0.206,0.1154,0.0745,0.2111,79,continuous_power,False,1,81.0,2,0.0,,0.0,0.0,0.0,81.0,40.9,31.1,0|0|0|0|0
2024-03-11,GOLDBEES.NS,A_breakout_40d,56.01,53.1604,51.4232,55.44,7630767,4128687.95,56.2,55.638,56.762,7.0,52.266,A,66.9,58.2,77.0,80.8,58.0,59.9,0.33,1.32,2,1.0281,5.3604,1.3528,0.7125,1.711,8.4394,18.0,-0.0,-0.0,-0.0,-0.0,0.0,78.7,78.7,0.1987,0.0815,0.0223,0.2037,80,continuous_power,False,1,78.7,2,0.0,,0.0,0.0,0.0,78.7,12.9,8.3,0|0|0|0|0
2024-03-11,INDIGO.NS,A_breakout_40d,3218.55,3059.328,2678.0608,3186.3999,9136024,1082602.95,3220.95,3188.7405,3253.1595,7.0,2995.4835,A,100.0,58.1,100.0,60.3,58.0,59.9,0.85,3.0,0,1.009,5.2045,-2.3392,2.8151,2.1161,5.3883,18.0,-0.0,-0.0,-0.0,-0.0,0.0,93.9,93.9,0.1987,0.1154,0.0745,0.2943,80,continuous_power,False,1,93.9,2,0.0,,0.0,0.0,0.0,93.9,47.8,31.2,0|0|0|0|0
2024-03-11,NESTLEIND.NS,A_breakout_40d,1305.75,1273.9408,1183.7179,1300.725,2990598,1425061.5,1303.025,1289.9948,1316.0553,7.0,1211.8133,A,88.1,53.1,82.0,60.5,58.0,59.9,0.12,0.46,0,0.3863,2.4969,0.0,1.8658,0.9596,4.1306,18.0,-0.0,-0.0,-0.0,-0.0,0.0,71.5,71.5,0.1477,0.0904,0.052,0.1644,85,continuous_power,False,1,71.5,2,0.0,,0.0,0.0,0.0,71.5,52.3,31.2,0|0|0|0|0
2024-03-11,SIEMENS.NS,A_breakout_40d,2777.0066,2520.5482,2252.5621,2776.5957,1918967,458578.25,2785.3125,2757.4594,2813.1656,7.0,2590.3406,A,100.0,50.1,100.0,72.4,58.0,59.9,1.76,3.0,0,0.0148,10.1747,0.0289,2.5921,1.9399,5.8436,18.0,-0.0,-0.0,-0.0,-0.0,0.0,91.3,91.3,0.206,0.0912,0.0598,0.2943,79,continuous_power,False,1,91.3,2,0.0,,0.0,0.0,0.0,91.3,38.9,31.1,0|0|0|0|0
2024-03-12,INDIGO.NS,A_breakout_40d,3242.95,3065.647,2682.8253,3218.55,3251109,1224629.4,3242.0,3209.58,3274.42,7.0,3015.06,A,100.0,56.1,93.1,62.0,58.0,59.9,0.85,3.0,1,0.7581,5.7835,0.0746,1.3496,1.6948,7.767,18.0,-0.0,-0.0,-0.0,-0.0,0.0,90.9,90.9,0.206,0.1154,0.0745,0.2725,79,continuous_power,False,1,90.9,2,0.0,,0.0,0.0,0.0,90.9,52.3,31.2,0|0|0|0|0
2024-03-12,TCS.NS,A_breakout_40d,4192.25,3954.98,3572.197,4149.5,4039801,2055595.7,4205.0,4162.95,4247.05,7.0,3910.65,A,100.0,58.2,79.3,63.0,58.0,59.9,0.75,3.0,0,1.0302,5.9993,0.0,1.2782,0.2782,6.4749,18.0,-0.0,-0.0,-0.0,-0.0,0.0,85.6,85.6,0.206,0.1154,0.0745,0.2725,79,continuous_power,False,1,85.6,2,0.0,,0.0,0.0,0.0,85.6,52.3,31.2,0|0|0|0|0
2024-03-15,BHARTIARTL.NS,A_breakout_40d,1220.0,1129.317,965.5318,1204.25,10115416,6562361.05,1225.0,1212.75,1237.25,7.0,1139.25,A,100.0,60.5,70.8,67.8,58.0,59.9,1.55,3.0,0,1.3079,8.0299,-0.3851,1.0911,0.5193,8.0894,18.0,-0.0,-0.0,-0.0,-0.0,0.0,81.3,81.3,0.206,0.1154,0.0745,0.2111,79,continuous_power,False,1,81.3,2,0.0,,0.0,0.0,0.0,81.3,38.9,31.1,0|0|0|0|0
2024-03-20,MARUTI.NS,A_breakout_40d,11941.1504,10867.915,10268.361,11670.5996,1031037,490382.45,11999.0,11879.01,12118.99,7.0,11159.07,A,79.2,68.5,82.1,67.9,58.0,59.9,1.39,3.0,0,2.3182,9.8753,0.4665,1.5936,1.0601,10.5098,18.0,-0.0,-0.0,-0.0,-0.0,0.0,89.9,89.9,0.206,0.0912,0.052,0.2725,79,continuous_power,False,1,89.9,2,0.0,,0.0,0.0,0.0,89.9,48.3,31.2,0|0|0|0|0
2024-03-21,SIEMENS.NS,A_breakout_40d,2901.157,2588.2081,2282.5267,2837.7903,786406,472803.65,2896.8718,2867.9031,2925.8405,7.0,2694.0908,A,100.0,67.9,73.3,67.1,58.0,59.9,1.66,3.0,0,2.233,12.0913,0.8589,1.3433,1.8187,11.0944,18.0,-0.0,-0.0,-0.0,-0.0,0.0,83.3,83.3,0.206,0.1154,0.0745,0.2725,79,continuous_power,False,1,83.3,2,0.0,,0.0,0.0,0.0,83.3,36.9,31.1,0|0|0|0|0
2024-03-22,MARUTI.NS,A_breakout_40d,12337.7002,10953.4161,10296.1102,11941.1504,1062263,524067.8,12285.5498,12162.6943,12408.4053,7.0,11425.5613,A,81.9,76.6,80.5,73.8,58.0,59.9,1.73,3.0,1,3.3209,12.6379,-0.152,2.2187,1.5579,15.8141,18.0,-0.0,-0.0,-0.0,-0.0,0.0,88.3,88.3,0.206,0.0912,0.052,0.2725,79,continuous_power,False,1,88.3,2,0.0,,0.0,0.0,0.0,88.3,34.9,31.1,0|0|0|0|0
2024-03-22,SUNPHARMA.NS,A_breakout_40d,1608.9,1488.545,1224.102,1605.7,4941447,2495634.0,1595.05,1579.0995,1611.0005,7.0,1483.3965,A,100.0,51.6,79.6,64.4,58.0,59.9,1.78,3.0,0,0.1993,8.0854,0.2364,1.5699,1.5043,6.7584,18.0,-0.0,-0.0,-0.0,-0.0,0.0,84.2,84.2,0.1987,0.1084,0.0745,0.2111,80,continuous_power,False,1,84.2,2,0.0,,0.0,0.0,0.0,84.2,52.3,31.2,0|0|0|0|0
2024-03-26,INDUSTOWER.NS,A_breakout_40d,283.65,233.688,192.9792,271.3,51320717,23905780.35,283.65,280.8135,286.4865,7.0,263.7945,A,100.0,86.4,82.9,69.6,58.0,59.9,1.89,3.0,0,4.5522,21.3798,2.8382,0.8926,3.6306,27.782,18.0,-0.0,-0.0,-0.0,-0.0,0.0,87.8,87.8,0.206,0.1233,0.0745,0.2943,79,continuous_power,False,1,87.8,2,0.0,,0.0,0.0,0.0,87.8,39.3,31.2,0|0|0|0|0
2024-03-26,PIDILITIND.NS,A_breakout_40d,1500.8,1363.386,1298.8773,1480.05,2070852,1117978.9,1515.575,1500.4192,1530.7307,7.0,1409.4847,A,74.8,61.2,77.0,69.4,58.0,59.9,0.73,2.92,0,1.402,10.0789,0.7331,0.6252,0.879,10.7391,18.0,-0.0,-0.0,-0.0,-0.0,0.0,88.1,88.1,0.2294,0.0815,0.0414,0.2725,77,continuous_power,False,1,88.1,2,0.0,,0.0,0.0,0.0,88.1,46.3,31.2,0|0|0|0|0
2024-03-27,BAJAJ-AUTO.NS,A_breakout_40d,9162.5,8065.141,5977.271,8960.5498,1034030,651410.6,9162.5,9070.875,9254.125,7.0,8521.125,A,100.0,68.0,71.7,71.7,58.0,59.9,2.29,3.0,0,2.2538,13.6062,-0.0173,1.2435,0.2435,14.4261,18.0,-0.0,-0.0,-0.0,-0.0,0.0,81.6,81.6,0.206,0.1154,0.0745,0.2725,79,continuous_power,False,1,81.6,2,0.0,,0.0,0.0,0.0,81.6,34.9,31.1,0|0|0|0|0
2024-03-27,MARUTI.NS,A_breakout_40d,12510.3496,11048.208,10324.5775,12337.7002,878986,555866.3,12569.9502,12444.2507,12695.6497,7.0,11690.0537,A,85.0,61.2,71.6,74.2,58.0,59.9,2.02,3.0,1,1.3994,13.2342,0.322,1.6283,0.9503,13.9725,18.0,-0.0,-0.0,-0.0,-0.0,0.0,83.2,83.2,0.206,0.0815,0.052,0.2725,79,continuous_power,False,1,83.2,2,0.0,,0.0,0.0,0.0,83.2,34.9,31.1,0|0|0|0|0
2024-03-27,SIEMENS.NS,A_breakout_40d,3104.4348,2621.6072,2296.5263,2992.905,1348237,551958.7,3104.4348,3073.3905,3135.4792,7.0,2887.1244,A,100.0,79.8,88.9,76.5,58.0,59.9,2.01,3.0,1,3.7265,18.4172,0.6149,1.3318,0.9467,22.334,18.0,-0.0,-0.0,-0.0,-0.0,0.0,88.3,88.3,0.206,0.1154,0.0745,0.2943,79,continuous_power,False,1,88.3,2,0.0,,0.0,0.0,0.0,88.3,43.8,31.2,0|0|0|0|0
2024-03-28,EICHERMOT.NS,A_breakout_40d,4019.3,3828.056,3631.5415,4002.75,1307106,788361.55,4060.8,4020.192,4101.408,7.0,3776.544,A,77.1,53.3,73.2,61.7,58.0,59.9,0.21,0.83,0,0.4135,4.9959,0.0383,1.7339,1.1964,6.2394,18.0,-0.0,-0.0,-0.0,-0.0,0.0,72.5,72.5,0.1477,0.0815,0.0414,0.1669,85,continuous_power,False,1,72.5,2,0.0,,0.0,0.0,0.0,72.5,52.3,31.2,0|0|0|0|0
2024-03-28,GRASIM.NS,A_breakout_40d,2287.3,2156.824,1959.5283,2254.8999,1786120,922746.7,2300.0,2277.0,2323.0,7.0,2139.0,A,100.0,61.5,78.7,63.0,58.0,59.9,0.73,2.93,0,1.4369,6.0495,0.12,1.7858,0.9185,7.9742,18.0,-0.0,-0.0,-0.0,-0.0,0.0,85.1,85.1,0.206,0.1154,0.0745,0.2725,79,continuous_power,False,1,85.1,2,0.0,,0.0,0.0,0.0,85.1,52.3,31.2,0|0|0|0|0
2024-03-28,LT.NS,A_breakout_40d,3763.8999,3508.236,3047.3185,3706.3999,4278668,2419521.55,3780.8501,3743.0416,3818.6586,7.0,3516.1906,A,100.0,62.4,75.4,66.3,58.0,59.9,0.37,1.47,0,1.5514,7.2875,0.0041,1.456,0.706,10.1021,18.0,-0.0,-0.0,-0.0,-0.0,0.0,73.9,73.9,0.1678,0.1154,0.0745,0.2,83,continuous_power,False,1,73.9,2,0.0,,0.0,0.0,0.0,73.9,48.3,31.2,0|0|0|0|0
2024-03-28,NESTLEIND.NS,A_breakout_40d,1311.175,1266.3125,1196.0699,1306.375,4365832,2087494.1,1311.175,1298.0633,1324.2868,7.0,1219.3928,A,79.4,52.9,81.8,58.3,58.0,59.9,0.0,0.02,0,0.3674,3.5428,0.0234,1.1601,0.1835,4.0727,18.0,-0.0,-0.0,-0.0,-0.0,0.0,69.5,69.5,0.1329,0.0815,0.052,0.1575,87,continuous_power,False,1,69.5,2,0.0,,0.0,0.0,0.0,69.5,52.3,31.2,0|0|0|0|0
2024-03-28,SUNPHARMA.NS,A_breakout_40d,1620.55,1505.66,1233.1052,1608.9,4427587,2803167.35,1631.6,1615.284,1647.916,7.0,1517.388,A,100.0,55.8,71.6,65.2,58.0,59.9,1.9,3.0,1,0.7241,7.6305,0.3616,0.7701,0.5324,6.0904,18.0,-0.0,-0.0,-0.0,-0.0,0.0,81.4,81.4,0.1987,0.1154,0.0745,0.2111,80,continuous_power,False,1,81.4,2,0.0,,0.0,0.0,0.0,81.4,40.9,31.1,0|0|0|0|0
2024-04-01,DLF.NS,A_breakout_40d,948.25,845.884,635.6172,932.05,8494956,5154002.95,948.25,938.7675,957.7325,7.0,881.8725,A,100.0,63.9,73.0,68.9,58.0,59.9,1.14,3.0,0,1.7381,12.1017,0.7804,2.0599,2.3411,16.5322,18.0,-0.0,-0.0,-0.0,-0.0,0.0,82.3,82.3,0.206,0.1154,0.0745,0.2725,79,continuous_power,False,1,82.3,2,0.0,,0.0,0.0,0.0,82.3,43.8,31.2,0|0|0|0|0
2024-04-01,GOLDBEES.NS,A_breakout_40d,58.32,53.8978,51.7405,56.7,13493168,5837651.4,58.45,57.8655,59.0345,7.0,54.3585,A,70.8,72.9,86.2,77.7,58.0,59.9,0.69,2.75,0,2.8571,8.2048,2.9853,1.0123,5.78,10.6785,18.0,-0.0,-0.0,-0.0,-0.0,0.0,90.3,90.3,0.206,0.0815,0.0414,0.2725,79,continuous_power,False,1,90.3,2,0.0,,0.0,0.0,0.0,90.3,11.6,13.8,0|0|0|0|0
2024-04-01,INDUSTOWER.NS,A_breakout_40d,315.2,238.538,195.0467,291.15,40267500,21667541.8,314.5,311.355,317.645,7.0,292.485,A,100.0,100.0,77.2,78.0,58.0,59.9,3.21,3.0,1,8.2604,32.1383,1.288,1.9636,2.2516,41.9806,18.0,-0.0,-0.0,-0.0,-0.0,0.0,85.0,85.0,0.206,0.1233,0.0745,0.2943,79,continuous_power,False,1,85.0,2,0.0,,0.0,0.0,0.0,85.0,43.8,31.2,0|0|0|0|0
2024-04-01,JSWSTEEL.NS,A_breakout_40d,871.95,815.582,799.86,836.6,6053539,3271683.35,871.1,862.389,879.811,7.0,810.123,A,59.8,83.8,77.0,67.0,58.0,59.9,0.1,0.42,0,4.2254,6.9114,0.9395,1.6404,2.3458,15.0313,18.0,-0.0,-0.0,-0.0,-0.0,0.0,77.0,77.0,0.1678,0.0815,0.0414,0.1669,83,continuous_power,False,1,77.0,2,0.0,,0.0,0.0,0.0,77.0,46.3,31.2,0|0|0|0|0
2024-04-01,VEDL.NS,A_breakout_40d,287.5,270.492,254.6497,285.7,17331916,10230720.1,286.95,284.0805,289.8195,7.0,266.8635,A,81.1,55.0,73.9,62.4,58.0,59.9,0.17,0.68,0,0.63,6.2878,0.681,1.5839,1.368,10.4101,18.0,-0.0,-0.0,-0.0,-0.0,0.0,69.6,69.6,0.1477,0.0815,0.052,0.1575,85,continuous_power,False,1,69.6,2,0.0,,0.0,0.0,0.0,69.6,48.3,31.2,0|0|0|0|0
2024-04-02,ADANIPORTS.NS,A_breakout_40d,1404.15,1270.3,953.506,1375.9,5769001,3743327.0,1399.85,1385.8515,1413.8485,7.0,1301.8605,A,100.0,66.4,70.8,68.9,58.0,59.9,1.16,3.0,0,2.0532,10.5369,1.5917,0.7763,2.3716,14.9605,18.0,-0.0,-0.0,-0.0,-0.0,0.0,81.6,81.6,0.206,0.1154,0.0745,0.2725,79,continuous_power,False,1,81.6,2,0.0,,0.0,0.0,0.0,81.6,43.3,31.2,0|0|0|0|0
2024-04-02,ADANIPOWER.NS,A_breakout_40d,117.69,109.9208,82.3065,115.34,35051615,12227138.0,118.0,116.82,119.18,7.0,109.74,A,100.0,66.3,97.3,64.9,58.0,59.9,0.09,0.35,0,2.0375,7.068,2.5961,0.5865,4.4189,17.9664,18.0,-0.0,-0.0,-0.0,-0.0,0.0,75.2,75.2,0.1477,0.1154,0.0745,0.1669,85,continuous_power,False,1,75.2,2,0.0,,0.0,0.0,0.0,75.2,39.3,31.2,0|0|0|0|0
2024-04-02,BEL.NS,A_breakout_40d,221.0,194.084,154.4997,215.2,93873385,36233070.45,221.7,219.483,223.917,7.0,206.181,A,100.0,71.6,91.8,69.8,58.0,59.9,1.08,3.0,0,2.6952,13.8682,1.2553,1.0966,2.595,20.4605,18.0,-0.0,-0.0,-0.0,-0.0,0.0,91.2,91.2,0.2294,0.1154,0.0745,0.3324,77,continuous_power,False,1,91.2,2,0.0,,0.0,0.0,0.0,91.2,43.8,31.2,0|0|0|0|0
2024-04-02,VEDL.NS,A_breakout_40d,301.3,271.054,254.7685,287.5,27928247,11156906.4,301.2,298.188,304.212,7.0,280.116,A,82.0,88.4,90.1,69.0,58.0,59.9,0.3,1.19,1,4.8,11.1587,-0.1913,1.6222,1.5076,21.9231,18.0,-0.0,-0.0,-0.0,-0.0,0.0,85.7,85.7,0.1987,0.1154,0.052,0.2725,80,continuous_power,False,1,85.7,2,0.0,,0.0,0.0,0.0,85.7,43.8,31.2,0|0|0|0|0
2024-04-03,ADANIPOWER.NS,A_breakout_40d,123.57,110.3064,82.6481,117.69,45128980,14236396.0,126.03,124.7697,127.2903,7.0,117.2079,A,100.0,90.0,100.0,70.8,58.0,59.9,0.51,2.05,1,4.9962,12.0243,0.2634,1.1782,2.2589,27.9659,18.0,-0.0,-0.0,-0.0,-0.0,0.0,91.7,91.7,0.2294,0.1233,0.0745,0.3324,77,continuous_power,False,1,91.7,2,0.0,,0.0,0.0,0.0,91.7,43.8,31.2,0|0|0|0|0
2024-04-04,ADANIPOWER.NS,A_breakout_40d,128.4,110.7802,83.0186,123.57,38586785,15841467.5,126.0,124.74,127.26,7.0,117.18,A,100.0,81.3,88.7,74.5,58.0,59.9,1.03,3.0,2,3.9087,15.9052,1.9908,0.7753,2.2999,31.1085,18.0,-0.0,-0.0,-0.0,-0.0,0.0,89.7,89.7,0.2294,0.1154,0.0745,0.3108,77,continuous_power,False,1,89.7,2,0.0,,0.0,0.0,0.0,89.7,39.3,31.2,0|0|0|0|0
2024-04-04,VEDL.NS,A_breakout_40d,309.95,272.581,255.0392,301.3,24723528,12257000.15,311.05,307.9395,314.1605,7.0,289.2765,A,84.4,73.0,80.3,71.2,58.0,59.9,0.87,3.0,2,2.8709,13.7093,2.4264,1.1407,2.5818,21.2497,18.0,-0.0,-0.0,-0.0,-0.0,0.0,87.8,87.8,0.206,0.0912,0.052,0.2725,79,continuous_power,False,1,87.8,2,0.0,,0.0,0.0,0.0,87.8,39.3,31.2,0|0|0|0|0
2024-04-05,BAJAJFINSV.NS,A_breakout_40d,1677.95,1600.518,1593.4188,1656.55,2364243,1531857.15,1690.0,1673.1,1706.9,7.0,1571.7,A,52.2,60.3,70.9,65.5,58.0,59.9,0.32,1.27,0,1.2918,4.8379,0.1631,0.8586,0.5749,6.6318,18.0,-0.0,-0.0,-0.0,-0.0,0.0,79.9,79.9,0.1678,0.0815,0.0223,0.2,83,continuous_power,False,1,79.9,2,0.0,,0.0,0.0,0.0,79.9,52.3,31.2,0|0|0|0|0
2024-04-05,VEDL.NS,A_breakout_40d,318.95,273.631,255.244,309.95,22256365,12377442.8,323.9,320.661,327.139,7.0,301.227,A,86.0,73.2,76.0,74.3,58.0,59.9,1.27,3.0,3,2.9037,16.5621,0.3549,1.6556,2.8075,23.6223,18.0,-0.0,-0.0,-0.0,-0.0,0.0,86.2,86.2,0.2294,0.0912,0.052,0.2943,77,continuous_power,False,1,86.2,2,0.0,,0.0,0.0,0.0,86.2,43.8,31.2,0|0|0|0|0
2024-04-08,EICHERMOT.NS,A_breakout_40d,4205.75,3861.487,3643.2062,4031.25,2165986,845938.05,4247.7998,4205.3218,4290.2778,7.0,3950.4538,A,80.0,84.6,91.2,69.1,58.0,59.9,0.81,3.0,0,4.3287,8.9153,-0.1563,2.34,1.34,16.6793,18.0,-0.0,-0.0,-0.0,-0.0,0.0,94.9,94.9,0.2294,0.1154,0.052,0.2943,77,continuous_power,False,1,94.9,2,0.0,,0.0,0.0,0.0,94.9,43.8,31.2,0|0|0|0|0
2024-04-08,GOLDBEES.NS,A_breakout_40d,60.21,54.5362,51.9495,59.18,10360893,6818680.8,60.63,60.0237,61.2363,7.0,56.3859,A,74.9,63.9,70.4,82.7,58.0,59.9,1.18,3.0,0,1.7405,10.4037,1.5077,0.6519,4.7214,10.3077,18.0,-0.0,-0.0,-0.0,-0.0,0.0,83.1,83.1,0.2294,0.0815,0.0403,0.2725,77,continuous_power,False,1,83.1,2,0.0,,0.0,0.0,0.0,83.1,7.9,8.3,0|0|0|0|0
2024-04-08,SILVERBEES.NS,A_breakout_40d,80.53,71.2352,71.087,78.03,11701802,6048790.55,80.98,80.1702,81.7898,7.0,75.3114,A,51.0,75.6,78.7,81.6,58.0,59.9,1.06,3.0,0,3.2039,13.048,1.8364,1.216,2.0524,17.422,18.0,-0.0,-0.0,-0.0,-0.0,0.0,90.9,90.9,0.206,0.0815,0.0223,0.2725,79,continuous_power,False,1,90.9,2,0.0,,0.0,0.0,0.0,90.9,27.9,31.1,0|0|0|0|0
2024-04-09,SILVERBEES.NS,A_breakout_40d,81.01,71.4528,71.1415,80.53,9664307,6341565.2,81.47,80.6553,82.2847,7.0,75.7671,A,52.2,54.8,70.5,82.4,58.0,59.9,1.25,3.0,1,0.5961,13.3755,0.5588,0.7751,1.9955,13.8071,18.0,-0.0,-0.0,-0.0,-0.0,0.0,86.1,86.1,0.2294,0.0815,0.0223,0.2111,77,continuous_power,False,1,86.1,2,0.0,,0.0,0.0,0.0,86.1,16.1,13.8,0|0|0|0|0
2024-04-09,TATAPOWER.NS,A_breakout_40d,429.9,389.296,296.3635,425.25,37377906,19521072.9,432.0,427.68,436.32,7.0,401.76,A,100.0,58.7,78.3,68.9,58.0,59.9,1.78,3.0,0,1.0935,10.4301,0.1561,1.923,1.5687,12.0324,18.0,-0.0,-0.0,-0.0,-0.0,0.0,84.2,84.2,0.206,0.1154,0.0682,0.2725,79,continuous_power,False,1,84.2,2,0.0,,0.0,0.0,0.0,84.2,46.3,31.2,0|0|0|0|0
2024-04-09,VEDL.NS,A_breakout_40d,338.0,276.563,255.739,323.3,32086038,13662516.8,347.0,343.53,350.47,7.0,322.71,A,90.7,86.4,87.0,79.5,58.0,59.9,2.03,3.0,2,4.5469,22.2145,0.2475,1.8286,2.1624,29.9611,18.0,-0.0,-0.0,-0.0,-0.0,0.0,89.3,89.3,0.206,0.1154,0.0602,0.2943,79,continuous_power,False,1,89.3,2,0.0,,0.0,0.0,0.0,89.3,43.8,31.2,0|0|0|0|0
2024-04-10,HINDALCO.NS,A_breakout_40d,603.05,545.897,503.184,591.3,11748104,6655909.05,609.05,602.9595,615.1405,7.0,566.4165,A,92.4,65.9,75.3,73.6,58.0,59.9,0.48,1.92,0,1.9871,10.4696,1.2912,0.9431,1.8011,14.1742,18.0,-0.0,-0.0,-0.0,-0.0,0.0,78.7,78.7,0.1987,0.0912,0.052,0.2111,80,continuous_power,False,1,78.7,2,0.0,,0.0,0.0,0.0,78.7,34.9,31.1,0|0|0|0|0
2024-04-10,INDIGO.NS,A_breakout_40d,3795.3,3225.472,2782.3723,3634.0,2692686,1438582.75,3830.0,3791.7,3868.3,7.0,3561.9,A,100.0,85.5,77.4,78.7,58.0,59.9,2.05,3.0,0,4.4386,17.6665,1.2576,1.462,1.9956,22.4861,18.0,-0.0,-0.0,-0.0,-0.0,0.0,84.1,84.1,0.206,0.1154,0.0745,0.2943,79,continuous_power,False,1,84.1,2,0.0,,0.0,0.0,0.0,84.1,32.4,31.1,0|0|0|0|0
2024-04-10,VEDL.NS,A_breakout_40d,361.8,278.527,256.1477,338.0,75804480,17142033.4,365.55,361.8945,369.2055,7.0,339.9615,A,93.7,100.0,100.0,84.0,58.0,59.9,2.5,3.0,3,7.0414,29.8976,2.6627,2.0054,4.4213,42.8506,18.0,-0.0,-0.0,-0.0,-0.0,0.0,94.8,94.8,0.2294,0.1154,0.0745,0.3324,77,continuous_power,False,1,94.8,2,0.0,,0.0,0.0,0.0,94.8,39.3,31.2,0|0|0|0|0
2024-04-12,BEL.NS,A_breakout_40d,233.5,199.236,158.1262,228.75,57174716,37920049.1,230.0,227.7,232.3,7.0,213.9,A,100.0,66.6,70.2,75.3,58.0,59.9,1.94,3.0,0,2.0765,17.1977,1.1148,0.7014,1.3756,18.3492,18.0,-0.0,-0.0,-0.0,-0.0,0.0,79.6,79.6,0.1987,0.1084,0.0745,0.2111,80,continuous_power,False,1,79.6,2,0.0,,0.0,0.0,0.0,79.6,32.4,31.1,0|0|0|0|0
2024-04-12,VEDL.NS,A_breakout_40d,372.95,280.63,256.6097,361.8,39995547,18780788.2,374.0,370.26,377.74,7.0,347.82,A,96.8,74.7,82.6,85.5,58.0,59.9,2.95,3.0,2,3.0818,32.8974,1.0365,1.1397,3.7439,41.4282,18.0,-0.0,-0.0,-0.0,-0.0,0.0,84.4,84.4,0.206,0.0912,0.0598,0.2943,79,continuous_power,False,1,84.4,2,0.0,,0.0,0.0,0.0,84.4,43.8,31.2,0|0|0|0|0
2024-04-15,HINDALCO.NS,A_breakout_40d,612.7,547.381,504.9653,603.05,27067692,8338213.2,612.7,606.573,618.827,7.0,569.811,A,92.0,62.8,100.0,74.3,58.0,59.9,0.62,2.48,1,1.6002,11.933,2.7311,1.3193,3.7469,14.1987,18.0,-0.0,-0.0,-0.0,-0.0,0.0,91.5,91.5,0.206,0.0912,0.052,0.2943,79,continuous_power,False,1,91.5,2,0.0,,0.0,0.0,0.0,91.5,41.8,31.2,0|0|0|0|0
2024-04-18,BHARTIARTL.NS,A_breakout_40d,1265.75,1176.055,1004.391,1236.1,19939924,7279010.8,1280.0,1267.2,1292.8,7.0,1190.4,A,100.0,69.2,94.8,66.1,58.0,59.9,0.61,2.45,0,2.3987,7.6268,0.2918,2.4028,1.6946,9.6116,18.0,-0.0,-0.0,-0.0,-0.0,0.0,89.5,89.5,0.1987,0.1154,0.0745,0.2943,80,continuous_power,False,1,89.5,2,0.0,,0.0,0.0,0.0,89.5,48.3,31.2,0|0|0|0|0
2024-04-18,INDUSTOWER.NS,A_breakout_40d,344.4,260.642,203.8225,334.55,40001173,23196446.4,342.05,338.6295,345.4705,7.0,318.1065,A,100.0,73.6,74.5,77.9,58.0,59.9,4.3,3.0,0,2.9443,32.1353,0.9023,1.3624,1.7355,25.1828,18.0,-0.0,-0.0,-0.0,-0.0,0.0,81.7,81.7,0.206,0.1154,0.0745,0.2725,79,continuous_power,False,1,81.7,2,0.0,,0.0,0.0,0.0,81.7,43.8,31.2,0|0|0|0|0
2024-04-18,TRENT.NS,A_breakout_40d,4087.1001,3883.663,2707.163,4081.1001,1484951,693867.4,4087.95,4047.0705,4128.8295,7.0,3801.7935,A,100.0,51.2,82.8,60.5,58.0,59.9,2.32,3.0,0,0.147,5.2383,-0.005,1.8241,0.9569,5.1671,18.0,-0.0,-0.0,-0.0,-0.0,0.0,85.9,85.9,0.1987,0.1154,0.0745,0.2111,80,continuous_power,False,1,85.9,2,0.0,,0.0,0.0,0.0,85.9,52.3,31.2,0|0|0|0|0
2024-04-18,VEDL.NS,A_breakout_40d,388.5,287.203,258.0732,378.2,35907412,22081476.45,388.2,384.318,392.082,7.0,361.026,A,100.0,71.8,72.5,86.2,58.0,59.9,3.85,3.0,1,2.7234,35.2702,1.8112,0.764,1.9524,33.9709,18.0,-0.0,-0.0,-0.0,-0.0,0.0,79.2,79.2,0.206,0.0912,0.0602,0.2725,79,continuous_power,False,1,79.2,2,0.0,,0.0,0.0,0.0,79.2,27.9,31.1,0|0|0|0|0
2024-04-19,BHARTIARTL.NS,A_breakout_40d,1289.0,1178.819,1006.562,1265.75,13103862,7727149.9,1304.0,1290.96,1317.04,7.0,1212.72,A,100.0,64.7,73.9,69.9,58.0,59.9,0.73,2.92,1,1.8369,9.3467,1.1258,1.4723,2.7844,11.3752,18.0,-0.0,-0.0,-0.0,-0.0,0.0,82.3,82.3,0.206,0.1154,0.0745,0.2725,79,continuous_power,False,1,82.3,2,0.0,,0.0,0.0,0.0,82.3,36.9,31.1,0|0|0|0|0
2024-04-19,INDUSTOWER.NS,A_breakout_40d,351.4,263.347,204.77,344.4,40376246,24918351.0,352.0,348.48,355.52,7.0,327.36,A,100.0,66.3,72.4,79.6,58.0,59.9,4.54,3.0,1,2.0325,33.4361,-0.6823,1.5176,1.4029,25.537,18.0,-0.0,-0.0,-0.0,-0.0,0.0,80.1,80.1,0.206,0.0912,0.0602,0.2725,79,continuous_power,False,1,80.1,2,0.0,,0.0,0.0,0.0,80.1,40.8,31.2,0|0|0|0|0
2024-04-19,TRENT.NS,A_breakout_40d,4158.9502,3904.321,2719.333,4087.1001,1180675,736474.25,4215.2998,4173.1468,4257.4528,7.0,3920.2288,A,100.0,64.1,72.1,64.1,58.0,59.9,2.43,3.0,1,1.758,6.5217,0.0208,1.735,1.3326,9.6367,18.0,-0.0,-0.0,-0.0,-0.0,0.0,83.0,83.0,0.206,0.1154,0.0745,0.2725,79,continuous_power,False,1,83.0,2,0.0,,0.0,0.0,0.0,83.0,48.3,31.2,0|0|0|0|0
2024-04-22,TRENT.NS,A_breakout_40d,4168.6001,3927.15,2731.4078,4158.9502,1179181,770965.45,4215.0,4172.85,4257.15,7.0,3919.95,A,100.0,51.9,70.6,64.6,58.0,59.9,2.6,3.0,2,0.232,6.1482,1.3549,1.4843,2.3682,7.711,18.0,-0.0,-0.0,-0.0,-0.0,0.0,80.9,80.9,0.1987,0.1084,0.0745,0.2111,80,continuous_power,False,1,80.9,2,0.0,,0.0,0.0,0.0,80.9,40.9,31.1,0|0|0|0|0
2024-04-23,BHARTIARTL.NS,A_breakout_40d,1342.35,1186.665,1011.1773,1297.55,12074766,8010633.45,1352.0,1338.48,1365.52,7.0,1257.36,A,100.0,77.6,70.1,76.8,58.0,59.9,1.18,3.0,2,3.4527,13.1195,0.9595,1.5602,2.3342,17.8054,18.0,-0.0,-0.0,-0.0,-0.0,0.0,80.9,80.9,0.206,0.1154,0.0745,0.2725,79,continuous_power,False,1,80.9,2,0.0,,0.0,0.0,0.0,80.9,13.6,13.8,0|0|0|0|0
2024-04-23,GRASIM.NS,A_breakout_40d,2370.1499,2211.758,1999.8433,2306.3501,1823447,719942.3,2378.0,2354.22,2401.78,7.0,2211.54,A,100.0,72.1,90.7,65.8,58.0,59.9,0.72,2.89,0,2.7663,7.1614,-0.0921,1.951,1.008,12.0186,18.0,-0.0,-0.0,-0.0,-0.0,0.0,91.0,91.0,0.2294,0.1154,0.0745,0.3108,77,continuous_power,False,1,91.0,2,0.0,,0.0,0.0,0.0,91.0,48.3,31.2,0|0|0|0|0
2024-04-25,AXISBANK.NS,A_breakout_40d,1127.0,1070.125,1034.4025,1125.0,46136295,13157449.75,1130.0,1118.7,1141.3,7.0,1050.9,A,67.3,51.4,100.0,66.4,58.0,59.9,0.09,0.34,0,0.1778,5.3148,3.4564,1.9159,4.3889,11.1791,18.0,-0.0,-0.0,-0.0,-0.0,0.0,83.7,83.7,0.1678,0.0815,0.0229,0.2037,83,continuous_power,False,1,83.7,2,0.0,,0.0,0.0,0.0,83.7,39.8,31.2,0|0|0|0|0
2024-04-25,JSWSTEEL.NS,A_breakout_40d,905.8,832.302,808.2428,883.95,4893459,2895465.4,910.0,900.9,919.1,7.0,846.3,A,64.9,69.8,73.8,66.0,58.0,59.9,0.59,2.36,0,2.4719,8.8307,0.0,1.4924,0.9446,12.7281,18.0,-0.0,-0.0,-0.0,-0.0,0.0,87.2,87.2,0.2294,0.0815,0.0403,0.2725,77,continuous_power,False,1,87.2,2,0.0,,0.0,0.0,0.0,87.2,48.3,31.2,0|0|0|0|0
2024-04-25,SBIN.NS,A_breakout_40d,812.7,756.139,637.475,788.05,36732974,15389791.9,815.9,807.741,824.059,7.0,758.787,A,100.0,75.0,87.7,69.9,58.0,59.9,1.5,3.0,0,3.128,7.4802,-0.3169,2.6558,2.1538,14.3273,18.0,-0.0,-0.0,-0.0,-0.0,0.0,89.3,89.3,0.2294,0.1154,0.0745,0.2943,77,continuous_power,False,1,89.3,2,0.0,,0.0,0.0,0.0,89.3,46.3,31.2,0|0|0|0|0
2024-04-26,INDIGO.NS,A_breakout_40d,3935.3501,3351.211,2841.151,3812.55,1760839,1136228.7,4001.0,3960.99,4041.01,7.0,3720.93,A,100.0,75.8,71.0,72.9,58.0,59.9,1.98,3.0,0,3.2209,17.4307,1.1921,1.1409,1.333,18.9212,18.0,-0.0,-0.0,-0.0,-0.0,0.0,81.9,81.9,0.206,0.1154,0.0745,0.2725,79,continuous_power,False,1,81.9,2,0.0,,0.0,0.0,0.0,81.9,32.4,31.1,0|0|0|0|0
2024-04-29,ICICIBANK.NS,A_breakout_40d,1160.15,1077.076,997.7415,1113.75,28578063,14032814.0,1159.95,1148.3505,1171.5495,7.0,1078.7535,A,89.8,83.3,80.7,71.7,58.0,59.9,0.98,3.0,0,4.1661,7.7129,0.009,2.3977,1.4067,14.5018,18.0,-0.0,-0.0,-0.0,-0.0,0.0,88.0,88.0,0.206,0.1154,0.0682,0.2725,79,continuous_power,False,1,88.0,2,0.0,,0.0,0.0,0.0,88.0,34.9,31.1,0|0|0|0|0
2024-04-29,SBIN.NS,A_breakout_40d,826.5,760.032,639.7405,812.7,27302732,15264789.85,826.5,818.235,834.765,7.0,768.645,A,100.0,63.6,75.8,70.0,58.0,59.9,1.41,3.0,1,1.698,8.7454,0.7113,1.793,1.8253,13.7737,18.0,-0.0,-0.0,-0.0,-0.0,0.0,83.3,83.3,0.206,0.1154,0.0745,0.2725,79,continuous_power,False,1,83.3,2,0.0,,0.0,0.0,0.0,83.3,34.9,31.1,0|0|0|0|0
2024-04-30,M&M.NS,A_breakout_40d,2156.3501,1946.764,1674.9273,2096.8501,5745143,3004184.25,2165.1001,2143.4491,2186.7511,7.0,2013.5431,A,100.0,72.7,78.2,67.7,58.0,59.9,2.16,3.0,0,2.8376,10.7659,0.5334,1.6169,1.2984,11.6336,18.0,-0.0,-0.0,-0.0,-0.0,0.0,85.8,85.8,0.206,0.1154,0.0745,0.2943,79,continuous_power,False,1,85.8,2,0.0,,0.0,0.0,0.0,85.8,36.9,31.1,0|0|0|0|0
2024-04-30,POWERGRID.NS,A_breakout_40d,301.85,280.697,228.5997,295.0,33288857,16789361.5,301.95,298.9305,304.9695,7.0,280.8135,A,100.0,68.6,79.7,71.9,58.0,59.9,0.82,3.0,0,2.322,7.5359,0.0,1.6309,0.6429,11.2559,18.0,-0.0,-0.0,-0.0,-0.0,0.0,85.0,85.0,0.206,0.1154,0.0745,0.2725,79,continuous_power,False,1,85.0,2,0.0,,0.0,0.0,0.0,85.0,34.9,31.1,0|0|0|0|0
2024-04-30,TRENT.NS,A_breakout_40d,4409.8999,4003.845,2807.5885,4323.1499,4924865,1061531.0,4409.8999,4365.8009,4453.9989,7.0,4101.2069,A,100.0,66.1,100.0,73.9,58.0,59.9,1.37,3.0,0,2.0066,10.1416,3.1501,1.6607,6.1049,12.276,18.0,-0.0,-0.0,-0.0,-0.0,0.0,93.3,93.3,0.2294,0.1154,0.0602,0.3324,77,continuous_power,False,1,93.3,2,0.0,,0.0,0.0,0.0,93.3,28.4,31.1,0|0|0|0|0
2024-05-02,GRASIM.NS,A_breakout_40d,2437.3501,2244.851,2018.5344,2411.6499,1466226,764956.35,2442.0,2417.58,2466.42,7.0,2271.06,A,100.0,58.5,78.3,68.1,58.0,59.9,1.29,3.0,0,1.0657,8.5751,-0.0684,0.9281,0.6815,9.8573,18.0,-0.0,-0.0,-0.0,-0.0,0.0,83.9,83.9,0.1987,0.1154,0.0745,0.2725,80,continuous_power,False,1,83.9,2,0.0,,0.0,0.0,0.0,83.9,48.3,31.2,0|0|0|0|0
2024-05-02,NTPC.NS,A_breakout_40d,369.05,343.871,277.5562,363.5,27892188,17814197.9,372.3,368.577,376.023,7.0,346.239,A,100.0,62.2,71.3,66.4,58.0,59.9,1.11,3.0,0,1.5268,7.3222,0.0,1.0245,0.4006,8.721,18.0,-0.0,-0.0,-0.0,-0.0,0.0,82.1,82.1,0.206,0.1154,0.0745,0.2725,79,continuous_power,False,1,82.1,2,0.0,,0.0,0.0,0.0,82.1,36.9,31.1,0|0|0|0|0
2024-05-02,POWERGRID.NS,A_breakout_40d,313.6,281.496,229.1826,301.85,44059506,18545066.8,312.0,308.88,315.12,7.0,290.16,A,100.0,81.1,87.5,78.0,58.0,59.9,0.94,3.0,1,3.8927,11.4048,0.0331,1.9771,1.4519,18.6129,18.0,-0.0,-0.0,-0.0,-0.0,0.0,87.5,87.5,0.206,0.1154,0.0745,0.2943,79,continuous_power,False,1,87.5,2,0.0,,0.0,0.0,0.0,87.5,32.4,31.1,0|0|0|0|0
2024-05-02,TRENT.NS,A_breakout_40d,4646.7002,4018.359,2822.0505,4409.8999,1998618,1135299.4,4680.2002,4633.3982,4727.0022,7.0,4352.5862,A,100.0,93.0,75.2,80.7,58.0,59.9,1.43,3.0,1,5.3697,15.6368,0.0,1.481,3.1486,23.8124,18.0,-0.0,-0.0,-0.0,-0.0,0.0,82.8,82.8,0.206,0.1154,0.0745,0.2725,79,continuous_power,False,1,82.8,2,0.0,,0.0,0.0,0.0,82.8,32.4,31.1,0|0|0|0|0
2024-05-03,COALINDIA.NS,A_breakout_40d,474.6,444.194,346.9807,461.6,51071947,10531542.8,479.0,474.21,483.79,7.0,445.47,A,100.0,72.5,100.0,67.5,58.0,59.9,0.03,0.13,0,2.8163,6.8452,0.8813,2.2696,2.6516,11.5592,18.0,-0.0,-0.0,-0.0,-0.0,0.0,80.4,80.4,0.1678,0.1154,0.0602,0.2111,83,continuous_power,False,1,80.4,2,0.0,,0.0,0.0,0.0,80.4,48.3,31.2,0|0|0|0|0
2024-05-06,BRITANNIA.NS,A_breakout_40d,5061.6001,4855.908,4816.079,4980.0,2837757,498162.15,5057.9502,5007.3707,5108.5297,7.0,4703.8937,A,54.1,63.1,100.0,67.7,58.0,59.9,-0.28,0.0,0,1.6386,4.2359,1.567,3.8959,4.7784,10.3359,18.0,-0.0,-0.0,-0.0,-0.0,0.0,85.4,85.4,0.1678,0.0815,0.0223,0.2037,83,continuous_power,False,1,85.4,2,0.0,,0.0,0.0,0.0,85.4,45.3,31.2,0|0|0|0|0
2024-05-06,SIEMENS.NS,A_breakout_40d,3585.1875,3034.8989,2433.9529,3479.7622,1312335,495975.85,3606.5249,3570.4597,3642.5902,7.0,3354.0682,A,100.0,74.2,92.9,80.5,58.0,59.9,3.14,3.0,0,3.0297,18.132,0.539,1.5807,1.5781,16.386,18.0,-0.0,-0.0,-0.0,-0.0,0.0,89.0,89.0,0.206,0.1154,0.0602,0.2943,79,continuous_power,False,1,89.0,2,0.0,,0.0,0.0,0.0,89.0,32.4,31.1,0|0|0|0|0
2024-05-07,BRITANNIA.NS,A_breakout_40d,5173.8501,4860.88,4816.5288,5061.6001,1156073,537339.5,5151.0,5099.49,5202.51,7.0,4790.43,A,54.6,67.7,83.0,72.4,58.0,59.9,-0.11,0.0,1,2.2177,6.4385,-0.0721,1.5596,3.6836,14.5512,18.0,-0.0,-0.0,-0.0,-0.0,0.0,79.8,79.8,0.1678,0.0815,0.0223,0.2037,83,continuous_power,False,1,79.8,2,0.0,,0.0,0.0,0.0,79.8,46.3,31.2,0|0|0|0|0
2024-05-07,GODREJCP.NS,A_breakout_40d,1322.35,1223.975,1096.7575,1253.45,8181717,1342797.25,1319.0,1305.81,1332.19,7.0,1226.67,A,100.0,94.0,100.0,71.2,58.0,59.9,0.29,1.15,0,5.4968,8.0373,1.7198,2.3219,3.763,18.6379,18.0,-0.0,-0.0,-0.0,-0.0,0.0,86.6,86.6,0.1987,0.1233,0.0745,0.2943,80,continuous_power,False,1,86.6,2,0.0,,0.0,0.0,0.0,86.6,40.8,31.2,0|0|0|0|0
2024-05-08,GODREJCP.NS,A_breakout_40d,1350.3,1226.43,1098.1673,1322.35,2833714,1401749.8,1342.0,1328.58,1355.42,7.0,1248.06,A,100.0,66.9,80.4,74.2,58.0,59.9,0.45,1.81,1,2.1137,10.1001,-0.2533,1.6354,2.7646,17.7274,18.0,-0.0,-0.0,-0.0,-0.0,0.0,79.1,79.1,0.1987,0.1154,0.0602,0.2725,80,continuous_power,False,1,79.1,2,0.0,,0.0,0.0,0.0,79.1,43.8,31.2,0|0|0|0|0
2024-05-08,SIEMENS.NS,A_breakout_40d,3701.0317,3076.5436,2448.053,3585.1875,926467,526298.7,3709.2498,3672.1573,3746.3423,7.0,3449.6023,A,100.0,75.8,75.2,83.5,58.0,59.9,3.28,3.0,1,3.2312,20.2984,0.4036,1.9329,2.0526,19.8925,18.0,-0.0,-0.0,-0.0,-0.0,0.0,81.5,81.5,0.206,0.1154,0.0602,0.2725,79,continuous_power,False,1,81.5,2,0.0,,0.0,0.0,0.0,81.5,13.6,13.8,0|0|0|0|0
2024-05-09,HEROMOTOCO.NS,A_breakout_40d,4764.8999,4524.148,3782.8867,4722.2998,3589872,832187.15,4788.6001,4740.7141,4836.4861,7.0,4453.3981,A,100.0,57.2,100.0,65.3,58.0,59.9,-0.37,0.0,0,0.9021,5.3215,0.8908,2.3443,3.3182,10.2992,18.0,-0.0,-0.0,-0.0,-0.0,0.0,77.5,77.5,0.1678,0.1154,0.052,0.2037,83,continuous_power,False,1,77.5,2,0.0,,0.0,0.0,0.0,77.5,46.3,31.2,0|0|0|0|0
2024-05-10,HEROMOTOCO.NS,A_breakout_40d,4877.3999,4531.793,3791.5922,4764.8999,1520297,860905.9,4908.0,4858.92,4957.08,7.0,4564.44,A,100.0,68.9,75.3,69.5,58.0,59.9,-0.09,0.0,1,2.361,7.6263,0.4974,1.3758,2.4378,15.8523,18.0,-0.0,-0.0,-0.0,-0.0,0.0,69.5,69.5,0.1678,0.1154,0.052,0.2037,83,continuous_power,False,1,69.5,2,0.0,,0.0,0.0,0.0,69.5,46.3,31.2,0|0|0|0|0
2024-05-13,SIEMENS.NS,A_breakout_40d,3885.9954,3139.8115,2470.9407,3701.0317,2284971,661126.45,3909.7688,3870.6711,3948.8665,7.0,3636.085,A,100.0,90.0,100.0,80.4,58.0,59.9,3.46,3.0,1,4.9976,23.7652,1.0449,2.426,2.8699,24.2714,18.0,-0.0,-0.0,-0.0,-0.0,0.0,92.9,92.9,0.206,0.1154,0.0745,0.3108,79,continuous_power,False,1,92.9,2,0.0,,0.0,0.0,0.0,92.9,32.4,31.1,0|0|0|0|0
2024-05-14,SIEMENS.NS,A_breakout_40d,3909.6807,3164.4033,2479.6248,3885.9954,1145060,701246.4,4120.7363,4079.529,4161.9437,7.0,3832.2848,A,100.0,54.9,72.7,81.0,58.0,59.9,3.59,3.0,2,0.6095,23.5519,0.6118,1.1481,2.4895,21.4748,18.0,-0.0,-0.0,-0.0,-0.0,0.0,79.2,79.2,0.206,0.0912,0.052,0.2725,79,continuous_power,False,1,79.2,2,0.0,,0.0,0.0,0.0,79.2,32.4,31.1,0|0|0|0|0
2024-05-15,SIEMENS.NS,A_breakout_40d,4179.0254,3194.1524,2489.6301,3909.6807,4758520,920613.9,4179.0254,4137.2351,4220.8156,7.0,3886.4936,A,100.0,100.0,100.0,85.9,58.0,59.9,3.82,3.0,2,6.8892,30.8336,5.3983,1.393,6.3232,37.5386,18.0,-0.0,-0.0,-0.0,-0.0,0.0,92.9,92.9,0.2294,0.1233,0.0745,0.3324,77,continuous_power,False,1,92.9,2,0.0,,0.0,0.0,0.0,92.9,24.4,31.1,0|0|0|0|0
2024-05-16,BHARTIARTL.NS,A_breakout_40d,1345.1,1243.742,1045.414,1342.35,11932181,7549243.2,1353.6,1340.064,1367.136,7.0,1258.848,A,100.0,51.6,71.6,66.2,58.0,59.9,1.47,3.0,0,0.2049,8.1494,1.3818,1.2247,1.8828,7.9475,18.0,-0.0,-0.0,-0.0,-0.0,0.0,81.5,81.5,0.206,0.0912,0.0602,0.2725,79,continuous_power,False,1,81.5,2,0.0,,0.0,0.0,0.0,81.5,40.9,31.1,0|0|0|0|0
2024-05-16,M&M.NS,A_breakout_40d,2371.75,2028.143,1712.0867,2302.3,7444517,3253415.85,2425.3501,2401.0966,2449.6036,7.0,2255.5756,A,100.0,74.1,85.8,76.8,58.0,59.9,1.7,3.0,0,3.0165,16.942,0.7449,1.6281,1.7246,19.6573,18.0,-0.0,-0.0,-0.0,-0.0,0.0,86.9,86.9,0.206,0.1154,0.0745,0.2943,79,continuous_power,False,1,86.9,2,0.0,,0.0,0.0,0.0,86.9,32.4,31.1,0|0|0|0|0
2024-05-16,TECHM.NS,A_breakout_40d,1307.95,1258.032,1241.9838,1293.35,4868225,3081503.6,1309.1,1296.009,1322.191,7.0,1217.463,A,56.5,59.0,71.6,61.5,58.0,59.9,-0.23,0.0,0,1.1288,3.9679,0.9808,0.8751,0.9808,7.501,18.0,-0.0,-0.0,-0.0,-0.0,0.0,77.2,77.2,0.1987,0.0815,0.0223,0.2037,80,continuous_power,False,1,77.2,2,0.0,,0.0,0.0,0.0,77.2,52.3,31.2,0|0|0|0|0
2024-05-17,BEL.NS,A_breakout_40d,248.2,219.649,170.6907,238.95,82231249,28089452.15,283.0,280.17,285.83,7.0,263.19,A,100.0,81.0,98.5,70.9,58.0,59.9,1.38,3.0,0,3.8711,12.9985,1.3031,1.508,2.8856,17.2209,18.0,-0.0,-0.0,-0.0,-0.0,0.0,94.0,94.0,0.2294,0.1233,0.0745,0.3324,77,continuous_power,False,1,94.0,2,0.0,,0.0,0.0,0.0,94.0,43.8,31.2,0|0|0|0|0
2024-05-17,JSWSTEEL.NS,A_breakout_40d,907.45,850.308,814.1118,905.8,4635724,2737141.9,892.0,883.08,900.92,7.0,829.56,A,72.2,51.5,73.9,60.4,58.0,59.9,0.85,3.0,0,0.1822,6.7202,0.1805,1.4264,0.7556,7.3719,18.0,-0.0,-0.0,-0.0,-0.0,0.0,88.0,88.0,0.206,0.0815,0.0414,0.2111,79,continuous_power,False,1,88.0,2,0.0,,0.0,0.0,0.0,88.0,52.3,31.2,0|0|0|0|0
2024-05-17,M&M.NS,A_breakout_40d,2514.6001,2039.787,1717.0422,2371.75,9796445,3566245.0,2503.0,2477.97,2528.03,7.0,2327.79,A,100.0,98.2,94.9,82.5,58.0,59.9,2.0,3.0,1,6.023,23.2776,2.2599,1.7712,3.9923,30.6051,18.0,-0.0,-0.0,-0.0,-0.0,0.0,91.1,91.1,0.206,0.1233,0.0745,0.3108,79,continuous_power,False,1,91.1,2,0.0,,0.0,0.0,0.0,91.1,27.9,31.1,0|0|0|0|0
2024-05-21,ADANIPOWER.NS,A_breakout_40d,136.01,116.9386,93.3964,128.4,61247270,25271980.5,137.58,136.2042,138.9558,7.0,127.9494,A,100.0,97.4,88.5,71.8,58.0,59.9,1.5,3.0,0,5.9268,16.3089,-0.0943,2.3489,1.3489,24.1976,18.0,-0.0,-0.0,-0.0,-0.0,0.0,91.1,91.1,0.2294,0.1233,0.0745,0.3108,77,continuous_power,False,1,91.1,2,0.0,,0.0,0.0,0.0,91.1,43.8,31.2,0|0|0|0|0
2024-05-21,BEL.NS,A_breakout_40d,274.15,221.02,171.4315,248.2,127035921,33079886.15,277.0,274.23,279.77,7.0,257.61,A,100.0,100.0,100.0,81.5,58.0,59.9,1.83,3.0,1,10.4553,24.0385,14.021,1.2036,15.4923,40.966,18.0,-0.0,-0.0,-0.0,-0.0,0.0,94.4,94.4,0.2294,0.1233,0.0745,0.3324,77,continuous_power,False,1,94.4,2,0.0,,0.0,0.0,0.0,94.4,24.4,31.1,0|0|0|0|0
2024-05-21,COALINDIA.NS,A_breakout_40d,490.65,447.259,359.6,474.6,27356982,15106948.75,494.5,489.555,499.445,7.0,459.885,A,100.0,77.1,76.2,66.8,58.0,59.9,0.65,2.61,0,3.3818,9.7015,-0.117,1.3897,0.5018,15.5599,18.0,-0.0,-0.0,-0.0,-0.0,0.0,83.8,83.8,0.206,0.1154,0.0745,0.2725,79,continuous_power,False,1,83.8,2,0.0,,0.0,0.0,0.0,83.8,46.3,31.2,0|0|0|0|0
2024-05-21,HINDALCO.NS,A_breakout_40d,693.6,591.89,529.0215,655.45,15976672,8467891.1,698.55,691.5645,705.5355,7.0,649.6515,A,100.0,96.6,77.7,75.6,58.0,59.9,2.64,3.0,0,5.8204,17.1839,1.6553,1.598,2.2534,21.0211,18.0,-0.0,-0.0,-0.0,-0.0,0.0,85.4,85.4,0.206,0.1233,0.0745,0.2943,79,continuous_power,False,1,85.4,2,0.0,,0.0,0.0,0.0,85.4,29.4,31.1,0|0|0|0|0
2024-05-21,JSWSTEEL.NS,A_breakout_40d,923.45,852.053,814.8508,907.45,5938708,2876182.4,925.0,915.75,934.25,7.0,860.25,A,72.8,64.1,81.3,63.5,58.0,59.9,0.96,3.0,1,1.7632,8.3794,-1.7026,1.4145,0.8393,11.9732,18.0,-0.0,-0.0,-0.0,-0.0,0.0,91.1,91.1,0.206,0.0815,0.0414,0.2725,79,continuous_power,False,1,91.1,2,0.0,,0.0,0.0,0.0,91.1,43.8,31.2,0|0|0|0|0
2024-05-21,SILVERBEES.NS,A_breakout_40d,91.03,77.611,72.5247,84.8,9887567,5198627.25,91.05,90.1395,91.9605,7.0,84.6765,A,85.1,100.0,78.0,83.0,58.0,59.9,2.19,3.0,0,7.3467,17.2901,6.5094,0.7558,6.6339,26.8963,18.0,-0.0,-0.0,-0.0,-0.0,0.0,86.9,86.9,0.206,0.1154,0.0602,0.2943,79,continuous_power,False,1,86.9,2,0.0,,0.0,0.0,0.0,86.9,5.6,13.8,0|0|0|0|0
2024-05-21,TATASTEEL.NS,A_breakout_40d,174.35,159.757,136.6925,167.7,84833644,46372226.45,175.45,173.6955,177.2045,7.0,163.1685,A,100.0,81.7,76.6,69.5,58.0,59.9,1.52,3.0,0,3.9654,9.1345,0.6872,1.6124,1.5949,13.8492,18.0,-0.0,-0.0,-0.0,-0.0,0.0,85.4,85.4,0.206,0.1154,0.0745,0.2943,79,continuous_power,False,1,85.4,2,0.0,,0.0,0.0,0.0,85.4,36.9,31.1,0|0|0|0|0
2024-05-21,VEDL.NS,A_breakout_40d,491.7,345.307,271.7512,442.65,34592201,14517653.3,498.0,493.02,502.98,7.0,463.14,A,100.0,100.0,87.7,81.5,58.0,59.9,5.53,3.0,0,11.081,42.395,6.4046,1.5931,7.4745,45.8746,18.0,-0.0,-0.0,-0.0,-0.0,0.0,88.3,88.3,0.206,0.1233,0.0745,0.2943,79,continuous_power,False,1,88.3,2,0.0,,0.0,0.0,0.0,88.3,35.8,31.2,0|0|0|0|0
2024-05-22,ADANIPOWER.NS,A_breakout_40d,138.29,117.4648,93.8277,136.01,50502835,27480947.25,140.0,138.6,141.4,7.0,130.2,A,100.0,63.4,76.8,73.6,58.0,59.9,1.76,3.0,1,1.6763,17.7289,1.1543,1.0434,2.1419,20.6731,18.0,-0.0,-0.0,-0.0,-0.0,0.0,83.4,83.4,0.206,0.1154,0.0602,0.2725,79,continuous_power,False,1,83.4,2,0.0,,0.0,0.0,0.0,83.4,43.8,31.2,0|0|0|0|0
2024-05-22,BEL.NS,A_breakout_40d,283.6,222.5,172.2142,274.15,85801218,36492492.35,286.3,283.437,289.163,7.0,266.259,A,100.0,77.6,87.0,83.8,58.0,59.9,2.26,3.0,2,3.447,27.4607,1.0396,1.8233,11.8201,37.4954,18.0,-0.0,-0.0,-0.0,-0.0,0.0,86.9,86.9,0.2294,0.1154,0.0602,0.3108,77,continuous_power,False,1,86.9,2,0.0,,0.0,0.0,0.0,86.9,43.8,31.2,0|0|0|0|0
2024-05-22,BRITANNIA.NS,A_breakout_40d,5267.3999,4905.028,4820.7573,5228.3999,748236,491612.75,5261.1499,5208.5384,5313.7614,7.0,4892.8694,A,58.7,56.0,70.4,66.3,58.0,59.9,0.5,1.98,0,0.7459,7.3878,0.8053,0.7265,0.8179,7.9491,18.0,-0.0,-0.0,-0.0,-0.0,0.0,83.5,83.5,0.206,0.0815,0.0229,0.2111,79,continuous_power,False,1,83.5,2,0.0,,0.0,0.0,0.0,83.5,52.3,31.2,0|0|0|0|0
2024-05-22,COALINDIA.NS,A_breakout_40d,501.7,448.185,360.9588,490.65,28346931,16204449.0,503.4,498.366,508.434,7.0,468.162,A,100.0,68.0,75.0,69.9,58.0,59.9,0.83,3.0,1,2.2521,11.9404,0.7847,0.8676,1.0574,17.475,18.0,-0.0,-0.0,-0.0,-0.0,0.0,83.4,83.4,0.206,0.1154,0.0745,0.2725,79,continuous_power,False,1,83.4,2,0.0,,0.0,0.0,0.0,83.4,43.8,31.2,0|0|0|0|0
2024-05-23,ADANIENT.NS,A_breakout_40d,3387.3,3089.732,2785.5323,3268.75,6979082,2183105.55,3406.0,3371.94,3440.06,7.0,3167.58,A,100.0,79.0,100.0,71.5,58.0,59.9,-0.45,0.0,0,3.6268,9.6309,0.5014,2.4228,2.2038,21.5443,18.0,-0.0,-0.0,-0.0,-0.0,1.4702,86.2,84.7,0.3111,0.1233,0.0414,0.349,69,continuous_power,False,1,86.2,2,0.0,,0.0,0.0,0.0,86.2,43.8,31.2,0|0|0|0|0
2024-05-23,ADANIPORTS.NS,A_breakout_40d,1443.35,1320.026,1051.8315,1404.15,7821034,3465404.5,1435.0,1420.65,1449.35,7.0,1334.55,A,100.0,72.3,85.1,70.6,58.0,59.9,0.4,1.61,0,2.7917,9.3425,0.4208,1.7436,1.6116,16.5363,18.0,-0.0,-0.0,-0.0,-0.0,1.4702,86.2,84.7,0.3111,0.1154,0.052,0.349,69,continuous_power,False,1,86.2,2,0.0,,0.0,0.0,0.0,86.2,43.8,31.2,0|0|0|0|0
2024-05-23,ADANIPOWER.NS,A_breakout_40d,142.27,118.0148,94.2836,138.29,48787520,29493166.5,142.7,141.273,144.127,7.0,132.711,A,100.0,73.0,73.1,76.5,58.0,59.9,1.98,3.0,2,2.878,20.5527,1.2365,1.1702,2.2452,26.0741,18.0,-0.0,-0.0,-0.0,-0.0,1.4702,86.2,84.7,0.3111,0.1154,0.052,0.349,69,continuous_power,False,1,86.2,2,0.0,,0.0,0.0,0.0,86.2,43.8,31.2,0|0|0|0|0
2024-05-23,AMBUJACEM.NS,A_breakout_40d,646.5,610.35,515.1418,644.45,4718924,3123970.65,648.0,641.52,654.48,7.0,602.64,A,100.0,52.5,70.2,64.5,58.0,59.9,0.34,1.37,0,0.3181,5.9228,0.308,1.1846,0.4927,8.2717,18.0,-0.0,-0.0,-0.0,-0.0,1.4702,79.2,77.7,0.3111,0.1154,0.0414,0.3333,69,continuous_power,False,1,79.2,2,0.0,,0.0,0.0,0.0,79.2,50.3,31.2,0|0|0|0|0
2024-05-23,BEL.NS,A_breakout_40d,288.5,224.055,173.0267,283.6,70631009,39063899.8,288.0,285.12,290.88,7.0,267.84,A,100.0,63.8,76.2,84.9,58.0,59.9,2.71,3.0,3,1.7278,28.763,0.952,0.8918,2.2561,35.5221,18.0,-0.0,-0.0,-0.0,-0.0,1.4702,84.7,83.2,0.3111,0.0912,0.052,0.349,69,continuous_power,False,1,84.7,2,0.0,,0.0,0.0,0.0,84.7,43.8,31.2,0|0|0|0|0
2024-05-23,INDIGO.NS,A_breakout_40d,4400.5,3698.33,2966.7488,4366.2998,1290154,852953.2,4520.0,4474.8,4565.2,7.0,4203.6,A,100.0,56.3,70.3,74.8,58.0,59.9,3.31,3.0,0,0.7833,18.9861,0.7404,1.0259,1.153,11.9441,18.0,-0.0,-0.0,-0.0,-0.0,1.4702,84.7,83.2,0.3111,0.1084,0.052,0.349,69,continuous_power,False,1,84.7,2,0.0,,0.0,0.0,0.0,84.7,34.9,31.1,0|0|0|0|0
2024-05-24,ADANIGREEN.NS,A_breakout_40d,1926.65,1835.547,1422.4053,1919.1,2928305,1901940.2,1943.7,1924.263,1963.137,7.0,1807.641,A,100.0,53.1,70.8,65.9,58.0,59.9,-0.31,0.0,0,0.3934,4.9633,0.5294,0.8557,0.6626,8.7324,18.0,-0.0,-0.0,-0.0,-0.0,1.4702,73.1,71.6,0.3111,0.1154,0.0414,0.3324,69,continuous_power,False,1,73.1,2,0.0,,0.0,0.0,0.0,73.1,46.3,31.2,0|0|0|0|0
2024-05-24,BEL.NS,A_breakout_40d,297.2,225.79,173.8765,288.5,63609206,40574743.25,301.75,298.7325,304.7675,7.0,280.6275,A,100.0,74.1,71.4,86.6,58.0,59.9,3.2,3.0,3,3.0156,31.6267,-0.1733,1.1751,0.8415,35.6487,18.0,-0.0,-0.0,-0.0,-0.0,1.4702,84.7,83.2,0.3111,0.1154,0.052,0.349,69,continuous_power,False,1,84.7,2,0.0,,0.0,0.0,0.0,84.7,43.8,31.2,0|0|0|0|0
2024-05-27,ADANIGREEN.NS,A_breakout_40d,1929.5,1835.555,1426.5898,1926.65,4354846,2099383.95,1935.0,1915.65,1954.35,7.0,1799.55,A,100.0,51.2,81.5,66.2,58.0,59.9,-0.25,0.0,1,0.1479,5.1181,0.885,0.9503,1.2556,8.5135,18.0,-0.0,-0.0,-0.0,-0.0,1.4702,77.0,75.5,0.3111,0.1154,0.0414,0.3324,69,continuous_power,False,1,77.0,2,0.0,,0.0,0.0,0.0,77.0,46.3,31.2,0|0|0|0|0
2024-05-27,BANKBEES.NS,A_breakout_40d,503.71,487.8842,469.1581,502.78,1276483,811985.6,507.69,502.6131,512.7669,7.0,472.1517,A,70.0,51.5,71.4,65.2,58.0,59.9,0.25,1.0,0,0.185,3.2438,0.4827,0.9362,0.4827,4.2403,18.0,-0.0,-0.0,-0.0,-0.0,1.4702,82.5,81.0,0.3111,0.0815,0.0223,0.3324,69,continuous_power,False,1,82.5,2,0.0,,0.0,0.0,0.0,82.5,40.9,31.1,0|0|0|0|0
2024-05-27,DIVISLAB.NS,A_breakout_40d,4255.25,3761.356,3704.231,4122.3999,2534740,582992.2,4242.75,4200.3225,4285.1775,7.0,3945.7575,A,57.7,75.8,100.0,74.9,58.0,59.9,1.6,3.0,0,3.2226,13.1307,4.2779,1.204,4.4818,15.8426,18.0,-0.0,-0.0,-0.0,-0.0,0.0,100.0,100.0,0.2294,0.0815,0.0229,0.2943,77,continuous_power,False,1,100.0,2,0.0,,0.0,0.0,0.0,100.0,37.8,31.2,0|0|0|0|0
2024-05-28,DIVISLAB.NS,A_breakout_40d,4392.1001,3777.103,3707.77,4255.25,2151413,632804.2,4360.0,4316.4,4403.6,7.0,4054.8,A,59.3,75.7,100.0,79.2,58.0,59.9,1.74,3.0,1,3.216,16.2822,-0.2938,1.317,3.4543,19.5447,18.0,-0.0,-0.0,-0.0,-0.0,0.0,97.0,97.0,0.1987,0.0815,0.0403,0.2111,80,continuous_power,False,1,97.0,2,0.0,,0.0,0.0,0.0,97.0,43.8,31.2,0|0|0|0|0
2024-05-29,DIVISLAB.NS,A_breakout_40d,4448.0,3794.508,3711.8125,4392.1001,1220726,656201.15,4444.0498,4399.6093,4488.4903,7.0,4132.9663,A,61.1,60.2,77.2,80.7,58.0,59.9,1.89,3.0,2,1.2727,17.222,-0.7309,0.8865,0.2219,18.9037,18.0,-0.0,-0.0,-0.0,-0.0,1.4702,90.3,88.8,0.3111,0.0815,0.0223,0.3324,69,continuous_power,False,1,90.3,2,0.0,,0.0,0.0,0.0,90.3,29.4,31.1,0|0|0|0|0
2024-05-29,HINDALCO.NS,A_breakout_40d,705.3,610.404,535.8762,693.6,22684652,10054659.3,704.85,697.8015,711.8985,7.0,655.5105,A,100.0,63.5,85.1,72.9,58.0,59.9,2.57,3.0,0,1.6869,15.5464,2.0109,1.5407,2.9917,13.8301,18.0,-0.0,-0.0,-0.0,-0.0,1.4702,90.3,88.8,0.3111,0.1154,0.052,0.349,69,continuous_power,False,1,90.3,2,0.0,,0.0,0.0,0.0,90.3,30.4,31.1,0|0|0|0|0
2024-05-31,ADANIENT.NS,A_breakout_40d,3411.3501,3109.701,2810.0893,3387.3,6384589,2758428.35,3725.0,3687.75,3762.25,7.0,3464.25,A,100.0,55.7,86.3,65.5,58.0,59.9,0.55,2.19,0,0.71,9.7003,0.9705,1.642,1.6125,12.5631,18.0,-0.0,-0.0,-0.0,-0.0,2.9789,100.0,97.0,0.345,0.1233,0.0229,0.3762,66,continuous_power,False,1,97.0,4,3.0,,0.0,0.0,0.0,100.0,46.3,31.2,0|0|0|0|0
2024-05-31,ADANIPOWER.NS,A_breakout_40d,151.16,121.5806,96.9072,142.27,164928260,39806558.25,174.0,172.26,175.74,7.0,161.82,A,100.0,100.0,100.0,75.7,58.0,59.9,2.57,3.0,0,6.2487,24.329,1.0596,2.7224,2.8915,30.0458,18.0,-0.0,-0.0,-0.0,-0.0,1.4702,100.0,97.0,0.3111,0.1233,0.0745,0.349,69,continuous_power,False,1,97.0,4,3.0,,0.0,0.0,0.0,100.0,43.8,31.2,0|0|0|0|0
2024-06-03,ADANIENT.NS,A_breakout_40d,3645.25,3119.962,2815.6065,3411.3501,8511359,3110387.9,3520.0,3484.8,3555.2,7.0,3273.6,A,100.0,100.0,94.7,72.9,58.0,59.9,0.84,3.0,1,6.8565,16.8364,9.1943,1.0958,10.4188,30.1901,18.0,-0.0,-0.0,-0.0,-0.0,1.4702,100.0,97.0,0.3111,0.1233,0.0745,0.349,69,continuous_power,False,1,97.0,4,3.0,,0.0,0.0,0.0,100.0,35.8,31.2,0|0|0|0|0
2024-06-03,ADANIGREEN.NS,A_breakout_40d,2038.0,1840.439,1448.1555,1929.5,7236091,2717926.75,2029.9,2009.601,2050.199,7.0,1887.807,A,100.0,95.0,93.2,72.4,58.0,59.9,0.27,1.06,0,5.6232,10.7344,11.3527,2.727,13.6455,20.5374,18.0,-0.0,-0.0,-0.0,-0.0,2.9789,100.0,97.0,0.345,0.1319,0.0403,0.3762,66,continuous_power,False,1,97.0,4,3.0,,0.0,0.0,0.0,100.0,5.6,13.8,0|0|0|0|0
2024-06-03,ADANIPORTS.NS,A_breakout_40d,1583.95,1340.51,1075.3585,1443.35,23398347,5453859.45,1558.0,1542.42,1573.58,7.0,1448.94,A,100.0,100.0,100.0,74.7,58.0,59.9,1.25,3.0,0,9.7412,18.1602,7.764,1.4886,8.797,33.0436,18.0,-0.0,-0.0,-0.0,-0.0,1.4702,100.0,97.0,0.3111,0.1233,0.0745,0.349,69,continuous_power,False,1,97.0,4,3.0,,0.0,0.0,0.0,100.0,35.8,31.2,0|0|0|0|0
2024-06-03,ADANIPOWER.NS,A_breakout_40d,174.9,122.957,97.5032,151.16,199868915,49018610.0,174.6,172.854,176.346,7.0,162.378,A,100.0,100.0,100.0,84.7,58.0,59.9,3.25,3.0,1,15.7052,42.2448,15.1098,1.6317,17.6888,66.3123,18.0,-0.0,-0.0,-0.0,-0.0,1.4702,100.0,97.0,0.3111,0.1233,0.052,0.349,69,continuous_power,False,1,97.0,4,3.0,,0.0,0.0,0.0,100.0,35.8,31.2,0|0|0|0|0
2024-06-03,AMBUJACEM.NS,A_breakout_40d,670.8,616.711,521.219,646.5,11189978,3209112.7,670.8,664.092,677.508,7.0,623.844,A,100.0,80.1,100.0,67.9,58.0,59.9,0.82,3.0,0,3.7587,8.7706,5.3545,1.2541,6.2759,15.9229,18.0,-0.0,-0.0,-0.0,-0.0,1.4702,100.0,97.0,0.3111,0.1233,0.0602,0.349,69,continuous_power,False,1,97.0,4,3.0,,0.0,0.0,0.0,100.0,37.8,31.2,0|0|0|0|0
2024-06-03,AXISBANK.NS,A_breakout_40d,1223.9,1103.107,1057.7137,1187.0,22197339,8729749.9,1224.0,1211.76,1236.24,7.0,1138.32,A,71.5,74.9,90.9,70.4,58.0,59.9,0.93,3.0,0,3.1087,10.9503,3.0031,1.7755,4.1006,13.5536,18.0,-0.0,-0.0,-0.0,-0.0,1.4702,100.0,97.0,0.3111,0.0912,0.0403,0.349,69,continuous_power,False,1,97.0,4,3.0,,0.0,0.0,0.0,100.0,39.8,31.2,0|0|0|0|0
2024-06-03,BANKBEES.NS,A_breakout_40d,522.61,490.5206,470.2997,503.71,2934534,899122.15,522.37,517.1463,527.5937,7.0,485.8041,A,71.5,80.0,100.0,74.6,58.0,59.9,0.54,2.16,0,3.7522,6.5419,3.005,1.914,4.1459,12.193,18.0,-0.0,-0.0,-0.0,-0.0,1.4702,100.0,97.0,0.3111,0.0912,0.0229,0.349,69,continuous_power,False,1,97.0,4,3.0,,0.0,0.0,0.0,100.0,28.4,31.1,0|0|0|0|0
2024-06-03,BPCL.NS,A_breakout_40d,333.075,305.0775,241.6285,328.025,33828234,18016084.1,335.0,331.65,338.35,7.0,311.55,A,100.0,62.3,77.6,62.8,58.0,59.9,0.51,2.04,0,1.5395,9.1772,5.9255,1.7334,7.1343,10.575,18.0,-0.0,-0.0,-0.0,-0.0,2.9789,100.0,97.0,0.345,0.1233,0.0229,0.3762,66,continuous_power,False,1,97.0,4,3.0,,0.0,0.0,0.0,100.0,28.4,31.1,0|0|0|0|0
2024-06-03,COALINDIA.NS,A_breakout_40d,512.35,456.355,371.4485,501.7,24416215,15581901.95,512.35,507.2265,517.4735,7.0,476.4855,A,100.0,67.0,71.3,68.0,58.0,59.9,1.32,3.0,0,2.1228,12.27,4.8453,1.4311,5.6129,13.7006,18.0,-0.0,-0.0,-0.0,-0.0,2.9789,100.0,97.0,0.345,0.1233,0.0403,0.3762,66,continuous_power,False,1,97.0,4,3.0,,0.0,0.0,0.0,100.0,26.4,31.1,0|0|0|0|0
2024-06-03,INDUSTOWER.NS,A_breakout_40d,364.0,326.706,230.4237,359.5,29686486,15189574.1,363.0,359.37,366.63,7.0,337.59,A,100.0,60.0,79.1,70.1,58.0,59.9,3.24,3.0,0,1.2517,11.4152,3.5473,2.6712,5.921,13.2202,18.0,-0.0,-0.0,-0.0,-0.0,2.9789,100.0,97.0,0.345,0.1233,0.0403,0.3762,66,continuous_power,False,1,97.0,4,3.0,,0.0,0.0,0.0,100.0,26.4,31.1,0|0|0|0|0
2024-06-03,LT.NS,A_breakout_40d,3897.1499,3594.436,3282.205,3807.8501,5767666,3638877.95,3852.0,3813.48,3890.52,7.0,3582.36,A,97.6,68.8,71.7,73.4,58.0,59.9,0.31,1.22,0,2.3452,8.4217,5.0718,1.3985,5.836,16.4348,18.0,-0.0,-0.0,-0.0,-0.0,2.9789,100.0,97.0,0.345,0.1233,0.0049,0.3762,66,continuous_power,False,1,97.0,4,3.0,,0.0,0.0,0.0,100.0,24.4,31.1,0|0|0|0|0
2024-06-03,NTPC.NS,A_breakout_40d,391.8,353.782,294.6475,374.95,39261174,14775064.45,391.9,387.981,395.819,7.0,364.467,A,100.0,86.0,93.1,68.4,58.0,59.9,1.07,3.0,0,4.4939,10.7462,7.2423,1.9248,9.1156,17.323,18.0,-0.0,-0.0,-0.0,-0.0,1.4702,100.0,97.0,0.3111,0.1233,0.0602,0.349,69,continuous_power,False,1,97.0,4,3.0,,0.0,0.0,0.0,100.0,24.4,31.1,0|0|0|0|0
2024-06-03,POWERGRID.NS,A_breakout_40d,337.65,294.001,242.3946,325.75,55218939,18649049.85,334.95,331.6005,338.2995,7.0,311.5035,A,100.0,79.2,99.2,67.8,58.0,59.9,1.5,3.0,0,3.6531,14.8465,8.0645,2.0436,9.5303,17.2774,18.0,-0.0,-0.0,-0.0,-0.0,1.4702,100.0,97.0,0.3111,0.1233,0.0602,0.349,69,continuous_power,False,1,97.0,4,3.0,,0.0,0.0,0.0,100.0,35.8,31.2,0|0|0|0|0
2024-06-03,RELIANCE.NS,A_breakout_40d,1510.325,1452.6,1322.6886,1486.95,21527942,11499161.1,1498.05,1483.0695,1513.0305,7.0,1393.1865,A,99.1,62.6,77.4,63.7,58.0,59.9,0.05,0.21,0,1.572,3.9739,3.6773,1.9956,4.9898,8.7647,18.0,-0.0,-0.0,-0.0,-0.0,2.9789,93.8,90.8,0.345,0.1233,0.0223,0.3762,66,continuous_power,False,1,90.8,4,3.0,,0.0,0.0,0.0,93.8,28.4,31.1,0|0|0|0|0
2024-06-03,SBIN.NS,A_breakout_40d,905.65,790.889,665.6178,833.7,64269020,21342991.8,897.0,888.03,905.97,7.0,834.21,A,100.0,100.0,100.0,76.5,58.0,59.9,1.18,3.0,0,8.6302,14.5104,3.9983,2.635,6.0968,25.5697,18.0,-0.0,-0.0,-0.0,-0.0,1.4702,100.0,97.0,0.3111,0.1233,0.0745,0.349,69,continuous_power,False,1,97.0,4,3.0,,0.0,0.0,0.0,100.0,24.4,31.1,0|0|0|0|0
2024-06-03,ULTRACEMCO.NS,A_breakout_40d,10470.0498,9768.736,9280.1738,10231.0996,732632,360292.0,10475.0,10370.25,10579.75,7.0,9741.75,A,76.3,68.7,80.7,66.8,58.0,59.9,0.46,1.83,0,2.3355,7.1792,3.8778,1.2717,5.0172,10.8337,18.0,-0.0,-0.0,-0.0,-0.0,1.8275,100.0,97.0,0.32,0.1154,0.0223,0.3762,68,continuous_power,False,1,97.0,4,3.0,,0.0,0.0,0.0,100.0,26.4,31.1,0|0|0|0|0
2024-06-04,BRITANNIA.NS,A_breakout_40d,5325.1001,4963.705,4838.9943,5281.1499,989039,404833.25,5325.1001,5271.8491,5378.3511,7.0,4952.3431,A,62.9,56.7,88.9,65.2,58.0,59.9,0.6,2.4,0,0.8322,7.2808,0.7305,2.3968,3.9557,6.1296,18.0,-0.0,-0.0,-0.0,-0.0,1.4702,100.0,97.0,0.3111,0.0815,0.0223,0.349,69,continuous_power,False,1,97.0,4,3.0,,0.0,0.0,0.0,100.0,52.3,31.2,0|0|0|0|0
2024-06-04,HEROMOTOCO.NS,A_breakout_40d,5310.7002,4707.137,3953.0667,5183.9502,1945233,1021172.7,5315.0,5261.85,5368.15,7.0,4942.95,A,100.0,69.6,78.1,72.2,58.0,59.9,1.24,3.0,0,2.445,12.8223,0.0853,2.9209,4.3712,11.9072,18.0,-0.0,-0.0,-0.0,-0.0,2.9789,100.0,97.0,0.345,0.1233,0.0403,0.3762,66,continuous_power,False,1,97.0,4,3.0,,0.0,0.0,0.0,100.0,34.9,31.1,0|0|0|0|0
2024-06-05,BRITANNIA.NS,A_breakout_40d,5486.6499,4977.099,4843.4007,5325.1001,1188965,406477.85,5465.0,5410.35,5519.65,7.0,5082.45,A,63.8,74.3,98.5,71.8,58.0,59.9,0.72,2.9,1,3.0337,10.2379,0.0,2.8468,3.3359,13.3409,18.0,-0.0,-0.0,-0.0,-0.0,1.4702,100.0,97.0,0.3111,0.0815,0.0403,0.3324,69,continuous_power,False,1,97.0,4,3.0,,0.0,0.0,0.0,100.0,48.3,31.2,0|0|0|0|0
2024-06-05,GODREJCP.NS,A_breakout_40d,1426.8,1255.716,1124.6003,1350.3,5508364,1234441.85,1427.0,1412.73,1441.27,7.0,1327.11,A,100.0,95.3,100.0,70.7,58.0,59.9,0.87,3.0,0,5.6654,13.6244,1.4424,2.6629,5.0538,22.7406,18.0,-0.0,-0.0,-0.0,-0.0,1.4702,100.0,97.0,0.3111,0.1233,0.0745,0.349,69,continuous_power,False,1,97.0,4,3.0,,0.0,0.0,0.0,100.0,43.8,31.2,0|0|0|0|0
2024-06-05,HEROMOTOCO.NS,A_breakout_40d,5658.5,4729.472,3966.0247,5310.7002,2058534,1101284.7,5655.1001,5598.5491,5711.6511,7.0,5259.2431,A,100.0,100.0,77.4,80.5,58.0,59.9,1.51,3.0,1,6.549,19.6434,0.081,2.6435,3.1288,26.5243,18.0,-0.0,-0.0,-0.0,-0.0,2.9789,100.0,97.0,0.345,0.125,0.0414,0.3762,66,continuous_power,False,1,97.0,4,3.0,,0.0,0.0,0.0,100.0,32.4,31.1,0|0|0|0|0
2024-06-05,TRENT.NS,A_breakout_40d,4903.7998,4312.189,3154.7273,4715.3999,1231971,765296.95,4910.0498,4860.9493,4959.1503,7.0,4566.3463,A,100.0,82.0,72.2,67.4,58.0,59.9,1.51,3.0,0,3.9954,13.7195,3.2139,2.311,6.4139,16.6082,18.0,-0.0,-0.0,-0.0,-0.0,2.9789,100.0,97.0,0.345,0.1233,0.0414,0.3762,66,continuous_power,False,1,97.0,4,3.0,,0.0,0.0,0.0,100.0,25.9,31.1,0|0|0|0|0
2024-06-07,TECHM.NS,A_breakout_40d,1377.6,1264.087,1252.1988,1337.5,5790599,2161057.85,1377.6,1363.824,1391.376,7.0,1281.168,A,54.7,74.0,93.6,66.3,58.0,59.9,0.15,0.59,0,2.9981,8.9798,0.9526,1.4733,2.752,17.6984,18.0,-0.0,-0.0,-0.0,-0.0,1.4702,100.0,97.0,0.3111,0.0815,0.0049,0.3525,69,continuous_power,False,1,97.0,4,3.0,,0.0,0.0,0.0,100.0,43.8,31.2,0|0|0|0|0
2024-06-07,WIPRO.NS,A_breakout_40d,242.275,231.5035,224.3905,239.95,72672440,15915936.6,244.2,241.758,246.642,7.0,227.106,A,65.8,57.8,100.0,64.7,58.0,59.9,-1.01,0.0,0,0.969,4.6528,1.9523,1.539,3.0262,13.6061,18.0,-0.0,-0.0,-0.0,-0.0,1.4702,91.3,89.8,0.3111,0.0815,0.0223,0.349,69,continuous_power,False,1,89.8,3,1.5,,0.0,0.0,0.0,91.3,41.8,31.2,0|0|0|0|0
2024-06-10,ULTRACEMCO.NS,A_breakout_40d,10826.25,9838.118,9333.284,10470.0498,705256,444743.45,10903.9502,10794.9107,11012.9897,7.0,10140.6737,A,77.0,77.2,71.7,67.2,58.0,59.9,0.71,2.84,0,3.4021,10.0439,0.3044,1.2409,0.9707,15.5963,18.0,-0.0,-0.0,-0.0,-0.0,1.4702,100.0,97.0,0.3111,0.1154,0.0229,0.3646,69,continuous_power,False,1,97.0,4,3.0,,0.0,0.0,0.0,100.0,46.3,31.2,0|0|0|0|0
2024-06-12,MAXHEALTH.NS,A_breakout_40d,870.5,812.239,705.6998,870.45,6539603,2232094.95,910.5,901.395,919.605,7.0,846.765,A,100.0,50.0,98.6,62.7,58.0,59.9,0.79,3.0,0,0.0057,7.1729,1.0592,1.9716,2.0307,10.4121,18.0,-0.0,-0.0,-0.0,-0.0,1.4702,100.0,97.0,0.3111,0.1154,0.052,0.349,69,continuous_power,False,1,97.0,4,3.0,,0.0,0.0,0.0,100.0,46.3,31.2,0|0|0|0|0
2024-06-13,DIVISLAB.NS,A_breakout_40d,4593.5,4013.172,3750.4137,4536.25,1275865,820745.65,4595.0,4549.05,4640.95,7.0,4273.35,A,85.0,60.1,71.1,71.1,58.0,59.9,2.81,3.0,0,1.2621,14.4606,1.0994,0.8303,1.546,10.9667,18.0,-0.0,-0.0,-0.0,-0.0,2.9789,100.0,97.0,0.345,0.1154,0.0223,0.3762,66,continuous_power,False,1,97.0,4,3.0,,0.0,0.0,0.0,100.0,34.9,31.1,0|0|0|0|0
2024-06-13,MAXHEALTH.NS,A_breakout_40d,890.05,813.642,707.4415,870.5,3746631,2358974.4,896.2,887.238,905.162,7.0,833.466,A,100.0,68.0,71.8,65.5,58.0,59.9,0.78,3.0,1,2.2458,9.3909,4.5951,0.8924,6.0166,16.8373,18.0,-0.0,-0.0,-0.0,-0.0,2.9789,100.0,97.0,0.345,0.1233,0.0403,0.3762,66,continuous_power,False,1,97.0,4,3.0,,0.0,0.0,0.0,100.0,35.8,31.2,0|0|0|0|0
2024-06-13,SIEMENS.NS,A_breakout_40d,4341.8003,3715.3369,2683.2982,4327.1548,1481464,965327.1,4363.4604,4319.8258,4407.0951,7.0,4058.0182,A,100.0,52.7,70.7,64.6,58.0,59.9,3.06,3.0,0,0.3385,16.8615,0.9157,1.1573,1.2546,14.2373,18.0,-0.0,-0.0,-0.0,-0.0,2.9789,100.0,97.0,0.345,0.1233,0.0229,0.3762,66,continuous_power,False,1,97.0,4,3.0,,0.0,0.0,0.0,100.0,48.3,31.2,0|0|0|0|0
2024-06-14,AMBUJACEM.NS,A_breakout_40d,677.2,623.293,529.137,670.8,15699653,5515554.45,682.95,676.1205,689.7795,7.0,635.1435,A,100.0,57.6,96.9,60.9,58.0,59.9,0.88,3.0,0,0.9541,8.6487,3.687,0.5037,4.7338,12.6175,18.0,-0.0,-0.0,-0.0,-0.0,1.4702,100.0,97.0,0.3111,0.1154,0.052,0.349,69,continuous_power,False,1,97.0,4,3.0,,0.0,0.0,0.0,100.0,37.8,31.2,0|0|0|0|0
2024-06-14,SHRIRAMFIN.NS,A_breakout_40d,546.43,490.29,438.0022,536.86,15318425,7343475.75,549.79,544.2921,555.2879,7.0,511.3047,A,100.0,64.3,81.7,67.7,58.0,59.9,0.95,3.0,0,1.7826,11.4504,1.0319,0.4698,1.7601,18.2146,18.0,-0.0,-0.0,-0.0,-0.0,1.4702,100.0,97.0,0.3111,0.1233,0.0414,0.3646,69,continuous_power,False,1,97.0,4,3.0,,0.0,0.0,0.0,100.0,43.8,31.2,0|0|0|0|0
2024-06-14,SIEMENS.NS,A_breakout_40d,4572.8433,3742.6594,2695.5785,4341.8003,2241455,973067.25,4593.2417,4547.3093,4639.1741,7.0,4271.7148,A,100.0,92.6,86.1,70.0,58.0,59.9,3.17,3.0,1,5.3214,22.1817,0.4989,1.418,1.668,27.1859,18.0,-0.0,-0.0,-0.0,-0.0,1.4702,100.0,97.0,0.3111,0.1233,0.052,0.3525,69,continuous_power,False,1,97.0,4,3.0,,0.0,0.0,0.0,100.0,43.8,31.2,0|0|0|0|0
2024-06-14,TRENT.NS,A_breakout_40d,5245.5498,4462.375,3262.7895,5028.0498,1424125,830118.0,5299.0,5246.01,5351.99,7.0,4928.07,A,100.0,84.6,74.3,74.4,58.0,59.9,2.59,3.0,0,4.3257,17.5506,0.5215,1.2557,3.0958,19.914,18.0,-0.0,-0.0,-0.0,-0.0,2.9789,100.0,97.0,0.345,0.1233,0.0414,0.3762,66,continuous_power,False,1,97.0,4,3.0,,0.0,0.0,0.0,100.0,32.4,31.1,0|0|0|0|0
2024-06-18,SHRIRAMFIN.NS,A_breakout_40d,565.95,491.7452,438.9887,546.43,12393205,7726679.25,565.96,560.3004,571.6196,7.0,526.3428,A,100.0,78.6,72.1,71.5,58.0,59.9,1.09,3.0,1,3.5723,15.0901,0.6149,0.9525,1.3373,24.6559,18.0,-0.0,-0.0,-0.0,-0.0,2.9789,100.0,97.0,0.345,0.1233,0.0403,0.3762,66,continuous_power,False,1,97.0,4,3.0,,0.0,0.0,0.0,100.0,43.8,31.2,0|0|0|0|0
2024-06-18,WIPRO.NS,A_breakout_40d,245.925,231.45,225.3641,242.275,31870984,18554968.4,246.125,243.6637,248.5863,7.0,228.8962,A,63.5,62.1,74.4,64.8,58.0,59.9,0.03,0.11,0,1.5066,6.2541,0.733,0.98,1.0811,9.505,18.0,-0.0,-0.0,-0.0,-0.0,1.4702,82.2,80.7,0.3111,0.0815,0.0223,0.3324,69,continuous_power,False,1,80.7,3,1.5,,0.0,0.0,0.0,82.2,46.3,31.2,0|0|0|0|0
2024-06-19,AXISBANK.NS,A_breakout_40d,1226.65,1133.313,1070.9175,1223.9,17987437,11052467.2,1230.1,1217.799,1242.401,7.0,1143.993,A,79.1,51.8,72.5,62.1,58.0,59.9,1.25,3.0,0,0.2247,8.2358,0.0923,1.4021,1.2619,7.7841,18.0,-0.0,-0.0,-0.0,-0.0,1.4702,100.0,97.0,0.3111,0.0912,0.0223,0.3646,69,continuous_power,False,1,97.0,4,3.0,,0.0,0.0,0.0,100.0,52.3,31.2,0|0|0|0|0
2024-06-21,JSWSTEEL.NS,A_breakout_40d,936.9,888.033,826.08,929.65,4299319,2686849.8,936.0,926.64,945.36,7.0,870.48,A,87.5,56.2,72.0,60.0,58.0,59.9,0.65,2.61,0,0.7799,5.5028,-0.0699,0.7201,,5.6622,18.0,-0.0,-0.0,0.0,0.0,2.9789,100.0,97.0,0.345,0.1154,0.0223,0.3762,66,continuous_power,False,1,97.0,4,3.0,,0.0,0.0,0.0,100.0,52.3,31.2,0|0|0|0|0
2024-06-21,TECHM.NS,A_breakout_40d,1399.8,1285.45,1259.316,1393.1,6836535,2468506.0,1390.0,1376.1,1403.9,7.0,1292.7,A,60.4,53.8,95.4,65.2,58.0,59.9,1.0,3.0,0,0.4809,8.8957,1.0696,1.3995,1.7149,7.5818,18.0,-0.0,-0.0,-0.0,-0.0,1.4702,100.0,97.0,0.3111,0.0815,0.0229,0.3324,69,continuous_power,False,1,97.0,4,3.0,,0.0,0.0,0.0,100.0,52.3,31.2,0|0|0|0|0
2024-06-25,HDFCBANK.NS,A_breakout_40d,855.675,765.5795,765.3315,836.2,74521548,47871015.8,853.975,845.4352,862.5147,7.0,794.1967,A,50.2,68.6,71.1,76.1,58.0,59.9,0.95,3.0,0,2.329,11.7683,-0.0777,1.4327,0.4327,13.4097,18.0,-0.0,-0.0,-0.0,-0.0,1.4702,100.0,97.0,0.3111,0.0815,0.0049,0.3525,69,continuous_power,False,1,97.0,4,3.0,,0.0,0.0,0.0,100.0,34.9,31.1,0|0|0|0|0
2024-06-25,SHRIRAMFIN.NS,A_breakout_40d,597.97,498.1292,443.9801,576.45,15844875,9017659.25,597.16,591.1884,603.1316,7.0,555.3588,A,100.0,79.9,75.1,75.7,58.0,59.9,1.3,3.0,0,3.7332,20.0431,0.0347,1.4862,0.5349,23.5053,18.0,-0.0,-0.0,-0.0,-0.0,2.9789,100.0,97.0,0.345,0.1233,0.0403,0.3762,66,continuous_power,False,1,97.0,4,3.0,,0.0,0.0,0.0,100.0,43.8,31.2,0|0|0|0|0
2024-06-27,AXISBANK.NS,A_breakout_40d,1288.95,1155.543,1079.182,1285.4,22311393,13225288.2,1283.1,1270.269,1295.931,7.0,1193.283,A,85.4,52.2,73.7,69.7,58.0,59.9,1.64,3.0,0,0.2762,11.545,1.9138,1.0965,2.6991,11.0535,18.0,-0.0,-0.0,-0.0,-0.0,2.9789,100.0,97.0,0.345,0.0912,0.0223,0.3762,66,continuous_power,False,1,97.0,4,3.0,,0.0,0.0,0.0,100.0,30.4,31.1,0|0|0|0|0
2024-06-27,BHARTIARTL.NS,A_breakout_40d,1475.8,1351.567,1117.9148,1459.5,19675528,11548659.3,1536.25,1520.8875,1551.6125,7.0,1428.7125,A,100.0,58.9,74.1,67.2,58.0,59.9,1.7,3.0,0,1.1168,9.1918,0.3083,1.3389,1.3111,10.3553,18.0,-0.0,-0.0,-0.0,-0.0,2.9789,100.0,97.0,0.345,0.1233,0.0229,0.3762,66,continuous_power,False,1,97.0,4,3.0,,0.0,0.0,0.0,100.0,48.3,31.2,0|0|0|0|0
2024-06-27,GRASIM.NS,A_breakout_40d,2637.6001,2399.82,2137.2998,2552.25,4849907,1246137.65,2635.95,2609.5905,2662.3095,7.0,2451.4335,A,100.0,76.8,100.0,71.0,58.0,59.9,1.1,3.0,0,3.3441,9.9082,0.1038,1.612,0.7672,14.9149,18.0,-0.0,-0.0,-0.0,-0.0,1.4702,100.0,97.0,0.3111,0.1233,0.052,0.349,69,continuous_power,False,1,97.0,4,3.0,,0.0,0.0,0.0,100.0,46.3,31.2,0|0|0|0|0
2024-06-27,JSWSTEEL.NS,A_breakout_40d,943.15,892.556,829.1383,936.9,4700053,2784565.35,943.15,933.7185,952.5815,7.0,877.1295,A,88.2,55.3,73.8,60.0,58.0,59.9,0.69,2.76,1,0.6671,5.6684,-0.3264,1.4879,0.5632,5.2428,18.0,-0.0,-0.0,-0.0,-0.0,1.9759,100.0,97.0,0.3235,0.1154,0.0229,0.3762,68,continuous_power,False,1,97.0,4,3.0,,0.0,0.0,0.0,100.0,52.3,31.2,0|0|0|0|0
2024-06-27,RELIANCE.NS,A_breakout_40d,1530.55,1451.882,1340.2954,1514.025,28383030,16718453.0,1531.025,1515.7148,1546.3353,7.0,1423.8533,A,91.6,58.7,74.0,62.8,58.0,59.9,0.05,0.21,0,1.0915,5.4184,-0.0182,1.112,1.277,9.3031,18.0,-0.0,-0.0,-0.0,-0.0,2.9789,94.5,91.5,0.345,0.1233,0.0223,0.3762,66,continuous_power,False,1,91.5,4,3.0,,0.0,0.0,0.0,94.5,48.3,31.2,0|0|0|0|0
2024-06-27,SIEMENS.NS,A_breakout_40d,4597.4976,3929.2472,2785.4062,4572.8433,2112969,971090.3,4609.4722,4563.3774,4655.5669,7.0,4286.8091,A,100.0,54.3,83.5,66.8,58.0,59.9,3.06,3.0,0,0.5391,17.0071,-0.1586,1.5761,0.7335,13.0644,18.0,-0.0,-0.0,-0.0,-0.0,1.4702,100.0,97.0,0.3111,0.1154,0.0403,0.3646,69,continuous_power,False,1,97.0,4,3.0,,0.0,0.0,0.0,100.0,46.3,31.2,0|0|0|0|0
2024-06-27,TECHM.NS,A_breakout_40d,1432.25,1298.446,1263.8425,1427.75,4286657,2662610.05,1441.0,1426.59,1455.41,7.0,1340.13,A,63.7,52.5,72.2,67.7,58.0,59.9,1.23,3.0,1,0.3152,10.3049,-0.6157,1.4914,0.739,8.8474,18.0,-0.0,-0.0,-0.0,-0.0,1.4702,100.0,97.0,0.3111,0.0815,0.0223,0.3646,69,continuous_power,False,1,97.0,4,3.0,,0.0,0.0,0.0,100.0,43.3,31.2,0|0|0|0|0
2024-06-27,ULTRACEMCO.NS,A_breakout_40d,11716.7002,10131.466,9505.2235,11242.7998,2339734,644857.5,11699.9004,11582.9014,11816.8994,7.0,10880.9074,A,82.9,83.7,100.0,72.1,58.0,59.9,1.24,3.0,0,4.2151,15.6466,1.1388,1.8864,2.5969,20.321,18.0,-0.0,-0.0,-0.0,-0.0,1.4702,100.0,97.0,0.3111,0.1154,0.052,0.349,69,continuous_power,False,1,97.0,4,3.0,,0.0,0.0,0.0,100.0,43.8,31.2,0|0|0|0|0
2024-06-27,WIPRO.NS,A_breakout_40d,255.4,232.557,226.8441,248.425,42137138,23486790.0,256.0,253.44,258.56,7.0,238.08,A,62.6,72.5,75.9,70.6,58.0,59.9,0.41,1.64,0,2.8077,9.8225,-0.6159,1.966,0.966,13.1422,18.0,-0.0,-0.0,-0.0,-0.0,2.9789,100.0,97.0,0.345,0.0912,0.0049,0.3762,66,continuous_power,False,1,97.0,4,3.0,,0.0,0.0,0.0,100.0,31.9,31.1,0|0|0|0|0
2024-06-28,DRREDDY.NS,A_breakout_40d,1280.47,1202.2218,1173.7688,1269.91,5118295,3293494.25,1286.0,1273.14,1298.86,7.0,1195.98,A,62.1,56.7,71.1,71.4,58.0,59.9,0.08,0.33,0,0.8315,6.5086,0.3135,1.4743,1.6194,10.7036,18.0,-0.0,-0.0,-0.0,-0.0,2.9789,96.6,93.6,0.345,0.0815,0.0,0.3762,66,continuous_power,False,1,93.6,4,3.0,,0.0,0.0,0.0,96.6,34.9,31.1,0|0|0|0|0
2024-06-28,RELIANCE.NS,A_breakout_40d,1565.4,1453.8935,1342.1049,1530.55,28957336,17505976.9,1562.525,1546.8998,1578.1503,7.0,1453.1483,A,91.6,68.2,73.1,67.1,58.0,59.9,0.2,0.8,1,2.277,7.6695,0.031,1.7424,0.8518,13.8965,18.0,-0.0,-0.0,-0.0,-0.0,2.9789,96.8,93.8,0.345,0.1233,0.0223,0.3762,66,continuous_power,False,1,93.8,4,3.0,,0.0,0.0,0.0,96.8,46.3,31.2,0|0|0|0|0
2024-07-03,HDFCBANK.NS,A_breakout_40d,884.325,777.586,767.3598,865.3,123217802,47191707.5,879.875,871.0762,888.6738,7.0,818.2837,A,56.7,67.6,92.2,77.4,58.0,59.9,1.35,3.0,0,2.1987,13.727,3.4901,0.9103,3.9581,14.2124,18.0,-0.0,-0.0,-0.0,-0.0,1.4702,100.0,97.0,0.3111,0.0815,0.0223,0.349,69,continuous_power,False,1,97.0,4,3.0,,0.0,0.0,0.0,100.0,28.4,31.1,0|0|0|0|0
2024-07-03,TATACONSUM.NS,A_breakout_40d,1146.35,1104.614,1047.7532,1142.4,4406793,1748943.5,1147.55,1136.0745,1159.0255,7.0,1067.2215,A,77.1,52.8,90.4,62.2,58.0,59.9,-0.29,0.0,0,0.3458,3.7783,0.8145,1.6755,1.9316,6.6181,18.0,-0.0,-0.0,-0.0,-0.0,2.9789,100.0,97.0,0.345,0.1154,0.0,0.3762,66,continuous_power,False,1,97.0,4,3.0,,0.0,0.0,0.0,100.0,52.3,31.2,0|0|0|0|0
2024-07-05,DIVISLAB.NS,A_breakout_40d,4629.7002,4262.042,3818.0837,4602.1001,1285879,450525.75,4629.3999,4583.1059,4675.6939,7.0,4305.3419,A,100.0,54.8,97.1,66.1,58.0,59.9,2.04,3.0,0,0.5997,8.6263,0.1309,1.4374,0.5684,5.0802,18.0,-0.0,-0.0,-0.0,-0.0,1.4702,100.0,97.0,0.3111,0.1154,0.0414,0.349,69,continuous_power,False,1,97.0,4,3.0,,0.0,0.0,0.0,100.0,52.3,31.2,0|0|0|0|0
2024-07-05,ONGC.NS,A_breakout_40d,288.2,273.179,236.6818,284.1,39781962,18228573.45,290.0,287.1,292.9,7.0,269.7,A,100.0,61.5,83.6,64.4,58.0,59.9,0.01,0.05,0,1.4432,5.4986,0.0722,2.1295,1.3431,10.0876,18.0,-0.0,-0.0,-0.0,-0.0,2.9789,96.1,93.1,0.345,0.1233,0.0223,0.3762,66,continuous_power,False,1,93.1,4,3.0,,0.0,0.0,0.0,96.1,48.3,31.2,0|0|0|0|0
2024-07-08,BEL.NS,A_breakout_40d,334.6,277.729,199.0353,324.05,70983243,43051555.45,338.0,334.62,341.38,7.0,314.34,A,100.0,76.0,73.0,71.3,58.0,59.9,3.18,3.0,0,3.2557,20.4772,1.3578,1.1113,1.7759,19.6895,18.0,-0.0,-0.0,-0.0,-0.0,2.9789,100.0,97.0,0.345,0.1233,0.0403,0.3762,66,continuous_power,False,1,97.0,4,3.0,,0.0,0.0,0.0,100.0,43.8,31.2,0|0|0|0|0
2024-07-08,DABUR.NS,A_breakout_40d,623.45,572.29,546.0982,619.85,7279634,3233160.2,622.05,615.8295,628.2705,7.0,578.5065,A,74.0,54.6,85.0,65.3,58.0,59.9,1.84,3.0,0,0.5808,8.9395,0.6513,1.8321,1.4834,6.5435,18.0,-0.0,-0.0,-0.0,-0.0,1.4702,100.0,97.0,0.3111,0.0815,0.0229,0.349,69,continuous_power,False,1,97.0,4,3.0,,0.0,0.0,0.0,100.0,52.3,31.2,0|0|0|0|0
2024-07-08,ONGC.NS,A_breakout_40d,299.15,273.575,237.2553,288.2,53136198,19784848.95,300.8,297.792,303.808,7.0,279.744,A,100.0,80.4,93.7,70.4,58.0,59.9,0.23,0.93,1,3.7994,9.3484,0.6246,2.3112,2.7769,18.4894,18.0,-0.0,-0.0,-0.0,-0.0,2.9789,100.0,97.0,0.345,0.1233,0.0229,0.3762,66,continuous_power,False,1,97.0,4,3.0,,0.0,0.0,0.0,100.0,43.8,31.2,0|0|0|0|0
2024-07-09,BRITANNIA.NS,A_breakout_40d,5668.8501,5263.237,4948.5887,5568.5498,389812,253001.15,5670.0498,5613.3493,5726.7503,7.0,5273.1463,A,81.8,64.4,70.8,70.5,58.0,59.9,1.45,3.0,0,1.8012,7.7065,2.3606,1.3235,2.7876,9.9373,18.0,-0.0,-0.0,-0.0,-0.0,2.9789,100.0,97.0,0.345,0.1154,0.0223,0.3762,66,continuous_power,False,1,97.0,4,3.0,,0.0,0.0,0.0,100.0,32.4,31.1,0|0|0|0|0
2024-07-10,BRITANNIA.NS,A_breakout_40d,5755.5498,5282.339,4954.5307,5668.8501,526095,255460.95,5800.0,5742.0,5858.0,7.0,5394.0,A,83.1,62.2,81.2,73.9,58.0,59.9,1.51,3.0,1,1.5294,8.9584,0.0212,1.3576,2.2576,10.7104,18.0,-0.0,-0.0,-0.0,-0.0,1.4702,100.0,97.0,0.3111,0.0912,0.0223,0.3646,69,continuous_power,False,1,97.0,4,3.0,,0.0,0.0,0.0,100.0,34.9,31.1,0|0|0|0|0
2024-07-10,SBILIFE.NS,A_breakout_40d,1558.8,1448.077,1427.2797,1529.4,1964480,1254228.9,1562.0,1546.38,1577.62,7.0,1452.66,A,57.3,65.4,71.3,69.4,58.0,59.9,0.51,2.06,0,1.9223,7.6462,0.0,1.4237,0.888,9.1814,18.0,-0.0,-0.0,-0.0,-0.0,1.9759,100.0,97.0,0.3235,0.0815,0.0049,0.3762,68,continuous_power,False,1,97.0,4,3.0,,0.0,0.0,0.0,100.0,36.9,31.1,0|0|0|0|0
2024-07-11,ONGC.NS,A_breakout_40d,304.75,274.621,239.016,299.15,36020507,19385657.3,306.8,303.732,309.868,7.0,285.324,A,100.0,65.0,77.2,72.2,58.0,59.9,0.61,2.45,2,1.872,10.9711,0.6205,1.5329,2.0163,14.1087,18.0,-0.0,-0.0,-0.0,-0.0,2.9789,100.0,97.0,0.345,0.1233,0.0229,0.3762,66,continuous_power,False,1,97.0,4,3.0,,0.0,0.0,0.0,100.0,34.9,31.1,0|0|0|0|0
2024-07-12,ONGC.NS,A_breakout_40d,307.1,275.106,239.612,304.75,31788101,20174393.05,311.8,308.682,314.918,7.0,289.974,A,100.0,56.2,71.5,73.3,58.0,59.9,0.71,2.82,2,0.7711,11.6297,0.6727,0.9358,1.4801,13.1085,18.0,-0.0,-0.0,-0.0,-0.0,2.9789,100.0,97.0,0.345,0.1154,0.0223,0.3762,66,continuous_power,False,1,97.0,4,3.0,,0.0,0.0,0.0,100.0,34.9,31.1,0|0|0|0|0
2024-07-12,TCS.NS,A_breakout_40d,4183.9502,3877.792,3792.697,4020.95,13509164,2983060.95,4235.7002,4193.3432,4278.0572,7.0,3939.2012,A,61.2,82.4,100.0,69.5,58.0,59.9,0.41,1.66,0,4.0538,7.8952,1.4349,2.7333,3.7205,13.7878,18.0,-0.0,-0.0,-0.0,-0.0,1.4702,100.0,97.0,0.3111,0.0904,0.0229,0.349,69,continuous_power,False,1,97.0,4,3.0,,0.0,0.0,0.0,100.0,46.3,31.2,0|0|0|0|0
2024-07-12,TECHM.NS,A_breakout_40d,1505.05,1353.137,1275.541,1479.8,4372156,2106687.5,1520.1,1504.899,1535.301,7.0,1413.693,A,80.4,63.7,81.5,73.1,58.0,59.9,1.74,3.0,0,1.7063,11.2267,0.9859,1.559,2.2373,9.8942,18.0,-0.0,-0.0,-0.0,-0.0,1.4702,100.0,97.0,0.3111,0.0912,0.0223,0.3646,69,continuous_power,False,1,97.0,4,3.0,,0.0,0.0,0.0,100.0,34.9,31.1,0|0|0|0|0
2024-07-12,WIPRO.NS,A_breakout_40d,280.075,241.1315,229.775,270.6,54186042,23421688.4,283.45,280.6155,286.2845,7.0,263.6085,A,74.7,78.0,86.3,76.9,58.0,59.9,1.69,3.0,0,3.5015,16.1503,2.0408,1.702,2.8931,16.1386,18.0,-0.0,-0.0,-0.0,-0.0,1.4702,100.0,97.0,0.3111,0.0912,0.0229,0.349,69,continuous_power,False,1,97.0,4,3.0,,0.0,0.0,0.0,100.0,27.9,31.1,0|0|0|0|0
2024-07-15,ONGC.NS,A_breakout_40d,322.5,275.9,240.2913,307.1,51435537,22214037.5,323.6,320.364,326.836,7.0,300.948,A,100.0,90.1,86.3,79.2,58.0,59.9,0.85,3.0,2,5.0147,16.8902,1.5304,1.6977,2.699,24.179,18.0,-0.0,-0.0,-0.0,-0.0,1.4702,100.0,97.0,0.3111,0.1233,0.0414,0.3646,69,continuous_power,False,1,97.0,4,3.0,,0.0,0.0,0.0,100.0,29.4,31.1,0|0|0|0|0
2024-07-15,SBILIFE.NS,A_breakout_40d,1613.45,1456.383,1430.6007,1562.85,2498480,1178093.1,1613.4,1597.266,1629.534,7.0,1500.462,A,59.0,75.9,82.4,76.6,58.0,59.9,0.89,3.0,1,3.2377,10.7847,0.0,1.947,1.1311,14.1555,18.0,-0.0,-0.0,-0.0,-0.0,1.4702,100.0,97.0,0.3111,0.0815,0.0223,0.349,69,continuous_power,False,1,97.0,4,3.0,,0.0,0.0,0.0,100.0,34.9,31.1,0|0|0|0|0
2024-07-16,COALINDIA.NS,A_breakout_40d,512.45,479.531,406.8378,512.35,23169665,9929469.4,515.35,510.1965,520.5035,7.0,479.2755,A,100.0,50.2,86.7,67.4,58.0,59.9,0.86,3.0,0,0.0195,6.8648,0.0502,1.9402,1.6386,7.5519,18.0,-0.0,-0.0,-0.0,-0.0,1.4702,100.0,97.0,0.3111,0.1154,0.0403,0.3646,69,continuous_power,False,1,97.0,4,3.0,,0.0,0.0,0.0,100.0,52.3,31.2,0|0|0|0|0
2024-07-16,HINDUNILVR.NS,A_breakout_40d,2688.45,2456.367,2446.4757,2622.25,3298003,2011427.45,2700.0,2673.0,2727.0,7.0,2511.0,A,52.0,70.2,72.8,75.5,58.0,59.9,1.68,3.0,0,2.5245,9.4482,0.2156,2.0828,1.4519,11.5561,18.0,-0.0,-0.0,-0.0,-0.0,1.4702,100.0,97.0,0.3111,0.0815,0.0049,0.3525,69,continuous_power,False,1,97.0,4,3.0,,0.0,0.0,0.0,100.0,34.9,31.1,0|0|0|0|0
2024-07-16,ONGC.NS,A_breakout_40d,322.65,276.631,240.9708,322.5,37468292,23235213.65,325.1,321.849,328.351,7.0,302.343,A,100.0,50.4,72.3,79.3,58.0,59.9,1.0,3.0,3,0.0465,16.6355,0.3411,0.8688,1.9008,17.7377,18.0,-0.0,-0.0,-0.0,-0.0,2.9789,100.0,97.0,0.345,0.1154,0.0223,0.3762,66,continuous_power,False,1,97.0,4,3.0,,0.0,0.0,0.0,100.0,32.4,31.1,0|0|0|0|0
2024-07-16,SBILIFE.NS,A_breakout_40d,1621.35,1459.945,1431.839,1613.45,1844059,1198944.3,1620.0,1603.8,1636.2,7.0,1506.6,A,59.8,53.9,70.8,77.4,58.0,59.9,1.02,3.0,2,0.4896,11.0556,-0.0031,1.4067,1.0696,11.6736,18.0,-0.0,-0.0,-0.0,-0.0,1.8275,100.0,97.0,0.32,0.0815,0.0,0.3646,68,continuous_power,False,1,97.0,4,3.0,,0.0,0.0,0.0,100.0,34.9,31.1,0|0|0|0|0
2024-07-18,APOLLOHOSP.NS,A_breakout_40d,6520.8501,6084.184,5861.2278,6453.7002,583444,343786.85,6525.25,6459.9975,6590.5025,7.0,6068.4825,A,69.0,58.3,73.9,71.3,58.0,59.9,0.73,2.93,0,1.0405,7.1771,-0.3362,1.0809,0.0809,7.262,18.0,-0.0,-0.0,-0.0,-0.0,1.4702,100.0,97.0,0.3111,0.0815,0.0223,0.3646,69,continuous_power,False,1,97.0,4,3.0,,0.0,0.0,0.0,100.0,40.9,31.1,0|0|0|0|0
2024-07-18,BRITANNIA.NS,A_breakout_40d,5871.5,5381.3439,4985.795,5862.3501,523157,268566.3,5850.0,5791.5,5908.5,7.0,5440.5,A,89.7,51.2,79.0,78.3,58.0,59.9,1.87,3.0,0,0.1561,9.1084,-0.2695,1.0214,0.1537,7.4839,18.0,-0.0,-0.0,-0.0,-0.0,2.9789,100.0,97.0,0.345,0.0912,0.0223,0.3762,66,continuous_power,False,1,97.0,4,3.0,,0.0,0.0,0.0,100.0,20.1,13.8,0|0|0|0|0
2024-07-18,HINDUNILVR.NS,A_breakout_40d,2738.3999,2466.011,2447.8335,2688.45,5569762,2240566.75,2739.0,2711.61,2766.39,7.0,2547.27,A,53.7,64.9,89.7,78.8,58.0,59.9,1.75,3.0,1,1.8579,11.0457,0.4296,1.8597,2.1982,13.0918,18.0,-0.0,-0.0,-0.0,-0.0,1.4702,100.0,97.0,0.3111,0.0815,0.0223,0.349,69,continuous_power,False,1,97.0,4,3.0,,0.0,0.0,0.0,100.0,34.9,31.1,0|0|0|0|0
2024-07-18,ONGC.NS,A_breakout_40d,331.7,277.622,241.6883,322.65,48189915,24976629.05,333.0,329.67,336.33,7.0,309.69,A,100.0,72.4,78.6,82.0,58.0,59.9,1.25,3.0,3,2.8049,19.479,0.7593,1.2213,1.2194,24.182,18.0,-0.0,-0.0,-0.0,-0.0,2.9789,100.0,97.0,0.345,0.1233,0.0229,0.3762,66,continuous_power,False,1,97.0,4,3.0,,0.0,0.0,0.0,100.0,32.4,31.1,0|0|0|0|0
2024-07-18,SBILIFE.NS,A_breakout_40d,1659.8,1464.329,1433.412,1621.35,2104021,1275196.2,1632.0,1615.68,1648.32,7.0,1517.76,A,60.8,69.0,73.0,80.9,58.0,59.9,1.12,3.0,2,2.3715,13.3488,-0.0833,1.4388,0.7235,16.3368,18.0,-0.0,-0.0,-0.0,-0.0,1.4702,100.0,97.0,0.3111,0.0815,0.0049,0.3646,69,continuous_power,False,1,97.0,4,3.0,,0.0,0.0,0.0,100.0,13.6,13.8,0|0|0|0|0
2024-07-18,TATACONSUM.NS,A_breakout_40d,1178.7485,1111.615,1061.6802,1176.25,2591377,1657333.6,1185.2675,1173.4148,1197.1201,7.0,1102.2987,A,73.5,51.7,71.3,65.0,58.0,59.9,0.54,2.15,0,0.2124,6.0393,-1.3327,0.9592,0.3181,6.5205,18.0,-0.0,-0.0,-0.0,-0.0,2.9789,100.0,97.0,0.345,0.0912,0.0049,0.3762,66,continuous_power,False,1,97.0,4,3.0,,0.0,0.0,0.0,100.0,47.8,31.2,0|0|0|0|0
2024-07-18,TCS.NS,A_breakout_40d,4315.5498,3898.501,3801.9605,4183.9502,5613364,3350415.45,4317.3999,4274.2259,4360.5739,7.0,4015.1819,A,62.7,75.2,73.5,74.4,58.0,59.9,0.75,3.0,1,3.1453,10.6977,-0.4416,1.831,0.878,15.4279,18.0,-0.0,-0.0,-0.0,-0.0,1.4702,100.0,97.0,0.3111,0.0815,0.0223,0.3525,69,continuous_power,False,1,97.0,4,3.0,,0.0,0.0,0.0,100.0,34.9,31.1,0|0|0|0|0
2024-07-19,BRITANNIA.NS,A_breakout_40d,5877.9502,5395.4259,4992.392,5871.5,451294,276310.1,5877.9502,5819.1707,5936.7297,7.0,5466.4937,A,90.4,50.9,72.7,78.5,58.0,59.9,1.77,3.0,1,0.1099,8.9432,-0.3662,1.2875,0.3024,7.048,18.0,-0.0,-0.0,-0.0,-0.0,2.9789,100.0,97.0,0.345,0.0912,0.0223,0.3762,66,continuous_power,False,1,97.0,4,3.0,,0.0,0.0,0.0,100.0,20.1,13.8,0|0|0|0|0
2024-07-19,INFY.NS,A_breakout_40d,1792.95,1529.344,1522.7195,1758.05,29819116,9831000.1,1800.15,1782.1485,1818.1515,7.0,1674.1395,A,52.2,65.9,100.0,85.6,58.0,59.9,2.11,3.0,0,1.9851,17.2365,4.8889,1.474,5.6007,17.2669,18.0,-0.0,-0.0,-0.0,-0.0,1.4702,100.0,97.0,0.3111,0.0815,0.0223,0.3324,69,continuous_power,False,1,97.0,4,3.0,,0.0,0.0,0.0,100.0,24.4,31.1,0|0|0|0|0
2024-07-23,DABUR.NS,A_breakout_40d,652.3,593.804,549.7227,644.85,7195533,2673401.9,650.0,643.5,656.5,7.0,604.5,A,90.1,59.2,93.8,70.1,58.0,59.9,1.63,3.0,0,1.1553,9.8511,0.5105,2.1059,1.6164,8.4629,18.0,-0.0,-0.0,-0.0,-0.0,1.4702,100.0,97.0,0.3111,0.1154,0.0414,0.349,69,continuous_power,False,1,97.0,4,3.0,,0.0,0.0,0.0,100.0,50.3,31.2,0|0|0|0|0
2024-07-23,DRREDDY.NS,A_breakout_40d,1373.0,1232.5808,1189.1647,1358.95,4330455,2662320.25,1387.78,1373.9022,1401.6578,7.0,1290.6354,A,68.3,58.3,72.5,74.2,58.0,59.9,0.9,3.0,0,1.0339,11.3923,-0.0133,1.1787,0.5031,9.247,18.0,-0.0,-0.0,-0.0,-0.0,1.4702,100.0,97.0,0.3111,0.0815,0.0223,0.3646,69,continuous_power,False,1,97.0,4,3.0,,0.0,0.0,0.0,100.0,34.9,31.1,0|0|0|0|0
2024-07-23,GODREJCP.NS,A_breakout_40d,1516.7,1376.372,1188.0195,1470.15,2713959,1355649.65,1516.7,1501.533,1531.867,7.0,1410.531,A,100.0,75.3,80.0,70.1,58.0,59.9,1.25,3.0,0,3.1663,10.1955,-0.0782,1.7621,0.771,13.3668,18.0,-0.0,-0.0,-0.0,-0.0,1.4702,100.0,97.0,0.3111,0.1233,0.0414,0.3762,69,continuous_power,False,1,97.0,4,3.0,,0.0,0.0,0.0,100.0,34.9,31.1,0|0|0|0|0
2024-07-23,HINDUNILVR.NS,A_breakout_40d,2766.3501,2489.662,2451.8185,2738.3999,3906259,2227152.05,2748.0,2720.52,2775.48,7.0,2555.64,A,57.7,58.2,75.1,79.0,58.0,59.9,1.75,3.0,1,1.0207,11.1135,0.3912,1.5044,0.8956,10.4774,18.0,-0.0,-0.0,-0.0,-0.0,1.4702,100.0,97.0,0.3111,0.0815,0.0049,0.3525,69,continuous_power,False,1,97.0,4,3.0,,0.0,0.0,0.0,100.0,16.1,13.8,0|0|0|0|0
2024-07-23,TATACONSUM.NS,A_breakout_40d,1241.469,1117.7228,1066.458,1190.0085,5204189,1885085.9,1241.5677,1229.1521,1253.9834,7.0,1154.658,A,74.0,84.6,95.2,74.7,58.0,59.9,0.84,3.0,1,4.3244,11.0713,0.8466,2.1396,2.0329,17.3424,18.0,-0.0,-0.0,-0.0,-0.0,1.4702,100.0,97.0,0.3111,0.0912,0.0414,0.349,69,continuous_power,False,1,97.0,4,3.0,,0.0,0.0,0.0,100.0,43.8,31.2,0|0|0|0|0
2024-07-24,ITC.NS,A_breakout_40d,475.7283,422.1218,421.3142,473.9469,43693692,21016718.95,471.8285,467.1102,476.5467,7.0,438.8005,A,51.0,53.0,81.6,79.7,58.0,59.9,1.03,3.0,0,0.3759,12.6993,0.772,1.7761,2.9906,13.3516,18.0,-0.0,-0.0,-0.0,-0.0,1.4702,100.0,97.0,0.3111,0.0815,0.0049,0.349,69,continuous_power,False,1,97.0,4,3.0,,0.0,0.0,0.0,100.0,34.9,31.1,0|0|0|0|0
2024-07-24,NTPC.NS,A_breakout_40d,392.6,368.586,319.4832,391.8,36868466,20697219.05,390.95,387.0405,394.8595,7.0,363.5835,A,100.0,51.6,75.6,61.8,58.0,59.9,0.7,2.8,0,0.2042,6.5152,0.4314,1.1902,2.1091,8.9447,18.0,-0.0,-0.0,-0.0,-0.0,2.9789,100.0,97.0,0.345,0.1233,0.0229,0.3762,66,continuous_power,False,1,97.0,4,3.0,,0.0,0.0,0.0,100.0,48.3,31.2,0|0|0|0|0
2024-07-24,SUNPHARMA.NS,A_breakout_40d,1619.45,1524.285,1403.2462,1601.6,2923358,1788822.65,1614.85,1598.7015,1630.9985,7.0,1501.8105,A,93.1,58.9,72.7,66.4,58.0,59.9,0.53,2.13,0,1.1145,6.2433,0.025,1.0998,0.1486,7.1702,18.0,-0.0,-0.0,-0.0,-0.0,2.9789,100.0,97.0,0.345,0.1233,0.0223,0.3762,66,continuous_power,False,1,97.0,4,3.0,,0.0,0.0,0.0,100.0,40.9,31.1,0|0|0|0|0
2024-07-25,IOC.NS,A_breakout_40d,176.85,167.1,145.8885,175.3,75894556,29674855.75,178.34,176.5566,180.1234,7.0,165.8562,A,100.0,57.1,91.2,61.3,58.0,59.9,0.58,2.32,0,0.8842,5.8348,-1.1257,2.2141,1.2141,8.6901,18.0,-0.0,-0.0,-0.0,-0.0,1.4702,100.0,97.0,0.3111,0.1233,0.0414,0.3646,69,continuous_power,False,1,97.0,4,3.0,,0.0,0.0,0.0,100.0,43.8,31.2,0|0|0|0|0
2024-07-25,SBILIFE.NS,A_breakout_40d,1695.4,1485.043,1441.6827,1659.8,4427012,1471207.45,1686.25,1669.3875,1703.1125,7.0,1568.2125,A,65.0,67.2,100.0,73.4,58.0,59.9,1.41,3.0,0,2.1448,14.165,0.7379,1.3775,1.714,14.0066,18.0,-0.0,-0.0,-0.0,-0.0,1.4702,100.0,97.0,0.3111,0.0815,0.0229,0.3324,69,continuous_power,False,1,97.0,4,3.0,,0.0,0.0,0.0,100.0,46.3,31.2,0|0|0|0|0
2024-07-25,SUNPHARMA.NS,A_breakout_40d,1665.8,1527.1,1405.8755,1619.45,5329712,1927133.6,1670.45,1653.7455,1687.1545,7.0,1553.5185,A,93.1,72.9,95.3,73.1,58.0,59.9,0.63,2.53,1,2.8621,9.0826,-0.284,2.4416,1.529,12.5059,18.0,-0.0,-0.0,-0.0,-0.0,1.4702,100.0,97.0,0.3111,0.1154,0.0414,0.3525,69,continuous_power,False,1,97.0,4,3.0,,0.0,0.0,0.0,100.0,34.9,31.1,0|0|0|0|0
2024-07-26,CIPLA.NS,A_breakout_40d,1575.0,1496.359,1368.884,1574.8,4687416,1669374.3,1588.0,1572.12,1603.88,7.0,1476.84,A,96.6,50.1,96.2,68.2,58.0,59.9,0.96,3.0,0,0.0127,5.2555,0.3133,3.1753,2.4886,8.329,18.0,-0.0,-0.0,-0.0,-0.0,1.4702,100.0,97.0,0.3111,0.1154,0.0414,0.349,69,continuous_power,False,1,97.0,4,3.0,,0.0,0.0,0.0,100.0,50.3,31.2,0|0|0|0|0
2024-07-26,DIVISLAB.NS,A_breakout_40d,4790.6001,4446.094,3875.2715,4636.9502,1262221,548984.1,4804.0,4755.96,4852.04,7.0,4467.72,A,100.0,76.5,86.0,68.3,58.0,59.9,1.66,3.0,0,3.3136,7.7485,0.5267,2.0604,1.5872,12.5978,18.0,-0.0,-0.0,-0.0,-0.0,1.4702,100.0,97.0,0.3111,0.1233,0.052,0.3646,69,continuous_power,False,1,97.0,4,3.0,,0.0,0.0,0.0,100.0,48.3,31.2,0|0|0|0|0
2024-07-26,SBILIFE.NS,A_breakout_40d,1750.95,1491.405,1443.9905,1695.4,2982227,1545707.7,1752.5,1734.975,1770.025,7.0,1629.825,A,66.4,76.2,78.6,77.6,58.0,59.9,1.57,3.0,1,3.2765,17.4027,-0.5397,2.0078,1.7886,21.0024,18.0,-0.0,-0.0,-0.0,-0.0,1.4702,100.0,97.0,0.3111,0.0815,0.0223,0.3525,69,continuous_power,False,1,97.0,4,3.0,,0.0,0.0,0.0,100.0,29.4,31.1,0|0|0|0|0
2024-07-26,SUNPHARMA.NS,A_breakout_40d,1714.25,1530.48,1408.7852,1665.8,4591049,1962613.15,1715.25,1698.0975,1732.4025,7.0,1595.1825,A,93.2,73.3,86.8,78.0,58.0,59.9,0.78,3.0,2,2.9085,12.0073,0.2791,1.6644,1.9527,17.009,18.0,-0.0,-0.0,-0.0,-0.0,1.4702,100.0,97.0,0.3111,0.1154,0.0403,0.3646,69,continuous_power,False,1,97.0,4,3.0,,0.0,0.0,0.0,100.0,32.4,31.1,0|0|0|0|0
2024-07-26,TECHM.NS,A_breakout_40d,1541.15,1397.323,1285.9325,1539.35,7133745,2320955.5,1545.65,1530.1935,1561.1065,7.0,1437.4545,A,93.3,50.9,100.0,68.4,58.0,59.9,1.8,3.0,0,0.1169,10.293,0.0,2.3739,1.4907,7.586,18.0,-0.0,-0.0,-0.0,-0.0,1.4702,100.0,97.0,0.3111,0.1084,0.0414,0.349,69,continuous_power,False,1,97.0,4,3.0,,0.0,0.0,0.0,100.0,52.3,31.2,0|0|0|0|0
2024-07-26,TVSMOTOR.NS,A_breakout_40d,2508.0,2357.703,2039.2458,2503.8501,1328315,858653.75,2529.0,2503.71,2554.29,7.0,2351.97,A,100.0,51.3,70.9,63.2,58.0,59.9,1.71,3.0,0,0.1657,6.3747,0.0082,1.416,0.4241,6.0079,18.0,-0.0,-0.0,-0.0,-0.0,2.9789,100.0,97.0,0.345,0.1233,0.0229,0.3762,66,continuous_power,False,1,97.0,4,3.0,,0.0,0.0,0.0,100.0,52.3,31.2,0|0|0|0|0
2024-07-29,DIVISLAB.NS,A_breakout_40d,4923.8501,4466.72,3881.065,4790.6001,886247,573722.65,4923.8501,4874.6116,4973.0886,7.0,4579.1806,A,100.0,72.3,70.9,73.4,58.0,59.9,1.85,3.0,1,2.7815,10.2341,0.2797,1.524,1.9147,16.036,18.0,-0.0,-0.0,-0.0,-0.0,2.9789,100.0,97.0,0.345,0.1233,0.0229,0.3762,66,continuous_power,False,1,97.0,4,3.0,,0.0,0.0,0.0,100.0,32.4,31.1,0|0|0|0|0
2024-07-29,SUNPHARMA.NS,A_breakout_40d,1723.25,1534.397,1411.6082,1714.25,3187339,1990250.15,1716.1,1698.939,1733.261,7.0,1595.973,A,93.5,54.2,72.0,78.8,58.0,59.9,0.95,3.0,3,0.525,12.308,0.0583,0.9946,0.7188,14.1807,18.0,-0.0,-0.0,-0.0,-0.0,2.9789,100.0,97.0,0.345,0.1154,0.0223,0.3762,66,continuous_power,False,1,97.0,4,3.0,,0.0,0.0,0.0,100.0,16.1,13.8,0|0|0|0|0
2024-07-30,BPCL.NS,A_breakout_40d,348.2,310.948,267.2769,337.9,45785745,17928029.85,352.0,348.48,355.52,7.0,327.36,A,100.0,74.4,91.1,72.3,58.0,59.9,0.77,3.0,0,3.0482,11.9801,0.1924,1.8854,2.0571,20.0108,18.0,-0.0,-0.0,-0.0,-0.0,1.4702,100.0,97.0,0.3111,0.1233,0.0414,0.3525,69,continuous_power,False,1,97.0,4,3.0,,0.0,0.0,0.0,100.0,43.8,31.2,0|0|0|0|0
2024-07-30,IOC.NS,A_breakout_40d,182.95,168.2178,147.2342,180.39,75819147,34024348.75,183.5,181.665,185.335,7.0,170.655,A,100.0,61.4,84.6,67.3,58.0,59.9,1.01,3.0,1,1.4191,8.7578,-0.2162,1.3759,0.9508,12.2009,18.0,-0.0,-0.0,-0.0,-0.0,1.4702,100.0,97.0,0.3111,0.1233,0.0414,0.3646,69,continuous_power,False,1,97.0,4,3.0,,0.0,0.0,0.0,100.0,46.3,31.2,0|0|0|0|0
2024-07-30,NTPC.NS,A_breakout_40d,406.95,371.782,322.6142,396.3,34447139,20133500.35,409.5,405.405,413.595,7.0,380.835,A,100.0,71.5,74.2,67.6,58.0,59.9,1.07,3.0,1,2.6874,9.4593,0.787,1.2137,2.5764,12.8083,18.0,-0.0,-0.0,-0.0,-0.0,2.9789,100.0,97.0,0.345,0.1233,0.0403,0.3762,66,continuous_power,False,1,97.0,4,3.0,,0.0,0.0,0.0,100.0,34.9,31.1,0|0|0|0|0
2024-07-30,POWERGRID.NS,A_breakout_40d,349.8,327.954,269.6712,346.05,25813219,13282582.5,348.25,344.7675,351.7325,7.0,323.8725,A,100.0,58.7,78.9,63.6,58.0,59.9,1.02,3.0,0,1.0837,6.6613,0.7741,1.4272,1.2012,7.3611,18.0,-0.0,-0.0,-0.0,-0.0,1.8275,100.0,97.0,0.32,0.1233,0.0403,0.3762,68,continuous_power,False,1,97.0,4,3.0,,0.0,0.0,0.0,100.0,52.3,31.2,0|0|0|0|0
2024-07-31,TRENT.NS,A_breakout_40d,5839.0,5205.956,3789.3603,5675.5498,1671711,616422.5,5894.0,5835.06,5952.94,7.0,5481.42,A,100.0,73.0,94.2,70.1,58.0,59.9,1.92,3.0,0,2.8799,12.16,0.081,1.6785,1.1731,16.5601,18.0,-0.0,-0.0,-0.0,-0.0,1.4702,100.0,97.0,0.3111,0.1233,0.052,0.349,69,continuous_power,False,1,97.0,4,3.0,,0.0,0.0,0.0,100.0,43.8,31.2,0|0|0|0|0
2024-07-31,TVSMOTOR.NS,A_breakout_40d,2531.0,2379.703,2054.068,2508.0,1913288,924677.95,2532.0,2506.68,2557.32,7.0,2354.76,A,100.0,57.3,81.4,64.2,58.0,59.9,1.58,3.0,1,0.9171,6.3578,-0.1842,1.026,0.026,6.2571,18.0,-0.0,-0.0,-0.0,-0.0,1.4702,100.0,97.0,0.3111,0.1233,0.0414,0.3646,69,continuous_power,False,1,97.0,4,3.0,,0.0,0.0,0.0,100.0,52.3,31.2,0|0|0|0|0
2024-08-01,ADANIGREEN.NS,A_breakout_40d,1901.95,1810.245,1612.6863,1880.35,11727943,2706632.9,1868.95,1850.2605,1887.6395,7.0,1738.1235,A,100.0,59.2,100.0,67.9,58.0,59.9,0.06,0.25,0,1.1487,5.0659,0.1516,1.1751,0.7698,9.8022,18.0,-0.0,-0.0,-0.0,-0.0,1.4702,87.0,85.5,0.3111,0.1154,0.0414,0.349,69,continuous_power,False,1,85.5,3,1.5,,0.0,0.0,0.0,87.0,46.3,31.2,0|0|0|0|0
2024-08-01,ADANIPORTS.NS,A_breakout_40d,1590.15,1460.2,1207.8005,1569.9,7160588,2822154.5,1579.95,1564.1505,1595.7495,7.0,1469.3535,A,100.0,60.3,90.7,70.1,58.0,59.9,1.48,3.0,0,1.2899,8.8995,0.7039,1.0475,1.238,10.2566,18.0,-0.0,-0.0,-0.0,-0.0,1.4702,100.0,97.0,0.3111,0.1154,0.0414,0.3646,69,continuous_power,False,1,97.0,4,3.0,,0.0,0.0,0.0,100.0,48.3,31.2,0|0|0|0|0
2024-08-01,COALINDIA.NS,A_breakout_40d,540.4,489.521,418.8085,522.2,34763894,11895908.75,534.0,528.66,539.34,7.0,496.62,A,100.0,77.9,98.4,72.9,58.0,59.9,1.07,3.0,0,3.4853,10.3936,2.4512,0.856,3.0038,16.0971,18.0,-0.0,-0.0,-0.0,-0.0,1.4702,100.0,97.0,0.3111,0.1233,0.052,0.349,69,continuous_power,False,1,97.0,4,3.0,,0.0,0.0,0.0,100.0,39.3,31.2,0|0|0|0|0
2024-08-01,ETERNAL.NS,A_breakout_40d,234.09,201.5078,159.9522,229.45,87888740,39476493.5,244.5,242.055,246.945,7.0,227.385,A,100.0,66.2,84.5,69.5,58.0,59.9,1.86,3.0,0,2.0222,16.1692,0.6755,1.1109,0.9344,13.8695,18.0,-0.0,-0.0,-0.0,-0.0,1.4702,100.0,97.0,0.3111,0.1233,0.0414,0.3646,69,continuous_power,False,1,97.0,4,3.0,,0.0,0.0,0.0,100.0,46.3,31.2,0|0|0|0|0
2024-08-01,MARUTI.NS,A_breakout_40d,13359.0498,12549.135,11477.9805,13115.7998,2040384,702695.55,13126.0,12994.74,13257.26,7.0,12207.18,A,96.7,64.8,98.1,72.0,58.0,59.9,0.25,1.0,0,1.8546,6.4539,2.1135,2.0277,4.3321,11.1021,18.0,-0.0,-0.0,-0.0,-0.0,1.9759,100.0,97.0,0.3235,0.1233,0.0223,0.3762,68,continuous_power,False,1,97.0,4,3.0,,0.0,0.0,0.0,100.0,30.4,31.1,0|0|0|0|0
2024-08-01,POWERGRID.NS,A_breakout_40d,361.1,329.364,271.2397,349.8,26792459,14418322.5,358.0,354.42,361.58,7.0,332.94,A,100.0,75.8,77.2,69.8,58.0,59.9,1.04,3.0,1,3.2304,9.6355,0.8472,1.2602,1.1074,13.5148,18.0,-0.0,-0.0,-0.0,-0.0,1.9759,100.0,97.0,0.3235,0.1233,0.0414,0.3762,68,continuous_power,False,1,97.0,4,3.0,,0.0,0.0,0.0,100.0,36.9,31.1,0|0|0|0|0
2024-08-01,TATAPOWER.NS,A_breakout_40d,464.4,437.864,371.3753,453.6,34019552,13377994.4,460.3,455.697,464.903,7.0,428.079,A,100.0,69.0,90.9,65.2,58.0,59.9,0.35,1.38,0,2.3809,6.0603,0.2976,0.8661,0.6601,12.8322,18.0,-0.0,-0.0,-0.0,-0.0,2.9789,100.0,97.0,0.345,0.1233,0.0229,0.3762,66,continuous_power,False,1,97.0,4,3.0,,0.0,0.0,0.0,100.0,46.3,31.2,0|0|0|0|0
2024-08-01,TVSMOTOR.NS,A_breakout_40d,2584.2,2388.269,2059.4982,2531.0,2477455,1011255.65,2574.8,2549.052,2600.548,7.0,2394.564,A,100.0,66.8,89.0,68.9,58.0,59.9,1.62,3.0,2,2.1019,8.2039,0.0395,1.2545,0.3121,10.8913,18.0,-0.0,-0.0,-0.0,-0.0,1.4702,100.0,97.0,0.3111,0.1233,0.0414,0.3525,69,continuous_power,False,1,97.0,4,3.0,,0.0,0.0,0.0,100.0,48.3,31.2,0|0|0|0|0
2024-08-02,APOLLOHOSP.NS,A_breakout_40d,6710.1499,6231.717,5942.8175,6706.3999,587569,338579.6,6689.0,6622.11,6755.89,7.0,6220.77,A,74.3,50.4,74.7,69.7,58.0,59.9,1.24,3.0,0,0.0559,7.6774,0.0,0.9155,0.0226,5.172,18.0,-0.0,-0.0,-0.0,-0.0,1.4702,100.0,97.0,0.3111,0.0815,0.0223,0.3646,69,continuous_power,False,1,97.0,4,3.0,,0.0,0.0,0.0,100.0,40.9,31.1,0|0|0|0|0
2024-08-02,ETERNAL.NS,A_breakout_40d,262.34,203.0446,160.7369,234.09,389060600,57429308.5,254.0,251.46,256.54,7.0,236.22,A,100.0,100.0,100.0,81.0,58.0,59.9,2.25,3.0,1,12.068,29.2031,4.447,3.0396,7.0371,42.7134,18.0,-0.0,-0.0,-0.0,-0.0,1.4702,100.0,97.0,0.3111,0.1233,0.0602,0.349,69,continuous_power,False,1,97.0,4,3.0,,0.0,0.0,0.0,100.0,35.8,31.2,0|0|0|0|0
2024-08-07,ETERNAL.NS,A_breakout_40d,265.67,207.3984,163.0201,262.34,127379200,74413863.0,265.0,262.35,267.65,7.0,246.45,A,100.0,60.2,74.2,73.7,58.0,59.9,3.38,3.0,2,1.2694,28.0965,4.9984,1.1539,8.5561,23.5956,18.0,-0.0,-0.0,-0.0,-0.0,2.9789,100.0,97.0,0.345,0.1154,0.0229,0.3762,66,continuous_power,False,1,97.0,4,3.0,,0.0,0.0,0.0,100.0,24.4,31.1,0|0|0|0|0
2024-08-09,TRENT.NS,A_breakout_40d,6275.3501,5337.364,3913.1388,5839.0,6877196,1070175.2,6302.9502,6239.9207,6365.9797,7.0,5861.7437,A,100.0,100.0,100.0,69.5,58.0,59.9,1.74,3.0,0,7.473,17.574,1.6787,2.8832,4.1724,33.523,18.0,-0.0,-0.0,-0.0,-0.0,1.4702,100.0,97.0,0.3111,0.1233,0.0745,0.349,69,continuous_power,False,1,97.0,4,3.0,,0.0,0.0,0.0,100.0,40.8,31.2,0|0|0|0|0
2024-08-12,TRENT.NS,A_breakout_40d,6382.3501,5371.984,3934.5123,6275.3501,1889796,1140830.9,6375.0,6311.25,6438.75,7.0,5928.75,A,100.0,63.6,73.1,71.1,58.0,59.9,2.15,3.0,1,1.7051,18.8081,0.4398,0.6403,2.9332,28.738,18.0,-0.0,-0.0,-0.0,-0.0,2.9789,100.0,97.0,0.345,0.1233,0.0229,0.3762,66,continuous_power,False,1,97.0,4,3.0,,0.0,0.0,0.0,100.0,43.8,31.2,0|0|0|0|0
2024-08-13,TVSMOTOR.NS,A_breakout_40d,2635.8,2442.655,2099.1405,2584.2,2005430,1124504.35,2635.8,2609.442,2662.158,7.0,2451.294,A,100.0,66.0,75.7,65.0,58.0,59.9,1.44,3.0,0,1.9968,7.9072,0.4228,1.2716,0.6944,10.9726,18.0,-0.0,-0.0,-0.0,-0.0,2.9789,100.0,97.0,0.345,0.1233,0.0414,0.3762,66,continuous_power,False,1,97.0,4,3.0,,0.0,0.0,0.0,100.0,48.3,31.2,0|0|0|0|0
2024-08-19,TRENT.NS,A_breakout_40d,6689.8999,5518.965,4023.4505,6502.3999,1827850,1198654.05,6710.0,6642.9,6777.1,7.0,6240.3,A,100.0,73.1,70.5,75.7,58.0,59.9,3.4,3.0,0,2.8836,21.2166,1.1165,0.8978,1.1345,22.8177,18.0,-0.0,-0.0,-0.0,-0.0,2.9789,100.0,97.0,0.345,0.1233,0.0229,0.3762,66,continuous_power,False,1,97.0,4,3.0,,0.0,0.0,0.0,100.0,43.8,31.2,0|0|0|0|0
2024-08-21,SBILIFE.NS,A_breakout_40d,1800.6,1594.67,1478.5625,1767.25,2972530,1612904.2,1801.0,1782.99,1819.01,7.0,1674.93,A,89.3,65.1,76.9,67.8,58.0,59.9,2.08,3.0,0,1.8871,12.9136,0.0,1.0898,0.8669,13.4363,18.0,-0.0,-0.0,-0.0,-0.0,1.4702,100.0,97.0,0.3111,0.1154,0.0229,0.3646,69,continuous_power,False,1,97.0,4,3.0,,0.0,0.0,0.0,100.0,48.3,31.2,0|0|0|0|0
2024-08-22,BAJAJ-AUTO.NS,A_breakout_40d,9914.2002,9618.4111,8174.882,9888.1504,388874,256208.3,9970.0,9870.3,10069.7,7.0,9272.1,A,100.0,52.1,70.4,61.0,58.0,59.9,0.25,1.0,0,0.2634,3.0752,0.4872,0.9563,0.4872,3.8262,18.0,-0.0,-0.0,-0.0,-0.0,2.9789,94.4,91.4,0.345,0.1233,0.0223,0.3762,66,continuous_power,False,1,91.4,4,3.0,,0.0,0.0,0.0,94.4,52.3,31.2,0|0|0|0|0
2024-08-23,BAJAJ-AUTO.NS,A_breakout_40d,10406.4502,9630.2861,8200.0465,9914.2002,1229549,304569.35,10375.0996,10271.3486,10478.8506,7.0,9648.8426,A,100.0,89.7,100.0,72.8,58.0,59.9,0.24,0.96,1,4.9651,8.0596,0.5628,2.5102,2.4141,15.8157,18.0,-0.0,-0.0,-0.0,-0.0,1.4702,100.0,97.0,0.3111,0.1319,0.0403,0.3762,69,continuous_power,False,1,97.0,4,3.0,,0.0,0.0,0.0,100.0,34.9,31.1,0|0|0|0|0
2024-08-23,INDIGO.NS,A_breakout_40d,4710.4502,4318.371,3542.6283,4493.3999,3390956,1087080.05,4718.0,4670.82,4765.18,7.0,4387.74,A,100.0,88.6,100.0,70.6,58.0,59.9,0.03,0.13,0,4.8304,9.0793,0.2197,2.282,3.2303,19.3743,18.0,-0.0,-0.0,-0.0,-0.0,2.9789,100.0,97.0,0.345,0.1319,0.0229,0.3762,66,continuous_power,False,1,97.0,4,3.0,,0.0,0.0,0.0,100.0,43.8,31.2,0|0|0|0|0
2024-08-23,TVSMOTOR.NS,A_breakout_40d,2767.0,2483.773,2136.2868,2706.25,2526589,1320201.35,2781.7,2753.883,2809.517,7.0,2586.981,A,100.0,68.0,78.3,72.8,58.0,59.9,1.07,3.0,0,2.2448,11.4031,1.9861,0.8707,2.5215,13.8515,18.0,-0.0,-0.0,-0.0,-0.0,2.9789,100.0,97.0,0.345,0.1233,0.0403,0.3762,66,continuous_power,False,1,97.0,4,3.0,,0.0,0.0,0.0,100.0,30.4,31.1,0|0|0|0|0
2024-08-26,HINDALCO.NS,A_breakout_40d,711.85,669.783,596.5837,707.0,11517668,7496143.8,711.9,704.781,719.019,7.0,662.067,A,100.0,55.5,70.7,67.9,58.0,59.9,0.18,0.72,0,0.686,6.2807,1.3575,1.1848,2.0018,11.9632,18.0,-0.0,-0.0,-0.0,-0.0,2.9789,92.2,89.2,0.345,0.1233,0.0223,0.3762,66,continuous_power,False,1,89.2,4,3.0,,0.0,0.0,0.0,92.2,46.3,31.2,0|0|0|0|0
2024-08-27,SBILIFE.NS,A_breakout_40d,1838.95,1623.806,1488.1485,1800.6,2239371,1322643.45,1838.75,1820.3625,1857.1375,7.0,1710.0375,A,95.6,67.0,73.9,70.6,58.0,59.9,2.31,3.0,1,2.1298,13.2494,-0.437,1.5752,0.6417,11.8563,18.0,-0.0,-0.0,-0.0,-0.0,2.9789,100.0,97.0,0.345,0.1233,0.0229,0.3762,66,continuous_power,False,1,97.0,4,3.0,,0.0,0.0,0.0,100.0,36.9,31.1,0|0|0|0|0
2024-08-27,SHRIRAMFIN.NS,A_breakout_40d,645.89,580.8782,488.0429,632.43,9915805,6434252.0,645.0,638.55,651.45,7.0,599.85,A,100.0,67.0,70.8,68.2,58.0,59.9,2.12,3.0,0,2.1283,11.192,-0.2609,1.7181,1.0192,11.7371,18.0,-0.0,-0.0,-0.0,-0.0,2.9789,100.0,97.0,0.345,0.1233,0.0403,0.3762,66,continuous_power,False,1,97.0,4,3.0,,0.0,0.0,0.0,100.0,34.9,31.1,0|0|0|0|0
2024-08-28,DIVISLAB.NS,A_breakout_40d,5030.7002,4691.599,4013.2282,4991.25,963990,622006.75,5049.8999,4999.4009,5100.3989,7.0,4696.4069,A,100.0,56.3,71.0,63.4,58.0,59.9,0.85,3.0,0,0.7904,7.2278,-0.4161,1.8047,0.8047,7.4332,18.0,-0.0,-0.0,-0.0,-0.0,2.9789,100.0,97.0,0.345,0.1233,0.0229,0.3762,66,continuous_power,False,1,97.0,4,3.0,,0.0,0.0,0.0,100.0,52.3,31.2,0|0|0|0|0
2024-08-28,INDIGO.NS,A_breakout_40d,4859.8501,4347.436,3577.4233,4746.75,1955254,1096880.45,4731.1001,4683.7891,4778.4111,7.0,4399.9231,A,100.0,69.1,75.7,75.3,58.0,59.9,0.79,3.0,1,2.3827,11.7866,0.5951,1.8226,1.4177,16.9806,18.0,-0.0,-0.0,-0.0,-0.0,2.9789,100.0,97.0,0.345,0.1233,0.0229,0.3762,66,continuous_power,False,1,97.0,4,3.0,,0.0,0.0,0.0,100.0,32.4,31.1,0|0|0|0|0
2024-08-28,TRENT.NS,A_breakout_40d,7242.1001,5789.699,4193.1643,6989.7998,2358476,1339339.75,7269.9502,7197.2507,7342.6497,7.0,6761.0537,A,100.0,78.9,75.2,78.9,58.0,59.9,3.5,3.0,0,3.6095,25.086,1.7482,1.6017,2.7981,23.6684,18.0,-0.0,-0.0,-0.0,-0.0,2.9789,100.0,97.0,0.345,0.1233,0.0403,0.3762,66,continuous_power,False,1,97.0,4,3.0,,0.0,0.0,0.0,100.0,29.4,31.1,0|0|0|0|0
2024-08-29,BAJAJ-AUTO.NS,A_breakout_40d,10807.8496,9684.109,8305.6118,10656.75,693506,326240.4,10835.0,10726.65,10943.35,7.0,10076.55,A,100.0,61.3,82.5,79.2,58.0,59.9,0.68,2.73,1,1.4179,11.604,-0.701,1.4317,0.6345,14.103,18.0,-0.0,-0.0,-0.0,-0.0,2.9789,100.0,97.0,0.345,0.1154,0.0223,0.3762,66,continuous_power,False,1,97.0,4,3.0,,0.0,0.0,0.0,100.0,31.9,31.1,0|0|0|0|0
2024-08-29,CIPLA.NS,A_breakout_40d,1618.55,1534.576,1413.71,1618.2,2749546,1468797.3,1615.0,1598.85,1631.15,7.0,1501.95,A,92.7,50.2,77.4,65.5,58.0,59.9,0.32,1.3,0,0.0216,5.4721,0.2348,1.2494,0.9318,4.6275,18.0,-0.0,-0.0,-0.0,-0.0,2.9789,99.3,96.3,0.345,0.1154,0.0223,0.3762,66,continuous_power,False,1,96.3,4,3.0,,0.0,0.0,0.0,99.3,52.3,31.2,0|0|0|0|0
2024-08-29,HCLTECH.NS,A_breakout_40d,1751.85,1576.216,1496.225,1719.45,5112407,2453219.15,1751.85,1734.3315,1769.3685,7.0,1629.2205,A,76.7,65.1,81.7,72.9,58.0,59.9,1.79,3.0,0,1.8843,11.1428,-0.317,1.5698,0.7632,11.1167,18.0,-0.0,-0.0,-0.0,-0.0,1.4702,100.0,97.0,0.3111,0.0912,0.0223,0.3525,69,continuous_power,False,1,97.0,4,3.0,,0.0,0.0,0.0,100.0,34.9,31.1,0|0|0|0|0
2024-08-30,BHARTIARTL.NS,A_breakout_40d,1589.05,1464.982,1239.4865,1565.9,37820442,7379647.4,1605.0,1588.95,1621.05,7.0,1492.65,A,100.0,61.8,100.0,73.7,58.0,59.9,0.87,3.0,0,1.4784,8.4689,0.645,1.579,1.613,11.4245,18.0,-0.0,-0.0,-0.0,-0.0,1.4702,100.0,97.0,0.3111,0.1154,0.0414,0.349,69,continuous_power,False,1,97.0,4,3.0,,0.0,0.0,0.0,100.0,46.3,31.2,0|0|0|0|0
2024-08-30,CIPLA.NS,A_breakout_40d,1654.9,1536.478,1415.9528,1618.55,3296701,1557158.3,1669.0,1652.31,1685.69,7.0,1552.17,A,92.6,68.0,82.3,71.6,58.0,59.9,0.39,1.56,1,2.2458,7.7074,-0.2193,1.6954,1.0343,10.3575,18.0,-0.0,-0.0,-0.0,-0.0,2.9789,100.0,97.0,0.345,0.1233,0.0223,0.3762,66,continuous_power,False,1,97.0,4,3.0,,0.0,0.0,0.0,100.0,36.9,31.1,0|0|0|0|0
2024-08-30,HCLTECH.NS,A_breakout_40d,1753.25,1582.364,1498.66,1751.85,4792561,2603587.8,1764.2,1746.558,1781.842,7.0,1640.706,A,77.9,50.6,76.8,73.0,58.0,59.9,1.88,3.0,1,0.0799,10.7994,0.0,0.6696,0.3989,9.5413,18.0,-0.0,-0.0,-0.0,-0.0,1.4702,100.0,97.0,0.3111,0.0815,0.0223,0.3646,69,continuous_power,False,1,97.0,4,3.0,,0.0,0.0,0.0,100.0,34.9,31.1,0|0|0|0|0
2024-08-30,INDUSTOWER.NS,A_breakout_40d,458.5,407.988,296.2825,446.8,17888531,9571072.65,460.0,455.4,464.6,7.0,427.8,A,100.0,70.9,77.4,71.4,58.0,59.9,2.61,3.0,0,2.6186,12.3808,0.3135,1.4352,0.8528,14.5608,18.0,-0.0,-0.0,-0.0,-0.0,2.9789,100.0,97.0,0.345,0.1233,0.0403,0.3762,66,continuous_power,False,1,97.0,4,3.0,,0.0,0.0,0.0,100.0,34.9,31.1,0|0|0|0|0
2024-08-30,INFY.NS,A_breakout_40d,1943.7,1755.135,1582.6967,1939.1,13466759,5859773.85,1943.35,1923.9165,1962.7835,7.0,1807.3155,A,100.0,51.9,86.0,72.1,58.0,59.9,2.47,3.0,0,0.2372,10.7436,0.2405,0.8023,0.2666,8.8818,18.0,-0.0,-0.0,-0.0,-0.0,1.4702,100.0,97.0,0.3111,0.1154,0.0229,0.3762,69,continuous_power,False,1,97.0,4,3.0,,0.0,0.0,0.0,100.0,46.3,31.2,0|0|0|0|0
2024-08-30,SBILIFE.NS,A_breakout_40d,1850.3,1646.707,1495.7925,1843.7,2125138,1356173.95,1850.3,1831.797,1868.803,7.0,1720.779,A,100.0,52.9,71.3,71.7,58.0,59.9,2.33,3.0,1,0.358,12.3636,-0.2034,0.8057,,8.6033,18.0,-0.0,-0.0,0.0,0.0,2.9789,100.0,97.0,0.345,0.1154,0.0223,0.3762,66,continuous_power,False,1,97.0,4,3.0,,0.0,0.0,0.0,100.0,36.9,31.1,0|0|0|0|0
2024-08-30,TCS.NS,A_breakout_40d,4553.75,4209.083,3931.2088,4551.5,3637222,2104855.9,4576.0,4530.24,4621.76,7.0,4255.68,A,85.3,50.4,74.6,68.3,58.0,59.9,1.65,3.0,0,0.0494,8.1886,-0.2615,1.2922,0.4411,6.0864,18.0,-0.0,-0.0,-0.0,-0.0,2.9789,100.0,97.0,0.345,0.0912,0.0223,0.3762,66,continuous_power,False,1,97.0,4,3.0,,0.0,0.0,0.0,100.0,40.9,31.1,0|0|0|0|0
2024-09-02,ADANIGREEN.NS,A_breakout_40d,1945.7,1806.005,1710.1435,1924.6,2881173,1141756.8,1947.0,1927.53,1966.47,7.0,1810.71,A,78.0,58.8,90.5,63.3,58.0,59.9,0.39,1.55,0,1.0963,7.735,0.0517,2.0453,1.2539,9.4991,18.0,-0.0,-0.0,-0.0,-0.0,1.4702,100.0,97.0,0.3111,0.1084,0.0223,0.3646,69,continuous_power,False,1,97.0,4,3.0,,0.0,0.0,0.0,100.0,48.3,31.2,0|0|0|0|0
2024-09-02,BAJAJ-AUTO.NS,A_breakout_40d,11126.0996,9738.106,8361.821,10891.5498,787108,363560.15,11105.9502,10994.8907,11217.0097,7.0,10328.5337,A,100.0,67.2,83.3,83.1,58.0,59.9,1.01,3.0,1,2.1535,14.2532,0.3163,1.1114,0.6256,16.4359,18.0,-0.0,-0.0,-0.0,-0.0,2.9789,100.0,97.0,0.345,0.1154,0.0229,0.3762,66,continuous_power,False,1,97.0,4,3.0,,0.0,0.0,0.0,100.0,13.6,13.8,0|0|0|0|0
2024-09-02,HCLTECH.NS,A_breakout_40d,1806.65,1589.628,1501.3448,1753.25,4445349,2741212.7,1806.0,1787.94,1824.06,7.0,1679.58,A,79.4,74.4,72.4,78.1,58.0,59.9,1.98,3.0,2,3.0458,13.6524,0.6246,1.3582,0.9828,15.9877,18.0,-0.0,-0.0,-0.0,-0.0,2.9789,100.0,97.0,0.345,0.1084,0.0223,0.3762,66,continuous_power,False,1,97.0,4,3.0,,0.0,0.0,0.0,100.0,16.1,13.8,0|0|0|0|0
2024-09-02,SBILIFE.NS,A_breakout_40d,1888.75,1655.372,1498.577,1850.3,2522132,1452554.7,1890.0,1871.1,1908.9,7.0,1757.7,A,100.0,66.6,74.7,75.4,58.0,59.9,2.43,3.0,2,2.078,14.0982,0.0,1.1053,0.1053,13.1535,18.0,-0.0,-0.0,-0.0,-0.0,2.9789,100.0,97.0,0.345,0.1233,0.0229,0.3762,66,continuous_power,False,1,97.0,4,3.0,,0.0,0.0,0.0,100.0,34.9,31.1,0|0|0|0|0
2024-09-03,SBILIFE.NS,A_breakout_40d,1928.65,1664.662,1501.516,1888.75,3457882,1563443.25,1910.0,1890.9,1929.1,7.0,1776.3,A,100.0,66.9,84.2,78.5,58.0,59.9,2.52,3.0,2,2.1125,15.8584,0.0662,1.3036,0.4435,15.5995,18.0,-0.0,-0.0,-0.0,-0.0,1.9759,100.0,97.0,0.3235,0.1154,0.0403,0.3762,68,continuous_power,False,1,97.0,4,3.0,,0.0,0.0,0.0,100.0,34.9,31.1,0|0|0|0|0
2024-09-04,ASIANPAINT.NS,A_breakout_40d,3231.6499,3021.072,3010.2857,3186.6001,2379110,1043454.7,3240.0,3207.6,3272.4,7.0,3013.2,A,51.8,61.3,85.6,69.2,58.0,59.9,0.85,3.0,0,1.4137,6.9703,0.0206,1.8263,1.1579,8.1961,18.0,-0.0,-0.0,-0.0,-0.0,1.4702,100.0,97.0,0.3111,0.0815,0.0223,0.349,69,continuous_power,False,1,97.0,4,3.0,,0.0,0.0,0.0,100.0,50.3,31.2,0|0|0|0|0
2024-09-04,PIDILITIND.NS,A_breakout_40d,1607.475,1560.9705,1439.6274,1596.7,1911688,778217.6,1607.475,1591.4002,1623.5497,7.0,1494.9517,A,92.1,55.4,89.1,63.5,58.0,59.9,0.08,0.34,0,0.6748,2.9792,-0.0488,1.4483,0.6366,6.1028,18.0,-0.0,-0.0,-0.0,-0.0,2.9789,100.0,97.0,0.345,0.1233,0.0049,0.3762,66,continuous_power,False,1,97.0,4,3.0,,0.0,0.0,0.0,100.0,52.3,31.2,0|0|0|0|0
2024-09-06,ASIANPAINT.NS,A_breakout_40d,3273.7,3036.875,3012.0622,3238.25,2131256,1064762.75,3273.7,3240.963,3306.437,7.0,3044.541,A,54.1,58.8,80.0,72.7,58.0,59.9,1.08,3.0,1,1.0947,7.7983,-0.0077,1.1458,0.3267,9.0398,18.0,-0.0,-0.0,-0.0,-0.0,1.4702,100.0,97.0,0.3111,0.0815,0.0223,0.349,69,continuous_power,False,1,97.0,4,3.0,,0.0,0.0,0.0,100.0,34.9,31.1,0|0|0|0|0
2024-09-09,DABUR.NS,A_breakout_40d,662.35,631.622,565.9607,654.55,6213572,2278517.95,669.35,662.6565,676.0435,7.0,622.4955,A,100.0,59.5,94.5,64.0,58.0,59.9,0.82,3.0,0,1.1917,4.8649,0.0931,1.566,0.6591,7.0151,18.0,-0.0,-0.0,-0.0,-0.0,1.4702,100.0,97.0,0.3111,0.1154,0.052,0.349,69,continuous_power,False,1,97.0,4,3.0,,0.0,0.0,0.0,100.0,52.3,31.2,0|0|0|0|0
2024-09-09,HINDUNILVR.NS,A_breakout_40d,2921.8,2708.935,2494.3775,2841.25,3342754,1715399.45,2934.0,2904.66,2963.34,7.0,2728.62,A,93.0,72.7,79.0,77.1,58.0,59.9,1.51,3.0,0,2.835,7.8579,0.4984,1.8791,1.3775,10.5003,18.0,-0.0,-0.0,-0.0,-0.0,1.9759,100.0,97.0,0.3235,0.1154,0.0229,0.3762,68,continuous_power,False,1,97.0,4,3.0,,0.0,0.0,0.0,100.0,16.1,13.8,0|0|0|0|0
2024-09-09,PIDILITIND.NS,A_breakout_40d,1636.975,1563.574,1445.6233,1616.85,1353670,700525.2,1642.0,1625.58,1658.42,7.0,1527.06,A,90.8,60.0,78.6,68.7,58.0,59.9,0.25,1.02,1,1.2447,4.6944,0.6278,1.4347,1.0902,7.3813,18.0,-0.0,-0.0,-0.0,-0.0,2.9789,99.3,96.3,0.345,0.1154,0.0049,0.3762,66,continuous_power,False,1,96.3,4,3.0,,0.0,0.0,0.0,99.3,40.9,31.1,0|0|0|0|0
2024-09-10,DABUR.NS,A_breakout_40d,665.25,632.913,566.657,662.35,4126339,2427870.75,668.0,661.32,674.68,7.0,621.24,A,100.0,53.5,74.0,65.2,58.0,59.9,0.87,3.0,1,0.4378,5.1092,1.0568,0.6007,1.5182,7.0135,18.0,-0.0,-0.0,-0.0,-0.0,2.9789,100.0,97.0,0.345,0.1233,0.0229,0.3762,66,continuous_power,False,1,97.0,4,3.0,,0.0,0.0,0.0,100.0,52.3,31.2,0|0|0|0|0
2024-09-10,DIVISLAB.NS,A_breakout_40d,5426.4502,4799.022,4087.9912,5173.5,1628691,542899.45,5405.0,5350.95,5459.05,7.0,5026.65,A,100.0,89.1,100.0,76.3,58.0,59.9,1.37,3.0,0,4.8893,13.0741,0.5306,2.1,1.6306,18.8895,18.0,-0.0,-0.0,-0.0,-0.0,1.4702,100.0,97.0,0.3111,0.1233,0.0602,0.349,69,continuous_power,False,1,97.0,4,3.0,,0.0,0.0,0.0,100.0,43.8,31.2,0|0|0|0|0
2024-09-11,ASIANPAINT.NS,A_breakout_40d,3367.45,3061.226,3015.118,3295.05,2561892,1107690.05,3370.0,3336.3,3403.7,7.0,3134.1,A,57.6,67.6,86.3,79.2,58.0,59.9,1.33,3.0,1,2.1972,10.0033,0.6055,1.2532,1.056,11.2298,18.0,-0.0,-0.0,-0.0,-0.0,1.4702,100.0,97.0,0.3111,0.0815,0.0223,0.349,69,continuous_power,False,1,97.0,4,3.0,,0.0,0.0,0.0,100.0,34.9,31.1,0|0|0|0|0
2024-09-11,BAJAJ-AUTO.NS,A_breakout_40d,11420.75,9938.42,8555.8658,11126.0996,1283385,422318.95,11480.75,11365.9425,11595.5575,7.0,10677.0975,A,100.0,71.2,100.0,78.8,58.0,59.9,1.5,3.0,0,2.6483,14.9151,0.7281,2.1194,1.9676,15.6557,18.0,-0.0,-0.0,-0.0,-0.0,1.4702,100.0,97.0,0.3111,0.1154,0.0414,0.349,69,continuous_power,False,1,97.0,4,3.0,,0.0,0.0,0.0,100.0,34.9,31.1,0|0|0|0|0
2024-09-11,BRITANNIA.NS,A_breakout_40d,6008.6499,5779.874,5223.0527,5969.8999,437060,239596.55,6018.6499,5958.4634,6078.8364,7.0,5597.3444,A,100.0,55.2,76.5,65.6,58.0,59.9,0.86,3.0,0,0.6491,3.9581,-0.2823,1.06,0.5385,5.2497,18.0,-0.0,-0.0,-0.0,-0.0,2.9789,100.0,97.0,0.345,0.1233,0.0403,0.3762,66,continuous_power,False,1,97.0,4,3.0,,0.0,0.0,0.0,100.0,52.3,31.2,0|0|0|0|0
2024-09-11,ETERNAL.NS,A_breakout_40d,271.75,240.07,179.7858,267.7,121883700,65629971.0,276.3,273.537,279.063,7.0,256.959,A,100.0,62.1,77.1,65.9,58.0,59.9,2.72,3.0,0,1.5129,12.7071,0.2054,1.4378,1.4732,13.6104,18.0,-0.0,-0.0,-0.0,-0.0,2.9789,100.0,97.0,0.345,0.1233,0.0403,0.3762,66,continuous_power,False,1,97.0,4,3.0,,0.0,0.0,0.0,100.0,48.3,31.2,0|0|0|0|0
2024-09-12,APOLLOHOSP.NS,A_breakout_40d,7061.7998,6632.498,6184.3395,6934.2998,831152,381913.25,7096.2002,7025.2382,7167.1622,7.0,6599.4662,A,86.2,64.7,83.5,67.4,58.0,59.9,1.19,3.0,0,1.8387,6.4727,0.6195,1.3406,0.9601,7.4631,18.0,-0.0,-0.0,-0.0,-0.0,1.4702,100.0,97.0,0.3111,0.1154,0.0403,0.3525,69,continuous_power,False,1,97.0,4,3.0,,0.0,0.0,0.0,100.0,52.3,31.2,0|0|0|0|0
2024-09-12,BAJAJ-AUTO.NS,A_breakout_40d,11723.5,9984.865,8586.3258,11420.75,1409151,478629.8,11723.5,11606.265,11840.735,7.0,10902.855,A,100.0,71.2,98.9,82.1,58.0,59.9,1.73,3.0,1,2.6509,17.4127,0.5254,1.4567,2.2753,19.6476,18.0,-0.0,-0.0,-0.0,-0.0,1.4702,100.0,97.0,0.3111,0.1154,0.0414,0.3525,69,continuous_power,False,1,97.0,4,3.0,,0.0,0.0,0.0,100.0,32.4,31.1,0|0|0|0|0
2024-09-12,BHARTIARTL.NS,A_breakout_40d,1646.75,1489.804,1267.7993,1589.05,12204496,7762687.95,1651.0,1634.49,1667.51,7.0,1535.43,A,100.0,79.0,71.4,75.0,58.0,59.9,0.86,3.0,0,3.6311,10.5347,1.163,1.9397,2.1293,15.7381,18.0,-0.0,-0.0,-0.0,-0.0,2.9789,100.0,97.0,0.345,0.1233,0.0403,0.3762,66,continuous_power,False,1,97.0,4,3.0,,0.0,0.0,0.0,100.0,16.1,13.8,0|0|0|0|0
2024-09-12,BRITANNIA.NS,A_breakout_40d,6109.25,5794.026,5230.0075,6008.6499,548745,258805.05,6138.0,6076.62,6199.38,7.0,5708.34,A,100.0,63.4,82.4,70.8,58.0,59.9,0.93,3.0,1,1.6743,5.4405,0.1664,1.2613,0.4697,8.2894,18.0,-0.0,-0.0,-0.0,-0.0,1.4702,100.0,97.0,0.3111,0.1233,0.0403,0.3762,69,continuous_power,False,1,97.0,4,3.0,,0.0,0.0,0.0,100.0,38.9,31.1,0|0|0|0|0
2024-09-12,ITC.NS,A_breakout_40d,500.2345,469.8776,431.5822,495.2755,19085324,11982502.6,500.2345,495.2321,505.2368,7.0,465.2181,A,94.4,58.0,71.9,65.7,58.0,59.9,1.8,3.0,0,1.0013,6.4606,0.1458,1.3241,0.4699,5.5841,18.0,-0.0,-0.0,-0.0,-0.0,2.9789,100.0,97.0,0.345,0.1154,0.0229,0.3762,66,continuous_power,False,1,97.0,4,3.0,,0.0,0.0,0.0,100.0,40.9,31.1,0|0|0|0|0
2024-09-12,KOTAKBANK.NS,A_breakout_40d,365.49,359.4174,354.0597,365.35,31827540,19866663.25,367.4,363.726,371.074,7.0,341.682,A,57.6,50.3,72.0,62.0,58.0,59.9,-0.05,0.0,0,0.0383,1.6896,0.8188,1.6558,1.6074,3.314,18.0,-0.0,-0.0,-0.0,-0.0,2.9789,97.2,94.2,0.345,0.0815,0.0,0.3762,66,continuous_power,False,1,94.2,4,3.0,,0.0,0.0,0.0,97.2,52.3,31.2,0|0|0|0|0
2024-09-12,SHRIRAMFIN.NS,A_breakout_40d,680.15,599.4076,503.3694,663.14,9163615,5939756.0,679.94,673.1406,686.7394,7.0,632.3442,A,100.0,70.5,70.9,71.3,58.0,59.9,1.28,3.0,0,2.5651,13.4704,0.6128,1.4626,1.1828,12.5982,18.0,-0.0,-0.0,-0.0,-0.0,2.9789,100.0,97.0,0.345,0.1233,0.0229,0.3762,66,continuous_power,False,1,97.0,4,3.0,,0.0,0.0,0.0,100.0,34.9,31.1,0|0|0|0|0
2024-09-13,PIDILITIND.NS,A_breakout_40d,1655.0,1569.4535,1453.5036,1636.975,1234854,783004.7,1660.0,1643.4,1676.6,7.0,1543.8,A,89.9,58.8,71.5,68.7,58.0,59.9,0.46,1.84,1,1.1011,5.4507,-0.0199,1.5004,0.5233,7.2477,18.0,-0.0,-0.0,-0.0,-0.0,2.9789,100.0,97.0,0.345,0.1154,0.0223,0.3762,66,continuous_power,False,1,97.0,4,3.0,,0.0,0.0,0.0,100.0,40.9,31.1,0|0|0|0|0
2024-09-17,ADANIGREEN.NS,A_breakout_40d,1954.4,1825.785,1761.6785,1945.7,4392980,1202993.45,1940.0,1920.6,1959.4,7.0,1804.2,A,68.2,53.6,100.0,60.6,58.0,59.9,0.5,1.99,0,0.4471,7.0444,0.0,1.3123,3.1691,9.9622,18.0,-0.0,-0.0,-0.0,-0.0,1.4702,100.0,97.0,0.3111,0.0815,0.0229,0.349,69,continuous_power,False,1,97.0,4,3.0,,0.0,0.0,0.0,100.0,48.3,31.2,0|0|0|0|0
2024-09-17,HEROMOTOCO.NS,A_breakout_40d,5961.2002,5457.195,4831.8615,5803.1499,1250736,731910.2,5985.2998,5925.4468,6045.1528,7.0,5566.3288,A,100.0,71.8,74.2,73.6,58.0,59.9,0.42,1.66,0,2.7235,9.2356,0.3556,1.6567,1.0123,12.083,18.0,-0.0,-0.0,-0.0,-0.0,2.9789,100.0,97.0,0.345,0.1233,0.0223,0.3762,66,continuous_power,False,1,97.0,4,3.0,,0.0,0.0,0.0,100.0,34.9,31.1,0|0|0|0|0
2024-09-17,MAXHEALTH.NS,A_breakout_40d,964.7,896.217,812.1275,948.5,3214818,1617089.05,964.7,955.053,974.347,7.0,897.171,A,100.0,63.7,79.8,70.6,58.0,59.9,-0.06,0.0,0,1.708,7.6413,0.4296,1.6874,2.3428,14.4542,18.0,-0.0,-0.0,-0.0,-0.0,2.9789,93.2,90.2,0.345,0.1233,0.0223,0.3762,66,continuous_power,False,1,90.2,4,3.0,,0.0,0.0,0.0,93.2,46.3,31.2,0|0|0|0|0
2024-09-18,BANKBEES.NS,A_breakout_40d,540.74,526.4052,498.0661,535.32,1577011,721152.35,541.8,536.382,547.218,7.0,503.874,A,78.4,58.1,83.7,67.5,58.0,59.9,-0.1,0.0,0,1.0125,2.7231,0.4988,1.5015,1.2961,4.8562,18.0,-0.0,-0.0,-0.0,-0.0,2.9789,98.4,95.4,0.345,0.1154,0.0,0.3762,66,continuous_power,False,1,95.4,4,3.0,,0.0,0.0,0.0,98.4,40.9,31.1,0|0|0|0|0
2024-09-18,HEROMOTOCO.NS,A_breakout_40d,5964.75,5466.452,4843.8453,5961.2002,1446956,773612.45,6000.0,5940.0,6060.0,7.0,5580.0,A,100.0,50.5,77.4,73.7,58.0,59.9,0.57,2.27,1,0.0595,9.1156,0.4043,1.5311,1.644,9.2058,18.0,-0.0,-0.0,-0.0,-0.0,2.9789,100.0,97.0,0.345,0.1154,0.0223,0.3762,66,continuous_power,False,1,97.0,4,3.0,,0.0,0.0,0.0,100.0,34.9,31.1,0|0|0|0|0
2024-09-18,SHRIRAMFIN.NS,A_breakout_40d,714.94,609.121,509.2151,684.92,10582475,5773729.25,714.31,707.1669,721.4531,7.0,664.3083,A,100.0,85.1,76.7,76.9,58.0,59.9,2.01,3.0,1,4.383,17.3724,0.5811,1.8828,1.4639,20.0572,18.0,-0.0,-0.0,-0.0,-0.0,2.9789,100.0,97.0,0.345,0.1233,0.0414,0.3762,66,continuous_power,False,1,97.0,4,3.0,,0.0,0.0,0.0,100.0,32.4,31.1,0|0|0|0|0
2024-09-19,ADANIGREEN.NS,A_breakout_40d,1962.95,1833.805,1771.9043,1954.4,4625834,1467947.9,1962.95,1943.3205,1982.5795,7.0,1825.5435,A,67.5,53.5,100.0,61.3,58.0,59.9,0.86,3.0,1,0.4375,7.0425,-0.5024,0.8949,,7.927,18.0,-0.0,-0.0,0.0,0.0,0.1267,100.0,97.0,0.2632,0.0815,0.0403,0.3108,74,continuous_power,False,1,100.0,4,3.0,,0.0,0.0,0.0,100.0,49.3,31.2,0|0|0|0|0
2024-09-19,NESTLEIND.NS,A_breakout_40d,1317.1,1265.2305,1262.8331,1298.575,5068578,1940157.3,1322.0,1308.78,1335.22,7.0,1229.46,A,50.9,61.4,92.2,71.8,58.0,59.9,-0.04,0.0,0,1.4266,4.0996,0.2253,1.8406,1.4275,7.6508,18.0,-0.0,-0.0,-0.0,-0.0,1.8275,100.0,97.0,0.32,0.0815,0.0,0.3762,68,continuous_power,False,1,97.0,4,3.0,,0.0,0.0,0.0,100.0,52.3,31.2,0|0|0|0|0
2024-09-19,NTPC.NS,A_breakout_40d,423.95,400.917,352.5857,423.45,59601773,16233126.9,428.05,423.7695,432.3305,7.0,398.0865,A,100.0,50.9,100.0,62.5,58.0,59.9,0.94,3.0,0,0.1181,5.7451,2.3784,1.1117,2.86,7.0133,18.0,-0.0,-0.0,-0.0,-0.0,1.4702,100.0,97.0,0.3111,0.1154,0.052,0.349,69,continuous_power,False,1,97.0,4,3.0,,0.0,0.0,0.0,100.0,47.8,31.2,0|0|0|0|0
2024-09-20,ADANIGREEN.NS,A_breakout_40d,2003.95,1838.771,1776.66,1962.95,5657903,1712103.95,2028.95,2008.6605,2049.2395,7.0,1886.9235,A,67.5,66.7,100.0,65.0,58.0,59.9,1.11,3.0,2,2.0887,8.9831,0.0,1.0986,0.0986,12.6162,18.0,-0.0,-0.0,-0.0,-0.0,0.0,100.0,100.0,0.2294,0.0815,0.0414,0.2943,77,continuous_power,False,1,100.0,4,3.0,,0.0,0.0,0.0,100.0,46.3,31.2,0|0|0|0|0
2024-09-20,AXISBANK.NS,A_breakout_40d,1245.0,1197.686,1140.132,1242.7,15009629,7528426.85,1251.5,1238.985,1264.015,7.0,1163.895,A,75.2,51.5,79.9,69.1,58.0,59.9,-0.41,0.0,0,0.1851,3.9505,0.1046,0.9796,0.631,4.8476,18.0,-0.0,-0.0,-0.0,-0.0,1.4702,79.7,78.2,0.3111,0.0815,0.0223,0.3324,69,continuous_power,False,1,78.2,3,1.5,,0.0,0.0,0.0,79.7,40.9,31.1,0|0|0|0|0
2024-09-20,BANKBEES.NS,A_breakout_40d,550.68,526.8146,499.077,544.21,1704817,799644.9,553.99,548.4501,559.5299,7.0,515.2107,A,77.8,59.5,82.6,74.6,58.0,59.9,0.04,0.16,1,1.1889,4.5301,0.6027,1.5232,1.2631,7.0094,18.0,-0.0,-0.0,-0.0,-0.0,2.9789,98.8,95.8,0.345,0.1154,0.0,0.3762,66,continuous_power,False,1,95.8,4,3.0,,0.0,0.0,0.0,98.8,38.9,31.1,0|0|0|0|0
2024-09-20,BHARTIARTL.NS,A_breakout_40d,1711.75,1517.3,1288.4315,1664.85,21646275,8067094.1,1719.0,1701.81,1736.19,7.0,1598.67,A,100.0,72.5,93.7,78.5,58.0,59.9,1.55,3.0,0,2.8171,12.8155,0.3694,1.6723,1.7007,13.7192,18.0,-0.0,-0.0,-0.0,-0.0,1.4702,100.0,97.0,0.3111,0.1154,0.0414,0.3525,69,continuous_power,False,1,97.0,4,3.0,,0.0,0.0,0.0,100.0,34.9,31.1,0|0|0|0|0
2024-09-20,BRITANNIA.NS,A_breakout_40d,6210.5498,5861.233,5273.038,6134.5,663556,334265.4,6235.25,6172.8975,6297.6025,7.0,5798.7825,A,100.0,59.9,79.7,72.0,58.0,59.9,0.92,3.0,0,1.2397,5.9598,0.5029,1.2122,0.8172,6.5919,18.0,-0.0,-0.0,-0.0,-0.0,2.9789,100.0,97.0,0.345,0.1154,0.0229,0.3762,66,continuous_power,False,1,97.0,4,3.0,,0.0,0.0,0.0,100.0,40.9,31.1,0|0|0|0|0
2024-09-20,HINDUNILVR.NS,A_breakout_40d,2977.6001,2776.806,2512.4388,2956.3999,3641632,1909416.5,2980.0,2950.2,3009.8,7.0,2771.4,A,100.0,55.7,78.1,69.7,58.0,59.9,1.22,3.0,0,0.7171,7.2311,0.4482,1.5131,1.0118,7.4329,18.0,-0.0,-0.0,-0.0,-0.0,2.9789,100.0,97.0,0.345,0.1154,0.0229,0.3762,66,continuous_power,False,1,97.0,4,3.0,,0.0,0.0,0.0,100.0,40.9,31.1,0|0|0|0|0
2024-09-20,ICICIBANK.NS,A_breakout_40d,1338.45,1219.528,1111.2625,1292.0,73257767,16100699.55,1331.0,1317.69,1344.31,7.0,1237.83,A,98.7,78.8,100.0,79.8,58.0,59.9,0.42,1.69,0,3.5952,9.7515,0.2322,2.8067,2.0389,15.1953,18.0,-0.0,-0.0,-0.0,-0.0,1.4702,100.0,97.0,0.3111,0.1233,0.0403,0.3762,69,continuous_power,False,1,97.0,4,3.0,,0.0,0.0,0.0,100.0,34.9,31.1,0|0|0|0|0
2024-09-20,JSWSTEEL.NS,A_breakout_40d,981.55,923.727,873.7995,971.0,8035572,2182272.4,986.0,976.14,995.86,7.0,916.98,A,78.6,58.7,100.0,63.5,58.0,59.9,0.27,1.07,0,1.0865,6.2597,2.2775,1.0313,2.6046,6.6934,18.0,-0.0,-0.0,-0.0,-0.0,1.4702,100.0,97.0,0.3111,0.1084,0.0223,0.3525,69,continuous_power,False,1,97.0,4,3.0,,0.0,0.0,0.0,100.0,47.8,31.2,0|0|0|0|0
2024-09-20,KOTAKBANK.NS,A_breakout_40d,380.9,359.7626,354.6652,374.39,94247895,24387094.25,382.99,379.1601,386.8199,7.0,356.1807,A,57.2,63.9,100.0,74.3,58.0,59.9,0.09,0.34,0,1.7388,5.8754,0.1095,1.9856,1.594,9.2552,18.0,-0.0,-0.0,-0.0,-0.0,1.4702,100.0,97.0,0.3111,0.0815,0.0,0.3646,69,continuous_power,False,1,97.0,4,3.0,,0.0,0.0,0.0,100.0,46.3,31.2,0|0|0|0|0
2024-09-20,M&M.NS,A_breakout_40d,2950.8501,2769.532,2243.1805,2933.0,12492909,2786468.05,2962.75,2933.1225,2992.3775,7.0,2755.3575,A,100.0,54.9,100.0,68.2,58.0,59.9,-0.14,0.0,0,0.6086,6.5469,0.0429,2.5173,1.6627,11.1701,18.0,-0.0,-0.0,-0.0,-0.0,2.9789,100.0,97.0,0.345,0.1233,0.0223,0.3762,66,continuous_power,False,1,97.0,4,3.0,,0.0,0.0,0.0,100.0,46.3,31.2,0|0|0|0|0
2024-09-20,MAXHEALTH.NS,A_breakout_40d,1067.95,901.5,818.0535,984.85,9930210,2169578.4,1062.1,1051.479,1072.721,7.0,987.753,A,100.0,100.0,100.0,82.1,58.0,59.9,0.73,2.93,1,8.4378,18.4637,-0.3909,2.8261,2.2813,33.9992,18.0,-0.0,-0.0,-0.0,-0.0,1.4702,100.0,97.0,0.3111,0.1233,0.0598,0.349,69,continuous_power,False,1,97.0,4,3.0,,0.0,0.0,0.0,100.0,43.8,31.2,0|0|0|0|0
2024-09-20,NESTLEIND.NS,A_breakout_40d,1349.775,1266.0615,1263.5273,1317.1,4645516,2121279.4,1352.575,1339.0492,1366.1007,7.0,1257.8947,A,51.0,69.8,83.8,78.2,58.0,59.9,0.04,0.17,1,2.4808,6.6121,0.372,1.5471,1.6652,12.6071,18.0,-0.0,-0.0,-0.0,-0.0,2.9789,100.0,97.0,0.345,0.0815,0.0,0.3762,66,continuous_power,False,1,97.0,4,3.0,,0.0,0.0,0.0,100.0,34.9,31.1,0|0|0|0|0
2024-09-23,ADANIGREEN.NS,A_breakout_40d,2031.2,1844.454,1781.6075,2003.95,3976960,1893393.55,2037.6,2017.224,2057.976,7.0,1894.968,A,67.6,60.9,82.0,67.2,58.0,59.9,1.24,3.0,3,1.3598,10.1247,1.2475,1.1855,1.5021,11.8508,18.0,-0.0,-0.0,-0.0,-0.0,1.4702,100.0,97.0,0.3111,0.0815,0.0223,0.349,69,continuous_power,False,1,97.0,4,3.0,,0.0,0.0,0.0,100.0,46.3,31.2,0|0|0|0|0
2024-09-23,DLF.NS,A_breakout_40d,909.65,844.056,827.0795,889.15,6822019,2836097.85,910.95,901.8405,920.0595,7.0,847.1835,A,60.3,68.4,88.1,68.0,58.0,59.9,0.43,1.74,0,2.3056,7.7713,0.6951,1.6918,2.0091,12.9265,18.0,-0.0,-0.0,-0.0,-0.0,1.4702,100.0,97.0,0.3111,0.0815,0.0223,0.3525,69,continuous_power,False,1,97.0,4,3.0,,0.0,0.0,0.0,100.0,46.3,31.2,0|0|0|0|0
2024-09-23,TVSMOTOR.NS,A_breakout_40d,2845.2,2640.854,2252.324,2841.75,1352527,707743.2,2832.5,2804.175,2860.825,7.0,2634.225,A,100.0,51.0,78.2,65.4,58.0,59.9,1.42,3.0,0,0.1214,7.7379,0.6144,1.1932,1.2471,4.7323,18.0,-0.0,-0.0,-0.0,-0.0,2.9789,100.0,97.0,0.345,0.1154,0.0229,0.3762,66,continuous_power,False,1,97.0,4,3.0,,0.0,0.0,0.0,100.0,52.3,31.2,0|0|0|0|0
2024-09-24,DLF.NS,A_breakout_40d,917.0,845.962,828.5353,909.65,5638566,2952404.55,915.0,905.85,924.15,7.0,850.95,A,60.5,56.5,78.2,69.4,58.0,59.9,0.59,2.37,1,0.808,8.3973,0.1429,0.6871,1.1137,13.1472,18.0,-0.0,-0.0,-0.0,-0.0,1.4702,100.0,97.0,0.3111,0.0815,0.0049,0.3646,69,continuous_power,False,1,97.0,4,3.0,,0.0,0.0,0.0,100.0,46.3,31.2,0|0|0|0|0
2024-09-24,HINDALCO.NS,A_breakout_40d,717.85,667.56,616.4985,711.85,15201960,5702987.25,725.0,717.75,732.25,7.0,674.25,A,91.4,56.7,93.3,66.3,58.0,59.9,-0.04,0.0,0,0.8429,7.5334,1.0209,1.6785,1.8103,9.7959,18.0,-0.0,-0.0,-0.0,-0.0,2.9789,100.0,97.0,0.345,0.1233,0.0049,0.3762,66,continuous_power,False,1,97.0,4,3.0,,0.0,0.0,0.0,100.0,48.3,31.2,0|0|0|0|0
2024-09-24,JSWSTEEL.NS,A_breakout_40d,989.7,925.975,875.6868,982.1,5545642,2303021.85,996.0,986.04,1005.96,7.0,926.28,A,78.7,56.2,88.2,65.5,58.0,59.9,0.43,1.73,1,0.7739,6.8819,0.9368,1.0968,1.3509,7.9766,18.0,-0.0,-0.0,-0.0,-0.0,1.4702,100.0,97.0,0.3111,0.0912,0.0223,0.3646,69,continuous_power,False,1,97.0,4,3.0,,0.0,0.0,0.0,100.0,52.3,31.2,0|0|0|0|0
2024-09-24,TATAPOWER.NS,A_breakout_40d,468.75,431.863,404.3055,464.4,40263592,14988507.75,468.75,464.0625,473.4375,7.0,435.9375,A,84.1,57.5,93.7,70.2,58.0,59.9,0.29,1.18,0,0.9367,8.5414,0.242,1.642,1.1953,12.1747,18.0,-0.0,-0.0,-0.0,-0.0,1.8275,100.0,97.0,0.32,0.1154,0.0223,0.3762,68,continuous_power,False,1,97.0,4,3.0,,0.0,0.0,0.0,100.0,46.3,31.2,0|0|0|0|0
2024-09-24,VEDL.NS,A_breakout_40d,470.2,446.455,365.087,468.45,28418267,14818754.85,478.0,473.22,482.78,7.0,444.54,A,100.0,53.0,78.4,60.1,58.0,59.9,-0.06,0.0,0,0.3736,5.3186,0.7062,1.2408,1.4216,7.1484,18.0,-0.0,-0.0,-0.0,-0.0,2.9789,92.7,89.7,0.345,0.1233,0.0223,0.3762,66,continuous_power,False,1,89.7,4,3.0,,0.0,0.0,0.0,92.7,52.3,31.2,0|0|0|0|0
2024-09-25,GOLDBEES.NS,A_breakout_40d,63.66,60.466,57.8866,62.99,16224523,9051860.6,63.87,63.2313,64.5087,7.0,59.3991,A,72.3,58.5,75.8,74.5,58.0,59.9,0.19,0.75,0,1.0637,5.2823,0.6985,0.6069,0.9103,6.6505,18.0,-0.0,-0.0,-0.0,-0.0,2.9789,99.1,96.1,0.345,0.0912,0.0,0.3762,66,continuous_power,False,1,96.1,4,3.0,,0.0,0.0,0.0,99.1,38.9,31.1,0|0|0|0|0
2024-09-25,HINDALCO.NS,A_breakout_40d,718.45,667.927,617.5047,717.85,9525319,5999255.9,718.45,711.2655,725.6345,7.0,668.1585,A,90.8,50.7,71.8,66.5,58.0,59.9,0.05,0.2,1,0.0836,7.5642,0.996,0.9245,2.1856,8.3176,18.0,-0.0,-0.0,-0.0,-0.0,2.9789,91.6,88.6,0.345,0.1154,0.0049,0.3762,66,continuous_power,False,1,88.6,4,3.0,,0.0,0.0,0.0,91.6,50.3,31.2,0|0|0|0|0
2024-09-25,POWERGRID.NS,A_breakout_40d,363.75,339.716,296.598,361.1,40770462,15969281.75,364.05,360.4095,367.6905,7.0,338.5665,A,100.0,55.9,91.1,74.6,58.0,59.9,0.08,0.32,0,0.7339,7.0747,1.0856,2.0197,3.102,12.7836,18.0,-0.0,-0.0,-0.0,-0.0,2.9789,98.4,95.4,0.345,0.1233,0.0049,0.3762,66,continuous_power,False,1,95.4,4,3.0,,0.0,0.0,0.0,98.4,34.9,31.1,0|0|0|0|0
2024-09-25,SILVERBEES.NS,A_breakout_40d,88.11,82.5078,78.7012,86.61,13022745,8120270.6,88.8,87.912,89.688,7.0,82.584,A,74.2,63.9,72.1,65.7,58.0,59.9,-0.38,0.0,0,1.7319,6.7899,2.1828,0.5421,2.8963,9.0253,18.0,-0.0,-0.0,-0.0,-0.0,2.9789,94.8,91.8,0.345,0.1154,0.0,0.3762,66,continuous_power,False,1,91.8,4,3.0,,0.0,0.0,0.0,94.8,43.8,31.2,0|0|0|0|0
2024-09-25,VEDL.NS,A_breakout_40d,479.85,446.863,366.2892,470.2,24495683,15579656.5,484.55,479.7045,489.3955,7.0,450.6315,A,100.0,66.4,71.4,63.9,58.0,59.9,0.11,0.42,1,2.0523,7.3819,1.6589,0.8408,2.3218,12.1926,18.0,-0.0,-0.0,-0.0,-0.0,2.9789,92.9,89.9,0.345,0.1233,0.0223,0.3762,66,continuous_power,False,1,89.9,4,3.0,,0.0,0.0,0.0,92.9,45.3,31.2,0|0|0|0|0
2024-09-26,EICHERMOT.NS,A_breakout_40d,4994.25,4853.146,4392.3383,4968.7998,790345,498665.7,4990.0,4940.1,5039.9,7.0,4640.7,A,100.0,54.1,71.7,61.0,58.0,59.9,0.11,0.45,0,0.5122,2.9075,0.4035,1.164,0.5675,4.8008,18.0,-0.0,-0.0,-0.0,-0.0,2.9789,92.1,89.1,0.345,0.1233,0.0223,0.3762,66,continuous_power,False,1,89.1,4,3.0,,0.0,0.0,0.0,92.1,52.3,31.2,0|0|0|0|0
2024-09-26,HINDALCO.NS,A_breakout_40d,734.65,668.804,618.5817,718.45,10573166,6241482.2,746.95,739.4805,754.4195,7.0,694.6635,A,90.6,68.0,73.9,70.7,58.0,59.9,0.25,1.0,2,2.2549,9.8453,0.0,1.4463,1.1435,14.3842,18.0,-0.0,-0.0,-0.0,-0.0,2.9789,100.0,97.0,0.345,0.1233,0.0049,0.3762,66,continuous_power,False,1,97.0,4,3.0,,0.0,0.0,0.0,100.0,34.9,31.1,0|0|0|0|0
2024-09-26,MARUTI.NS,A_breakout_40d,13383.7998,12447.3869,11843.0765,13359.0498,1471069,590384.9,13383.0,13249.17,13516.83,7.0,12446.19,A,75.5,51.5,89.8,77.3,58.0,59.9,0.14,0.56,0,0.1853,7.523,0.3887,2.7145,2.1824,11.5924,18.0,-0.0,-0.0,-0.0,-0.0,2.9789,100.0,97.0,0.345,0.0912,0.0,0.3762,66,continuous_power,False,1,97.0,4,3.0,,0.0,0.0,0.0,100.0,34.9,31.1,0|0|0|0|0
2024-09-26,TATASTEEL.NS,A_breakout_40d,165.61,154.8278,154.4005,165.33,88661662,45181659.3,167.0,165.33,168.67,7.0,155.31,A,51.4,51.4,79.2,70.3,58.0,59.9,-0.59,0.0,0,0.1694,6.964,0.2103,1.4984,1.1317,13.1761,18.0,-0.0,-0.0,-0.0,-0.0,1.4702,83.6,82.1,0.3111,0.0815,0.0049,0.3324,69,continuous_power,False,1,82.1,3,1.5,,0.0,0.0,0.0,83.6,46.3,31.2,0|0|0|0|0
2024-09-26,TRENT.NS,A_breakout_40d,7845.3999,6549.713,4691.8045,7623.4502,1712253,636376.1,7899.9502,7820.9507,7978.9497,7.0,7346.9537,A,100.0,73.3,93.8,81.8,58.0,59.9,3.15,3.0,0,2.9114,19.7823,1.4445,1.3264,1.8303,16.3303,18.0,-0.0,-0.0,-0.0,-0.0,1.4702,100.0,97.0,0.3111,0.1154,0.0414,0.3646,69,continuous_power,False,1,97.0,4,3.0,,0.0,0.0,0.0,100.0,32.4,31.1,0|0|0|0|0
2024-09-26,VEDL.NS,A_breakout_40d,501.75,447.788,367.5885,479.85,42980530,17098233.95,506.0,500.94,511.06,7.0,470.58,A,100.0,86.5,90.3,70.7,58.0,59.9,0.38,1.54,2,4.5639,12.0508,0.9795,1.7926,2.9332,21.6838,18.0,-0.0,-0.0,-0.0,-0.0,1.9759,100.0,97.0,0.3235,0.1319,0.0403,0.3762,68,continuous_power,False,1,97.0,4,3.0,,0.0,0.0,0.0,100.0,43.8,31.2,0|0|0|0|0
2024-09-27,APOLLOHOSP.NS,A_breakout_40d,7234.0,6794.557,6272.0287,7167.8501,772592,358581.0,7160.5,7088.895,7232.105,7.0,6659.265,A,91.7,57.4,83.1,72.0,58.0,59.9,1.09,3.0,0,0.9229,6.4676,-0.1193,1.5105,0.5105,5.9964,18.0,-0.0,-0.0,-0.0,-0.0,1.4702,100.0,97.0,0.3111,0.1154,0.0229,0.3646,69,continuous_power,False,1,97.0,4,3.0,,0.0,0.0,0.0,100.0,38.9,31.1,0|0|0|0|0
2024-09-27,BPCL.NS,A_breakout_40d,367.3,340.773,300.209,360.7,40756678,12373183.8,367.15,363.4785,370.8215,7.0,341.4495,A,100.0,64.6,100.0,67.3,58.0,59.9,1.05,3.0,0,1.8298,7.7844,0.5506,2.5307,2.4311,14.459,18.0,-0.0,-0.0,-0.0,-0.0,1.4702,100.0,97.0,0.3111,0.1154,0.052,0.349,69,continuous_power,False,1,97.0,4,3.0,,0.0,0.0,0.0,100.0,46.3,31.2,0|0|0|0|0
2024-09-27,CIPLA.NS,A_breakout_40d,1672.5,1593.324,1457.8533,1671.8,3866952,1434051.75,1675.0,1658.25,1691.75,7.0,1557.75,A,96.5,50.3,93.9,60.6,58.0,59.9,0.86,3.0,0,0.0419,4.9692,0.5149,1.4728,1.4154,4.049,18.0,-0.0,-0.0,-0.0,-0.0,1.4702,100.0,97.0,0.3111,0.1154,0.0414,0.349,69,continuous_power,False,1,97.0,4,3.0,,0.0,0.0,0.0,100.0,52.3,31.2,0|0|0|0|0
2024-09-27,EICHERMOT.NS,A_breakout_40d,5062.6001,4855.576,4396.9688,4994.25,1040624,527436.9,5062.0,5011.38,5112.62,7.0,4707.66,A,100.0,60.9,79.5,65.1,58.0,59.9,0.12,0.46,1,1.3686,4.2636,-0.0851,1.5062,0.9035,7.3346,18.0,-0.0,-0.0,-0.0,-0.0,2.9789,96.4,93.4,0.345,0.1233,0.0223,0.3762,66,continuous_power,False,1,93.4,4,3.0,,0.0,0.0,0.0,96.4,52.3,31.2,0|0|0|0|0
2024-09-27,HINDALCO.NS,A_breakout_40d,747.15,669.948,619.7142,734.65,12936973,6518112.2,750.0,742.5,757.5,7.0,697.5,A,90.5,63.6,79.7,73.5,58.0,59.9,0.42,1.67,3,1.7015,11.5236,1.6743,0.8622,1.9867,14.2309,18.0,-0.0,-0.0,-0.0,-0.0,2.9789,100.0,97.0,0.345,0.1154,0.0223,0.3762,66,continuous_power,False,1,97.0,4,3.0,,0.0,0.0,0.0,100.0,31.9,31.1,0|0|0|0|0
2024-09-27,JIOFIN.NS,A_breakout_40d,359.15,336.555,321.1823,354.25,61551030,27472895.0,357.0,353.43,360.57,7.0,332.01,A,73.9,61.1,84.8,62.1,58.0,59.9,0.13,0.54,0,1.3832,6.7987,0.0429,1.4158,0.4587,6.3932,18.0,-0.0,-0.0,-0.0,-0.0,2.9789,100.0,97.0,0.345,0.1154,0.0049,0.3762,66,continuous_power,False,1,97.0,4,3.0,,0.0,0.0,0.0,100.0,52.3,31.2,0|0|0|0|0
2024-09-27,M&M.NS,A_breakout_40d,3183.6499,2806.945,2279.9038,3181.1001,6803795,3288752.8,3163.1499,3131.5184,3194.7814,7.0,2941.7294,A,100.0,50.6,81.4,79.1,58.0,59.9,1.35,3.0,0,0.0802,13.4205,-0.3175,0.8266,0.5774,14.7655,18.0,-0.0,-0.0,-0.0,-0.0,2.9789,100.0,97.0,0.345,0.1154,0.0223,0.3762,66,continuous_power,False,1,97.0,4,3.0,,0.0,0.0,0.0,100.0,34.9,31.1,0|0|0|0|0
2024-09-27,MARUTI.NS,A_breakout_40d,13495.5996,12464.4179,11856.945,13383.7998,865698,520110.85,13343.5498,13210.1143,13476.9853,7.0,12409.5013,A,75.6,56.7,73.3,78.7,58.0,59.9,0.3,1.21,1,0.8353,8.273,-0.006,1.1891,1.6614,12.5669,18.0,-0.0,-0.0,-0.0,-0.0,2.9789,100.0,97.0,0.345,0.0912,0.0,0.3762,66,continuous_power,False,1,97.0,4,3.0,,0.0,0.0,0.0,100.0,34.9,31.1,0|0|0|0|0
2024-09-27,NTPC.NS,A_breakout_40d,436.9,407.087,357.4935,436.1,53885913,19476813.65,436.9,432.531,441.269,7.0,406.317,A,100.0,51.5,95.3,68.1,58.0,59.9,1.32,3.0,0,0.1834,7.3235,0.3221,0.8958,0.6191,7.579,18.0,-0.0,-0.0,-0.0,-0.0,1.4702,100.0,97.0,0.3111,0.1154,0.0414,0.3525,69,continuous_power,False,1,97.0,4,3.0,,0.0,0.0,0.0,100.0,52.3,31.2,0|0|0|0|0
2024-09-27,PIDILITIND.NS,A_breakout_40d,1681.725,1583.2245,1472.3524,1655.0,1743164,893520.1,1692.0,1675.08,1708.92,7.0,1573.56,A,87.7,62.9,79.0,65.6,58.0,59.9,0.39,1.58,0,1.6148,6.2215,0.1626,1.4565,0.6192,7.4168,18.0,-0.0,-0.0,-0.0,-0.0,2.9789,100.0,97.0,0.345,0.1154,0.0223,0.3762,66,continuous_power,False,1,97.0,4,3.0,,0.0,0.0,0.0,100.0,52.3,31.2,0|0|0|0|0
2024-09-27,RELIANCE.NS,A_breakout_40d,1526.175,1489.245,1445.7393,1520.925,20597478,13535304.5,1519.4,1504.206,1534.594,7.0,1413.042,A,65.0,52.8,70.4,63.7,58.0,59.9,-0.58,0.0,0,0.3452,2.4798,0.0701,2.0295,1.0996,4.5644,18.0,-0.0,-0.0,-0.0,-0.0,1.4702,78.9,77.4,0.3111,0.0815,0.0223,0.3324,69,continuous_power,False,1,77.4,3,1.5,,0.0,0.0,0.0,78.9,40.9,31.1,0|0|0|0|0
2024-09-27,SIEMENS.NS,A_breakout_40d,4282.2788,4043.3846,3433.5754,4219.7632,918736,476236.05,4281.8677,4239.049,4324.6864,7.0,3982.1369,A,100.0,61.9,78.6,68.5,58.0,59.9,-0.59,0.0,0,1.4815,5.9083,0.0,1.8672,1.6886,10.5498,18.0,-0.0,-0.0,-0.0,-0.0,1.4702,77.3,75.8,0.3111,0.1154,0.0414,0.349,69,continuous_power,False,1,75.8,3,1.5,,0.0,0.0,0.0,77.3,34.9,31.1,0|0|0|0|0
2024-09-27,SUNPHARMA.NS,A_breakout_40d,1948.7,1776.013,1549.0512,1898.4,3809008,1915446.85,1949.0,1929.51,1968.49,7.0,1812.57,A,100.0,71.2,79.8,79.6,58.0,59.9,1.75,3.0,0,2.6496,9.7233,1.0298,1.6591,2.1046,11.7189,18.0,-0.0,-0.0,-0.0,-0.0,2.9789,100.0,97.0,0.345,0.1233,0.0229,0.3762,66,continuous_power,False,1,97.0,4,3.0,,0.0,0.0,0.0,100.0,16.1,13.8,0|0|0|0|0
2024-09-27,TATAPOWER.NS,A_breakout_40d,485.5,434.332,407.2585,476.05,32121777,16344659.5,485.4,480.546,490.254,7.0,451.422,A,83.2,65.9,79.3,75.7,58.0,59.9,0.8,3.0,1,1.9851,11.7808,1.3549,1.2136,1.8526,15.121,18.0,-0.0,-0.0,-0.0,-0.0,1.4702,100.0,97.0,0.3111,0.0912,0.0223,0.3646,69,continuous_power,False,1,97.0,4,3.0,,0.0,0.0,0.0,100.0,34.9,31.1,0|0|0|0|0
2024-09-27,TATASTEEL.NS,A_breakout_40d,166.55,154.8316,154.5753,165.61,72795668,46064741.55,167.5,165.825,169.175,7.0,155.775,A,50.8,54.5,71.6,71.3,58.0,59.9,-0.38,0.0,1,0.5676,7.5685,0.8393,0.8587,1.3354,11.8265,18.0,-0.0,-0.0,-0.0,-0.0,1.4702,81.1,79.6,0.3111,0.0815,0.0049,0.3324,69,continuous_power,False,1,79.6,3,1.5,,0.0,0.0,0.0,81.1,46.3,31.2,0|0|0|0|0
2024-09-27,TVSMOTOR.NS,A_breakout_40d,2949.7,2677.408,2272.3228,2891.1001,1294096,700744.45,2947.3999,2917.9259,2976.8739,7.0,2741.0819,A,100.0,66.2,76.9,74.8,58.0,59.9,1.67,3.0,1,2.0269,10.17,-0.1263,1.4709,0.6225,10.4649,18.0,-0.0,-0.0,-0.0,-0.0,2.9789,100.0,97.0,0.345,0.1233,0.0229,0.3762,66,continuous_power,False,1,97.0,4,3.0,,0.0,0.0,0.0,100.0,34.9,31.1,0|0|0|0|0
2024-09-30,BPCL.NS,A_breakout_40d,369.95,342.096,300.8766,367.3,23860696,12848979.35,370.0,366.3,373.7,7.0,344.1,A,100.0,55.8,77.1,68.5,58.0,59.9,1.25,3.0,1,0.7215,8.1422,-0.0408,1.5561,2.013,13.6995,18.0,-0.0,-0.0,-0.0,-0.0,2.9789,100.0,97.0,0.345,0.1154,0.0229,0.3762,66,continuous_power,False,1,97.0,4,3.0,,0.0,0.0,0.0,100.0,46.3,31.2,0|0|0|0|0
2024-09-30,JSWSTEEL.NS,A_breakout_40d,1030.05,932.632,879.4018,1005.55,4250590,2417621.75,1029.0,1018.71,1039.29,7.0,956.97,A,80.3,69.5,75.2,71.8,58.0,59.9,0.84,3.0,1,2.4365,10.4455,0.2446,1.1865,0.6017,13.1862,18.0,-0.0,-0.0,-0.0,-0.0,1.4702,100.0,97.0,0.3111,0.1154,0.0223,0.3646,69,continuous_power,False,1,97.0,4,3.0,,0.0,0.0,0.0,100.0,34.9,31.1,0|0|0|0|0
2024-09-30,TATASTEEL.NS,A_breakout_40d,168.55,155.0472,154.7588,166.55,92381529,49723810.85,169.49,167.7951,171.1849,7.0,157.6257,A,50.9,59.6,77.2,73.4,58.0,59.9,-0.05,0.0,2,1.2008,8.7088,0.5704,0.7904,1.1579,13.4534,18.0,-0.0,-0.0,-0.0,-0.0,1.4702,83.6,82.1,0.3111,0.0815,0.0049,0.349,69,continuous_power,False,1,82.1,3,1.5,,0.0,0.0,0.0,83.6,34.9,31.1,0|0|0|0|0
2024-10-01,SIEMENS.NS,A_breakout_40d,4409.3643,4053.8138,3454.3479,4282.2788,880290,496221.15,4374.144,4330.4026,4417.8855,7.0,4067.954,A,100.0,73.7,75.5,72.8,58.0,59.9,0.06,0.24,1,2.9677,8.7708,0.3421,1.7566,1.0987,15.4895,18.0,-0.0,-0.0,-0.0,-0.0,1.4702,76.8,75.3,0.3111,0.1154,0.0414,0.349,69,continuous_power,False,1,75.3,3,1.5,,0.0,0.0,0.0,76.8,34.9,31.1,0|0|0|0|0
2024-10-03,JSWSTEEL.NS,A_breakout_40d,1039.1,938.31,881.4413,1030.05,6615927,2611154.55,1042.0,1031.58,1052.42,7.0,969.06,A,82.3,57.0,90.7,72.8,58.0,59.9,1.22,3.0,1,0.8786,10.7417,0.0681,1.4172,0.4854,11.3392,18.0,-0.0,-0.0,-0.0,-0.0,1.4702,100.0,97.0,0.3111,0.0912,0.0229,0.349,69,continuous_power,False,1,97.0,4,3.0,,0.0,0.0,0.0,100.0,46.3,31.2,0|0|0|0|0
2024-10-08,TRENT.NS,A_breakout_40d,8041.9502,6878.007,4857.7855,7845.3999,2278240,1288294.5,8089.0,8008.11,8169.89,7.0,7522.77,A,100.0,70.0,75.4,70.8,58.0,59.9,3.45,3.0,0,2.5053,16.9227,0.9464,2.5437,2.5104,16.945,18.0,-0.0,-0.0,-0.0,-0.0,2.9789,100.0,97.0,0.345,0.1233,0.0403,0.3762,66,continuous_power,False,1,97.0,4,3.0,,0.0,0.0,0.0,100.0,32.4,31.1,0|0|0|0|0
2024-10-09,DIVISLAB.NS,A_breakout_40d,5989.75,5149.796,4264.1345,5547.0498,3022787,969550.4,5960.0,5900.4,6019.6,7.0,5542.8,A,100.0,100.0,100.0,83.2,58.0,59.9,1.76,3.0,0,7.9808,16.3104,1.9623,2.3217,3.429,25.8958,18.0,-0.0,-0.0,-0.0,-0.0,1.4702,100.0,97.0,0.3111,0.1233,0.0598,0.349,69,continuous_power,False,1,97.0,4,3.0,,0.0,0.0,0.0,100.0,27.9,31.1,0|0|0|0|0
2024-10-09,SIEMENS.NS,A_breakout_40d,4506.5127,4079.9981,3504.8838,4409.3643,900194,531768.45,4519.896,4474.697,4565.095,7.0,4203.5033,A,100.0,67.6,73.9,66.3,58.0,59.9,0.65,2.58,0,2.2032,10.4538,0.0387,1.5044,1.3078,14.0309,18.0,-0.0,-0.0,-0.0,-0.0,2.9789,100.0,97.0,0.345,0.1233,0.0229,0.3762,66,continuous_power,False,1,97.0,4,3.0,,0.0,0.0,0.0,100.0,46.3,31.2,0|0|0|0|0
2024-10-15,HCLTECH.NS,A_breakout_40d,1870.1,1738.988,1568.5515,1855.9,5696544,2955442.2,1869.0,1850.31,1887.69,7.0,1738.17,A,100.0,56.1,78.5,69.8,58.0,59.9,1.2,3.0,0,0.7651,7.5396,-1.3956,1.3241,0.5677,8.2139,18.0,-0.0,-0.0,-0.0,-0.0,2.9789,100.0,97.0,0.345,0.1154,0.0229,0.3762,66,continuous_power,False,1,97.0,4,3.0,,0.0,0.0,0.0,100.0,45.8,31.2,0|0|0|0|0
2024-10-16,SIEMENS.NS,A_breakout_40d,4687.9541,4130.0615,3560.8723,4619.7153,1656751,632015.8,4687.9541,4641.0746,4734.8336,7.0,4359.7973,A,100.0,61.8,92.4,71.7,58.0,59.9,1.23,3.0,0,1.4771,13.5081,0.0,1.0974,0.8232,13.4136,18.0,-0.0,-0.0,-0.0,-0.0,1.4702,100.0,97.0,0.3111,0.1154,0.0414,0.3525,69,continuous_power,False,1,97.0,4,3.0,,0.0,0.0,0.0,100.0,46.3,31.2,0|0|0|0|0
2024-10-17,TECHM.NS,A_breakout_40d,1699.0,1611.664,1400.7145,1692.5,3771316,2475593.35,1695.0,1678.05,1711.95,7.0,1576.35,A,100.0,53.1,70.5,61.0,58.0,59.9,1.04,3.0,0,0.384,5.419,0.0241,1.1722,0.1963,5.9387,18.0,-0.0,-0.0,-0.0,-0.0,2.9789,100.0,97.0,0.345,0.1233,0.0229,0.3762,66,continuous_power,False,1,97.0,4,3.0,,0.0,0.0,0.0,100.0,52.3,31.2,0|0|0|0|0
2024-10-21,SILVERBEES.NS,A_breakout_40d,94.64,84.704,80.0699,89.86,19193916,8572564.3,94.84,93.8916,95.7884,7.0,88.2012,A,78.9,92.6,84.8,71.9,58.0,59.9,1.33,3.0,0,5.3194,11.7303,4.799,0.6406,5.3837,17.6033,18.0,-0.0,-0.0,-0.0,-0.0,1.4702,100.0,97.0,0.3111,0.1154,0.0414,0.349,69,continuous_power,False,1,97.0,4,3.0,,0.0,0.0,0.0,100.0,24.4,31.1,0|0|0|0|0
2024-10-21,TECHM.NS,A_breakout_40d,1701.2,1620.644,1404.8493,1699.0,5898020,2575623.55,1703.4,1686.366,1720.434,7.0,1584.162,A,100.0,51.0,85.8,60.6,58.0,59.9,1.3,3.0,1,0.1295,4.9706,3.3829,1.4939,4.0462,5.1428,18.0,-0.0,-0.0,-0.0,-0.0,1.4702,100.0,97.0,0.3111,0.1154,0.0414,0.3646,69,continuous_power,False,1,97.0,4,3.0,,0.0,0.0,0.0,100.0,45.8,31.2,0|0|0|0|0
2024-10-23,TECHM.NS,A_breakout_40d,1735.95,1628.91,1409.2188,1701.2,4198781,2743898.6,1735.05,1717.6995,1752.4005,7.0,1613.5965,A,100.0,66.3,70.6,64.8,58.0,59.9,1.34,3.0,2,2.0427,6.5713,0.0,1.3227,0.4132,9.6286,18.0,-0.0,-0.0,-0.0,-0.0,2.9789,100.0,97.0,0.345,0.1233,0.0403,0.3762,66,continuous_power,False,1,97.0,4,3.0,,0.0,0.0,0.0,100.0,36.9,31.1,0|0|0|0|0
2024-10-29,GOLDBEES.NS,A_breakout_40d,66.3,62.6276,59.196,66.16,17930130,11854057.5,67.0,66.33,67.67,7.0,62.31,A,79.0,51.7,70.3,72.9,58.0,59.9,1.02,3.0,0,0.2116,5.8639,0.7145,0.6309,1.1958,4.1926,18.0,-0.0,-0.0,-0.0,-0.0,2.9789,100.0,97.0,0.345,0.0912,0.0223,0.3762,66,continuous_power,False,1,97.0,4,3.0,,0.0,0.0,0.0,100.0,20.1,13.8,0|0|0|0|0
2024-10-29,SBIN.NS,A_breakout_40d,832.7,800.211,783.9765,824.8,28274791,13785025.2,828.0,819.72,836.28,7.0,770.04,A,60.4,57.7,81.0,61.5,58.0,59.9,-0.13,0.0,0,0.9578,4.0601,0.4987,2.552,2.5073,8.239,18.0,-0.0,-0.0,-0.0,-0.0,1.4702,85.1,83.6,0.3111,0.0815,0.0223,0.3324,69,continuous_power,False,1,83.6,3,1.5,,0.0,0.0,0.0,85.1,50.3,31.2,0|0|0|0|0
2024-11-05,SBIN.NS,A_breakout_40d,849.2,801.338,789.0095,832.7,26254561,13265964.95,849.2,840.708,857.692,7.0,789.756,A,57.8,65.9,79.6,65.0,58.0,59.9,0.14,0.56,0,1.9815,5.9728,0.0,1.2123,0.7344,8.8629,18.0,-0.0,-0.0,-0.0,-0.0,2.9789,100.0,97.0,0.345,0.0904,0.0,0.3762,66,continuous_power,False,1,97.0,4,3.0,,0.0,0.0,0.0,100.0,48.3,31.2,0|0|0|0|0
2024-11-06,BEL.NS,A_breakout_40d,301.85,285.466,259.8355,293.45,52804364,19352074.0,301.0,297.99,304.01,7.0,279.93,A,99.3,72.9,94.6,63.3,58.0,59.9,-0.54,0.0,0,2.8625,5.7394,0.4016,1.659,1.1037,11.8,18.0,-0.0,-0.0,-0.0,-0.0,2.9789,100.0,97.0,0.345,0.1319,0.0223,0.3762,66,continuous_power,False,1,97.0,4,3.0,,0.0,0.0,0.0,100.0,46.3,31.2,0|0|0|0|0
2024-11-07,APOLLOHOSP.NS,A_breakout_40d,7424.8501,6998.982,6461.995,7234.0,2502817,316418.35,7390.0498,7316.1493,7463.9503,7.0,6872.7463,A,91.5,71.1,100.0,72.5,58.0,59.9,0.38,1.52,0,2.6382,6.0847,4.9999,1.7682,6.957,12.457,18.0,-0.0,-0.0,-0.0,-0.0,1.4702,100.0,97.0,0.3111,0.1154,0.0229,0.3646,69,continuous_power,False,1,97.0,4,3.0,,0.0,0.0,0.0,100.0,26.4,31.1,0|0|0|0|0
2024-11-25,HDFCBANK.NS,A_breakout_40d,892.8,857.7245,793.4229,891.725,427737274,48267162.8,905.0,895.95,914.05,7.0,841.65,A,90.5,51.0,100.0,61.8,58.0,59.9,0.58,2.33,0,0.1206,4.0894,2.26,1.01,2.3644,5.5107,18.0,-0.0,-0.0,-0.0,-0.0,1.4702,100.0,97.0,0.3111,0.1154,0.0403,0.349,69,continuous_power,False,1,97.0,4,3.0,,0.0,0.0,0.0,100.0,47.8,31.2,0|0|0|0|0
2024-11-25,TCS.NS,A_breakout_40d,4315.1001,4188.142,4095.3305,4308.7002,4052167,2175558.35,4321.0498,4277.8393,4364.2603,7.0,4018.5763,A,61.3,51.2,77.3,63.8,58.0,59.9,-0.79,0.0,0,0.1485,3.0314,0.834,0.7334,1.5449,8.2818,18.0,-0.0,-0.0,-0.0,-0.0,1.4702,81.9,80.4,0.3111,0.0815,0.0223,0.3324,69,continuous_power,False,1,80.4,3,1.5,,0.0,0.0,0.0,81.9,50.3,31.2,0|0|0|0|0
2024-11-25,WIPRO.NS,A_breakout_40d,291.225,273.8325,254.8589,286.75,23297474,13368741.9,292.5,289.575,295.425,7.0,272.025,A,87.2,62.5,74.9,63.3,58.0,59.9,0.83,3.0,0,1.5606,6.3515,0.6735,0.8976,1.3386,8.0958,18.0,-0.0,-0.0,-0.0,-0.0,1.4702,100.0,97.0,0.3111,0.1154,0.0229,0.3646,69,continuous_power,False,1,97.0,4,3.0,,0.0,0.0,0.0,100.0,50.3,31.2,0|0|0|0|0
2024-11-27,BEL.NS,A_breakout_40d,307.35,284.702,266.4433,301.85,39464505,23925978.65,308.0,304.92,311.08,7.0,286.44,A,84.3,64.6,73.0,64.5,58.0,59.9,0.12,0.48,0,1.8221,7.955,0.3189,1.0003,0.7143,14.8096,18.0,-0.0,-0.0,-0.0,-0.0,2.9789,96.4,93.4,0.345,0.1154,0.0049,0.3762,66,continuous_power,False,1,93.4,4,3.0,,0.0,0.0,0.0,96.4,46.3,31.2,0|0|0|0|0
2024-12-03,BANKBEES.NS,A_breakout_40d,540.16,532.617,512.5354,537.87,1299650,695491.95,540.11,534.7089,545.5111,7.0,502.3023,A,69.6,53.4,77.4,60.3,58.0,59.9,-0.04,0.0,0,0.4257,1.4162,1.0592,0.7067,1.2416,2.9881,18.0,-0.0,-0.0,-0.0,-0.0,2.9789,97.9,94.9,0.345,0.0912,0.0,0.3762,66,continuous_power,False,1,94.9,4,3.0,,0.0,0.0,0.0,97.9,52.3,31.2,0|0|0|0|0
2024-12-03,LT.NS,A_breakout_40d,3787.05,3588.836,3585.796,3753.0,3252670,1775122.6,3775.0,3737.25,3812.75,7.0,3510.75,A,50.4,57.3,76.6,63.3,58.0,59.9,0.11,0.44,0,0.9073,5.5231,0.4576,1.1474,0.605,7.2438,18.0,-0.0,-0.0,-0.0,-0.0,2.9789,100.0,97.0,0.345,0.0815,0.0,0.3762,66,continuous_power,False,1,97.0,4,3.0,,0.0,0.0,0.0,100.0,52.3,31.2,0|0|0|0|0
2024-12-03,ULTRACEMCO.NS,A_breakout_40d,11852.3496,11265.8969,10752.4463,11648.5498,501811,310118.25,11866.2002,11747.5382,11984.8622,7.0,11035.5662,A,73.9,64.0,72.4,65.3,58.0,59.9,-0.25,0.0,0,1.7496,5.2056,0.2249,0.9877,0.8604,12.4984,18.0,-0.0,-0.0,-0.0,-0.0,2.9789,95.1,92.1,0.345,0.1154,0.0,0.3762,66,continuous_power,False,1,92.1,4,3.0,,0.0,0.0,0.0,95.1,46.3,31.2,0|0|0|0|0
2024-12-04,BEL.NS,A_breakout_40d,312.85,287.462,269.6123,312.1,41441172,24686396.4,314.0,310.86,317.14,7.0,292.02,A,83.1,51.9,73.6,66.5,58.0,59.9,0.97,3.0,0,0.2403,8.8318,1.2496,1.0917,1.8203,7.7276,18.0,-0.0,-0.0,-0.0,-0.0,1.9759,100.0,97.0,0.3235,0.0912,0.0223,0.3762,68,continuous_power,False,1,97.0,4,3.0,,0.0,0.0,0.0,100.0,50.3,31.2,0|0|0|0|0
2024-12-04,PIDILITIND.NS,A_breakout_40d,1602.375,1570.5015,1525.6002,1592.625,847642,500073.3,1610.0,1593.9,1626.1,7.0,1497.3,A,64.7,54.9,73.9,63.4,58.0,59.9,-0.44,0.0,0,0.6122,2.0295,-0.0318,1.1195,0.235,7.3201,18.0,-0.0,-0.0,-0.0,-0.0,1.4702,80.6,79.1,0.3111,0.0815,0.0223,0.3324,69,continuous_power,False,1,79.1,3,1.5,,0.0,0.0,0.0,80.6,52.3,31.2,0|0|0|0|0
2024-12-05,BANKBEES.NS,A_breakout_40d,548.91,532.3702,513.3933,546.0,2436847,769159.45,551.98,546.4602,557.4998,7.0,513.3414,A,68.5,54.3,100.0,66.5,58.0,59.9,-0.09,0.0,1,0.533,3.1068,0.3187,1.2195,0.5381,5.5259,18.0,-0.0,-0.0,-0.0,-0.0,1.4702,100.0,97.0,0.3111,0.0904,0.0,0.3762,69,continuous_power,False,1,97.0,4,3.0,,0.0,0.0,0.0,100.0,52.3,31.2,0|0|0|0|0
2024-12-05,ETERNAL.NS,A_breakout_40d,299.35,270.5164,220.1432,286.25,102148500,58319880.5,300.0,297.0,303.0,7.0,279.0,A,100.0,86.6,75.0,68.4,58.0,59.9,0.38,1.53,0,4.5764,11.4728,0.6987,1.7955,2.2821,17.9914,18.0,-0.0,-0.0,-0.0,-0.0,2.9789,100.0,97.0,0.345,0.1319,0.0229,0.3762,66,continuous_power,False,1,97.0,4,3.0,,0.0,0.0,0.0,100.0,43.8,31.2,0|0|0|0|0
2024-12-05,ICICIBANK.NS,A_breakout_40d,1336.5,1275.806,1181.3335,1331.85,19210697,12706740.8,1342.5,1329.075,1355.925,7.0,1248.525,A,90.0,52.8,70.2,66.3,58.0,59.9,0.09,0.36,0,0.3491,4.7573,0.0152,1.5406,0.5558,6.3022,18.0,-0.0,-0.0,-0.0,-0.0,2.9789,91.6,88.6,0.345,0.1154,0.0049,0.3762,66,continuous_power,False,1,88.6,4,3.0,,0.0,0.0,0.0,91.6,40.9,31.1,0|0|0|0|0
2024-12-05,MAXHEALTH.NS,A_breakout_40d,1096.9,988.745,887.1495,1079.9,3906338,2078916.45,1098.55,1087.5645,1109.5355,7.0,1021.6515,A,100.0,62.6,77.6,67.4,58.0,59.9,0.32,1.3,0,1.5742,10.9386,0.9725,0.9956,1.2195,15.8051,18.0,-0.0,-0.0,-0.0,-0.0,2.9789,100.0,97.0,0.345,0.1233,0.0223,0.3762,66,continuous_power,False,1,97.0,4,3.0,,0.0,0.0,0.0,100.0,46.3,31.2,0|0|0|0|0
2024-12-05,TCS.NS,A_breakout_40d,4464.0498,4175.021,4106.3165,4354.3999,3746747,2431644.5,4453.0,4408.47,4497.53,7.0,4141.29,A,58.4,70.1,70.8,69.0,58.0,59.9,-0.02,0.0,0,2.5181,6.9228,1.0656,1.2832,1.5409,11.3121,18.0,-0.0,-0.0,-0.0,-0.0,2.9789,97.5,94.5,0.345,0.0912,0.0,0.3762,66,continuous_power,False,1,94.5,4,3.0,,0.0,0.0,0.0,97.5,36.9,31.1,0|0|0|0|0
2024-12-06,VEDL.NS,A_breakout_40d,501.4,472.047,417.6322,499.15,25827648,9234186.0,499.95,494.9505,504.9495,7.0,464.9535,A,100.0,53.6,95.9,72.2,58.0,59.9,0.43,1.7,0,0.4508,6.2182,0.5291,2.7872,2.5405,14.4065,18.0,-0.0,-0.0,-0.0,-0.0,1.9759,100.0,97.0,0.3235,0.1154,0.0223,0.3762,68,continuous_power,False,1,97.0,4,3.0,,0.0,0.0,0.0,100.0,46.3,31.2,0|0|0|0|0
2024-12-11,MAXHEALTH.NS,A_breakout_40d,1132.2,997.747,891.92,1117.15,4400116,2199349.35,1132.0,1120.68,1143.32,7.0,1052.76,A,100.0,60.8,80.0,71.8,58.0,59.9,1.0,3.0,1,1.3472,13.4757,-0.6355,1.0007,0.0038,14.3427,18.0,-0.0,-0.0,-0.0,-0.0,2.9789,100.0,97.0,0.345,0.1154,0.0403,0.3762,66,continuous_power,False,1,97.0,4,3.0,,0.0,0.0,0.0,100.0,43.3,31.2,0|0|0|0|0
2024-12-11,VEDL.NS,A_breakout_40d,514.35,472.388,421.1185,501.4,32419915,10115464.35,519.0,513.81,524.19,7.0,482.67,A,100.0,70.7,100.0,74.2,58.0,59.9,0.29,1.15,1,2.5828,8.8829,-0.2499,2.1779,1.4138,15.8183,18.0,-0.0,-0.0,-0.0,-0.0,1.4702,100.0,97.0,0.3111,0.1233,0.0229,0.3762,69,continuous_power,False,1,97.0,4,3.0,,0.0,0.0,0.0,100.0,46.3,31.2,0|0|0|0|0
2024-12-12,MAXHEALTH.NS,A_breakout_40d,1167.7,1001.386,893.5447,1132.2,3466683,2253253.65,1172.1,1160.379,1183.821,7.0,1090.053,A,100.0,75.1,70.8,75.8,58.0,59.9,1.28,3.0,1,3.1355,16.6084,-0.0177,1.1541,0.1546,19.2701,18.0,-0.0,-0.0,-0.0,-0.0,2.9789,100.0,97.0,0.345,0.1233,0.0229,0.3762,66,continuous_power,False,1,97.0,4,3.0,,0.0,0.0,0.0,100.0,32.4,31.1,0|0|0|0|0
2024-12-12,TECHM.NS,A_breakout_40d,1789.6,1695.175,1477.6918,1786.95,3018243,1886301.0,1781.0,1763.19,1798.81,7.0,1656.33,A,100.0,51.2,72.0,62.6,58.0,59.9,1.01,3.0,0,0.1483,5.5702,0.2978,1.4038,0.7591,3.9489,18.0,-0.0,-0.0,-0.0,-0.0,2.9789,100.0,97.0,0.345,0.1233,0.0229,0.3762,66,continuous_power,False,1,97.0,4,3.0,,0.0,0.0,0.0,100.0,52.3,31.2,0|0|0|0|0
2024-12-12,VEDL.NS,A_breakout_40d,522.0,472.575,422.3777,514.35,20273326,10708032.25,520.5,515.295,525.705,7.0,484.065,A,100.0,61.9,77.9,76.2,58.0,59.9,0.24,0.98,2,1.4873,10.4587,0.9041,0.8425,1.7286,16.8899,18.0,-0.0,-0.0,-0.0,-0.0,2.9789,98.8,95.8,0.345,0.1233,0.0049,0.3762,66,continuous_power,False,1,95.8,4,3.0,,0.0,0.0,0.0,98.8,32.4,31.1,0|0|0|0|0
2024-12-24,INDIGO.NS,A_breakout_40d,4612.25,4298.425,4221.1203,4489.4502,1570584,688023.35,4652.9502,4606.4207,4699.4797,7.0,4327.2437,A,59.2,71.9,85.7,69.2,58.0,59.9,-0.41,0.0,0,2.7353,7.3009,0.902,2.1483,3.2184,10.616,18.0,-0.0,-0.0,-0.0,-0.0,1.4702,87.5,86.0,0.3111,0.0815,0.0223,0.349,69,continuous_power,False,1,86.0,3,1.5,,0.0,0.0,0.0,87.5,48.3,31.2,0|0|0|0|0
2024-12-26,INDIGO.NS,A_breakout_40d,4725.0,4299.346,4228.9585,4612.25,1316409,733687.1,4725.0,4677.75,4772.25,7.0,4394.25,A,58.3,69.6,75.9,74.0,58.0,59.9,-0.34,0.0,1,2.4446,9.9004,0.8824,1.4246,2.7423,14.4901,18.0,-0.0,-0.0,-0.0,-0.0,1.4702,82.4,80.9,0.3111,0.0815,0.0223,0.349,69,continuous_power,False,1,80.9,3,1.5,,0.0,0.0,0.0,82.4,34.9,31.1,0|0|0|0|0
2024-12-30,SUNPHARMA.NS,A_breakout_40d,1883.9,1818.086,1689.556,1861.25,6021550,1935569.65,1876.8,1858.032,1895.568,7.0,1745.424,A,88.0,59.7,100.0,67.4,58.0,59.9,-0.3,0.0,0,1.2169,3.62,0.043,1.2959,0.4966,7.1741,18.0,-0.0,-0.0,-0.0,-0.0,1.4702,88.3,86.8,0.3111,0.1154,0.0229,0.349,69,continuous_power,False,1,86.8,3,1.5,,0.0,0.0,0.0,88.3,52.3,31.2,0|0|0|0|0
2025-01-02,EICHERMOT.NS,A_breakout_40d,5308.1001,4835.109,4697.7865,5002.3501,2863478,476298.4,5325.0,5271.75,5378.25,7.0,4952.25,A,64.6,98.9,100.0,75.5,58.0,59.9,0.48,1.91,0,6.1121,9.7824,-0.0061,3.8114,3.4682,21.7238,18.0,-0.0,-0.0,-0.0,-0.0,1.4702,100.0,97.0,0.3111,0.0912,0.0403,0.349,69,continuous_power,False,1,97.0,4,3.0,,0.0,0.0,0.0,100.0,43.8,31.2,0|0|0|0|0
2025-01-02,ITC.NS,A_breakout_40d,470.9137,457.612,447.8331,466.6287,27131131,15962435.45,472.0692,467.3485,476.7899,7.0,439.0243,A,60.9,57.3,74.0,65.4,58.0,59.9,-0.16,0.0,0,0.9183,2.9068,0.2893,0.8532,0.6294,5.6751,18.0,-0.0,-0.0,-0.0,-0.0,1.4702,81.4,79.9,0.3111,0.0815,0.0223,0.3324,69,continuous_power,False,1,79.9,3,1.5,,0.0,0.0,0.0,81.4,52.3,31.2,0|0|0|0|0
2025-01-02,M&M.NS,A_breakout_40d,3211.1001,2949.97,2689.5708,3084.8501,4298090,2643603.75,3215.0,3182.85,3247.15,7.0,2989.95,A,98.4,82.7,72.5,66.7,58.0,59.9,0.14,0.55,0,4.0926,8.852,0.584,1.886,1.7097,15.2771,18.0,-0.0,-0.0,-0.0,-0.0,2.9789,99.4,96.4,0.345,0.1319,0.0223,0.3762,66,continuous_power,False,1,96.4,4,3.0,,0.0,0.0,0.0,99.4,36.9,31.1,0|0|0|0|0
2025-01-03,EICHERMOT.NS,A_breakout_40d,5310.75,4846.143,4705.2865,5308.1001,836689,491835.0,5310.75,5257.6425,5363.8575,7.0,4938.9975,A,65.0,50.4,74.0,75.5,58.0,59.9,0.64,2.57,1,0.0499,9.5871,0.3184,0.9409,2.2864,15.2712,18.0,-0.0,-0.0,-0.0,-0.0,2.9789,100.0,97.0,0.345,0.0815,0.0,0.3762,66,continuous_power,False,1,97.0,4,3.0,,0.0,0.0,0.0,100.0,46.3,31.2,0|0|0|0|0
2025-01-06,APOLLOHOSP.NS,A_breakout_40d,7429.1499,7120.258,6622.842,7424.8501,527272,279042.45,7466.25,7391.5875,7540.9125,7.0,6943.6125,A,87.6,50.5,77.8,61.3,58.0,59.9,0.58,2.33,0,0.0579,4.3382,0.0,1.3785,0.6089,3.3085,18.0,-0.0,-0.0,-0.0,-0.0,2.9789,100.0,97.0,0.345,0.1154,0.0223,0.3762,66,continuous_power,False,1,97.0,4,3.0,,0.0,0.0,0.0,100.0,52.3,31.2,0|0|0|0|0
2025-01-10,GOLDBEES.NS,A_breakout_40d,65.93,64.4906,61.9684,65.49,12772160,7613957.6,65.71,65.0529,66.3671,7.0,61.1103,A,70.4,55.4,73.5,64.1,58.0,59.9,-0.11,0.0,0,0.6719,2.232,0.7492,0.7493,1.8242,3.8809,18.0,-0.0,-0.0,-0.0,-0.0,2.9789,95.4,92.4,0.345,0.0912,0.0,0.3762,66,continuous_power,False,1,92.4,4,3.0,,0.0,0.0,0.0,95.4,52.3,31.2,0|0|0|0|0
2025-01-10,HCLTECH.NS,A_breakout_40d,1995.1,1890.653,1659.924,1972.2,4802079,2525381.7,1994.9,1974.951,2014.849,7.0,1855.257,A,100.0,59.3,78.0,63.2,58.0,59.9,0.47,1.89,0,1.1611,5.5244,0.062,1.4042,0.4662,7.1953,18.0,-0.0,-0.0,-0.0,-0.0,2.9789,100.0,97.0,0.345,0.1233,0.0223,0.3762,66,continuous_power,False,1,97.0,4,3.0,,0.0,0.0,0.0,100.0,52.3,31.2,0|0|0|0|0
2025-01-13,GOLDBEES.NS,A_breakout_40d,66.25,64.4752,62.0211,65.93,31223058,8680366.9,66.28,65.6172,66.9428,7.0,61.6404,A,69.8,53.9,100.0,66.3,58.0,59.9,-0.09,0.0,1,0.4854,2.7527,-0.3337,1.5929,1.1173,4.3493,18.0,-0.0,-0.0,-0.0,-0.0,1.4702,100.0,97.0,0.3111,0.0912,0.0,0.3762,69,continuous_power,False,1,97.0,4,3.0,,0.0,0.0,0.0,100.0,52.3,31.2,0|0|0|0|0
2025-01-23,WIPRO.NS,A_breakout_40d,317.7,297.4645,264.7159,312.75,39904371,13981541.55,319.0,315.81,322.19,7.0,296.67,A,100.0,62.7,97.1,64.0,58.0,59.9,0.68,2.72,0,1.5827,6.8027,0.647,1.4,1.3617,12.7283,18.0,-0.0,-0.0,-0.0,-0.0,1.4702,100.0,97.0,0.3111,0.1233,0.052,0.349,69,continuous_power,False,1,97.0,4,3.0,,0.0,0.0,0.0,100.0,46.3,31.2,0|0|0|0|0
2025-01-28,BAJFINANCE.NS,A_breakout_40d,760.66,702.1756,701.516,744.325,24789330,10958406.0,765.725,758.0677,773.3822,7.0,712.1242,A,50.5,67.6,85.2,62.6,58.0,59.9,1.08,3.0,0,2.1946,8.329,1.296,1.8324,2.2744,9.121,18.0,-0.0,-0.0,-0.0,-0.0,1.4702,100.0,97.0,0.3111,0.0815,0.0223,0.3324,69,continuous_power,False,1,97.0,4,3.0,,0.0,0.0,0.0,100.0,48.3,31.2,0|0|0|0|0
2025-01-30,BAJFINANCE.NS,A_breakout_40d,790.165,707.1717,702.1347,775.965,56488830,12745121.5,792.5,784.575,800.425,7.0,737.025,A,53.6,64.6,100.0,69.1,58.0,59.9,1.46,3.0,1,1.83,11.7359,1.1644,1.7355,2.4124,14.8225,18.0,-0.0,-0.0,-0.0,-0.0,0.0,100.0,100.0,0.206,0.0815,0.0229,0.2725,79,continuous_power,False,1,100.0,4,3.0,,0.0,0.0,0.0,100.0,46.3,31.2,0|0|0|0|0
2025-02-03,BAJFINANCE.NS,A_breakout_40d,842.58,716.1237,703.6602,800.01,43369260,14410825.5,842.5,834.075,850.925,7.0,783.525,A,58.9,92.6,100.0,77.4,58.0,59.9,1.99,3.0,2,5.3212,17.6584,-0.9737,1.999,1.2497,23.7425,18.0,-0.0,-0.0,-0.0,-0.0,0.0,100.0,100.0,0.206,0.0815,0.0414,0.2943,79,continuous_power,False,1,100.0,4,3.0,,0.0,0.0,0.0,100.0,39.3,31.2,0|0|0|0|0
2025-02-03,EICHERMOT.NS,A_breakout_40d,5485.25,4977.81,4830.7585,5390.1499,1330533,461266.6,5536.5498,5481.1843,5591.9153,7.0,5148.9913,A,65.2,64.1,97.7,71.2,58.0,59.9,0.69,2.76,0,1.7643,10.194,3.4294,1.2951,4.9637,13.7227,18.0,-0.0,-0.0,-0.0,-0.0,1.4702,100.0,97.0,0.3111,0.0815,0.0229,0.349,69,continuous_power,False,1,97.0,4,3.0,,0.0,0.0,0.0,100.0,39.8,31.2,0|0|0|0|0
2025-02-05,GOLDBEES.NS,A_breakout_40d,71.57,65.6974,62.8015,70.08,25721670,13789755.95,71.72,71.0028,72.4372,7.0,66.6996,A,73.1,67.0,77.3,86.2,58.0,59.9,0.85,3.0,0,2.1261,8.9389,3.0251,1.5943,6.3779,11.1958,18.0,-0.0,-0.0,-0.0,-0.0,1.9759,100.0,97.0,0.3235,0.0815,0.0223,0.3762,68,continuous_power,False,1,97.0,4,3.0,,0.0,0.0,0.0,100.0,4.4,8.3,0|0|0|0|0
2025-02-05,SILVERBEES.NS,A_breakout_40d,93.03,87.4334,86.1888,91.27,10392689,5871149.0,92.64,91.7136,93.5664,7.0,86.1552,A,57.2,65.4,75.4,69.4,58.0,59.9,0.45,1.78,0,1.9283,6.401,1.0319,0.9817,1.3954,9.246,18.0,-0.0,-0.0,-0.0,-0.0,1.8275,100.0,97.0,0.32,0.0815,0.0049,0.3646,68,continuous_power,False,1,97.0,4,3.0,,0.0,0.0,0.0,100.0,36.9,31.1,0|0|0|0|0
2025-02-10,GOLDBEES.NS,A_breakout_40d,72.52,66.1654,62.9653,71.57,31547440,14993167.35,73.45,72.7155,74.1845,7.0,68.3085,A,75.4,60.6,82.1,86.9,58.0,59.9,1.15,3.0,1,1.3274,9.6041,3.0193,1.977,6.7159,9.273,18.0,-0.0,-0.0,-0.0,-0.0,1.4702,100.0,97.0,0.3111,0.0815,0.0223,0.3646,69,continuous_power,False,1,97.0,4,3.0,,0.0,0.0,0.0,100.0,4.4,8.3,0|0|0|0|0
2025-02-11,BHARTIARTL.NS,A_breakout_40d,1696.75,1617.6,1536.9208,1693.05,8965266,5586409.25,1704.0,1686.96,1721.04,7.0,1584.72,A,76.2,51.7,72.1,62.8,58.0,59.9,0.39,1.58,0,0.2185,4.8931,0.7649,0.4746,1.6875,6.4145,18.0,-0.0,-0.0,-0.0,-0.0,2.9789,100.0,97.0,0.345,0.0912,0.0049,0.3762,66,continuous_power,False,1,97.0,4,3.0,,0.0,0.0,0.0,100.0,52.3,31.2,0|0|0|0|0
2025-02-13,BAJAJFINSV.NS,A_breakout_40d,1849.25,1694.272,1681.7842,1813.25,4070038,2059635.2,1853.5,1834.965,1872.035,7.0,1723.755,A,53.7,65.9,79.5,64.2,58.0,59.9,1.1,3.0,0,1.9854,9.1472,0.8526,0.8776,1.1455,9.8008,18.0,-0.0,-0.0,-0.0,-0.0,1.4702,100.0,97.0,0.3111,0.0815,0.0223,0.349,69,continuous_power,False,1,97.0,4,3.0,,0.0,0.0,0.0,100.0,48.3,31.2,0|0|0|0|0
2025-02-13,KOTAKBANK.NS,A_breakout_40d,394.56,366.3274,357.3331,392.03,63391865,22217711.25,394.8,390.852,398.748,7.0,367.164,A,62.6,55.2,97.1,63.9,58.0,59.9,1.02,3.0,0,0.6454,7.7069,0.98,0.7565,1.1961,5.8439,18.0,-0.0,-0.0,-0.0,-0.0,1.4702,100.0,97.0,0.3111,0.0815,0.0229,0.3324,69,continuous_power,False,1,97.0,4,3.0,,0.0,0.0,0.0,100.0,52.3,31.2,0|0|0|0|0
2025-02-14,SHREECEM.NS,A_breakout_40d,28556.0508,26695.783,26078.5317,28402.0996,64359,35667.05,28490.0,28205.1,28774.9,7.0,26495.7,A,61.8,54.3,76.1,65.8,58.0,59.9,0.45,1.81,0,0.542,6.9684,0.9743,0.9587,1.1361,6.9327,18.0,-0.0,-0.0,-0.0,-0.0,1.9759,100.0,97.0,0.3235,0.0815,0.0049,0.3762,68,continuous_power,False,1,97.0,4,3.0,,0.0,0.0,0.0,100.0,52.3,31.2,0|0|0|0|0
2025-02-14,SILVERBEES.NS,A_breakout_40d,94.71,88.1798,86.6517,93.03,10813160,5687326.35,93.99,93.0501,94.9299,7.0,87.4107,A,58.8,64.4,78.0,67.9,58.0,59.9,0.57,2.26,0,1.8059,7.4056,0.4313,1.2391,1.4064,9.0596,18.0,-0.0,-0.0,-0.0,-0.0,1.4702,100.0,97.0,0.3111,0.0815,0.0049,0.3525,69,continuous_power,False,1,97.0,4,3.0,,0.0,0.0,0.0,100.0,48.3,31.2,0|0|0|0|0
2025-02-27,BAJAJFINSV.NS,A_breakout_40d,1925.55,1734.183,1694.3797,1894.85,2878330,1914434.5,1911.05,1891.9395,1930.1605,7.0,1777.2765,A,61.7,63.0,70.1,67.9,58.0,59.9,1.3,3.0,0,1.6202,11.035,0.376,1.2871,0.6631,9.8721,18.0,-0.0,-0.0,-0.0,-0.0,1.4702,100.0,97.0,0.3111,0.0815,0.0223,0.3525,69,continuous_power,False,1,97.0,4,3.0,,0.0,0.0,0.0,100.0,36.9,31.1,0|0|0|0|0
2025-03-19,JSWSTEEL.NS,A_breakout_40d,1033.35,956.058,948.9912,1018.65,2652155,1620919.2,1038.0,1027.62,1048.38,7.0,965.34,A,53.7,61.5,72.7,68.0,58.0,59.9,1.08,3.0,0,1.4431,8.0844,3.0128,0.994,3.0128,8.1939,18.0,-0.0,-0.0,-0.0,-0.0,1.4702,100.0,97.0,0.3111,0.0815,0.0223,0.349,69,continuous_power,False,1,97.0,4,3.0,,0.0,0.0,0.0,100.0,32.4,31.1,0|0|0|0|0
2025-03-21,BAJFINANCE.NS,A_breakout_40d,891.61,812.6989,729.5357,873.16,27448010,11067538.0,909.595,900.499,918.6909,7.0,845.9233,A,100.0,66.9,89.6,68.3,58.0,59.9,1.69,3.0,0,2.113,9.7098,4.1511,1.1831,4.4174,11.0923,18.0,-0.0,-0.0,-0.0,-0.0,1.4702,100.0,97.0,0.3111,0.1233,0.0414,0.3525,69,continuous_power,False,1,97.0,4,3.0,,0.0,0.0,0.0,100.0,28.4,31.1,0|0|0|0|0
2025-03-21,BHARTIARTL.NS,A_breakout_40d,1725.8,1641.442,1578.156,1717.05,14715349,6870999.9,1740.0,1722.6,1757.4,7.0,1618.2,A,70.1,54.1,82.8,65.0,58.0,59.9,0.44,1.77,0,0.5096,5.1393,0.258,1.036,1.6375,9.1741,18.0,-0.0,-0.0,-0.0,-0.0,1.4702,100.0,97.0,0.3111,0.0904,0.0049,0.3646,69,continuous_power,False,1,97.0,4,3.0,,0.0,0.0,0.0,100.0,48.3,31.2,0|0|0|0|0
2025-03-21,JSWSTEEL.NS,A_breakout_40d,1058.7,962.372,950.7502,1050.25,2630144,1698421.75,1063.0,1052.37,1073.63,7.0,988.59,A,56.1,56.4,71.0,73.4,58.0,59.9,1.33,3.0,1,0.8046,10.0094,0.1666,0.6758,0.5483,11.1784,18.0,-0.0,-0.0,-0.0,-0.0,1.4702,100.0,97.0,0.3111,0.0815,0.0049,0.3646,69,continuous_power,False,1,97.0,4,3.0,,0.0,0.0,0.0,100.0,34.9,31.1,0|0|0|0|0
2025-03-21,KOTAKBANK.NS,A_breakout_40d,415.8,383.941,364.5661,407.13,94254040,22580861.5,420.0,415.8,424.2,7.0,390.6,A,76.6,67.0,100.0,73.5,58.0,59.9,1.24,3.0,0,2.1295,8.2979,0.2137,1.7935,1.3344,11.2751,18.0,-0.0,-0.0,-0.0,-0.0,1.4702,100.0,97.0,0.3111,0.0839,0.0403,0.349,69,continuous_power,False,1,97.0,4,3.0,,0.0,0.0,0.0,100.0,46.3,31.2,0|0|0|0|0
2025-03-21,SHREECEM.NS,A_breakout_40d,28987.4004,27316.74,26373.0292,28655.1504,63982,32303.55,29050.0,28759.5,29340.5,7.0,27016.5,A,67.9,59.3,79.6,64.6,58.0,59.9,0.86,3.0,0,1.1595,6.1159,0.5943,1.0931,1.2178,8.4235,18.0,-0.0,-0.0,-0.0,-0.0,1.4702,100.0,97.0,0.3111,0.0815,0.0223,0.349,69,continuous_power,False,1,97.0,4,3.0,,0.0,0.0,0.0,100.0,50.3,31.2,0|0|0|0|0
2025-03-24,KOTAKBANK.NS,A_breakout_40d,435.23,385.6208,365.0241,415.8,42541755,23526856.25,435.98,431.6202,440.3398,7.0,405.4614,A,78.2,87.4,76.2,80.9,58.0,59.9,1.51,3.0,1,4.6729,12.8648,1.0101,2.3274,3.0425,20.4265,18.0,-0.0,-0.0,-0.0,-0.0,1.4702,100.0,97.0,0.3111,0.1154,0.0229,0.3646,69,continuous_power,False,1,97.0,4,3.0,,0.0,0.0,0.0,100.0,13.6,13.8,0|0|0|0|0
2025-03-25,BAJAJFINSV.NS,A_breakout_40d,1945.05,1808.41,1718.2392,1925.55,3512725,2140871.75,1951.0,1931.49,1970.51,7.0,1814.43,A,76.2,58.1,72.8,65.0,58.0,59.9,1.04,3.0,0,1.0127,7.5558,0.5728,1.2517,1.2231,9.5254,18.0,-0.0,-0.0,-0.0,-0.0,1.4702,100.0,97.0,0.3111,0.0912,0.0223,0.3646,69,continuous_power,False,1,97.0,4,3.0,,0.0,0.0,0.0,100.0,48.3,31.2,0|0|0|0|0
2025-03-25,HDFCBANK.NS,A_breakout_40d,910.725,849.793,849.3523,900.0,39101416,22810869.0,912.5,903.375,921.625,7.0,848.625,A,50.3,59.5,74.3,74.9,58.0,59.9,0.64,2.57,0,1.1917,7.1702,0.2722,1.6685,1.4919,9.8627,18.0,-0.0,-0.0,-0.0,-0.0,1.4702,100.0,97.0,0.3111,0.0815,0.0,0.3525,69,continuous_power,False,1,97.0,4,3.0,,0.0,0.0,0.0,100.0,34.9,31.1,0|0|0|0|0
2025-03-25,SHREECEM.NS,A_breakout_40d,29544.0508,27484.218,26412.3762,29442.6504,79264,35385.35,29555.0996,29259.5486,29850.6506,7.0,27486.2426,A,70.3,52.8,84.8,69.4,58.0,59.9,1.22,3.0,1,0.3444,7.4946,0.8741,1.1233,1.2381,8.6593,18.0,-0.0,-0.0,-0.0,-0.0,1.4702,100.0,97.0,0.3111,0.0815,0.0223,0.349,69,continuous_power,False,1,97.0,4,3.0,,0.0,0.0,0.0,100.0,48.3,31.2,0|0|0|0|0
2025-03-27,BAJAJFINSV.NS,A_breakout_40d,2005.75,1819.69,1722.3175,1945.05,4506778,2363319.6,1995.75,1975.7925,2015.7075,7.0,1856.0475,A,78.3,75.0,78.1,70.5,58.0,59.9,1.32,3.0,1,3.1207,10.2248,-0.175,1.7187,0.9328,15.5063,18.0,-0.0,-0.0,-0.0,-0.0,1.4702,100.0,97.0,0.3111,0.1154,0.0229,0.3525,69,continuous_power,False,1,97.0,4,3.0,,0.0,0.0,0.0,100.0,46.3,31.2,0|0|0|0|0
2025-03-27,HDFCBANK.NS,A_breakout_40d,912.675,853.2155,850.5954,910.725,41658100,23876078.4,914.5,905.355,923.645,7.0,850.485,A,51.5,51.7,74.9,72.2,58.0,59.9,0.92,3.0,1,0.2141,6.9689,-0.3626,1.6132,0.7496,6.93,18.0,-0.0,-0.0,-0.0,-0.0,1.4702,100.0,97.0,0.3111,0.0815,0.0049,0.349,69,continuous_power,False,1,97.0,4,3.0,,0.0,0.0,0.0,100.0,38.9,31.1,0|0|0|0|0
2025-03-27,SHREECEM.NS,A_breakout_40d,30146.4492,27677.273,26446.178,29931.0996,71437,38043.8,30700.0,30393.0,31007.0,7.0,28551.0,A,73.3,55.8,77.6,73.9,58.0,59.9,1.54,3.0,2,0.7195,8.9213,0.0,1.2248,0.251,9.671,18.0,-0.0,-0.0,-0.0,-0.0,1.4702,100.0,97.0,0.3111,0.0815,0.0223,0.3646,69,continuous_power,False,1,97.0,4,3.0,,0.0,0.0,0.0,100.0,34.9,31.1,0|0|0|0|0
2025-03-28,SHREECEM.NS,A_breakout_40d,30502.9492,27778.983,26463.3735,30146.4492,58593,38309.3,30546.1504,30240.6889,30851.6119,7.0,28407.9199,A,74.9,59.5,70.6,76.2,58.0,59.9,1.69,3.0,2,1.1826,9.8059,1.8362,1.2059,2.1995,11.2718,18.0,-0.0,-0.0,-0.0,-0.0,2.9789,100.0,97.0,0.345,0.0904,0.0223,0.3762,66,continuous_power,False,1,97.0,4,3.0,,0.0,0.0,0.0,100.0,11.6,13.8,0|0|0|0|0
2025-04-01,GOLDBEES.NS,A_breakout_40d,76.72,71.4528,64.8834,74.49,40720281,15682221.8,77.48,76.7052,78.2548,7.0,72.0564,A,100.0,73.9,91.9,75.8,58.0,59.9,1.11,3.0,0,2.9937,7.3716,2.2654,1.6476,3.0273,11.5198,18.0,-0.0,-0.0,-0.0,-0.0,1.4702,100.0,97.0,0.3111,0.1233,0.0414,0.3525,69,continuous_power,False,1,97.0,4,3.0,,0.0,0.0,0.0,100.0,30.4,31.1,0|0|0|0|0
2025-04-11,GOLDBEES.NS,A_breakout_40d,77.9,72.5676,65.3933,76.72,41882099,23364510.5,78.5,77.715,79.285,7.0,73.005,A,100.0,62.3,75.9,69.3,58.0,59.9,1.04,3.0,0,1.5381,7.3482,1.5623,1.0407,1.8975,9.7883,18.0,-0.0,-0.0,-0.0,-0.0,2.9789,100.0,97.0,0.345,0.1233,0.0403,0.3762,66,continuous_power,False,1,97.0,4,3.0,,0.0,0.0,0.0,100.0,33.9,31.1,0|0|0|0|0
2025-04-15,HDFCBANK.NS,A_breakout_40d,932.45,867.4945,854.7641,914.1,49298344,25780950.4,941.9,932.481,951.319,7.0,875.967,A,57.4,66.1,78.2,65.8,58.0,59.9,0.78,3.0,0,2.0074,7.4877,3.224,0.5075,3.7065,10.1484,18.0,-0.0,-0.0,-0.0,-0.0,1.4702,100.0,97.0,0.3111,0.0815,0.0223,0.349,69,continuous_power,False,1,97.0,4,3.0,,0.0,0.0,0.0,100.0,41.8,31.2,0|0|0|0|0
2025-04-16,EICHERMOT.NS,A_breakout_40d,5615.5,5142.221,4933.818,5529.0,734279,403249.5,5615.5,5559.345,5671.655,7.0,5222.415,A,71.1,62.5,76.4,66.9,58.0,59.9,0.46,1.85,0,1.5645,9.2038,0.3617,0.6114,1.8673,13.6527,18.0,-0.0,-0.0,-0.0,-0.0,2.9789,100.0,97.0,0.345,0.0912,0.0049,0.3762,66,continuous_power,False,1,97.0,4,3.0,,0.0,0.0,0.0,100.0,48.3,31.2,0|0|0|0|0
2025-04-22,HDFCBANK.NS,A_breakout_40d,980.85,876.6375,856.9813,963.55,45961750,30037981.9,989.45,979.5555,999.3445,7.0,920.1885,A,61.5,64.4,70.6,75.0,58.0,59.9,1.27,3.0,0,1.7954,11.8878,0.4099,0.8184,1.0451,14.1215,18.0,-0.0,-0.0,-0.0,-0.0,1.4702,100.0,97.0,0.3111,0.0815,0.0049,0.3646,69,continuous_power,False,1,97.0,4,3.0,,0.0,0.0,0.0,100.0,34.9,31.1,0|0|0|0|0
2025-04-24,DIVISLAB.NS,A_breakout_40d,6215.5,5743.426,5568.2418,5978.2998,2081063,556716.5,6240.0,6177.6,6302.4,7.0,5803.2,A,65.7,81.7,100.0,66.1,58.0,59.9,0.1,0.39,0,3.9677,8.2194,0.979,1.4393,1.6019,16.1147,18.0,-0.0,-0.0,-0.0,-0.0,1.4702,100.0,97.0,0.3111,0.1084,0.0223,0.3525,69,continuous_power,False,1,97.0,4,3.0,,0.0,0.0,0.0,100.0,43.8,31.2,0|0|0|0|0
2025-05-12,BEL.NS,A_breakout_40d,322.8,289.0382,288.9218,317.1,39927141,21651089.95,323.7,320.463,326.937,7.0,301.041,A,50.2,64.4,76.9,66.1,58.0,59.9,2.19,3.0,0,1.7975,11.6807,2.8969,0.9123,3.4409,11.3784,18.0,-0.0,-0.0,-0.0,-0.0,1.4702,100.0,97.0,0.3111,0.0815,0.0223,0.349,69,continuous_power,False,1,97.0,4,3.0,,0.0,0.0,0.0,100.0,41.8,31.2,0|0|0|0|0
2025-05-13,BEL.NS,A_breakout_40d,335.75,290.6312,289.0391,322.8,57985762,23980882.25,339.0,335.61,342.39,7.0,315.27,A,52.8,82.1,88.4,71.9,58.0,59.9,2.31,3.0,1,4.0118,15.5244,0.2788,1.4434,2.7501,20.462,18.0,-0.0,-0.0,-0.0,-0.0,1.4702,100.0,97.0,0.3111,0.0815,0.0229,0.3324,69,continuous_power,False,1,97.0,4,3.0,,0.0,0.0,0.0,100.0,43.8,31.2,0|0|0|0|0
2025-05-14,BEL.NS,A_breakout_40d,344.35,292.3912,289.2536,335.75,43684324,25470942.95,346.5,343.035,349.965,7.0,322.245,A,55.4,70.5,74.3,74.9,58.0,59.9,2.49,3.0,2,2.5614,17.7703,0.968,1.0878,1.5614,21.3336,18.0,-0.0,-0.0,-0.0,-0.0,1.4702,100.0,97.0,0.3111,0.0815,0.0223,0.3525,69,continuous_power,False,1,97.0,4,3.0,,0.0,0.0,0.0,100.0,43.8,31.2,0|0|0|0|0
2025-05-15,MAXHEALTH.NS,A_breakout_40d,1186.5,1085.054,1027.0165,1176.6,3798282,2306056.75,1195.7,1183.743,1207.657,7.0,1112.001,A,78.3,56.7,72.9,62.1,58.0,59.9,1.4,3.0,0,0.8414,9.3494,-0.0085,0.7156,,9.8196,18.0,-0.0,-0.0,0.0,0.0,1.4702,100.0,97.0,0.3111,0.0912,0.0223,0.3646,69,continuous_power,False,1,97.0,4,3.0,,0.0,0.0,0.0,100.0,48.3,31.2,0|0|0|0|0
2025-05-15,SHREECEM.NS,A_breakout_40d,31400.0,29502.432,26846.906,31155.0,172193,38978.45,31400.0,31086.0,31714.0,7.0,29202.0,A,99.5,56.3,100.0,65.8,58.0,59.9,0.65,2.59,0,0.7864,6.4319,1.2084,1.1776,1.7774,8.644,18.0,-0.0,-0.0,-0.0,-0.0,1.4702,100.0,97.0,0.3111,0.1154,0.0414,0.349,69,continuous_power,False,1,97.0,4,3.0,,0.0,0.0,0.0,100.0,48.3,31.2,0|0|0|0|0
2025-05-16,BEL.NS,A_breakout_40d,363.9,296.4952,289.8173,350.4,68855818,29112124.85,372.9,369.171,376.629,7.0,346.797,A,61.5,80.8,87.3,80.4,58.0,59.9,3.03,3.0,3,3.8527,22.7339,0.3425,1.8797,1.6593,27.2245,18.0,-0.0,-0.0,-0.0,-0.0,1.4702,100.0,97.0,0.3111,0.0815,0.0223,0.349,69,continuous_power,False,1,97.0,4,3.0,,0.0,0.0,0.0,100.0,43.8,31.2,0|0|0|0|0
2025-05-19,DIVISLAB.NS,A_breakout_40d,6580.0,5825.674,5692.6945,6279.5,2712326,757448.6,6580.0,6514.2,6645.8,7.0,6119.4,A,61.7,88.3,100.0,70.6,58.0,59.9,1.07,3.0,0,4.7854,12.9483,1.9189,1.9641,3.159,18.723,18.0,-0.0,-0.0,-0.0,-0.0,0.0,100.0,100.0,0.1987,0.0815,0.0414,0.2725,80,continuous_power,False,1,100.0,4,3.0,,0.0,0.0,0.0,100.0,39.3,31.2,0|0|0|0|0
2025-05-21,BEL.NS,A_breakout_40d,383.0,303.3392,290.6233,363.9,88688170,37519329.1,383.0,379.17,386.83,7.0,356.19,A,71.9,92.0,87.3,84.5,58.0,59.9,3.74,3.0,1,5.2487,26.2613,0.8521,1.6408,2.6577,28.5375,18.0,-0.0,-0.0,-0.0,-0.0,1.4702,100.0,97.0,0.3111,0.0912,0.0229,0.349,69,continuous_power,False,1,97.0,4,3.0,,0.0,0.0,0.0,100.0,32.4,31.1,0|0|0|0|0
2025-05-23,HDFCLIFE.NS,A_breakout_40d,780.4,700.359,679.4513,759.7,4511523,2680207.5,784.3,776.457,792.143,7.0,729.399,A,65.4,71.8,73.7,73.1,58.0,59.9,2.07,3.0,0,2.7248,11.4286,-0.0066,1.9376,0.9376,12.723,18.0,-0.0,-0.0,-0.0,-0.0,1.4702,100.0,97.0,0.3111,0.0815,0.0223,0.3525,69,continuous_power,False,1,97.0,4,3.0,,0.0,0.0,0.0,100.0,34.9,31.1,0|0|0|0|0
2025-05-26,DIVISLAB.NS,A_breakout_40d,6737.0,5926.485,5733.1643,6580.0,1467231,652960.9,6725.0,6657.75,6792.25,7.0,6254.25,A,66.9,69.1,84.9,69.7,58.0,59.9,1.73,3.0,0,2.386,13.6761,2.4217,0.8989,2.6573,13.1395,18.0,-0.0,-0.0,-0.0,-0.0,1.4702,100.0,97.0,0.3111,0.0815,0.0229,0.349,69,continuous_power,False,1,97.0,4,3.0,,0.0,0.0,0.0,100.0,41.8,31.2,0|0|0|0|0
2025-05-28,HDFCLIFE.NS,A_breakout_40d,789.45,709.503,680.688,780.4,4163057,2768945.95,788.0,780.12,795.88,7.0,732.84,A,71.2,59.3,70.1,73.6,58.0,59.9,2.17,3.0,1,1.1597,11.268,0.5156,1.0229,0.5385,9.4204,18.0,-0.0,-0.0,-0.0,-0.0,2.9789,100.0,97.0,0.345,0.0815,0.0223,0.3762,66,continuous_power,False,1,97.0,4,3.0,,0.0,0.0,0.0,100.0,34.9,31.1,0|0|0|0|0
2025-06-03,SILVERBEES.NS,A_breakout_40d,97.16,93.3746,89.5016,96.85,21222360,7848822.5,98.0,97.02,98.98,7.0,91.14,A,71.6,52.6,94.1,64.2,58.0,59.9,-0.02,0.0,0,0.3201,4.054,1.6698,0.9246,1.7246,5.8099,18.0,-0.0,-0.0,-0.0,-0.0,2.9789,100.0,97.0,0.345,0.0912,0.0,0.3762,66,continuous_power,False,1,97.0,4,3.0,,0.0,0.0,0.0,100.0,49.3,31.2,0|0|0|0|0
2025-06-05,SILVERBEES.NS,A_breakout_40d,100.72,93.506,89.701,98.1,13429315,8227912.4,102.77,101.7423,103.7977,7.0,95.5761,A,71.2,71.4,72.6,72.9,58.0,59.9,0.1,0.39,1,2.6707,7.715,0.4791,2.5299,2.6141,13.5597,18.0,-0.0,-0.0,-0.0,-0.0,2.9789,99.1,96.1,0.345,0.1154,0.0,0.3762,66,continuous_power,False,1,96.1,4,3.0,,0.0,0.0,0.0,99.1,34.9,31.1,0|0|0|0|0
2025-06-06,BAJFINANCE.NS,A_breakout_40d,937.15,902.2067,781.3274,932.3,19783860,8568683.0,955.0,945.45,964.55,7.0,888.15,A,100.0,54.2,86.2,59.4,58.0,59.9,0.42,1.69,0,0.5202,3.8731,0.1231,3.1997,2.3228,5.6574,18.0,-0.0,-0.0,-0.0,-0.0,2.9789,100.0,97.0,0.345,0.1233,0.0229,0.3762,66,continuous_power,False,1,97.0,4,3.0,,0.0,0.0,0.0,100.0,52.3,31.2,0|0|0|0|0
2025-06-06,BANKBEES.NS,A_breakout_40d,581.94,553.9608,529.8424,573.52,2928026,969014.95,585.5,579.645,591.355,7.0,544.515,A,72.8,61.7,100.0,69.1,58.0,59.9,1.22,3.0,0,1.4681,5.0508,0.3865,2.0302,1.4167,5.7739,18.0,-0.0,-0.0,-0.0,-0.0,1.4702,100.0,97.0,0.3111,0.0815,0.0403,0.3324,69,continuous_power,False,1,97.0,4,3.0,,0.0,0.0,0.0,100.0,52.3,31.2,0|0|0|0|0
2025-06-06,SILVERBEES.NS,A_breakout_40d,102.41,93.6706,89.813,100.72,16301468,8769802.65,102.41,101.3859,103.4341,7.0,95.2413,A,71.5,63.4,77.2,75.9,58.0,59.9,0.29,1.17,2,1.6779,9.3299,2.0353,0.9195,3.4416,13.8613,18.0,-0.0,-0.0,-0.0,-0.0,2.9789,100.0,97.0,0.345,0.0912,0.0,0.3762,66,continuous_power,False,1,97.0,4,3.0,,0.0,0.0,0.0,100.0,30.4,31.1,0|0|0|0|0
2025-06-09,BAJFINANCE.NS,A_breakout_40d,960.75,903.2416,782.823,937.15,23496010,9211572.5,970.0,960.3,979.7,7.0,902.1,A,100.0,70.1,91.0,64.8,58.0,59.9,0.42,1.67,1,2.5183,6.3669,1.9047,2.0596,4.5903,11.7102,18.0,-0.0,-0.0,-0.0,-0.0,1.4702,100.0,97.0,0.3111,0.1233,0.0403,0.3762,69,continuous_power,False,1,97.0,4,3.0,,0.0,0.0,0.0,100.0,43.8,31.2,0|0|0|0|0
2025-06-09,SILVERBEES.NS,A_breakout_40d,102.99,93.8468,89.918,102.41,18318181,9194774.5,103.11,102.0789,104.1411,7.0,95.8923,A,71.8,54.5,79.8,76.9,58.0,59.9,0.52,2.08,3,0.5663,9.7427,0.0,0.7915,1.4247,12.7333,18.0,-0.0,-0.0,-0.0,-0.0,2.9789,100.0,97.0,0.345,0.0815,0.0049,0.3762,66,continuous_power,False,1,97.0,4,3.0,,0.0,0.0,0.0,100.0,34.9,31.1,0|0|0|0|0
2025-06-11,BPCL.NS,A_breakout_40d,333.85,306.4296,300.9295,322.95,21739121,6344666.75,330.5,327.195,333.805,7.0,307.365,A,59.1,77.0,100.0,67.0,58.0,59.9,1.43,3.0,0,3.3751,8.9484,0.0625,1.9548,1.192,13.3464,18.0,-0.0,-0.0,-0.0,-0.0,0.0,100.0,100.0,0.1987,0.0815,0.0414,0.2725,80,continuous_power,False,1,100.0,4,3.0,,0.0,0.0,0.0,100.0,48.3,31.2,0|0|0|0|0
2025-06-12,MAXHEALTH.NS,A_breakout_40d,1202.2,1132.931,1054.154,1194.6,3523948,1711033.25,1196.4,1184.436,1208.364,7.0,1112.652,A,87.4,55.1,81.2,60.7,58.0,59.9,0.34,1.37,0,0.6362,6.1141,0.3791,1.1477,0.6747,6.2535,18.0,-0.0,-0.0,-0.0,-0.0,2.9789,100.0,97.0,0.345,0.1154,0.0223,0.3762,66,continuous_power,False,1,97.0,4,3.0,,0.0,0.0,0.0,100.0,52.3,31.2,0|0|0|0|0
2025-06-13,GOLDBEES.NS,A_breakout_40d,83.13,79.2518,69.5224,82.9,27039436,16146593.6,84.2,83.358,85.042,7.0,78.306,A,100.0,52.2,73.5,66.5,58.0,59.9,0.99,3.0,0,0.2774,4.8935,2.9979,0.8713,4.4021,5.8733,18.0,-0.0,-0.0,-0.0,-0.0,2.9789,100.0,97.0,0.345,0.1154,0.0229,0.3762,66,continuous_power,False,1,97.0,4,3.0,,0.0,0.0,0.0,100.0,36.4,31.1,0|0|0|0|0
2025-06-13,MAXHEALTH.NS,A_breakout_40d,1232.8,1135.648,1056.0532,1202.2,2935076,1811164.45,1245.2,1232.748,1257.652,7.0,1158.036,A,87.7,70.4,72.4,65.5,58.0,59.9,0.59,2.35,1,2.5453,8.5548,-0.4824,1.9023,1.271,11.8815,18.0,-0.0,-0.0,-0.0,-0.0,2.9789,100.0,97.0,0.345,0.1233,0.0223,0.3762,66,continuous_power,False,1,97.0,4,3.0,,0.0,0.0,0.0,100.0,48.3,31.2,0|0|0|0|0
2025-06-18,SILVERBEES.NS,A_breakout_40d,106.23,94.9616,90.6345,104.19,16547298,10763294.5,105.75,104.6925,106.8075,7.0,98.3475,A,73.9,65.7,70.7,76.6,58.0,59.9,0.84,3.0,0,1.958,11.8663,1.4973,0.3094,1.4973,11.7235,18.0,-0.0,-0.0,-0.0,-0.0,2.9789,100.0,97.0,0.345,0.0912,0.0223,0.3762,66,continuous_power,False,1,97.0,4,3.0,,0.0,0.0,0.0,100.0,34.9,31.1,0|0|0|0|0
2025-06-20,BEL.NS,A_breakout_40d,408.25,349.999,300.6106,403.85,122552435,26381211.2,411.0,406.89,415.11,7.0,382.23,A,100.0,58.7,100.0,72.8,58.0,59.9,3.54,3.0,0,1.0895,16.6432,0.1129,1.3966,0.7709,10.0508,18.0,-0.0,-0.0,-0.0,-0.0,1.4702,100.0,97.0,0.3111,0.1154,0.0414,0.349,69,continuous_power,False,1,97.0,4,3.0,,0.0,0.0,0.0,100.0,46.3,31.2,0|0|0|0|0
2025-06-20,BHARTIARTL.NS,A_breakout_40d,1936.7,1845.953,1689.374,1901.0,16228526,6719203.85,1930.0,1910.7,1949.3,7.0,1794.9,A,96.3,65.0,88.3,69.1,58.0,59.9,0.81,3.0,0,1.878,4.916,0.1598,2.3464,1.735,9.0389,18.0,-0.0,-0.0,-0.0,-0.0,1.4702,100.0,97.0,0.3111,0.1154,0.0414,0.3525,69,continuous_power,False,1,97.0,4,3.0,,0.0,0.0,0.0,100.0,36.9,31.1,0|0|0|0|0
2025-06-20,M&M.NS,A_breakout_40d,3184.3999,2971.872,2925.935,3144.3,8315834,2530513.9,3163.6001,3131.9641,3195.2361,7.0,2942.1481,A,57.8,60.2,100.0,64.7,58.0,59.9,1.63,3.0,0,1.2753,7.1513,0.168,1.59,0.8035,10.2109,18.0,-0.0,-0.0,-0.0,-0.0,0.0,100.0,100.0,0.206,0.0815,0.0229,0.2725,79,continuous_power,False,1,100.0,4,3.0,,0.0,0.0,0.0,100.0,48.3,31.2,0|0|0|0|0
2025-06-20,RELIANCE.NS,A_breakout_40d,1466.2,1388.484,1323.6823,1456.4,29010635,10373457.85,1453.0,1438.47,1467.53,7.0,1351.29,A,74.5,55.4,95.9,64.0,58.0,59.9,1.57,3.0,0,0.6729,5.5972,-0.1605,1.9049,0.9049,5.553,18.0,-0.0,-0.0,-0.0,-0.0,1.4702,100.0,97.0,0.3111,0.0815,0.0403,0.349,69,continuous_power,False,1,97.0,4,3.0,,0.0,0.0,0.0,100.0,52.3,31.2,0|0|0|0|0
2025-06-23,BEL.NS,A_breakout_40d,420.9,352.788,301.2306,408.25,43017721,27195951.85,426.4,422.136,430.664,7.0,396.552,A,100.0,74.8,71.6,77.6,58.0,59.9,3.68,3.0,1,3.0986,19.3068,0.6736,1.4305,1.4608,16.2234,18.0,-0.0,-0.0,-0.0,-0.0,2.9789,100.0,97.0,0.345,0.1233,0.0229,0.3762,66,continuous_power,False,1,97.0,4,3.0,,0.0,0.0,0.0,100.0,13.6,13.8,0|0|0|0|0
2025-06-25,TITAN.NS,A_breakout_40d,3652.2,3477.304,3383.5425,3636.8,2697912,926148.5,3655.0,3618.45,3691.55,7.0,3399.15,A,63.9,53.4,98.3,66.0,58.0,59.9,1.21,3.0,0,0.4234,5.0296,0.6807,1.6663,1.6944,7.3545,18.0,-0.0,-0.0,-0.0,-0.0,1.4702,100.0,97.0,0.3111,0.0815,0.0229,0.3324,69,continuous_power,False,1,97.0,4,3.0,,0.0,0.0,0.0,100.0,52.3,31.2,0|0|0|0|0
2025-06-26,BRITANNIA.NS,A_breakout_40d,5828.0,5515.114,5292.6672,5708.0,456290,284509.0,5849.0,5790.51,5907.49,7.0,5439.57,A,71.0,66.8,72.1,71.9,58.0,59.9,0.73,2.91,0,2.1023,5.6732,0.2978,1.2718,0.9062,9.4595,18.0,-0.0,-0.0,-0.0,-0.0,1.4702,100.0,97.0,0.3111,0.0912,0.0223,0.3646,69,continuous_power,False,1,97.0,4,3.0,,0.0,0.0,0.0,100.0,36.9,31.1,0|0|0|0|0
2025-06-26,HDFCBANK.NS,A_breakout_40d,1010.9,967.808,891.6375,990.1,50084830,20299799.0,1006.5,996.435,1016.565,7.0,936.045,A,92.7,66.8,89.3,68.0,58.0,59.9,0.95,3.0,0,2.1008,4.4525,0.0606,1.8226,1.0652,8.3996,18.0,-0.0,-0.0,-0.0,-0.0,1.4702,100.0,97.0,0.3111,0.1154,0.0414,0.3525,69,continuous_power,False,1,97.0,4,3.0,,0.0,0.0,0.0,100.0,50.3,31.2,0|0|0|0|0
2025-06-26,HDFCLIFE.NS,A_breakout_40d,799.45,749.961,685.6705,789.45,4290163,2476567.7,801.0,792.99,809.01,7.0,744.93,A,96.9,60.1,74.6,67.6,58.0,59.9,1.33,3.0,0,1.2667,6.5989,0.4968,1.0807,0.6089,8.4028,18.0,-0.0,-0.0,-0.0,-0.0,2.9789,100.0,97.0,0.345,0.1154,0.0229,0.3762,66,continuous_power,False,1,97.0,4,3.0,,0.0,0.0,0.0,100.0,38.9,31.1,0|0|0|0|0
2025-06-26,MAXHEALTH.NS,A_breakout_40d,1266.5,1156.714,1071.532,1246.8,4025154,2001029.85,1270.0,1257.3,1282.7,7.0,1181.1,A,89.7,62.6,80.2,63.3,58.0,59.9,1.18,3.0,0,1.58,9.4912,0.8878,0.86,1.1333,13.4071,18.0,-0.0,-0.0,-0.0,-0.0,1.4702,100.0,97.0,0.3111,0.1154,0.0403,0.3646,69,continuous_power,False,1,97.0,4,3.0,,0.0,0.0,0.0,100.0,46.3,31.2,0|0|0|0|0
2025-06-26,SHRIRAMFIN.NS,A_breakout_40d,703.2,659.333,626.9399,700.4,19068571,6709480.5,703.05,696.0195,710.0805,7.0,653.8365,A,75.8,53.2,96.8,62.5,58.0,59.9,0.58,2.34,0,0.3998,6.6532,0.0074,1.6815,0.6889,10.2981,18.0,-0.0,-0.0,-0.0,-0.0,1.4702,100.0,97.0,0.3111,0.0904,0.0229,0.349,69,continuous_power,False,1,97.0,4,3.0,,0.0,0.0,0.0,100.0,48.3,31.2,0|0|0|0|0
2025-06-26,TITAN.NS,A_breakout_40d,3694.7,3485.73,3383.4018,3652.2,1620497,981518.6,3700.0,3663.0,3737.0,7.0,3441.0,A,65.1,59.3,73.0,68.8,58.0,59.9,1.2,3.0,1,1.1637,5.995,0.0767,0.8433,1.0196,9.7583,18.0,-0.0,-0.0,-0.0,-0.0,1.4702,100.0,97.0,0.3111,0.0815,0.0223,0.3525,69,continuous_power,False,1,97.0,4,3.0,,0.0,0.0,0.0,100.0,48.3,31.2,0|0|0|0|0
2025-06-26,ULTRACEMCO.NS,A_breakout_40d,11951.0,11594.88,11350.1322,11929.0,506580,308838.7,11980.0,11860.2,12099.8,7.0,11141.4,A,60.8,51.5,72.8,67.2,58.0,59.9,0.19,0.75,0,0.1844,3.0714,-0.3665,1.4148,0.7534,7.3015,18.0,-0.0,-0.0,-0.0,-0.0,2.9789,100.0,97.0,0.345,0.0815,0.0,0.3762,66,continuous_power,False,1,97.0,4,3.0,,0.0,0.0,0.0,100.0,52.3,31.2,0|0|0|0|0
2025-06-27,AMBUJACEM.NS,A_breakout_40d,574.95,552.962,547.8895,570.9,3563465,2301870.3,575.05,569.2995,580.8005,7.0,534.7965,A,54.6,55.7,71.0,64.3,58.0,59.9,0.12,0.49,0,0.7094,3.9764,0.4852,1.142,0.9526,8.0148,18.0,-0.0,-0.0,-0.0,-0.0,1.4702,83.6,82.1,0.3111,0.0815,0.0223,0.3324,69,continuous_power,False,1,82.1,3,1.5,,0.0,0.0,0.0,83.6,50.3,31.2,0|0|0|0|0
2025-06-27,HDFCLIFE.NS,A_breakout_40d,806.95,751.779,686.0133,799.45,17236651,3179195.95,809.0,800.91,817.09,7.0,752.37,A,97.9,57.5,100.0,70.0,58.0,59.9,1.26,3.0,1,0.9381,7.3387,0.1939,1.1423,0.7404,8.5257,18.0,-0.0,-0.0,-0.0,-0.0,1.4702,100.0,97.0,0.3111,0.1154,0.0414,0.349,69,continuous_power,False,1,97.0,4,3.0,,0.0,0.0,0.0,100.0,48.3,31.2,0|0|0|0|0
2025-06-27,ICICIBANK.NS,A_breakout_40d,1462.2,1432.694,1313.9447,1460.6,22532899,9951025.0,1461.8,1447.182,1476.418,7.0,1359.474,A,95.2,50.9,85.3,61.9,58.0,59.9,0.78,3.0,0,0.1095,2.0595,-0.0139,1.5337,0.7761,3.8195,18.0,-0.0,-0.0,-0.0,-0.0,1.4702,100.0,97.0,0.3111,0.1154,0.0403,0.3646,69,continuous_power,False,1,97.0,4,3.0,,0.0,0.0,0.0,100.0,52.3,31.2,0|0|0|0|0
2025-06-27,INDIGO.NS,A_breakout_40d,5816.0,5435.72,4743.5865,5695.0,2751255,1267969.0,5840.0,5781.6,5898.4,7.0,5431.2,A,100.0,67.0,83.4,66.2,58.0,59.9,0.82,3.0,0,2.1247,6.9959,-0.0264,1.1075,0.7654,11.5565,18.0,-0.0,-0.0,-0.0,-0.0,1.4702,100.0,97.0,0.3111,0.1233,0.0414,0.3646,69,continuous_power,False,1,97.0,4,3.0,,0.0,0.0,0.0,100.0,46.3,31.2,0|0|0|0|0
2025-06-27,MAXHEALTH.NS,A_breakout_40d,1279.3,1160.75,1073.4357,1266.5,9937898,2332815.2,1284.5,1271.655,1297.345,7.0,1194.585,A,90.7,58.1,100.0,64.9,58.0,59.9,1.28,3.0,1,1.0107,10.2132,0.2764,1.0651,0.963,12.5659,18.0,-0.0,-0.0,-0.0,-0.0,1.4702,100.0,97.0,0.3111,0.1154,0.0414,0.349,69,continuous_power,False,1,97.0,4,3.0,,0.0,0.0,0.0,100.0,46.3,31.2,0|0|0|0|0
2025-06-27,TVSMOTOR.NS,A_breakout_40d,2939.3,2772.184,2564.7405,2928.8999,2231250,822016.1,2948.0,2918.52,2977.48,7.0,2741.64,A,90.4,52.8,94.3,69.3,58.0,59.9,1.3,3.0,0,0.3551,6.0283,-0.0649,0.7708,0.2928,8.1083,18.0,-0.0,-0.0,-0.0,-0.0,1.4702,100.0,97.0,0.3111,0.0912,0.0403,0.349,69,continuous_power,False,1,97.0,4,3.0,,0.0,0.0,0.0,100.0,50.3,31.2,0|0|0|0|0
2025-06-27,ULTRACEMCO.NS,A_breakout_40d,12213.0,11604.58,11354.033,11951.0,501287,314194.0,12215.0,12092.85,12337.15,7.0,11359.95,A,61.0,67.5,71.9,72.5,58.0,59.9,0.23,0.9,1,2.1923,5.2429,0.2427,1.4416,0.9747,12.0361,18.0,-0.0,-0.0,-0.0,-0.0,2.9789,100.0,97.0,0.345,0.0904,0.0,0.3762,66,continuous_power,False,1,97.0,4,3.0,,0.0,0.0,0.0,100.0,34.9,31.1,0|0|0|0|0
2025-06-30,DIVISLAB.NS,A_breakout_40d,6809.5,6406.66,5946.232,6737.0,599664,390899.7,6828.5,6760.215,6896.785,7.0,6350.505,A,88.7,58.6,70.7,64.6,58.0,59.9,1.63,3.0,0,1.0761,6.2878,0.3304,1.3062,0.7799,6.8246,18.0,-0.0,-0.0,-0.0,-0.0,2.9789,100.0,97.0,0.345,0.1154,0.0229,0.3762,66,continuous_power,False,1,97.0,4,3.0,,0.0,0.0,0.0,100.0,40.9,31.1,0|0|0|0|0
2025-06-30,INDIGO.NS,A_breakout_40d,5976.5,5447.93,4749.4265,5816.0,2392470,1328948.55,5962.5,5902.875,6022.125,7.0,5545.125,A,100.0,72.1,76.0,70.7,58.0,59.9,0.93,3.0,1,2.7596,9.7022,0.4127,1.151,0.6389,15.7444,18.0,-0.0,-0.0,-0.0,-0.0,2.9789,100.0,97.0,0.345,0.1233,0.0403,0.3762,66,continuous_power,False,1,97.0,4,3.0,,0.0,0.0,0.0,100.0,34.9,31.1,0|0|0|0|0
2025-06-30,SBIN.NS,A_breakout_40d,820.35,799.518,787.6493,820.05,19652607,11897253.8,820.0,811.8,828.2,7.0,762.6,A,57.5,50.3,73.0,62.7,58.0,59.9,0.48,1.91,0,0.0366,2.6056,0.447,1.1793,1.3245,4.2401,18.0,-0.0,-0.0,-0.0,-0.0,1.9759,100.0,97.0,0.3235,0.0815,0.0,0.3646,68,continuous_power,False,1,97.0,4,3.0,,0.0,0.0,0.0,100.0,52.3,31.2,0|0|0|0|0
2025-07-01,APOLLOHOSP.NS,A_breakout_40d,7496.0,6999.86,6896.4962,7308.5,1872535,482613.15,7470.0,7395.3,7544.7,7.0,6947.1,A,57.5,70.5,100.0,71.5,58.0,59.9,0.37,1.47,0,2.5655,7.0879,3.2173,1.3347,3.9201,12.8388,18.0,-0.0,-0.0,-0.0,-0.0,1.4702,100.0,97.0,0.3111,0.0815,0.0223,0.349,69,continuous_power,False,1,97.0,4,3.0,,0.0,0.0,0.0,100.0,39.8,31.2,0|0|0|0|0
2025-07-02,AMBUJACEM.NS,A_breakout_40d,594.2,553.468,547.248,580.25,3821770,2424398.1,596.45,590.4855,602.4145,7.0,554.6985,A,55.7,69.2,71.5,72.1,58.0,59.9,0.16,0.63,1,2.4041,7.3594,0.3016,1.2684,1.1216,11.7178,18.0,-0.0,-0.0,-0.0,-0.0,1.4702,85.6,84.1,0.3111,0.0815,0.0049,0.349,69,continuous_power,False,1,84.1,3,1.5,,0.0,0.0,0.0,85.6,34.9,31.1,0|0|0|0|0
2025-07-02,JSWSTEEL.NS,A_breakout_40d,1059.9,1004.488,980.76,1038.3,3166924,2069828.45,1065.0,1054.35,1075.65,7.0,990.45,A,62.1,66.6,70.6,65.8,58.0,59.9,0.14,0.55,0,2.0803,5.5164,0.136,1.6009,0.9564,9.0265,18.0,-0.0,-0.0,-0.0,-0.0,2.9789,99.7,96.7,0.345,0.0912,0.0,0.3762,66,continuous_power,False,1,96.7,4,3.0,,0.0,0.0,0.0,99.7,48.3,31.2,0|0|0|0|0
2025-07-02,TATASTEEL.NS,A_breakout_40d,165.88,153.7228,146.7857,163.12,63315210,24278147.45,166.0,164.34,167.66,7.0,154.38,A,73.6,63.5,92.2,69.8,58.0,59.9,1.58,3.0,0,1.692,7.9085,0.0,1.9728,1.0823,10.5543,18.0,-0.0,-0.0,-0.0,-0.0,1.4702,100.0,97.0,0.3111,0.0815,0.0229,0.349,69,continuous_power,False,1,97.0,4,3.0,,0.0,0.0,0.0,100.0,46.3,31.2,0|0|0|0|0
2025-07-03,APOLLOHOSP.NS,A_breakout_40d,7565.0,7015.37,6901.716,7496.0,894597,516978.0,7593.0,7517.07,7668.93,7.0,7061.49,A,58.2,57.4,74.6,71.4,58.0,59.9,0.46,1.83,1,0.9205,7.8347,0.4435,1.1691,0.6126,10.8176,18.0,-0.0,-0.0,-0.0,-0.0,2.9789,100.0,97.0,0.345,0.0815,0.0,0.3762,66,continuous_power,False,1,97.0,4,3.0,,0.0,0.0,0.0,100.0,34.9,31.1,0|0|0|0|0
2025-07-03,TATASTEEL.NS,A_breakout_40d,165.91,154.2178,146.8565,165.88,60571824,26121313.45,165.91,164.2509,167.5691,7.0,154.2963,A,75.1,50.1,86.4,69.8,58.0,59.9,1.59,3.0,1,0.0181,7.5816,0.0723,1.1026,0.8559,8.4489,18.0,-0.0,-0.0,-0.0,-0.0,1.4702,100.0,97.0,0.3111,0.0815,0.0223,0.349,69,continuous_power,False,1,97.0,4,3.0,,0.0,0.0,0.0,100.0,50.3,31.2,0|0|0|0|0
2025-07-04,BPCL.NS,A_breakout_40d,346.2,317.519,298.5405,333.85,13743465,9003228.0,345.8,342.342,349.258,7.0,321.594,A,81.8,79.6,70.5,71.8,58.0,59.9,1.03,3.0,0,3.6993,9.0328,0.7541,1.9235,1.9308,13.5692,18.0,-0.0,-0.0,-0.0,-0.0,1.9759,100.0,97.0,0.3235,0.1154,0.0229,0.3762,68,continuous_power,False,1,97.0,4,3.0,,0.0,0.0,0.0,100.0,34.9,31.1,0|0|0|0|0
2025-07-08,ADANIPOWER.NS,A_breakout_40d,120.0,111.3804,109.3451,119.43,49616840,26995465.75,120.51,119.3049,121.7151,7.0,112.0743,A,59.3,53.8,76.8,65.2,58.0,59.9,0.47,1.88,0,0.4773,7.7389,1.0634,1.26,1.4808,7.2103,18.0,-0.0,-0.0,-0.0,-0.0,1.4702,95.0,93.5,0.3111,0.0815,0.0223,0.349,69,continuous_power,False,1,93.5,3,1.5,,0.0,0.0,0.0,95.0,52.3,31.2,0|0|0|0|0
2025-07-08,KOTAKBANK.NS,A_breakout_40d,444.9,425.176,389.5394,444.72,37631455,19464107.5,443.4,438.966,447.834,7.0,412.362,A,95.7,50.3,78.7,62.0,58.0,59.9,-0.33,0.0,0,0.0405,4.639,1.6374,1.6027,2.2467,5.6658,18.0,-0.0,-0.0,-0.0,-0.0,2.9789,93.1,90.1,0.345,0.1233,0.0223,0.3762,66,continuous_power,False,1,90.1,4,3.0,,0.0,0.0,0.0,93.1,49.3,31.2,0|0|0|0|0
2025-07-10,ADANIPOWER.NS,A_breakout_40d,121.16,111.8894,109.2518,120.43,74692330,28609232.5,121.4,120.186,122.614,7.0,112.902,A,62.1,54.8,92.2,67.2,58.0,59.9,0.83,3.0,1,0.6062,8.2855,0.3737,1.0345,0.7056,7.9377,18.0,-0.0,-0.0,-0.0,-0.0,1.4702,98.5,97.0,0.3111,0.0815,0.0229,0.3324,69,continuous_power,False,1,97.0,3,1.5,,0.0,0.0,0.0,98.5,52.3,31.2,0|0|0|0|0
2025-07-11,SILVERBEES.NS,A_breakout_40d,106.69,98.9564,92.4027,106.23,21756787,11874239.15,109.0,107.91,110.09,7.0,101.37,A,85.5,53.5,76.6,66.6,58.0,59.9,1.15,3.0,0,0.433,7.8152,1.7356,0.797,1.7356,6.3148,18.0,-0.0,-0.0,-0.0,-0.0,1.4702,100.0,97.0,0.3111,0.1084,0.0223,0.3646,69,continuous_power,False,1,97.0,4,3.0,,0.0,0.0,0.0,100.0,37.9,31.1,0|0|0|0|0
2025-07-14,SILVERBEES.NS,A_breakout_40d,110.02,99.3286,92.526,106.69,21780109,12299609.75,108.18,107.0982,109.2618,7.0,100.6074,A,86.8,75.0,75.4,73.5,58.0,59.9,1.34,3.0,1,3.1212,10.7637,2.1651,0.9494,3.3801,14.1157,18.0,-0.0,-0.0,-0.0,-0.0,1.8275,100.0,97.0,0.32,0.1154,0.0229,0.3762,68,continuous_power,False,1,97.0,4,3.0,,0.0,0.0,0.0,100.0,30.4,31.1,0|0|0|0|0
2025-07-16,SBIN.NS,A_breakout_40d,831.7,802.242,789.151,820.35,16458920,10271734.4,838.4,830.016,846.784,7.0,779.712,A,58.3,61.1,72.0,66.4,58.0,59.9,0.37,1.48,0,1.3836,3.672,-0.0551,1.7921,1.0095,6.2212,18.0,-0.0,-0.0,-0.0,-0.0,2.9789,100.0,97.0,0.345,0.0815,0.0,0.3762,66,continuous_power,False,1,97.0,4,3.0,,0.0,0.0,0.0,100.0,40.9,31.1,0|0|0|0|0
2025-07-16,TATAPOWER.NS,A_breakout_40d,414.7,398.768,395.7458,413.2,13501549,6041352.05,415.0,410.85,419.15,7.0,385.95,A,53.8,52.9,84.7,64.5,58.0,59.9,0.56,2.24,0,0.363,3.9953,-0.2104,2.003,1.0152,6.4829,18.0,-0.0,-0.0,-0.0,-0.0,1.4702,98.5,97.0,0.3111,0.0815,0.0223,0.349,69,continuous_power,False,1,97.0,3,1.5,,0.0,0.0,0.0,98.5,52.3,31.2,0|0|0|0|0
2025-07-21,AMBUJACEM.NS,A_breakout_40d,613.25,566.806,545.3133,596.7,4226198,2642292.6,615.0,608.85,621.15,7.0,571.95,A,69.7,72.2,72.0,74.7,58.0,59.9,1.18,3.0,0,2.7736,8.194,0.4441,1.6043,1.0955,10.334,18.0,-0.0,-0.0,-0.0,-0.0,1.4702,100.0,97.0,0.3111,0.0912,0.0223,0.3646,69,continuous_power,False,1,97.0,4,3.0,,0.0,0.0,0.0,100.0,16.1,13.8,0|0|0|0|0
2025-07-21,ETERNAL.NS,A_breakout_40d,271.7,250.5892,247.1728,270.6,67508530,27728508.5,293.0,290.07,295.93,7.0,272.49,A,56.9,53.3,88.7,62.2,58.0,59.9,1.22,3.0,0,0.4065,8.4245,-0.0778,3.0069,2.0877,6.7555,18.0,-0.0,-0.0,-0.0,-0.0,1.4702,100.0,97.0,0.3111,0.0815,0.0223,0.3324,69,continuous_power,False,1,97.0,4,3.0,,0.0,0.0,0.0,100.0,52.3,31.2,0|0|0|0|0
2025-07-21,ULTRACEMCO.NS,A_breakout_40d,12577.0,11802.96,11410.9912,12562.0,512521,303757.15,12649.0,12522.51,12775.49,7.0,11763.57,A,67.2,51.0,73.7,68.6,58.0,59.9,0.76,3.0,0,0.1194,6.558,0.4961,1.7761,1.4123,3.8778,18.0,-0.0,-0.0,-0.0,-0.0,1.4702,100.0,97.0,0.3111,0.0815,0.0223,0.3646,69,continuous_power,False,1,97.0,4,3.0,,0.0,0.0,0.0,100.0,40.9,31.1,0|0|0|0|0
2025-07-22,AMBUJACEM.NS,A_breakout_40d,620.55,568.479,545.2538,613.25,5876411,2650169.45,623.0,616.77,629.23,7.0,579.39,A,71.3,59.5,84.3,77.2,58.0,59.9,1.26,3.0,1,1.1904,9.1597,0.2854,1.0459,1.0651,10.2314,18.0,-0.0,-0.0,-0.0,-0.0,1.4702,100.0,97.0,0.3111,0.0815,0.0223,0.3525,69,continuous_power,False,1,97.0,4,3.0,,0.0,0.0,0.0,100.0,34.9,31.1,0|0|0|0|0
2025-07-22,ETERNAL.NS,A_breakout_40d,299.8,251.9522,247.281,271.7,269332700,39413212.5,298.0,295.02,300.98,7.0,277.14,A,59.4,100.0,100.0,75.5,58.0,59.9,1.5,3.0,1,10.3423,18.9908,7.8395,2.3253,10.5696,34.0883,18.0,-0.0,-0.0,-0.0,-0.0,0.0,100.0,100.0,0.1987,0.0839,0.0414,0.2725,80,continuous_power,False,1,100.0,4,3.0,,0.0,0.0,0.0,100.0,35.8,31.2,0|0|0|0|0
2025-07-23,ETERNAL.NS,A_breakout_40d,302.05,253.256,247.4248,299.8,68915200,41538343.0,302.25,299.2275,305.2725,7.0,281.0925,A,61.8,56.0,73.2,76.2,58.0,59.9,1.81,3.0,2,0.7505,19.2667,-0.6004,0.7646,6.4153,26.0779,18.0,-0.0,-0.0,-0.0,-0.0,1.4702,100.0,97.0,0.3111,0.0815,0.0049,0.3646,69,continuous_power,False,1,97.0,4,3.0,,0.0,0.0,0.0,100.0,40.8,31.2,0|0|0|0|0
2025-07-23,GOLDBEES.NS,A_breakout_40d,83.75,80.8618,72.3068,83.13,19504795,11430308.0,84.7,83.853,85.547,7.0,78.771,A,100.0,56.0,74.1,67.2,58.0,59.9,0.35,1.41,0,0.7458,3.5718,1.2082,0.2896,4.1409,5.5277,18.0,-0.0,-0.0,-0.0,-0.0,2.9789,97.7,94.7,0.345,0.1233,0.0223,0.3762,66,continuous_power,False,1,94.7,4,3.0,,0.0,0.0,0.0,97.7,40.9,31.1,0|0|0|0|0
2025-07-24,ETERNAL.NS,A_breakout_40d,313.15,254.6672,247.6198,302.05,120603700,45213524.0,309.95,306.8505,313.0495,7.0,288.2535,A,64.2,79.4,93.3,79.4,58.0,59.9,2.13,3.0,3,3.6749,22.9644,0.0662,1.2349,0.3011,32.3663,18.0,-0.0,-0.0,-0.0,-0.0,1.4702,100.0,97.0,0.3111,0.0815,0.0229,0.349,69,continuous_power,False,1,97.0,4,3.0,,0.0,0.0,0.0,100.0,43.8,31.2,0|0|0|0|0
2025-07-25,CIPLA.NS,A_breakout_40d,1532.5,1491.908,1490.479,1527.0,5226395,1541078.5,1541.2,1525.788,1556.612,7.0,1433.316,A,50.5,52.9,100.0,63.2,58.0,59.9,-0.13,0.0,0,0.3602,2.7208,-0.1949,3.3928,2.3928,5.7401,18.0,-0.0,-0.0,-0.0,-0.0,1.4702,100.0,97.0,0.3111,0.0815,0.0,0.3525,69,continuous_power,False,1,97.0,4,3.0,,0.0,0.0,0.0,100.0,52.3,31.2,0|0|0|0|0
2025-07-28,CIPLA.NS,A_breakout_40d,1572.0,1493.516,1490.1355,1532.5,3843168,1680552.85,1563.4,1547.766,1579.034,7.0,1453.962,A,51.1,70.6,85.7,70.8,58.0,59.9,0.03,0.12,1,2.5775,5.255,0.5677,2.1229,3.3656,11.8991,18.0,-0.0,-0.0,-0.0,-0.0,2.9789,100.0,97.0,0.345,0.0815,0.0,0.3762,66,continuous_power,False,1,97.0,4,3.0,,0.0,0.0,0.0,100.0,36.9,31.1,0|0|0|0|0
2025-08-01,HINDUNILVR.NS,A_breakout_40d,2553.7,2388.026,2379.7112,2526.8999,4259653,1936328.1,2547.0,2521.53,2572.47,7.0,2368.71,A,51.7,58.5,84.0,67.3,58.0,59.9,0.53,2.12,0,1.0606,6.9377,1.1423,3.5817,5.1975,8.4792,18.0,-0.0,-0.0,-0.0,-0.0,1.4702,98.5,97.0,0.3111,0.0815,0.0049,0.349,69,continuous_power,False,1,97.0,3,1.5,,0.0,0.0,0.0,98.5,38.9,31.1,0|0|0|0|0
2025-08-04,HEROMOTOCO.NS,A_breakout_40d,4535.8999,4319.74,4234.6433,4454.0,1454995,571510.3,4536.0,4490.64,4581.36,7.0,4218.48,A,60.0,64.7,90.9,63.6,58.0,59.9,0.11,0.44,0,1.8388,5.004,0.0997,2.4036,1.5034,10.5111,18.0,-0.0,-0.0,-0.0,-0.0,1.4702,92.0,90.5,0.3111,0.0815,0.0223,0.349,69,continuous_power,False,1,90.5,3,1.5,,0.0,0.0,0.0,92.0,48.3,31.2,0|0|0|0|0
2025-08-04,TVSMOTOR.NS,A_breakout_40d,2942.5,2818.858,2569.9565,2939.3,1942925,779612.7,2951.0,2921.49,2980.51,7.0,2744.43,A,98.4,50.9,89.8,65.1,58.0,59.9,0.23,0.91,0,0.1089,4.3862,1.1126,1.3627,2.312,7.5237,18.0,-0.0,-0.0,-0.0,-0.0,2.9789,100.0,97.0,0.345,0.1233,0.0223,0.3762,66,continuous_power,False,1,97.0,4,3.0,,0.0,0.0,0.0,100.0,52.3,31.2,0|0|0|0|0
2025-08-07,HEROMOTOCO.NS,A_breakout_40d,4660.7002,4332.248,4223.896,4546.7998,2121194,690806.85,4660.0,4613.4,4706.6,7.0,4333.8,A,62.8,70.0,100.0,66.7,58.0,59.9,0.37,1.49,1,2.5051,7.5816,-1.0034,2.2733,1.3164,12.287,18.0,-0.0,-0.0,-0.0,-0.0,1.4702,98.5,97.0,0.3111,0.0815,0.0223,0.349,69,continuous_power,False,1,97.0,3,1.5,,0.0,0.0,0.0,98.5,41.8,31.2,0|0|0|0|0
2025-08-12,MARUTI.NS,A_breakout_40d,12840.0,12539.36,11990.6282,12806.0,504476,263467.55,12840.0,12711.6,12968.4,7.0,11941.2,A,72.9,52.1,78.3,61.2,58.0,59.9,0.28,1.1,0,0.2655,2.3976,0.1826,1.4591,0.7011,3.8719,18.0,-0.0,-0.0,-0.0,-0.0,2.9789,100.0,97.0,0.345,0.0912,0.0049,0.3762,66,continuous_power,False,1,97.0,4,3.0,,0.0,0.0,0.0,100.0,52.3,31.2,0|0|0|0|0
2025-08-13,APOLLOHOSP.NS,A_breakout_40d,7808.5,7248.23,6950.6045,7616.0,2291645,429864.1,7830.0,7751.7,7908.3,7.0,7281.9,A,71.4,70.2,100.0,67.6,58.0,59.9,0.6,2.41,0,2.5276,7.7297,2.3008,2.5236,3.8244,15.4263,18.0,-0.0,-0.0,-0.0,-0.0,1.4702,100.0,97.0,0.3111,0.0912,0.0403,0.349,69,continuous_power,False,1,97.0,4,3.0,,0.0,0.0,0.0,100.0,41.8,31.2,0|0|0|0|0
2025-08-13,HEROMOTOCO.NS,A_breakout_40d,4768.7002,4364.75,4213.3888,4660.7002,1342794,695632.15,4770.0,4722.3,4817.7,7.0,4436.1,A,68.0,68.5,78.6,68.0,58.0,59.9,0.89,3.0,1,2.3172,9.2548,0.4973,1.1995,1.108,12.8865,18.0,-0.0,-0.0,-0.0,-0.0,1.4702,98.5,97.0,0.3111,0.0839,0.0229,0.349,69,continuous_power,False,1,97.0,3,1.5,,0.0,0.0,0.0,98.5,46.3,31.2,0|0|0|0|0
2025-08-13,HINDALCO.NS,A_breakout_40d,700.5,674.726,646.398,699.45,13151356,4682688.35,701.0,693.99,708.01,7.0,651.93,A,71.9,51.2,96.2,60.1,58.0,59.9,0.65,2.6,0,0.1501,3.8199,0.892,2.1865,2.4089,5.1099,18.0,-0.0,-0.0,-0.0,-0.0,1.4702,100.0,97.0,0.3111,0.0815,0.0229,0.349,69,continuous_power,False,1,97.0,4,3.0,,0.0,0.0,0.0,100.0,52.3,31.2,0|0|0|0|0
2025-08-13,TVSMOTOR.NS,A_breakout_40d,3019.2,2847.322,2581.2945,3013.3999,1546062,864149.25,3034.0,3003.66,3064.34,7.0,2821.62,A,100.0,51.5,75.8,65.2,58.0,59.9,0.77,3.0,0,0.1925,6.0365,0.4724,1.1246,0.9069,6.2148,18.0,-0.0,-0.0,-0.0,-0.0,2.9789,100.0,97.0,0.345,0.1154,0.0229,0.3762,66,continuous_power,False,1,97.0,4,3.0,,0.0,0.0,0.0,100.0,52.3,31.2,0|0|0|0|0
2025-08-14,APOLLOHOSP.NS,A_breakout_40d,7821.5,7267.14,6954.9877,7808.5,673142,444587.9,7850.0,7771.5,7928.5,7.0,7300.5,A,72.4,51.3,70.3,67.9,58.0,59.9,0.8,3.0,1,0.1665,7.6283,0.2753,0.6257,2.9524,11.9441,18.0,-0.0,-0.0,-0.0,-0.0,1.9759,100.0,97.0,0.3235,0.0815,0.0223,0.3646,68,continuous_power,False,1,97.0,4,3.0,,0.0,0.0,0.0,100.0,46.3,31.2,0|0|0|0|0
2025-08-18,ASIANPAINT.NS,A_breakout_40d,2587.3999,2379.246,2367.1212,2528.7,1755615,1034556.45,2587.3999,2561.5259,2613.2739,7.0,2406.2819,A,52.6,68.6,73.9,72.5,58.0,59.9,1.13,3.0,0,2.3213,8.7487,0.8423,1.0459,1.0226,11.7433,18.0,-0.0,-0.0,-0.0,-0.0,1.4702,98.5,97.0,0.3111,0.0815,0.0223,0.349,69,continuous_power,False,1,97.0,3,1.5,,0.0,0.0,0.0,98.5,34.9,31.1,0|0|0|0|0
2025-08-18,EICHERMOT.NS,A_breakout_40d,5912.0,5568.15,5238.2918,5764.0,1288582,449767.25,5918.0,5858.82,5977.18,7.0,5503.74,A,81.5,70.5,97.3,73.9,58.0,59.9,0.72,2.87,0,2.5677,6.1753,2.0125,1.7369,2.7494,11.0472,18.0,-0.0,-0.0,-0.0,-0.0,1.4702,100.0,97.0,0.3111,0.0912,0.0403,0.349,69,continuous_power,False,1,97.0,4,3.0,,0.0,0.0,0.0,100.0,30.4,31.1,0|0|0|0|0
2025-08-18,HEROMOTOCO.NS,A_breakout_40d,4984.0,4389.654,4212.3438,4768.7002,3698091,859942.0,4984.0,4934.16,5033.84,7.0,4635.12,A,71.0,86.1,100.0,72.2,58.0,59.9,1.19,3.0,1,4.5149,13.5397,4.076,1.5579,4.653,20.717,18.0,-0.0,-0.0,-0.0,-0.0,1.4702,100.0,97.0,0.3111,0.0912,0.0414,0.3324,69,continuous_power,False,1,98.5,3,1.5,,0.0,0.0,0.0,100.0,35.8,31.2,0|0|0|0|0
2025-08-18,HINDUNILVR.NS,A_breakout_40d,2568.1001,2417.43,2372.282,2553.7,3089136,1485455.55,2572.2,2546.478,2597.922,7.0,2392.146,A,59.5,54.5,81.6,63.3,58.0,59.9,0.58,2.3,0,0.5639,6.2327,2.3543,1.1602,2.621,6.4988,18.0,-0.0,-0.0,-0.0,-0.0,1.4702,98.5,97.0,0.3111,0.0815,0.0223,0.349,69,continuous_power,False,1,97.0,3,1.5,,0.0,0.0,0.0,98.5,47.8,31.2,0|0|0|0|0
2025-08-18,JSWSTEEL.NS,A_breakout_40d,1079.8,1031.084,989.5818,1064.8,3252940,1768246.1,1080.0,1069.2,1090.8,7.0,1004.4,A,71.0,61.3,76.8,64.4,58.0,59.9,0.75,3.0,0,1.4087,4.7247,1.3869,1.389,1.8622,6.9292,18.0,-0.0,-0.0,-0.0,-0.0,1.4702,100.0,97.0,0.3111,0.0912,0.0223,0.3525,69,continuous_power,False,1,97.0,4,3.0,,0.0,0.0,0.0,100.0,52.3,31.2,0|0|0|0|0
2025-08-18,M&M.NS,A_breakout_40d,3383.1001,3170.734,2978.6725,3282.2,5787481,2457671.85,3400.0,3366.0,3434.0,7.0,3162.0,A,82.2,74.6,87.1,68.5,58.0,59.9,0.69,2.74,0,3.0742,6.6977,2.5908,1.2375,2.8283,11.8564,18.0,-0.0,-0.0,-0.0,-0.0,1.4702,100.0,97.0,0.3111,0.1154,0.0403,0.349,69,continuous_power,False,1,97.0,4,3.0,,0.0,0.0,0.0,100.0,43.8,31.2,0|0|0|0|0
2025-08-18,MARUTI.NS,A_breakout_40d,14068.0,12601.1,12016.0692,12936.0,2154781,373851.1,14070.0,13929.3,14210.7,7.0,13085.1,A,74.3,100.0,100.0,81.1,58.0,59.9,0.66,2.62,1,8.7508,11.641,5.9292,1.4992,6.592,26.2747,18.0,-0.0,-0.0,-0.0,-0.0,1.4702,100.0,97.0,0.3111,0.1154,0.0414,0.349,69,continuous_power,False,1,97.0,4,3.0,,0.0,0.0,0.0,100.0,24.4,31.1,0|0|0|0|0
2025-08-18,SBILIFE.NS,A_breakout_40d,1863.0,1822.732,1611.6067,1862.5,1924632,861252.15,1865.0,1846.35,1883.65,7.0,1734.45,A,100.0,50.2,84.7,57.6,58.0,59.9,0.36,1.43,0,0.0268,2.2092,2.0863,1.7164,2.8712,2.6526,18.0,-0.0,-0.0,-0.0,-0.0,2.9789,100.0,97.0,0.345,0.1233,0.0223,0.3762,66,continuous_power,False,1,97.0,4,3.0,,0.0,0.0,0.0,100.0,47.8,31.2,0|0|0|0|0
2025-08-18,TVSMOTOR.NS,A_breakout_40d,3219.7,2862.814,2587.9337,3020.3,3748828,1055547.25,3220.0,3187.8,3252.2,7.0,2994.6,A,100.0,100.0,100.0,77.1,58.0,59.9,1.04,3.0,1,6.602,12.4663,4.4896,1.5099,5.3426,22.8106,18.0,-0.0,-0.0,-0.0,-0.0,1.4702,100.0,97.0,0.3111,0.1233,0.0745,0.349,69,continuous_power,False,1,97.0,4,3.0,,0.0,0.0,0.0,100.0,24.4,31.1,0|0|0|0|0
2025-08-18,ULTRACEMCO.NS,A_breakout_40d,12765.0,12116.26,11513.382,12577.0,808480,277649.05,12787.0,12659.13,12914.87,7.0,11891.91,A,76.2,62.0,98.2,66.4,58.0,59.9,1.11,3.0,0,1.4948,5.3543,2.525,1.6964,3.4034,7.612,18.0,-0.0,-0.0,-0.0,-0.0,1.4702,100.0,97.0,0.3111,0.0904,0.0414,0.349,69,continuous_power,False,1,97.0,4,3.0,,0.0,0.0,0.0,100.0,47.8,31.2,0|0|0|0|0
2025-08-19,EICHERMOT.NS,A_breakout_40d,5938.5,5579.1,5243.4935,5912.0,843617,482412.25,5964.0,5904.36,6023.64,7.0,5546.52,A,82.0,53.6,75.0,75.0,58.0,59.9,0.8,3.0,1,0.4482,6.4419,0.1015,0.9191,2.0261,8.8974,18.0,-0.0,-0.0,-0.0,-0.0,2.9789,100.0,97.0,0.345,0.0912,0.0223,0.3762,66,continuous_power,False,1,97.0,4,3.0,,0.0,0.0,0.0,100.0,34.9,31.1,0|0|0|0|0
2025-08-19,HEROMOTOCO.NS,A_breakout_40d,5118.2002,4405.03,4213.9975,4984.0,1509894,921937.95,5120.0,5068.8,5171.2,7.0,4761.6,A,72.7,71.5,72.8,75.3,58.0,59.9,1.39,3.0,2,2.6926,16.1899,0.0,1.0564,3.3001,21.9231,18.0,-0.0,-0.0,-0.0,-0.0,1.4702,98.5,97.0,0.3111,0.0912,0.0223,0.3646,69,continuous_power,False,1,97.0,3,1.5,,0.0,0.0,0.0,98.5,43.8,31.2,0|0|0|0|0
2025-08-19,MARUTI.NS,A_breakout_40d,14250.0,12633.36,12032.0892,14068.0,906623,407578.95,14362.0,14218.38,14505.62,7.0,13356.66,A,75.0,60.3,84.5,82.6,58.0,59.9,0.86,3.0,1,1.2937,12.7966,0.0142,0.935,4.5141,20.545,18.0,-0.0,-0.0,-0.0,-0.0,1.4702,100.0,97.0,0.3111,0.0815,0.0223,0.3646,69,continuous_power,False,1,97.0,4,3.0,,0.0,0.0,0.0,100.0,32.4,31.1,0|0|0|0|0
2025-08-20,DABUR.NS,A_breakout_40d,535.0,504.351,503.6772,534.35,12345218,2734782.2,535.95,530.5905,541.3095,7.0,498.4335,A,50.7,51.0,100.0,63.3,58.0,59.9,0.57,2.29,0,0.1216,6.0769,-0.0096,1.231,0.3322,8.6347,18.0,-0.0,-0.0,-0.0,-0.0,1.4702,100.0,97.0,0.3111,0.0815,0.0223,0.3324,69,continuous_power,False,1,98.5,3,1.5,,0.0,0.0,0.0,100.0,48.3,31.2,0|0|0|0|0
2025-08-20,HINDUNILVR.NS,A_breakout_40d,2669.8,2427.154,2373.142,2604.8,3156954,1611759.5,2667.1001,2640.4291,2693.7711,7.0,2480.4031,A,61.4,70.0,79.2,72.2,58.0,59.9,0.75,2.99,1,2.4954,9.9971,-0.2227,1.3089,0.4206,14.6674,18.0,-0.0,-0.0,-0.0,-0.0,1.4702,98.5,97.0,0.3111,0.0815,0.0223,0.349,69,continuous_power,False,1,97.0,3,1.5,,0.0,0.0,0.0,98.5,46.3,31.2,0|0|0|0|0
2025-08-25,EICHERMOT.NS,A_breakout_40d,5990.5,5628.37,5264.8843,5975.0,822944,515740.85,5980.0,5920.2,6039.8,7.0,5561.4,A,84.5,52.1,71.9,73.2,58.0,59.9,1.08,3.0,1,0.2594,6.434,0.346,1.3533,0.6993,5.9068,18.0,-0.0,-0.0,-0.0,-0.0,2.9789,100.0,97.0,0.345,0.0912,0.0223,0.3762,66,continuous_power,False,1,97.0,4,3.0,,0.0,0.0,0.0,100.0,20.1,13.8,0|0|0|0|0
2025-08-26,EICHERMOT.NS,A_breakout_40d,6151.0,5644.09,5271.1403,5990.5,1474805,573366.5,6269.5,6206.805,6332.195,7.0,5830.635,A,85.4,71.4,91.4,79.1,58.0,59.9,1.16,3.0,1,2.6792,8.9813,-0.1753,2.3665,1.856,11.8342,18.0,-0.0,-0.0,-0.0,-0.0,1.4702,100.0,97.0,0.3111,0.1084,0.0403,0.3525,69,continuous_power,False,1,97.0,4,3.0,,0.0,0.0,0.0,100.0,16.1,13.8,0|0|0|0|0
2025-08-26,HINDUNILVR.NS,A_breakout_40d,2692.6001,2452.086,2375.593,2669.8,4348648,1846920.25,2748.0,2720.52,2775.48,7.0,2555.64,A,66.1,56.8,87.1,70.6,58.0,59.9,1.26,3.0,1,0.854,9.8086,-0.266,1.501,0.8497,8.7293,18.0,-0.0,-0.0,-0.0,-0.0,1.4702,100.0,97.0,0.3111,0.0815,0.0223,0.349,69,continuous_power,False,1,97.0,4,3.0,,0.0,0.0,0.0,100.0,48.3,31.2,0|0|0|0|0
2025-08-26,MARUTI.NS,A_breakout_40d,14714.0,12827.68,12113.842,14452.0,962974,480686.5,14895.0,14746.05,15043.95,7.0,13852.35,A,79.5,64.5,80.1,85.5,58.0,59.9,1.54,3.0,0,1.8129,14.7051,0.0,1.4823,0.736,15.2408,18.0,-0.0,-0.0,-0.0,-0.0,1.9759,100.0,97.0,0.3235,0.0904,0.0223,0.3762,68,continuous_power,False,1,97.0,4,3.0,,0.0,0.0,0.0,100.0,16.1,13.8,0|0|0|0|0
2025-08-28,SILVERBEES.NS,A_breakout_40d,112.78,107.459,95.472,112.05,32127716,12211493.05,113.2,112.068,114.332,7.0,105.276,A,100.0,55.2,92.6,61.6,58.0,59.9,0.74,2.96,0,0.6515,4.9517,0.6166,0.424,0.679,6.3671,18.0,-0.0,-0.0,-0.0,-0.0,1.4702,100.0,97.0,0.3111,0.1154,0.0414,0.3525,69,continuous_power,False,1,97.0,4,3.0,,0.0,0.0,0.0,100.0,52.3,31.2,0|0|0|0|0
2025-08-29,SILVERBEES.NS,A_breakout_40d,113.58,107.606,95.6,112.78,25713199,13142432.5,118.05,116.8695,119.2305,7.0,109.7865,A,100.0,55.7,79.1,63.6,58.0,59.9,0.76,3.0,1,0.7093,5.5517,0.3724,0.6251,0.804,6.0547,18.0,-0.0,-0.0,-0.0,-0.0,1.8275,100.0,97.0,0.32,0.1233,0.0403,0.3762,68,continuous_power,False,1,97.0,4,3.0,,0.0,0.0,0.0,100.0,52.3,31.2,0|0|0|0|0
2025-09-01,GOLDBEES.NS,A_breakout_40d,86.61,82.2722,74.6597,85.34,37752097,14129083.05,87.4,86.526,88.274,7.0,81.282,A,100.0,61.9,93.4,74.2,58.0,59.9,0.23,0.91,0,1.4882,5.2725,1.6639,0.4316,1.7677,8.0386,18.0,-0.0,-0.0,-0.0,-0.0,2.9789,100.0,97.0,0.345,0.1233,0.0223,0.3762,66,continuous_power,False,1,97.0,4,3.0,,0.0,0.0,0.0,100.0,33.9,31.1,0|0|0|0|0
2025-09-01,SILVERBEES.NS,A_breakout_40d,118.59,107.8952,95.7473,113.58,49075978,14784744.8,119.0,117.81,120.19,7.0,110.67,A,100.0,85.3,100.0,72.9,58.0,59.9,0.88,3.0,2,4.411,9.9122,3.9356,0.6219,4.1962,16.4775,18.0,-0.0,-0.0,-0.0,-0.0,1.4702,100.0,97.0,0.3111,0.1233,0.0602,0.349,69,continuous_power,False,1,97.0,4,3.0,,0.0,0.0,0.0,100.0,24.4,31.1,0|0|0|0|0
2025-09-02,DABUR.NS,A_breakout_40d,544.6,512.43,503.153,535.0,8973936,2993225.6,545.9,540.441,551.359,7.0,507.687,A,59.2,64.4,100.0,64.3,58.0,59.9,1.1,3.0,0,1.7944,6.2779,0.2578,1.8692,1.1875,10.692,18.0,-0.0,-0.0,-0.0,-0.0,0.0,100.0,100.0,0.206,0.0815,0.0403,0.2725,79,continuous_power,False,1,100.0,3,1.5,,0.0,0.0,0.0,100.0,48.3,31.2,0|0|0|0|0
2025-09-03,HINDALCO.NS,A_breakout_40d,742.95,690.84,648.5112,720.95,8986550,5535163.1,744.05,736.6095,751.4905,7.0,691.9665,A,82.6,74.4,72.5,69.1,58.0,59.9,1.02,3.0,0,3.0515,7.543,0.5618,1.3528,0.9534,12.7597,18.0,-0.0,-0.0,-0.0,-0.0,1.4702,100.0,97.0,0.3111,0.1154,0.0229,0.3646,69,continuous_power,False,1,97.0,4,3.0,,0.0,0.0,0.0,100.0,34.9,31.1,0|0|0|0|0
2025-09-03,TATASTEEL.NS,A_breakout_40d,167.85,159.8418,147.8583,163.48,82352014,24820706.75,169.0,167.31,170.69,7.0,157.17,A,90.5,71.4,100.0,64.0,58.0,59.9,0.38,1.53,0,2.6731,5.0101,0.0063,2.6082,1.6908,13.5893,18.0,-0.0,-0.0,-0.0,-0.0,1.4702,100.0,97.0,0.3111,0.1233,0.0403,0.3525,69,continuous_power,False,1,97.0,4,3.0,,0.0,0.0,0.0,100.0,48.3,31.2,0|0|0|0|0
2025-09-04,BRITANNIA.NS,A_breakout_40d,6083.0,5696.33,5236.5745,5908.0,1385580,533781.95,6066.0,6005.34,6126.66,7.0,5641.38,A,93.9,73.7,91.9,69.6,58.0,59.9,0.58,2.33,0,2.9621,6.7881,4.9594,1.6507,5.61,13.5551,18.0,-0.0,-0.0,-0.0,-0.0,1.4702,100.0,97.0,0.3111,0.1233,0.0414,0.3646,69,continuous_power,False,1,97.0,4,3.0,,0.0,0.0,0.0,100.0,26.4,31.1,0|0|0|0|0
2025-09-04,DABUR.NS,A_breakout_40d,552.7,515.502,503.5272,544.6,8712233,3308381.65,553.8,548.262,559.338,7.0,515.034,A,61.9,61.9,92.7,67.1,58.0,59.9,1.34,3.0,1,1.4873,7.2159,3.9558,1.7432,4.8661,11.7872,18.0,-0.0,-0.0,-0.0,-0.0,1.4702,98.5,97.0,0.3111,0.0815,0.0229,0.3324,69,continuous_power,False,1,97.0,3,1.5,,0.0,0.0,0.0,98.5,37.8,31.2,0|0|0|0|0
2025-09-04,EICHERMOT.NS,A_breakout_40d,6425.0,5738.64,5315.944,6371.5,1181698,631842.15,6449.0,6384.51,6513.49,7.0,5997.57,A,89.8,56.7,77.4,82.9,58.0,59.9,1.39,3.0,0,0.8397,11.9603,4.9988,2.0901,6.0889,11.2781,18.0,-0.0,-0.0,-0.0,-0.0,2.9789,100.0,97.0,0.345,0.0912,0.0223,0.3762,66,continuous_power,False,1,97.0,4,3.0,,0.0,0.0,0.0,100.0,2.4,8.3,0|0|0|0|0
2025-09-04,M&M.NS,A_breakout_40d,3481.5,3234.186,3007.955,3403.0,7600320,2944706.9,3511.0,3475.89,3546.11,7.0,3265.23,A,87.6,68.5,91.6,63.1,58.0,59.9,0.57,2.27,0,2.3068,7.6469,7.3341,0.9029,8.0808,11.5624,18.0,-0.0,-0.0,-0.0,-0.0,1.4702,100.0,97.0,0.3111,0.1154,0.0403,0.3525,69,continuous_power,False,1,97.0,4,3.0,,0.0,0.0,0.0,100.0,39.8,31.2,0|0|0|0|0
2025-09-08,ADANIPOWER.NS,A_breakout_40d,126.77,118.7898,108.4176,121.94,84739285,15258114.25,127.6,126.324,128.876,7.0,118.668,A,97.8,81.7,100.0,69.2,58.0,59.9,1.09,3.0,0,3.961,6.7179,1.1973,2.3063,2.5036,12.3013,18.0,-0.0,-0.0,-0.0,-0.0,1.4702,100.0,97.0,0.3111,0.1233,0.0602,0.349,69,continuous_power,False,1,97.0,4,3.0,,0.0,0.0,0.0,100.0,48.3,31.2,0|0|0|0|0
2025-09-08,GOLDBEES.NS,A_breakout_40d,89.98,82.9358,75.2898,88.65,25737386,15599571.3,90.16,89.2584,91.0616,7.0,83.8488,A,100.0,62.0,73.0,83.7,58.0,59.9,0.81,3.0,0,1.5003,8.4936,0.7219,0.6973,0.9444,9.8296,18.0,-0.0,-0.0,-0.0,-0.0,2.9789,100.0,97.0,0.345,0.1154,0.0223,0.3762,66,continuous_power,False,1,97.0,4,3.0,,0.0,0.0,0.0,100.0,10.9,8.3,0|0|0|0|0
2025-09-08,JSWSTEEL.NS,A_breakout_40d,1101.4,1046.98,996.0313,1082.6,3219380,1652263.15,1100.0,1089.0,1111.0,7.0,1023.0,A,75.6,63.9,79.0,66.3,58.0,59.9,0.57,2.28,0,1.7366,5.1978,0.6523,1.6483,1.3006,8.5224,18.0,-0.0,-0.0,-0.0,-0.0,1.4702,100.0,97.0,0.3111,0.0912,0.0223,0.3646,69,continuous_power,False,1,97.0,4,3.0,,0.0,0.0,0.0,100.0,48.3,31.2,0|0|0|0|0
2025-09-09,ADANIPOWER.NS,A_breakout_40d,128.73,119.027,108.5372,126.77,27736530,16002837.75,129.4,128.106,130.694,7.0,120.342,A,98.3,62.4,74.7,72.3,58.0,59.9,1.02,3.0,1,1.5461,8.1519,0.6547,0.7794,2.4073,12.0496,18.0,-0.0,-0.0,-0.0,-0.0,2.9789,100.0,97.0,0.345,0.1154,0.0229,0.3762,66,continuous_power,False,1,97.0,4,3.0,,0.0,0.0,0.0,100.0,34.9,31.1,0|0|0|0|0
2025-09-09,GOLDBEES.NS,A_breakout_40d,91.17,83.163,75.427,89.98,36086737,16638534.05,91.8,90.882,92.718,7.0,85.374,A,100.0,60.6,83.4,85.9,58.0,59.9,0.98,3.0,1,1.3225,9.6281,0.2,1.2515,0.957,11.3811,18.0,-0.0,-0.0,-0.0,-0.0,2.9789,100.0,97.0,0.345,0.1154,0.0223,0.3762,66,continuous_power,False,1,97.0,4,3.0,,0.0,0.0,0.0,100.0,10.9,8.3,0|0|0|0|0
2025-09-12,BAJFINANCE.NS,A_breakout_40d,1003.25,911.125,851.7149,970.25,11412561,7544435.6,999.0,989.01,1008.99,7.0,929.07,A,84.9,77.2,70.3,77.5,58.0,59.9,0.31,1.23,0,3.4012,10.1111,0.2061,1.7179,0.9276,16.7155,18.0,-0.0,-0.0,-0.0,-0.0,2.9789,100.0,97.0,0.345,0.1233,0.0049,0.3762,66,continuous_power,False,1,97.0,4,3.0,,0.0,0.0,0.0,100.0,32.4,31.1,0|0|0|0|0
2025-09-16,SBIN.NS,A_breakout_40d,831.55,813.312,789.541,830.4,9467531,5670770.7,834.3,825.957,842.643,7.0,775.899,A,65.1,51.1,73.4,65.7,58.0,59.9,0.12,0.48,0,0.1385,2.2424,0.0424,1.3089,0.3513,3.1347,18.0,-0.0,-0.0,-0.0,-0.0,2.9789,98.3,95.3,0.345,0.0839,0.0,0.3762,66,continuous_power,False,1,95.3,4,3.0,,0.0,0.0,0.0,98.3,40.9,31.1,0|0|0|0|0
2025-09-17,BEL.NS,A_breakout_40d,412.2,388.761,333.6838,403.1,31367478,14669350.05,415.0,410.85,419.15,7.0,385.95,A,100.0,68.1,82.8,70.6,58.0,59.9,-0.68,0.0,0,2.2575,6.0292,0.6453,1.3631,1.0085,12.2077,18.0,-0.0,-0.0,-0.0,-0.0,1.4702,79.1,77.6,0.3111,0.1154,0.0414,0.349,69,continuous_power,False,1,77.6,3,1.5,,0.0,0.0,0.0,79.1,34.9,31.1,0|0|0|0|0
2025-09-17,SBIN.NS,A_breakout_40d,857.15,814.318,789.6325,831.55,17243938,6279133.55,858.65,850.0635,867.2365,7.0,798.5445,A,65.6,74.6,94.9,77.0,58.0,59.9,0.25,1.0,1,3.0786,5.2599,0.3307,2.7504,2.327,10.6534,18.0,-0.0,-0.0,-0.0,-0.0,1.4702,100.0,97.0,0.3111,0.0904,0.0049,0.3646,69,continuous_power,False,1,97.0,4,3.0,,0.0,0.0,0.0,100.0,34.9,31.1,0|0|0|0|0
2025-09-17,TATACONSUM.NS,A_breakout_40d,1136.3,1079.152,1043.4245,1105.3,3361334,1136225.9,1136.3,1124.937,1147.663,7.0,1056.759,A,67.1,72.4,99.2,66.0,58.0,59.9,0.13,0.5,0,2.8047,5.2956,1.0072,1.5109,1.5435,9.0927,18.0,-0.0,-0.0,-0.0,-0.0,1.4702,100.0,97.0,0.3111,0.0912,0.0223,0.3525,69,continuous_power,False,1,97.0,4,3.0,,0.0,0.0,0.0,100.0,48.3,31.2,0|0|0|0|0
2025-09-19,ADANIPORTS.NS,A_breakout_40d,1427.8,1376.564,1274.5137,1420.8,8069167,2032891.75,1433.0,1418.67,1447.33,7.0,1332.69,A,90.0,53.9,100.0,68.4,58.0,59.9,-0.19,0.0,0,0.4927,3.722,2.4773,1.4089,3.0804,5.7716,18.0,-0.0,-0.0,-0.0,-0.0,2.9789,100.0,97.0,0.345,0.1154,0.0049,0.3762,66,continuous_power,False,1,97.0,4,3.0,,0.0,0.0,0.0,100.0,47.8,31.2,0|0|0|0|0
2025-09-19,ADANIPOWER.NS,A_breakout_40d,141.88,120.7064,109.6889,129.71,431620030,57386726.25,148.2,146.718,149.682,7.0,137.826,A,100.0,100.0,100.0,76.4,58.0,59.9,0.94,3.0,0,9.3825,17.5414,7.0721,2.2838,8.6835,30.3523,18.0,-0.0,-0.0,-0.0,-0.0,1.4702,100.0,97.0,0.3111,0.1233,0.0745,0.349,69,continuous_power,False,1,97.0,4,3.0,,0.0,0.0,0.0,100.0,24.4,31.1,0|0|0|0|0
2025-09-19,BHARTIARTL.NS,A_breakout_40d,1962.4,1910.248,1782.5618,1943.8,11287603,4457032.25,1954.0,1934.46,1973.54,7.0,1817.22,A,85.8,57.7,90.7,65.4,58.0,59.9,-0.45,0.0,0,0.9569,2.7301,-0.5615,1.7653,0.9779,4.7985,18.0,-0.0,-0.0,-0.0,-0.0,1.4702,84.8,83.3,0.3111,0.0912,0.0229,0.349,69,continuous_power,False,1,83.3,3,1.5,,0.0,0.0,0.0,84.8,49.3,31.2,0|0|0|0|0
2025-09-19,SBIN.NS,A_breakout_40d,862.35,816.18,789.8393,857.15,15206426,7114677.25,862.0,853.38,870.62,7.0,801.66,A,66.7,54.9,82.7,76.8,58.0,59.9,0.44,1.78,2,0.6067,5.6568,-0.2751,1.423,0.5455,8.2613,18.0,-0.0,-0.0,-0.0,-0.0,2.9789,100.0,97.0,0.345,0.0815,0.0,0.3762,66,continuous_power,False,1,97.0,4,3.0,,0.0,0.0,0.0,100.0,36.9,31.1,0|0|0|0|0
2025-09-22,ADANIENT.NS,A_breakout_40d,2629.5,2405.696,2402.2185,2608.3999,7022985,1335517.2,2642.6001,2616.1741,2669.0261,7.0,2457.6181,A,50.7,56.5,100.0,77.9,58.0,59.9,-0.47,0.0,0,0.8089,9.3031,0.4358,2.4196,5.4618,17.5854,18.0,-0.0,-0.0,-0.0,-0.0,1.4702,91.6,90.1,0.3111,0.0815,0.0,0.349,69,continuous_power,False,1,90.1,3,1.5,,0.0,0.0,0.0,91.6,43.8,31.2,0|0|0|0|0
2025-09-22,ADANIPORTS.NS,A_breakout_40d,1444.2,1376.586,1275.2915,1427.8,5490489,2246902.0,1453.0,1438.47,1467.53,7.0,1351.29,A,89.7,59.2,88.9,71.6,58.0,59.9,-0.14,0.0,1,1.1486,4.9117,0.3642,1.4119,2.7965,8.1156,18.0,-0.0,-0.0,-0.0,-0.0,2.9789,98.8,95.8,0.345,0.1154,0.0049,0.3762,66,continuous_power,False,1,95.8,4,3.0,,0.0,0.0,0.0,98.8,38.9,31.1,0|0|0|0|0
2025-09-22,ADANIPOWER.NS,A_breakout_40d,170.25,121.6882,109.996,141.88,134757185,63805446.25,179.9,178.101,181.699,7.0,167.307,A,100.0,100.0,82.2,87.3,58.0,59.9,1.57,3.0,1,19.9958,39.9067,4.4545,3.312,12.6157,76.0334,18.0,-0.0,-0.0,-0.0,-0.0,1.9759,100.0,97.0,0.3235,0.1233,0.0414,0.3762,68,continuous_power,False,1,97.0,4,3.0,,0.0,0.0,0.0,100.0,35.8,31.2,0|0|0|0|0
2025-09-23,ADANIENT.NS,A_breakout_40d,2676.3999,2408.05,2403.1268,2629.5,5610022,1588895.55,2655.0,2628.45,2681.55,7.0,2469.15,A,51.0,64.3,100.0,80.0,58.0,59.9,-0.21,0.0,1,1.7836,11.1439,0.4982,1.6524,2.4494,20.9544,18.0,-0.0,-0.0,-0.0,-0.0,1.4702,91.9,90.4,0.3111,0.0815,0.0,0.349,69,continuous_power,False,1,90.4,3,1.5,,0.0,0.0,0.0,91.9,43.8,31.2,0|0|0|0|0
2025-09-23,GOLDBEES.NS,A_breakout_40d,95.13,85.3856,76.81,93.14,36910438,23405329.5,95.9,94.941,96.859,7.0,89.187,A,100.0,67.1,71.5,80.7,58.0,59.9,1.41,3.0,0,2.1366,11.4122,1.0629,1.3092,1.9297,11.8069,18.0,-0.0,-0.0,-0.0,-0.0,2.9789,100.0,97.0,0.345,0.1233,0.0223,0.3762,66,continuous_power,False,1,97.0,4,3.0,,0.0,0.0,0.0,100.0,10.9,8.3,0|0|0|0|0
2025-09-23,JSWSTEEL.NS,A_breakout_40d,1138.4,1062.884,1003.891,1122.8,2075493,1327479.05,1138.4,1127.016,1149.784,7.0,1058.712,A,79.4,61.1,71.3,72.2,58.0,59.9,0.76,3.0,0,1.3894,7.1048,0.7162,1.7472,1.4634,7.5777,18.0,-0.0,-0.0,-0.0,-0.0,2.9789,100.0,97.0,0.345,0.0912,0.0223,0.3762,66,continuous_power,False,1,97.0,4,3.0,,0.0,0.0,0.0,100.0,20.1,13.8,0|0|0|0|0
2025-09-23,MARUTI.NS,A_breakout_40d,16097.0,13833.2,12508.3717,15864.0,873114,576691.9,16188.0,16026.12,16349.88,7.0,15054.84,A,100.0,61.7,70.3,80.3,58.0,59.9,2.48,3.0,0,1.4687,16.365,1.9221,0.9751,1.9883,11.3788,18.0,-0.0,-0.0,-0.0,-0.0,2.9789,100.0,97.0,0.345,0.1154,0.0223,0.3762,66,continuous_power,False,1,97.0,4,3.0,,0.0,0.0,0.0,100.0,6.4,8.3,0|0|0|0|0
2025-09-23,SBIN.NS,A_breakout_40d,870.6,818.364,789.9003,862.35,14357863,7623744.85,876.0,867.24,884.76,7.0,814.68,A,68.0,57.7,77.7,75.1,58.0,59.9,0.62,2.48,2,0.9567,6.383,-0.076,1.9191,1.1146,8.2584,18.0,-0.0,-0.0,-0.0,-0.0,1.4702,100.0,97.0,0.3111,0.0815,0.0049,0.3646,69,continuous_power,False,1,97.0,4,3.0,,0.0,0.0,0.0,100.0,18.1,13.8,0|0|0|0|0
2025-09-24,JSWSTEEL.NS,A_breakout_40d,1149.1,1065.088,1004.6405,1138.4,2111388,1345140.0,1149.1,1137.609,1160.591,7.0,1068.663,A,80.1,57.5,71.4,74.6,58.0,59.9,0.84,3.0,1,0.9399,7.8878,0.0,1.4776,1.5019,8.3544,18.0,-0.0,-0.0,-0.0,-0.0,2.9789,100.0,97.0,0.345,0.0912,0.0223,0.3762,66,continuous_power,False,1,97.0,4,3.0,,0.0,0.0,0.0,100.0,18.1,13.8,0|0|0|0|0
2025-09-26,LT.NS,A_breakout_40d,3729.5,3593.082,3505.777,3693.7,5870301,1642929.35,3738.0,3700.62,3775.38,7.0,3476.34,A,62.5,57.8,100.0,64.2,58.0,59.9,0.41,1.66,0,0.9692,3.7967,0.5378,2.3247,2.2985,5.2654,18.0,-0.0,-0.0,-0.0,-0.0,1.4702,100.0,97.0,0.3111,0.0815,0.0223,0.349,69,continuous_power,False,1,97.0,4,3.0,,0.0,0.0,0.0,100.0,52.3,31.2,0|0|0|0|0
2025-09-29,BPCL.NS,A_breakout_40d,338.1,322.988,300.5815,330.4,12616059,6120147.05,339.75,336.3525,343.1475,7.0,315.9675,A,87.3,68.6,81.2,65.7,58.0,59.9,-0.49,0.0,0,2.3305,4.6788,0.7091,1.8484,1.6228,8.8184,18.0,-0.0,-0.0,-0.0,-0.0,2.9789,98.0,95.0,0.345,0.1233,0.0049,0.3762,66,continuous_power,False,1,95.0,4,3.0,,0.0,0.0,0.0,98.0,48.3,31.2,0|0|0|0|0
2025-09-29,IOC.NS,A_breakout_40d,149.31,143.8218,137.1865,148.5,16918652,8140510.0,150.04,148.5396,151.5404,7.0,139.5372,A,74.2,54.4,81.6,64.7,58.0,59.9,-0.27,0.0,0,0.5455,3.816,0.0,2.0082,1.0752,4.7784,18.0,-0.0,-0.0,-0.0,-0.0,1.4702,82.7,81.2,0.3111,0.0815,0.0223,0.349,69,continuous_power,False,1,81.2,3,1.5,,0.0,0.0,0.0,82.7,52.3,31.2,0|0|0|0|0
2025-09-29,SBIN.NS,A_breakout_40d,870.75,821.745,789.9023,870.6,22641712,8810881.85,869.95,861.2505,878.6495,7.0,809.0535,A,70.2,50.1,91.4,69.2,58.0,59.9,0.57,2.26,1,0.0172,5.9635,0.1284,1.2784,0.4758,4.9668,18.0,-0.0,-0.0,-0.0,-0.0,1.4702,100.0,97.0,0.3111,0.0815,0.0223,0.349,69,continuous_power,False,1,97.0,4,3.0,,0.0,0.0,0.0,100.0,52.3,31.2,0|0|0|0|0
2025-09-29,SILVERBEES.NS,A_breakout_40d,139.06,115.8458,99.4407,133.01,46710530,24557958.6,139.99,138.5901,141.3899,7.0,130.1907,A,100.0,86.4,78.0,85.4,58.0,59.9,2.19,3.0,0,4.5485,20.0389,4.0749,0.5403,4.0749,22.9332,18.0,-0.0,-0.0,-0.0,-0.0,2.9789,100.0,97.0,0.345,0.1233,0.0403,0.3762,66,continuous_power,False,1,97.0,4,3.0,,0.0,0.0,0.0,100.0,5.6,13.8,0|0|0|0|0
2025-09-30,IOC.NS,A_breakout_40d,149.79,143.8164,137.2195,149.31,13201863,8614865.25,150.4,148.896,151.904,7.0,139.872,A,74.0,52.6,70.6,65.7,58.0,59.9,-0.24,0.0,1,0.3215,4.1536,0.4889,0.8853,1.1946,5.0474,18.0,-0.0,-0.0,-0.0,-0.0,0.0,62.6,62.6,0.1314,0.0815,0.052,0.1411,87,continuous_power,False,1,62.6,2,0.0,,0.0,0.0,0.0,62.6,40.9,31.1,0|0|0|0|0
2025-09-30,VEDL.NS,A_breakout_40d,465.8,442.509,441.2813,461.65,16517105,10741696.4,468.55,463.8645,473.2355,7.0,435.7515,A,51.4,57.2,70.8,59.9,58.0,59.9,0.18,0.73,0,0.8989,5.2634,1.1387,1.1528,1.7682,5.5631,18.0,-0.0,-0.0,-0.0,-0.0,2.9789,100.0,97.0,0.345,0.0815,0.0,0.3762,66,continuous_power,False,1,97.0,4,3.0,,0.0,0.0,0.0,100.0,52.3,31.2,0|0|0|0|0
2025-10-01,BPCL.NS,A_breakout_40d,339.7,322.853,300.9302,339.65,9814406,6447903.75,344.0,340.56,347.44,7.0,319.92,A,86.4,50.1,70.4,66.8,58.0,59.9,-0.35,0.0,1,0.0147,5.2182,0.3975,1.2357,0.9748,7.2846,18.0,-0.0,-0.0,-0.0,-0.0,1.4702,74.9,73.4,0.3111,0.0912,0.0229,0.3324,69,continuous_power,False,1,73.4,3,1.5,,0.0,0.0,0.0,74.9,40.9,31.1,0|0|0|0|0
2025-10-03,HEROMOTOCO.NS,A_breakout_40d,5550.5,5003.516,4299.4958,5472.5,1634394,1076993.9,5527.0,5471.73,5582.27,7.0,5140.11,A,100.0,61.4,70.4,67.7,58.0,59.9,2.07,3.0,0,1.4253,10.932,0.5983,1.7904,1.3886,9.741,18.0,-0.0,-0.0,-0.0,-0.0,2.9789,100.0,97.0,0.345,0.1233,0.0229,0.3762,66,continuous_power,False,1,97.0,4,3.0,,0.0,0.0,0.0,100.0,36.9,31.1,0|0|0|0|0
2025-10-03,HINDALCO.NS,A_breakout_40d,780.35,719.099,658.17,765.95,6522416,3857577.3,782.05,774.2295,789.8705,7.0,727.3065,A,96.3,65.0,73.8,74.1,58.0,59.9,1.17,3.0,0,1.88,8.5177,0.0065,1.6856,0.6921,9.584,18.0,-0.0,-0.0,-0.0,-0.0,2.9789,100.0,97.0,0.345,0.1154,0.0229,0.3762,66,continuous_power,False,1,97.0,4,3.0,,0.0,0.0,0.0,100.0,16.1,13.8,0|0|0|0|0
2025-10-03,VEDL.NS,A_breakout_40d,470.95,443.136,440.7528,465.8,21404838,11318008.5,474.95,470.2005,479.6995,7.0,441.7035,A,52.7,58.8,77.8,62.1,58.0,59.9,0.27,1.08,1,1.1056,6.2766,0.0,1.2316,0.6449,7.8294,18.0,-0.0,-0.0,-0.0,-0.0,1.8275,100.0,97.0,0.32,0.0815,0.0,0.3762,68,continuous_power,False,1,97.0,4,3.0,,0.0,0.0,0.0,100.0,52.3,31.2,0|0|0|0|0
2025-10-06,BANKBEES.NS,A_breakout_40d,580.46,569.4376,547.1902,576.74,1881570,546658.1,580.46,574.6554,586.2646,7.0,539.8278,A,70.3,55.2,100.0,64.8,58.0,59.9,-0.26,0.0,0,0.645,1.9357,0.1221,1.5552,0.8574,4.6791,18.0,-0.0,-0.0,-0.0,-0.0,1.4702,91.2,89.7,0.3111,0.0815,0.0223,0.349,69,continuous_power,False,1,89.7,3,1.5,,0.0,0.0,0.0,91.2,52.3,31.2,0|0|0|0|0
2025-10-06,GOLDBEES.NS,A_breakout_40d,99.22,87.636,78.0716,97.63,57326883,31585874.55,99.22,98.2278,100.2122,7.0,92.2746,A,100.0,63.0,76.3,81.0,58.0,59.9,1.72,3.0,0,1.6286,13.2183,1.1641,1.1346,1.2987,12.225,18.0,-0.0,-0.0,-0.0,-0.0,2.9789,100.0,97.0,0.345,0.1154,0.0223,0.3762,66,continuous_power,False,1,97.0,4,3.0,,0.0,0.0,0.0,100.0,16.1,13.8,0|0|0|0|0
2025-10-06,IOC.NS,A_breakout_40d,154.84,143.807,137.3497,150.39,18473741,9510785.2,154.76,153.2124,156.3076,7.0,143.9268,A,73.5,73.7,78.8,74.9,58.0,59.9,-0.03,0.0,1,2.959,7.6721,0.3923,1.8311,1.3637,11.9112,18.0,-0.0,-0.0,-0.0,-0.0,1.4702,81.1,79.6,0.3111,0.0904,0.0223,0.349,69,continuous_power,False,1,79.6,3,1.5,,0.0,0.0,0.0,81.1,34.9,31.1,0|0|0|0|0
2025-10-07,GOLDBEES.NS,A_breakout_40d,99.66,87.9832,78.2494,99.22,53314468,32964728.65,100.1,99.099,101.101,7.0,93.093,A,100.0,53.5,72.3,81.7,58.0,59.9,1.78,3.0,1,0.4435,13.2716,0.0,0.5334,0.9091,10.0156,18.0,-0.0,-0.0,-0.0,-0.0,2.9789,100.0,97.0,0.345,0.1154,0.0223,0.3762,66,continuous_power,False,1,97.0,4,3.0,,0.0,0.0,0.0,100.0,16.1,13.8,0|0|0|0|0
2025-10-08,GOLDBEES.NS,A_breakout_40d,101.69,88.375,78.436,99.66,57364133,34028598.45,102.6,101.574,103.626,7.0,95.418,A,100.0,66.3,73.7,84.6,58.0,59.9,1.9,3.0,2,2.0369,15.0665,0.4415,1.0238,0.4653,14.8317,18.0,-0.0,-0.0,-0.0,-0.0,2.9789,100.0,97.0,0.345,0.1154,0.0223,0.3762,66,continuous_power,False,1,97.0,4,3.0,,0.0,0.0,0.0,100.0,10.9,8.3,0|0|0|0|0
2025-10-08,SILVERBEES.NS,A_breakout_40d,150.93,119.6826,101.0666,143.82,57986358,32082933.45,150.93,149.4207,152.4393,7.0,140.3649,A,100.0,89.5,76.1,85.8,58.0,59.9,2.83,3.0,0,4.9437,26.1086,0.0904,2.5789,1.7229,28.1006,18.0,-0.0,-0.0,-0.0,-0.0,2.9789,100.0,97.0,0.345,0.1233,0.0403,0.3762,66,continuous_power,False,1,97.0,4,3.0,,0.0,0.0,0.0,100.0,13.6,13.8,0|0|0|0|0
2025-10-09,SILVERBEES.NS,A_breakout_40d,156.16,120.6248,101.424,150.93,123576606,36520657.35,156.1,154.539,157.661,7.0,145.173,A,100.0,77.7,100.0,88.0,58.0,59.9,3.1,3.0,1,3.4652,29.4593,0.0,3.4725,3.641,29.5277,18.0,-0.0,-0.0,-0.0,-0.0,1.4702,100.0,97.0,0.3111,0.1154,0.0414,0.3525,69,continuous_power,False,1,97.0,4,3.0,,0.0,0.0,0.0,100.0,32.4,31.1,0|0|0|0|0
2025-10-09,TATASTEEL.NS,A_breakout_40d,176.42,164.6122,151.035,173.29,68504717,23759030.0,176.0,174.24,177.76,7.0,163.68,A,94.9,64.4,97.7,64.6,58.0,59.9,0.64,2.58,0,1.8062,7.1731,0.4944,1.4752,1.2914,8.859,18.0,-0.0,-0.0,-0.0,-0.0,1.4702,100.0,97.0,0.3111,0.1154,0.0414,0.349,69,continuous_power,False,1,97.0,4,3.0,,0.0,0.0,0.0,100.0,48.3,31.2,0|0|0|0|0
2025-10-13,SILVERBEES.NS,A_breakout_40d,164.34,122.602,102.1731,156.16,86689491,41666791.85,168.44,166.7556,170.1244,7.0,156.6492,A,100.0,91.9,81.6,86.6,58.0,59.9,3.71,3.0,2,5.2382,34.0435,2.4948,1.4097,3.7976,35.0968,18.0,-0.0,-0.0,-0.0,-0.0,2.9789,100.0,97.0,0.345,0.1233,0.0403,0.3762,66,continuous_power,False,1,97.0,4,3.0,,0.0,0.0,0.0,100.0,27.9,31.1,0|0|0|0|0
2025-10-14,GOLDBEES.NS,A_breakout_40d,105.09,90.002,79.2116,102.65,85463491,41595013.4,105.2,104.148,106.252,7.0,97.836,A,100.0,69.0,81.1,84.1,58.0,59.9,2.29,3.0,1,2.377,16.7641,3.0005,1.0547,4.3972,15.5502,18.0,-0.0,-0.0,-0.0,-0.0,2.9789,100.0,97.0,0.345,0.1154,0.0229,0.3762,66,continuous_power,False,1,97.0,4,3.0,,0.0,0.0,0.0,100.0,4.4,8.3,0|0|0|0|0
2025-10-14,SILVERBEES.NS,A_breakout_40d,174.31,123.9502,102.6181,164.34,162150539,48673256.6,177.8,176.022,179.578,7.0,165.354,A,100.0,98.5,100.0,89.3,58.0,59.9,4.27,3.0,3,6.0667,40.6291,2.4948,1.8784,5.4064,43.8031,18.0,-0.0,-0.0,-0.0,-0.0,1.4702,100.0,97.0,0.3111,0.1233,0.052,0.3525,69,continuous_power,False,1,97.0,4,3.0,,0.0,0.0,0.0,100.0,39.3,31.2,0|0|0|0|0
2025-10-15,GOLDBEES.NS,A_breakout_40d,105.29,90.4688,79.4181,105.09,76144009,44264222.45,105.35,104.2965,106.4035,7.0,97.9755,A,100.0,51.5,74.4,84.3,58.0,59.9,2.37,3.0,1,0.1903,16.3827,0.1047,0.599,2.2433,12.9194,18.0,-0.0,-0.0,-0.0,-0.0,2.9789,100.0,97.0,0.345,0.1154,0.0223,0.3762,66,continuous_power,False,1,97.0,4,3.0,,0.0,0.0,0.0,100.0,16.1,13.8,0|0|0|0|0
2025-10-15,NESTLEIND.NS,A_breakout_40d,1221.4,1170.862,1157.9529,1220.8,2283392,1310197.7,1221.4,1209.186,1233.614,7.0,1135.902,A,55.6,50.4,74.9,62.1,58.0,59.9,0.63,2.53,0,0.0491,4.3163,0.0,2.3563,1.6249,5.052,18.0,-0.0,-0.0,-0.0,-0.0,1.4702,98.5,97.0,0.3111,0.0815,0.0049,0.349,69,continuous_power,False,1,97.0,3,1.5,,0.0,0.0,0.0,98.5,52.3,31.2,0|0|0|0|0
2025-10-16,ADANIPORTS.NS,A_breakout_40d,1479.5,1377.79,1290.8765,1450.7,6512312,2624546.3,1479.5,1464.705,1494.295,7.0,1375.935,A,83.7,65.9,89.6,69.5,58.0,59.9,0.45,1.79,0,1.9853,7.3821,0.2275,1.4523,0.7497,9.5617,18.0,-0.0,-0.0,-0.0,-0.0,1.4702,100.0,97.0,0.3111,0.1154,0.0223,0.3646,69,continuous_power,False,1,97.0,4,3.0,,0.0,0.0,0.0,100.0,48.3,31.2,0|0|0|0|0
2025-10-16,NESTLEIND.NS,A_breakout_40d,1276.6,1173.62,1158.9219,1221.4,6927367,1606283.0,1263.9,1251.261,1276.539,7.0,1175.427,A,56.3,86.2,100.0,71.9,58.0,59.9,0.74,2.97,1,4.5194,8.7746,0.0,2.8546,2.8041,16.9982,18.0,-0.0,-0.0,-0.0,-0.0,0.0,100.0,100.0,0.1987,0.0815,0.0414,0.2725,80,continuous_power,False,1,100.0,4,3.0,,0.0,0.0,0.0,100.0,43.8,31.2,0|0|0|0|0
2025-10-16,TATACONSUM.NS,A_breakout_40d,1149.3,1099.01,1063.4213,1144.8,2383412,1161309.75,1152.2,1140.678,1163.722,7.0,1071.546,A,66.7,53.1,81.0,61.7,58.0,59.9,0.5,2.01,0,0.3931,4.5759,0.0,2.0912,1.0912,4.8759,18.0,-0.0,-0.0,-0.0,-0.0,1.4702,100.0,97.0,0.3111,0.0815,0.0223,0.3646,69,continuous_power,False,1,97.0,4,3.0,,0.0,0.0,0.0,100.0,52.3,31.2,0|0|0|0|0
2025-10-17,NESTLEIND.NS,A_breakout_40d,1289.5,1176.737,1159.9696,1276.6,3171952,1697622.7,1289.5,1276.605,1302.395,7.0,1199.235,A,57.2,58.1,77.4,73.7,58.0,59.9,0.86,3.0,2,1.0105,9.5827,-0.9948,1.8789,2.1771,15.183,18.0,-0.0,-0.0,-0.0,-0.0,1.4702,100.0,97.0,0.3111,0.0815,0.0049,0.349,69,continuous_power,False,1,97.0,4,3.0,,0.0,0.0,0.0,100.0,41.8,31.2,0|0|0|0|0
2025-10-17,TATACONSUM.NS,A_breakout_40d,1166.0,1101.038,1064.7338,1149.3,2001759,1209848.9,1166.9,1155.231,1178.569,7.0,1085.217,A,67.0,61.6,73.1,66.1,58.0,59.9,0.57,2.28,1,1.4531,5.9001,0.2523,1.3826,1.3988,7.8901,18.0,-0.0,-0.0,-0.0,-0.0,1.9759,100.0,97.0,0.3235,0.0904,0.0223,0.3646,68,continuous_power,False,1,97.0,4,3.0,,0.0,0.0,0.0,100.0,40.9,31.1,0|0|0|0|0
2025-10-17,TVSMOTOR.NS,A_breakout_40d,3654.0,3378.738,2795.6962,3591.3,1173044,594566.55,3699.0,3662.01,3735.99,7.0,3440.07,A,100.0,64.0,79.5,75.8,58.0,59.9,2.08,3.0,0,1.7459,8.1469,0.0,1.2238,0.4999,9.9749,18.0,-0.0,-0.0,-0.0,-0.0,2.9789,100.0,97.0,0.345,0.1154,0.0229,0.3762,66,continuous_power,False,1,97.0,4,3.0,,0.0,0.0,0.0,100.0,34.9,31.1,0|0|0|0|0
2025-10-20,APOLLOHOSP.NS,A_breakout_40d,8010.0,7707.77,7097.0547,7929.0,498555,324208.2,8038.0,7957.62,8118.38,7.0,7475.34,A,93.0,58.2,70.8,69.3,58.0,59.9,0.71,2.83,0,1.0216,3.9211,0.6138,1.1334,1.2392,7.0429,18.0,-0.0,-0.0,-0.0,-0.0,2.9789,100.0,97.0,0.345,0.1154,0.0223,0.3762,66,continuous_power,False,1,97.0,4,3.0,,0.0,0.0,0.0,100.0,40.9,31.1,0|0|0|0|0
2025-10-20,BAJAJFINSV.NS,A_breakout_40d,2139.8,2007.132,1941.0113,2090.2,1844869,931148.1,2150.0,2128.5,2171.5,7.0,1999.5,A,67.0,69.0,79.6,70.7,58.0,59.9,0.76,3.0,0,2.373,6.6098,0.2064,1.6715,0.8779,9.9146,18.0,-0.0,-0.0,-0.0,-0.0,1.4702,100.0,97.0,0.3111,0.0815,0.0223,0.349,69,continuous_power,False,1,97.0,4,3.0,,0.0,0.0,0.0,100.0,36.9,31.1,0|0|0|0|0
2025-10-20,BHARTIARTL.NS,A_breakout_40d,2051.5,1916.702,1816.0677,2012.0,7387180,4814702.15,2051.8,2031.282,2072.318,7.0,1908.174,A,77.7,65.7,70.7,75.5,58.0,59.9,0.39,1.56,0,1.9632,7.0328,0.6958,1.1397,1.7697,10.6845,18.0,-0.0,-0.0,-0.0,-0.0,2.9789,100.0,97.0,0.345,0.1154,0.0,0.3762,66,continuous_power,False,1,97.0,4,3.0,,0.0,0.0,0.0,100.0,16.1,13.8,0|0|0|0|0
2025-10-20,CIPLA.NS,A_breakout_40d,1639.1,1549.972,1499.4787,1601.2,3372906,1386709.15,1646.7,1630.233,1663.167,7.0,1531.431,A,66.8,68.9,88.6,71.2,58.0,59.9,0.44,1.75,0,2.367,5.7503,0.786,2.4729,2.2589,11.6999,18.0,-0.0,-0.0,-0.0,-0.0,1.4702,100.0,97.0,0.3111,0.0904,0.0223,0.3525,69,continuous_power,False,1,97.0,4,3.0,,0.0,0.0,0.0,100.0,34.9,31.1,0|0|0|0|0
2025-10-20,RELIANCE.NS,A_breakout_40d,1466.8,1386.476,1351.5445,1424.8,24721978,11735055.85,1468.0,1453.32,1482.68,7.0,1365.24,A,62.9,73.6,82.1,73.8,58.0,59.9,0.08,0.3,0,2.9478,5.7934,1.6375,1.986,3.0092,12.9823,18.0,-0.0,-0.0,-0.0,-0.0,2.9789,100.0,97.0,0.345,0.0912,0.0,0.3762,66,continuous_power,False,1,97.0,4,3.0,,0.0,0.0,0.0,100.0,31.9,31.1,0|0|0|0|0
2025-10-23,AXISBANK.NS,A_breakout_40d,1258.8,1122.836,1110.2035,1237.3,14611221,9029798.6,1254.2,1241.658,1266.742,7.0,1166.406,A,55.7,63.9,72.4,73.2,58.0,59.9,1.4,3.0,0,1.7377,12.109,0.7031,1.257,0.9601,13.3013,18.0,-0.0,-0.0,-0.0,-0.0,1.4702,100.0,97.0,0.3111,0.0815,0.0049,0.3525,69,continuous_power,False,1,97.0,4,3.0,,0.0,0.0,0.0,100.0,34.9,31.1,0|0|0|0|0
2025-10-23,BANKBEES.NS,A_breakout_40d,598.6,572.3962,550.8077,598.57,1526004,797930.55,605.0,598.95,611.05,7.0,562.65,A,69.6,50.0,78.2,75.8,58.0,59.9,0.44,1.78,0,0.005,4.5779,0.4964,1.335,1.1144,4.0463,18.0,-0.0,-0.0,-0.0,-0.0,2.9789,100.0,97.0,0.345,0.0815,0.0,0.3762,66,continuous_power,False,1,97.0,4,3.0,,0.0,0.0,0.0,100.0,20.1,13.8,0|0|0|0|0
2025-10-23,BEL.NS,A_breakout_40d,418.65,393.792,346.1418,417.7,21980966,13387807.35,422.0,417.78,426.22,7.0,392.46,A,100.0,51.8,72.8,62.4,58.0,59.9,0.71,2.85,0,0.2274,6.3125,0.9097,0.6262,1.1871,4.934,18.0,-0.0,-0.0,-0.0,-0.0,2.9789,100.0,97.0,0.345,0.1233,0.0229,0.3762,66,continuous_power,False,1,97.0,4,3.0,,0.0,0.0,0.0,100.0,52.3,31.2,0|0|0|0|0
2025-10-23,HDFCBANK.NS,A_breakout_40d,1008.8,973.873,936.3295,1007.7,43526526,22273739.8,1011.0,1000.89,1021.11,7.0,940.23,A,70.0,50.9,79.1,73.2,58.0,59.9,0.11,0.45,0,0.1092,3.5864,0.8237,1.0242,1.0607,4.2658,18.0,-0.0,-0.0,-0.0,-0.0,2.9789,99.0,96.0,0.345,0.0904,0.0,0.3762,66,continuous_power,False,1,96.0,4,3.0,,0.0,0.0,0.0,99.0,38.9,31.1,0|0|0|0|0
2025-10-23,SHRIRAMFIN.NS,A_breakout_40d,709.65,629.658,627.7504,695.25,8911040,5041334.85,711.05,703.9395,718.1605,7.0,661.2765,A,51.5,66.6,75.4,76.6,58.0,59.9,1.04,3.0,0,2.0712,12.704,0.0,1.5141,0.6704,13.9877,18.0,-0.0,-0.0,-0.0,-0.0,1.4702,100.0,97.0,0.3111,0.0815,0.0049,0.349,69,continuous_power,False,1,97.0,4,3.0,,0.0,0.0,0.0,100.0,34.9,31.1,0|0|0|0|0
2025-10-24,HINDALCO.NS,A_breakout_40d,824.45,744.969,669.29,792.4,16905398,5072922.4,834.9,826.551,843.249,7.0,776.457,A,100.0,82.4,100.0,76.2,58.0,59.9,1.52,3.0,0,4.0447,10.669,2.3915,0.9729,3.0138,14.8907,18.0,-0.0,-0.0,-0.0,-0.0,1.4702,100.0,97.0,0.3111,0.1233,0.052,0.349,69,continuous_power,False,1,97.0,4,3.0,,0.0,0.0,0.0,100.0,30.4,31.1,0|0|0|0|0
2025-10-24,VEDL.NS,A_breakout_40d,495.6,454.8,441.4495,484.2,25748299,10872715.9,501.0,495.99,506.01,7.0,465.93,A,65.1,68.8,87.4,69.9,58.0,59.9,1.0,3.0,0,2.3544,8.971,1.3968,1.2829,1.8931,10.7733,18.0,-0.0,-0.0,-0.0,-0.0,1.4702,100.0,97.0,0.3111,0.0815,0.0229,0.349,69,continuous_power,False,1,97.0,4,3.0,,0.0,0.0,0.0,100.0,48.3,31.2,0|0|0|0|0
2025-10-27,GRASIM.NS,A_breakout_40d,2923.8999,2813.744,2658.0547,2878.8,764132,425048.35,2932.7,2903.373,2962.027,7.0,2727.411,A,79.3,62.5,76.0,65.5,58.0,59.9,0.47,1.87,0,1.5666,3.9149,0.623,1.7427,1.4793,6.6825,18.0,-0.0,-0.0,-0.0,-0.0,2.9789,100.0,97.0,0.345,0.1154,0.0223,0.3762,66,continuous_power,False,1,97.0,4,3.0,,0.0,0.0,0.0,100.0,40.9,31.1,0|0|0|0|0
2025-10-27,SBILIFE.NS,A_breakout_40d,1903.1,1822.554,1690.584,1857.7,2866910,1000768.55,1903.1,1884.069,1922.131,7.0,1769.883,A,89.0,69.6,97.3,69.4,58.0,59.9,0.04,0.17,0,2.4439,4.4194,2.1959,1.2486,2.7514,8.9296,18.0,-0.0,-0.0,-0.0,-0.0,2.9789,100.0,97.0,0.345,0.1233,0.0223,0.3762,66,continuous_power,False,1,97.0,4,3.0,,0.0,0.0,0.0,100.0,43.8,31.2,0|0|0|0|0
2025-10-28,BHARTIARTL.NS,A_breakout_40d,2090.2,1934.596,1827.405,2080.1001,9891522,4991087.75,2083.0,2062.17,2103.83,7.0,1937.19,A,79.3,53.9,79.6,72.7,58.0,59.9,0.93,3.0,0,0.4855,8.0432,0.5721,0.8816,1.1362,8.9494,18.0,-0.0,-0.0,-0.0,-0.0,1.4702,100.0,97.0,0.3111,0.0912,0.0223,0.3646,69,continuous_power,False,1,97.0,4,3.0,,0.0,0.0,0.0,100.0,34.9,31.1,0|0|0|0|0
2025-10-28,GRASIM.NS,A_breakout_40d,2932.8999,2817.484,2660.383,2923.8999,1056504,451721.3,2945.8999,2916.4409,2975.3589,7.0,2739.6869,A,79.5,52.5,86.8,66.5,58.0,59.9,0.54,2.15,1,0.3078,4.0964,0.301,0.9037,1.2569,5.621,18.0,-0.0,-0.0,-0.0,-0.0,1.4702,100.0,97.0,0.3111,0.0912,0.0223,0.3646,69,continuous_power,False,1,97.0,4,3.0,,0.0,0.0,0.0,100.0,52.3,31.2,0|0|0|0|0
2025-10-28,JSWSTEEL.NS,A_breakout_40d,1184.2,1114.544,1027.4393,1175.2,3451230,1531780.0,1189.2,1177.308,1201.092,7.0,1105.956,A,92.4,56.1,85.1,63.3,58.0,59.9,0.9,3.0,0,0.7658,6.2497,-0.4346,1.7719,1.1644,6.8407,18.0,-0.0,-0.0,-0.0,-0.0,1.4702,100.0,97.0,0.3111,0.1154,0.0403,0.3525,69,continuous_power,False,1,97.0,4,3.0,,0.0,0.0,0.0,100.0,52.3,31.2,0|0|0|0|0
2025-10-28,LT.NS,A_breakout_40d,3972.8,3687.034,3514.0632,3923.8,3391806,1728597.9,3988.0,3948.12,4027.88,7.0,3708.84,A,74.6,60.0,79.2,75.0,58.0,59.9,0.72,2.86,0,1.2488,7.7506,-0.0433,1.2908,0.4181,7.549,18.0,-0.0,-0.0,-0.0,-0.0,1.4702,100.0,97.0,0.3111,0.0839,0.0223,0.3646,69,continuous_power,False,1,97.0,4,3.0,,0.0,0.0,0.0,100.0,38.9,31.1,0|0|0|0|0
2025-10-28,SBILIFE.NS,A_breakout_40d,1936.8,1824.484,1692.8792,1903.1,2166517,1031042.3,1934.0,1914.66,1953.34,7.0,1798.62,A,88.9,64.2,82.0,73.9,58.0,59.9,0.16,0.66,1,1.7708,6.156,0.0,1.373,2.0841,10.6928,18.0,-0.0,-0.0,-0.0,-0.0,2.9789,100.0,97.0,0.345,0.1154,0.0049,0.3762,66,continuous_power,False,1,97.0,4,3.0,,0.0,0.0,0.0,100.0,34.9,31.1,0|0|0|0|0
2025-10-28,SBIN.NS,A_breakout_40d,930.25,851.331,796.4388,922.75,22066289,10470032.85,933.9,924.561,943.239,7.0,868.527,A,84.5,56.5,82.2,76.2,58.0,59.9,1.19,3.0,0,0.8128,9.2701,0.4714,1.319,1.4238,8.1373,18.0,-0.0,-0.0,-0.0,-0.0,1.4702,100.0,97.0,0.3111,0.0912,0.0223,0.3646,69,continuous_power,False,1,97.0,4,3.0,,0.0,0.0,0.0,100.0,36.9,31.1,0|0|0|0|0
2025-10-28,TATASTEEL.NS,A_breakout_40d,181.81,168.219,153.1993,176.66,59511794,25747440.75,183.67,181.8333,185.5067,7.0,170.8131,A,99.0,73.3,86.2,69.4,58.0,59.9,1.0,3.0,0,2.9152,8.0793,0.3906,1.3525,1.3249,11.8598,18.0,-0.0,-0.0,-0.0,-0.0,1.4702,100.0,97.0,0.3111,0.1233,0.0414,0.3646,69,continuous_power,False,1,97.0,4,3.0,,0.0,0.0,0.0,100.0,48.3,31.2,0|0|0|0|0
2025-10-29,GRASIM.NS,A_breakout_40d,2958.7,2821.36,2662.9977,2932.8999,711559,460226.5,2960.0,2930.4,2989.6,7.0,2752.8,A,79.7,57.0,70.9,69.2,58.0,59.9,0.58,2.34,2,0.8797,4.8679,0.4432,0.7657,0.6539,7.5993,18.0,-0.0,-0.0,-0.0,-0.0,2.9789,100.0,97.0,0.345,0.0912,0.0223,0.3762,66,continuous_power,False,1,97.0,4,3.0,,0.0,0.0,0.0,100.0,40.9,31.1,0|0|0|0|0
2025-10-29,IOC.NS,A_breakout_40d,163.09,147.0756,138.7351,155.26,58449093,13312939.55,163.09,161.4591,164.7209,7.0,151.6737,A,80.1,90.3,100.0,72.1,58.0,59.9,0.92,3.0,0,5.0432,10.8885,0.3106,2.4606,2.5234,17.2841,18.0,-0.0,-0.0,-0.0,-0.0,1.4702,100.0,97.0,0.3111,0.1154,0.052,0.3324,69,continuous_power,False,1,97.0,4,3.0,,0.0,0.0,0.0,100.0,43.8,31.2,0|0|0|0|0
2025-10-29,JSWSTEEL.NS,A_breakout_40d,1207.9,1117.792,1028.9673,1184.2,3819737,1591983.35,1207.9,1195.821,1219.979,7.0,1123.347,A,93.2,66.0,88.0,68.1,58.0,59.9,1.04,3.0,1,2.0014,8.0613,0.4222,1.5502,1.5128,10.7726,18.0,-0.0,-0.0,-0.0,-0.0,1.4702,100.0,97.0,0.3111,0.1154,0.0414,0.3525,69,continuous_power,False,1,97.0,4,3.0,,0.0,0.0,0.0,100.0,48.3,31.2,0|0|0|0|0
2025-10-29,SBILIFE.NS,A_breakout_40d,1970.4,1827.08,1695.4155,1936.8,2398496,1100776.8,1970.4,1950.696,1990.104,7.0,1832.472,A,88.8,63.9,83.6,77.5,58.0,59.9,0.33,1.31,2,1.7348,7.8442,-0.1446,1.1022,0.3632,13.5367,18.0,-0.0,-0.0,-0.0,-0.0,2.9789,100.0,97.0,0.345,0.1154,0.0049,0.3762,66,continuous_power,False,1,97.0,4,3.0,,0.0,0.0,0.0,100.0,34.9,31.1,0|0|0|0|0
2025-10-29,SHRIRAMFIN.NS,A_breakout_40d,738.45,638.298,630.3613,723.7,10246214,5892469.1,738.5,731.115,745.885,7.0,686.805,A,56.3,66.3,74.8,82.6,58.0,59.9,1.7,3.0,1,2.0381,15.6905,0.0,1.6088,0.7222,14.8182,18.0,-0.0,-0.0,-0.0,-0.0,1.4702,100.0,97.0,0.3111,0.0815,0.0049,0.3646,69,continuous_power,False,1,97.0,4,3.0,,0.0,0.0,0.0,100.0,16.1,13.8,0|0|0|0|0
2025-10-29,TATAPOWER.NS,A_breakout_40d,410.7,390.241,382.5475,400.25,10944400,4766074.0,411.05,406.9395,415.1605,7.0,382.2765,A,60.1,70.9,85.9,69.6,58.0,59.9,0.43,1.73,0,2.6109,5.2427,0.0878,2.0393,1.1271,8.8439,18.0,-0.0,-0.0,-0.0,-0.0,1.4702,100.0,97.0,0.3111,0.0815,0.0223,0.3525,69,continuous_power,False,1,97.0,4,3.0,,0.0,0.0,0.0,100.0,36.9,31.1,0|0|0|0|0
2025-10-29,TATASTEEL.NS,A_breakout_40d,185.19,168.8168,153.462,181.81,51610530,27486350.15,184.4,182.556,186.244,7.0,171.492,A,100.0,64.9,77.6,73.1,58.0,59.9,1.2,3.0,1,1.8591,9.6988,1.023,1.2741,1.8174,13.3214,18.0,-0.0,-0.0,-0.0,-0.0,2.9789,100.0,97.0,0.345,0.1233,0.0229,0.3762,66,continuous_power,False,1,97.0,4,3.0,,0.0,0.0,0.0,100.0,34.9,31.1,0|0|0|0|0
2025-10-29,VEDL.NS,A_breakout_40d,516.2,459.234,442.3843,505.25,25108474,11625174.7,513.0,507.87,518.13,7.0,477.09,A,69.0,67.3,83.2,75.9,58.0,59.9,1.5,3.0,1,2.1672,12.4046,0.3184,1.7425,1.1579,14.2064,18.0,-0.0,-0.0,-0.0,-0.0,1.4702,100.0,97.0,0.3111,0.0815,0.0223,0.349,69,continuous_power,False,1,97.0,4,3.0,,0.0,0.0,0.0,100.0,34.9,31.1,0|0|0|0|0
2025-10-30,BPCL.NS,A_breakout_40d,357.6,328.321,305.526,348.1,14807100,7773516.8,358.0,354.42,361.58,7.0,332.94,A,87.3,71.8,78.1,68.8,58.0,59.9,0.74,2.96,0,2.7291,8.9178,0.5458,1.8044,1.6613,12.3877,18.0,-0.0,-0.0,-0.0,-0.0,1.4702,100.0,97.0,0.3111,0.1154,0.0403,0.3646,69,continuous_power,False,1,97.0,4,3.0,,0.0,0.0,0.0,100.0,36.9,31.1,0|0|0|0|0
2025-10-30,IOC.NS,A_breakout_40d,163.51,147.5396,138.8916,163.09,33405636,14323128.2,163.51,161.8749,165.1451,7.0,152.0643,A,81.1,52.1,86.6,72.6,58.0,59.9,1.09,3.0,1,0.2575,10.8245,0.0,1.3655,1.6054,11.7388,18.0,-0.0,-0.0,-0.0,-0.0,1.4702,100.0,97.0,0.3111,0.0904,0.0223,0.3525,69,continuous_power,False,1,97.0,4,3.0,,0.0,0.0,0.0,100.0,46.3,31.2,0|0|0|0|0
2025-10-30,LT.NS,A_breakout_40d,3987.5,3699.704,3518.17,3972.8,4959400,1890953.35,4001.1001,3961.0891,4041.1111,7.0,3721.0231,A,75.8,53.0,92.5,74.2,58.0,59.9,0.76,3.0,1,0.37,7.7789,0.5533,1.4592,1.7697,6.3214,18.0,-0.0,-0.0,-0.0,-0.0,1.4702,100.0,97.0,0.3111,0.0815,0.0223,0.349,69,continuous_power,False,1,97.0,4,3.0,,0.0,0.0,0.0,100.0,38.9,31.1,0|0|0|0|0
2025-10-31,BEL.NS,A_breakout_40d,426.1,397.66,350.1343,422.05,51342361,14517063.35,428.0,423.72,432.28,7.0,398.04,A,100.0,57.7,100.0,63.1,58.0,59.9,0.79,3.0,0,0.9596,7.1518,0.9515,2.4331,2.4877,6.6588,18.0,-0.0,-0.0,-0.0,-0.0,1.4702,100.0,97.0,0.3111,0.1154,0.052,0.349,69,continuous_power,False,1,97.0,4,3.0,,0.0,0.0,0.0,100.0,52.3,31.2,0|0|0|0|0
2025-10-31,IOC.NS,A_breakout_40d,165.9,148.0174,139.0697,163.51,25385134,15209455.1,167.0,165.33,168.67,7.0,155.31,A,82.2,61.7,73.4,75.1,58.0,59.9,1.3,3.0,2,1.4617,12.0814,0.0,1.0429,0.2988,15.1693,18.0,-0.0,-0.0,-0.0,-0.0,2.9789,100.0,97.0,0.345,0.0912,0.0223,0.3762,66,continuous_power,False,1,97.0,4,3.0,,0.0,0.0,0.0,100.0,34.9,31.1,0|0|0|0|0
2025-10-31,SHRIRAMFIN.NS,A_breakout_40d,748.9,642.978,632.3272,738.45,18363853,6079038.45,762.8,755.172,770.428,7.0,709.404,A,58.4,61.3,100.0,84.2,58.0,59.9,1.8,3.0,1,1.4151,16.4737,-0.6502,2.3939,1.3987,14.0266,18.0,-0.0,-0.0,-0.0,-0.0,1.4702,100.0,97.0,0.3111,0.0815,0.0223,0.3333,69,continuous_power,False,1,97.0,4,3.0,,0.0,0.0,0.0,100.0,31.9,31.1,0|0|0|0|0
2025-11-03,BPCL.NS,A_breakout_40d,367.3,329.975,306.4317,357.6,20107281,8373114.5,369.85,366.1515,373.5485,7.0,343.9605,A,88.4,71.7,88.0,73.2,58.0,59.9,1.07,3.0,1,2.7125,11.3115,1.4434,1.6236,2.1453,14.7479,18.0,-0.0,-0.0,-0.0,-0.0,1.4702,100.0,97.0,0.3111,0.1154,0.0403,0.3525,69,continuous_power,False,1,97.0,4,3.0,,0.0,0.0,0.0,100.0,34.9,31.1,0|0|0|0|0
2025-11-03,SHRIRAMFIN.NS,A_breakout_40d,796.45,646.581,633.704,748.9,26222030,7030112.8,792.45,784.5255,800.3745,7.0,736.9785,A,60.2,100.0,100.0,89.5,58.0,59.9,2.02,3.0,2,6.3493,23.1787,1.8561,2.0276,3.8594,27.82,18.0,-0.0,-0.0,-0.0,-0.0,1.4702,100.0,97.0,0.3111,0.0815,0.0403,0.3324,69,continuous_power,False,1,97.0,4,3.0,,0.0,0.0,0.0,100.0,27.9,31.1,0|0|0|0|0
2025-11-03,TATACONSUM.NS,A_breakout_40d,1197.5,1122.84,1075.9655,1177.1,2595111,1213528.35,1199.8,1187.802,1211.798,7.0,1115.814,A,71.8,63.9,82.8,67.5,58.0,59.9,0.93,3.0,0,1.7331,6.6492,-0.0172,1.8771,0.9782,7.5364,18.0,-0.0,-0.0,-0.0,-0.0,1.4702,100.0,97.0,0.3111,0.0904,0.0229,0.349,69,continuous_power,False,1,97.0,4,3.0,,0.0,0.0,0.0,100.0,52.3,31.2,0|0|0|0|0
2025-11-04,BHARTIARTL.NS,A_breakout_40d,2113.3,1952.088,1839.3513,2100.6001,12263078,5067897.4,2115.0,2093.85,2136.15,7.0,1966.95,A,80.6,54.8,88.4,69.4,58.0,59.9,0.9,3.0,0,0.6046,8.2584,1.5911,0.8031,1.6082,7.2856,18.0,-0.0,-0.0,-0.0,-0.0,1.4702,100.0,97.0,0.3111,0.0912,0.0229,0.349,69,continuous_power,False,1,97.0,4,3.0,,0.0,0.0,0.0,100.0,49.3,31.2,0|0|0|0|0
2025-11-04,DIVISLAB.NS,A_breakout_40d,6804.5,6220.72,6173.5095,6804.0,801413,523616.35,6792.5,6724.575,6860.425,7.0,6317.025,A,53.8,50.1,70.6,71.8,58.0,59.9,1.01,3.0,0,0.0073,9.3844,-0.0147,0.9257,0.0788,7.808,18.0,-0.0,-0.0,-0.0,-0.0,1.4702,100.0,97.0,0.3111,0.0815,0.0,0.3525,69,continuous_power,False,1,97.0,4,3.0,,0.0,0.0,0.0,100.0,40.9,31.1,0|0|0|0|0
2025-11-04,SBIN.NS,A_breakout_40d,957.6,862.914,801.2683,949.7,19154518,10779568.7,969.65,959.9535,979.3465,7.0,901.7745,A,88.5,56.7,75.5,79.7,58.0,59.9,1.36,3.0,0,0.8318,10.9728,0.1369,1.2331,0.5943,9.4987,18.0,-0.0,-0.0,-0.0,-0.0,2.9789,100.0,97.0,0.345,0.0912,0.0223,0.3762,66,continuous_power,False,1,97.0,4,3.0,,0.0,0.0,0.0,100.0,16.1,13.8,0|0|0|0|0
2025-11-04,TITAN.NS,A_breakout_40d,3813.5,3586.952,3429.4593,3772.3,2524600,1170352.75,3780.0,3742.2,3817.8,7.0,3515.4,A,73.0,58.7,83.1,68.8,58.0,59.9,0.54,2.15,0,1.0922,6.3159,0.0,1.6299,0.9693,6.9099,18.0,-0.0,-0.0,-0.0,-0.0,1.4702,100.0,97.0,0.3111,0.0912,0.0223,0.3646,69,continuous_power,False,1,97.0,4,3.0,,0.0,0.0,0.0,100.0,52.3,31.2,0|0|0|0|0
2025-11-06,ASIANPAINT.NS,A_breakout_40d,2602.8999,2467.176,2368.4605,2555.8999,4448622,979765.1,2602.8999,2576.8709,2628.9289,7.0,2420.6969,A,70.8,64.7,100.0,69.1,58.0,59.9,-0.14,0.0,0,1.8389,5.5012,2.9517,1.4305,3.3822,9.2758,18.0,-0.0,-0.0,-0.0,-0.0,1.4702,90.2,88.7,0.3111,0.0815,0.0223,0.349,69,continuous_power,False,1,88.7,3,1.5,,0.0,0.0,0.0,90.2,43.8,31.2,0|0|0|0|0
2025-11-06,SBIN.NS,A_breakout_40d,960.75,865.804,802.3035,957.6,23088096,11471844.5,958.75,949.1625,968.3375,7.0,891.6375,A,89.6,52.6,80.3,80.3,58.0,59.9,1.43,3.0,1,0.3289,10.9662,1.2584,1.0855,1.6028,8.7107,18.0,-0.0,-0.0,-0.0,-0.0,2.9789,100.0,97.0,0.345,0.0912,0.0223,0.3762,66,continuous_power,False,1,97.0,4,3.0,,0.0,0.0,0.0,100.0,16.1,13.8,0|0|0|0|0
2025-11-10,ASIANPAINT.NS,A_breakout_40d,2650.3999,2472.974,2372.3985,2613.8,1706880,1040223.95,2650.3999,2623.8959,2676.9039,7.0,2464.8719,A,71.2,61.2,72.8,73.1,58.0,59.9,0.2,0.81,1,1.4003,7.1746,0.0,1.3099,0.3099,11.7892,18.0,-0.0,-0.0,-0.0,-0.0,2.9789,99.1,96.1,0.345,0.0912,0.0,0.3762,66,continuous_power,False,1,96.1,4,3.0,,0.0,0.0,0.0,99.1,34.9,31.1,0|0|0|0|0
2025-11-11,BEL.NS,A_breakout_40d,427.3,403.3,354.4503,426.1,24889361,15668194.85,428.15,423.8685,432.4315,7.0,398.1795,A,100.0,52.3,71.8,60.8,58.0,59.9,1.16,3.0,0,0.2816,5.9509,0.072,1.2469,0.6061,6.2078,18.0,-0.0,-0.0,-0.0,-0.0,2.9789,100.0,97.0,0.345,0.1233,0.0229,0.3762,66,continuous_power,False,1,97.0,4,3.0,,0.0,0.0,0.0,100.0,52.3,31.2,0|0|0|0|0
2025-11-12,ADANIPORTS.NS,A_breakout_40d,1506.9,1417.1,1315.8542,1479.5,4641466,2556758.75,1515.0,1499.85,1530.15,7.0,1408.95,A,88.5,64.8,76.3,68.3,58.0,59.9,0.98,3.0,0,1.852,6.3369,0.1763,1.2942,1.096,8.8721,18.0,-0.0,-0.0,-0.0,-0.0,1.4702,100.0,97.0,0.3111,0.1154,0.0229,0.3646,69,continuous_power,False,1,97.0,4,3.0,,0.0,0.0,0.0,100.0,36.9,31.1,0|0|0|0|0
2025-11-12,ASIANPAINT.NS,A_breakout_40d,2769.8,2481.362,2376.829,2657.2,2859196,1132755.55,2858.8999,2830.3109,2887.4889,7.0,2658.7769,A,72.0,83.9,90.5,80.6,58.0,59.9,0.66,2.62,2,4.2375,11.6242,0.1054,3.6611,2.7665,19.0354,18.0,-0.0,-0.0,-0.0,-0.0,1.4702,100.0,97.0,0.3111,0.0912,0.0229,0.349,69,continuous_power,False,1,97.0,4,3.0,,0.0,0.0,0.0,100.0,13.6,13.8,0|0|0|0|0
2025-11-13,ASIANPAINT.NS,A_breakout_40d,2879.3999,2487.546,2379.9155,2769.8,5933630,1411769.8,2865.1001,2836.4491,2893.7511,7.0,2664.5431,A,72.6,81.7,100.0,84.8,58.0,59.9,0.83,3.0,2,3.957,15.7526,3.2168,0.9633,5.1534,22.8568,18.0,-0.0,-0.0,-0.0,-0.0,1.4702,100.0,97.0,0.3111,0.0815,0.0403,0.349,69,continuous_power,False,1,97.0,4,3.0,,0.0,0.0,0.0,100.0,25.9,31.1,0|0|0|0|0
2025-11-14,ASIANPAINT.NS,A_breakout_40d,2906.3999,2494.874,2383.0657,2879.3999,2494076,1498791.6,2906.3999,2877.3359,2935.4639,7.0,2702.9519,A,73.5,57.5,73.3,85.6,58.0,59.9,1.02,3.0,3,0.9377,16.4949,-0.4966,0.7821,2.2518,20.4669,18.0,-0.0,-0.0,-0.0,-0.0,2.9789,100.0,97.0,0.345,0.0815,0.0049,0.3762,66,continuous_power,False,1,97.0,4,3.0,,0.0,0.0,0.0,100.0,32.4,31.1,0|0|0|0|0
2025-11-17,HEROMOTOCO.NS,A_breakout_40d,5798.5,5465.06,4493.1292,5646.5,1770568,605351.05,5820.0,5761.8,5878.2,7.0,5412.6,A,100.0,71.5,98.5,67.2,58.0,59.9,0.63,2.52,0,2.6919,6.1013,0.9118,1.7841,2.1095,11.6899,18.0,-0.0,-0.0,-0.0,-0.0,1.4702,100.0,97.0,0.3111,0.1233,0.052,0.349,69,continuous_power,False,1,97.0,4,3.0,,0.0,0.0,0.0,100.0,48.3,31.2,0|0|0|0|0
2025-11-18,AXISBANK.NS,A_breakout_40d,1265.4,1180.91,1128.7125,1258.8,10175969,5592294.15,1268.0,1255.32,1280.68,7.0,1179.24,A,73.1,54.2,76.4,69.0,58.0,59.9,1.61,3.0,0,0.5243,7.1547,0.032,1.5146,0.8325,6.4043,18.0,-0.0,-0.0,-0.0,-0.0,1.4702,100.0,97.0,0.3111,0.0815,0.0223,0.3646,69,continuous_power,False,1,97.0,4,3.0,,0.0,0.0,0.0,100.0,40.9,31.1,0|0|0|0|0
2025-11-18,HEROMOTOCO.NS,A_breakout_40d,5799.5,5474.03,4502.047,5798.5,1182455,642713.6,5851.0,5792.49,5909.51,7.0,5441.43,A,100.0,50.1,76.8,67.3,58.0,59.9,0.68,2.7,1,0.0172,5.9457,0.3708,0.6896,1.5579,8.8031,18.0,-0.0,-0.0,-0.0,-0.0,2.9789,100.0,97.0,0.345,0.1154,0.0229,0.3762,66,continuous_power,False,1,97.0,4,3.0,,0.0,0.0,0.0,100.0,48.3,31.2,0|0|0|0|0
2025-11-19,TITAN.NS,A_breakout_40d,3933.1001,3625.76,3453.5778,3879.2,1578123,923302.9,3950.0,3910.5,3989.5,7.0,3673.5,A,74.9,61.1,74.2,73.5,58.0,59.9,0.59,2.36,0,1.3895,8.4766,0.0954,1.1918,0.2872,7.9379,18.0,-0.0,-0.0,-0.0,-0.0,2.9789,100.0,97.0,0.345,0.0912,0.0049,0.3762,66,continuous_power,False,1,97.0,4,3.0,,0.0,0.0,0.0,100.0,38.9,31.1,0|0|0|0|0
2025-11-20,EICHERMOT.NS,A_breakout_40d,7125.5,6921.68,5827.082,7047.0,857232,495971.65,7125.5,7054.245,7196.755,7.0,6626.715,A,100.0,58.9,74.6,62.6,58.0,59.9,0.52,2.08,0,1.1139,2.9447,0.1378,1.6434,0.8196,7.1365,18.0,-0.0,-0.0,-0.0,-0.0,2.9789,100.0,97.0,0.345,0.1233,0.0223,0.3762,66,continuous_power,False,1,97.0,4,3.0,,0.0,0.0,0.0,100.0,52.3,31.2,0|0|0|0|0
2025-11-20,HEROMOTOCO.NS,A_breakout_40d,5999.5,5495.43,4520.933,5876.5,1276202,732823.7,5970.0,5910.3,6029.7,7.0,5552.1,A,100.0,66.7,74.8,73.9,58.0,59.9,0.81,3.0,2,2.0931,9.1725,1.2507,0.8631,1.8723,13.3192,18.0,-0.0,-0.0,-0.0,-0.0,2.9789,100.0,97.0,0.345,0.1233,0.0229,0.3762,66,continuous_power,False,1,97.0,4,3.0,,0.0,0.0,0.0,100.0,34.9,31.1,0|0|0|0|0
2025-11-20,RELIANCE.NS,A_breakout_40d,1549.1,1432.506,1376.9278,1519.4,18171724,10770469.15,1541.0,1525.59,1556.41,7.0,1433.13,A,70.2,65.6,73.7,75.2,58.0,59.9,1.09,3.0,0,1.9547,8.1392,0.7308,1.1993,0.9301,8.0883,18.0,-0.0,-0.0,-0.0,-0.0,1.4702,100.0,97.0,0.3111,0.0815,0.0223,0.3646,69,continuous_power,False,1,97.0,4,3.0,,0.0,0.0,0.0,100.0,18.1,13.8,0|0|0|0|0
2025-11-24,EICHERMOT.NS,A_breakout_40d,7258.5,6935.32,5847.2538,7134.5,1229296,556969.75,7258.5,7185.915,7331.085,7.0,6750.405,A,100.0,63.9,84.1,67.4,58.0,59.9,0.49,1.97,1,1.738,4.6599,0.2383,0.9847,0.2383,10.0318,18.0,-0.0,-0.0,-0.0,-0.0,2.9789,100.0,97.0,0.345,0.1233,0.0229,0.3762,66,continuous_power,False,1,97.0,4,3.0,,0.0,0.0,0.0,100.0,48.3,31.2,0|0|0|0|0
2025-11-26,BANKBEES.NS,A_breakout_40d,614.22,588.8826,561.6929,611.65,916895,559842.85,614.91,608.7609,621.0591,7.0,571.8663,A,74.2,53.4,72.8,72.3,58.0,59.9,0.81,3.0,0,0.4202,4.3026,0.4205,1.2541,0.6746,3.4982,18.0,-0.0,-0.0,-0.0,-0.0,1.9759,100.0,97.0,0.3235,0.0815,0.0223,0.3762,68,continuous_power,False,1,97.0,4,3.0,,0.0,0.0,0.0,100.0,20.1,13.8,0|0|0|0|0
2025-11-26,SIEMENS.NS,A_breakout_40d,3318.8,3163.156,3101.6326,3251.7,1149408,414624.75,3310.0,3276.9,3343.1,7.0,3078.3,A,59.9,66.5,95.4,66.2,58.0,59.9,0.13,0.54,0,2.0635,4.9205,0.437,1.9705,2.1663,9.8859,18.0,-0.0,-0.0,-0.0,-0.0,1.4702,94.8,93.3,0.3111,0.0815,0.0223,0.349,69,continuous_power,False,1,93.3,3,1.5,,0.0,0.0,0.0,94.8,48.3,31.2,0|0|0|0|0
2025-11-27,BANKBEES.NS,A_breakout_40d,615.7,589.8684,562.2422,614.22,908640,568997.5,612.01,605.8899,618.1301,7.0,569.1693,A,74.6,51.9,71.9,73.5,58.0,59.9,0.8,3.0,1,0.241,4.3792,0.1123,0.8413,0.5845,3.5589,18.0,-0.0,-0.0,-0.0,-0.0,2.9789,100.0,97.0,0.345,0.0815,0.0223,0.3762,66,continuous_power,False,1,97.0,4,3.0,,0.0,0.0,0.0,100.0,20.1,13.8,0|0|0|0|0
2025-11-27,SUNPHARMA.NS,A_breakout_40d,1810.3,1687.94,1684.2105,1804.9,2902053,1848749.45,1810.3,1792.197,1828.403,7.0,1683.579,A,51.1,52.4,71.4,76.3,58.0,59.9,1.13,3.0,0,0.2992,7.2491,-0.1551,0.5674,0.2892,6.0256,18.0,-0.0,-0.0,-0.0,-0.0,1.4702,100.0,97.0,0.3111,0.0815,0.0,0.3525,69,continuous_power,False,1,97.0,4,3.0,,0.0,0.0,0.0,100.0,38.9,31.1,0|0|0|0|0
2025-12-01,ADANIPORTS.NS,A_breakout_40d,1530.5,1451.78,1341.6692,1516.9,4059126,2277910.65,1528.1,1512.819,1543.381,7.0,1421.133,A,91.0,57.2,75.6,67.8,58.0,59.9,0.76,3.0,0,0.8966,5.4223,0.8636,1.0148,1.0583,5.8332,18.0,-0.0,-0.0,-0.0,-0.0,2.9789,100.0,97.0,0.345,0.1154,0.0229,0.3762,66,continuous_power,False,1,97.0,4,3.0,,0.0,0.0,0.0,100.0,40.9,31.1,0|0|0|0|0
2025-12-01,TVSMOTOR.NS,A_breakout_40d,3661.8,3506.66,2958.9282,3658.3,1616247,958640.05,3659.8,3623.202,3696.398,7.0,3403.614,A,100.0,50.8,73.7,67.8,58.0,59.9,0.12,0.49,0,0.0957,4.4242,0.5239,1.7492,1.3362,7.6843,18.0,-0.0,-0.0,-0.0,-0.0,2.9789,92.6,89.6,0.345,0.1233,0.0223,0.3762,66,continuous_power,False,1,89.6,4,3.0,,0.0,0.0,0.0,92.6,40.9,31.1,0|0|0|0|0
2025-12-02,SIEMENS.NS,A_breakout_40d,3361.0,3163.802,3103.0311,3318.8,744346,455296.95,3372.1001,3338.3791,3405.8211,7.0,3136.0531,A,59.8,60.2,72.7,68.1,58.0,59.9,0.09,0.38,1,1.2715,6.2329,0.0,1.1786,0.771,8.6873,18.0,-0.0,-0.0,-0.0,-0.0,1.4702,83.1,81.6,0.3111,0.0815,0.0223,0.349,69,continuous_power,False,1,81.6,3,1.5,,0.0,0.0,0.0,83.1,36.9,31.1,0|0|0|0|0
2025-12-05,INDUSTOWER.NS,A_breakout_40d,415.7,378.116,371.9822,412.35,9654037,4931380.95,414.0,409.86,418.14,7.0,385.02,A,58.2,56.5,79.2,66.3,58.0,59.9,1.29,3.0,0,0.8124,9.9398,-0.2736,1.9896,1.2809,8.022,18.0,-0.0,-0.0,-0.0,-0.0,1.4702,100.0,97.0,0.3111,0.0815,0.0223,0.349,69,continuous_power,False,1,97.0,4,3.0,,0.0,0.0,0.0,100.0,50.3,31.2,0|0|0|0|0
2025-12-12,GOLDBEES.NS,A_breakout_40d,109.61,102.8134,86.3524,108.11,42813407,25405872.0,110.45,109.3455,111.5545,7.0,102.7185,A,100.0,61.1,73.7,70.0,58.0,59.9,1.22,3.0,0,1.3875,6.6106,0.9799,1.3875,1.7826,8.2,18.0,-0.0,-0.0,-0.0,-0.0,2.9789,100.0,97.0,0.345,0.1233,0.0229,0.3762,66,continuous_power,False,1,97.0,4,3.0,,0.0,0.0,0.0,100.0,38.9,31.1,0|0|0|0|0
2025-12-12,VEDL.NS,A_breakout_40d,543.6,504.392,455.254,538.4,18629112,9509924.8,540.95,535.5405,546.3595,7.0,503.0835,A,100.0,57.7,79.2,64.3,58.0,59.9,1.4,3.0,0,0.9658,7.7733,1.1247,0.8907,1.6321,9.3634,18.0,-0.0,-0.0,-0.0,-0.0,1.8275,100.0,97.0,0.32,0.1233,0.0403,0.3762,68,continuous_power,False,1,97.0,4,3.0,,0.0,0.0,0.0,100.0,48.3,31.2,0|0|0|0|0
2025-12-15,GOLDBEES.NS,A_breakout_40d,110.95,103.1154,86.5435,109.61,44275839,26228807.2,109.46,108.3654,110.5546,7.0,101.7978,A,100.0,59.8,73.8,72.8,58.0,59.9,1.28,3.0,1,1.2225,7.5979,0.7664,1.0855,1.809,9.7392,18.0,-0.0,-0.0,-0.0,-0.0,2.9789,100.0,97.0,0.345,0.1233,0.0229,0.3762,66,continuous_power,False,1,97.0,4,3.0,,0.0,0.0,0.0,100.0,34.9,31.1,0|0|0|0|0
2025-12-16,VEDL.NS,A_breakout_40d,569.5,508.054,456.49,549.4,34011443,11280230.7,580.0,574.2,585.8,7.0,539.4,A,100.0,79.3,100.0,72.5,58.0,59.9,1.66,3.0,1,3.6585,12.0944,-0.2548,1.9621,0.9621,18.5155,18.0,-0.0,-0.0,-0.0,-0.0,1.4702,100.0,97.0,0.3111,0.1233,0.052,0.349,69,continuous_power,False,1,97.0,4,3.0,,0.0,0.0,0.0,100.0,43.8,31.2,0|0|0|0|0
2025-12-17,SILVERBEES.NS,A_breakout_40d,192.16,156.1278,117.0541,184.87,63395449,41309668.55,194.79,192.8421,196.7379,7.0,181.1547,A,100.0,81.5,70.7,81.2,58.0,59.9,3.13,3.0,0,3.9433,23.0787,2.8751,0.7946,2.8751,24.4021,18.0,-0.0,-0.0,-0.0,-0.0,2.9789,100.0,97.0,0.345,0.1233,0.0229,0.3762,66,continuous_power,False,1,97.0,4,3.0,,0.0,0.0,0.0,100.0,27.9,31.1,0|0|0|0|0
2025-12-17,VEDL.NS,A_breakout_40d,569.8,510.034,457.2247,569.5,30344596,12596983.25,569.7,564.003,575.397,7.0,529.821,A,100.0,50.4,88.2,72.6,58.0,59.9,1.74,3.0,2,0.0527,11.718,1.8437,0.9822,2.5172,12.791,18.0,-0.0,-0.0,-0.0,-0.0,1.4702,100.0,97.0,0.3111,0.1154,0.0403,0.3646,69,continuous_power,False,1,97.0,4,3.0,,0.0,0.0,0.0,100.0,41.8,31.2,0|0|0|0|0
2025-12-18,SHRIRAMFIN.NS,A_breakout_40d,869.45,787.244,679.7235,867.65,12481529,7254544.5,869.0,860.31,877.69,7.0,808.17,A,100.0,51.7,74.4,65.8,58.0,59.9,2.7,3.0,0,0.2075,10.4423,0.4976,0.7232,1.1246,6.394,18.0,-0.0,-0.0,-0.0,-0.0,2.9789,100.0,97.0,0.345,0.1154,0.0229,0.3762,66,continuous_power,False,1,97.0,4,3.0,,0.0,0.0,0.0,100.0,52.3,31.2,0|0|0|0|0
2025-12-19,SHRIRAMFIN.NS,A_breakout_40d,901.7,791.94,681.198,869.45,35297309,8827847.75,919.0,909.81,928.19,7.0,854.67,A,100.0,79.7,100.0,72.8,58.0,59.9,2.7,3.0,1,3.7092,13.8596,-0.0518,2.596,1.9443,15.9234,18.0,-0.0,-0.0,-0.0,-0.0,1.4702,100.0,97.0,0.3111,0.1233,0.052,0.349,69,continuous_power,False,1,97.0,4,3.0,,0.0,0.0,0.0,100.0,46.3,31.2,0|0|0|0|0
2025-12-22,GOLDBEES.NS,A_breakout_40d,111.39,104.2228,87.4877,110.95,66926289,30124085.45,112.52,111.3948,113.6452,7.0,104.6436,A,100.0,53.2,84.4,70.2,58.0,59.9,1.07,3.0,0,0.3966,6.8768,0.8013,0.8818,0.8013,5.4258,18.0,-0.0,-0.0,-0.0,-0.0,1.4702,100.0,97.0,0.3111,0.1154,0.0403,0.3762,69,continuous_power,False,1,97.0,4,3.0,,0.0,0.0,0.0,100.0,40.9,31.1,0|0|0|0|0
2025-12-22,INFY.NS,A_breakout_40d,1689.6,1538.902,1538.742,1638.7,23098923,8098297.7,1679.0,1662.21,1695.79,7.0,1561.47,A,50.1,74.8,97.0,75.2,58.0,59.9,1.0,3.0,0,3.1061,9.7926,1.5439,1.0091,2.5513,13.3911,18.0,-0.0,-0.0,-0.0,-0.0,0.0,100.0,100.0,0.2294,0.0815,0.0223,0.2943,77,continuous_power,False,1,100.0,3,1.5,,0.0,0.0,0.0,100.0,43.3,31.2,0|0|0|0|0
2025-12-22,SHRIRAMFIN.NS,A_breakout_40d,934.85,797.256,682.7857,901.7,31894463,10015541.95,938.7,929.313,948.087,7.0,872.991,A,100.0,79.4,100.0,77.9,58.0,59.9,2.83,3.0,2,3.6764,17.2584,1.9186,1.3072,3.343,20.4309,18.0,-0.0,-0.0,-0.0,-0.0,1.4702,100.0,97.0,0.3111,0.1233,0.052,0.349,69,continuous_power,False,1,97.0,4,3.0,,0.0,0.0,0.0,100.0,39.3,31.2,0|0|0|0|0
2025-12-22,SILVERBEES.NS,A_breakout_40d,199.95,159.0748,118.5925,193.26,70597242,45915195.5,202.0,199.98,204.02,7.0,187.86,A,100.0,77.7,70.8,83.6,58.0,59.9,3.17,3.0,1,3.4617,25.6956,2.3733,0.7957,2.3733,23.9847,18.0,-0.0,-0.0,-0.0,-0.0,2.9789,100.0,97.0,0.345,0.1233,0.0223,0.3762,66,continuous_power,False,1,97.0,4,3.0,,0.0,0.0,0.0,100.0,9.1,13.8,0|0|0|0|0
2025-12-26,SILVERBEES.NS,A_breakout_40d,219.85,162.2038,120.3748,209.23,80430683,50994906.55,235.21,232.8579,237.5621,7.0,218.7453,A,100.0,90.6,71.5,89.3,58.0,59.9,3.24,3.0,1,5.0758,35.5394,3.5846,1.0935,6.3353,35.8546,18.0,-0.0,-0.0,-0.0,-0.0,2.9789,100.0,97.0,0.345,0.1233,0.0229,0.3762,66,continuous_power,False,1,97.0,4,3.0,,0.0,0.0,0.0,100.0,5.6,13.8,0|0|0|0|0
2025-12-26,TITAN.NS,A_breakout_40d,3992.0,3827.5,3530.7593,3933.8,1113050,683193.4,4010.0,3969.9,4050.1,7.0,3729.3,A,92.0,61.8,72.6,66.7,58.0,59.9,1.04,3.0,0,1.4795,4.2978,-0.0102,1.7651,0.7651,5.614,18.0,-0.0,-0.0,-0.0,-0.0,2.9789,100.0,97.0,0.345,0.1154,0.0229,0.3762,66,continuous_power,False,1,97.0,4,3.0,,0.0,0.0,0.0,100.0,40.9,31.1,0|0|0|0|0
2025-12-30,BAJAJ-AUTO.NS,A_breakout_40d,9282.0,8995.66,8552.25,9170.0,464922,297574.65,9320.0,9226.8,9413.2,7.0,8667.6,A,75.9,59.8,71.2,61.1,58.0,59.9,0.1,0.39,0,1.2214,3.1831,0.0,1.8825,0.9211,4.6305,18.0,-0.0,-0.0,-0.0,-0.0,2.9789,97.0,94.0,0.345,0.1154,0.0,0.3762,66,continuous_power,False,1,94.0,4,3.0,,0.0,0.0,0.0,97.0,52.3,31.2,0|0|0|0|0
2025-12-30,HINDALCO.NS,A_breakout_40d,884.15,821.44,717.904,872.9,15280248,5011060.3,886.4,877.536,895.264,7.0,824.352,A,100.0,60.3,100.0,69.8,58.0,59.9,1.24,3.0,0,1.2888,7.6342,0.3468,1.3739,2.1506,8.1556,18.0,-0.0,-0.0,-0.0,-0.0,1.4702,100.0,97.0,0.3111,0.1154,0.052,0.349,69,continuous_power,False,1,97.0,4,3.0,,0.0,0.0,0.0,100.0,50.3,31.2,0|0|0|0|0
2025-12-30,SHRIRAMFIN.NS,A_breakout_40d,979.4,826.563,691.1155,973.7,17757531,10957991.4,983.0,973.17,992.83,7.0,914.19,A,100.0,54.7,72.4,77.6,58.0,59.9,3.68,3.0,0,0.5854,18.4907,0.5704,0.9086,0.7709,14.1058,18.0,-0.0,-0.0,-0.0,-0.0,2.9789,100.0,97.0,0.345,0.1154,0.0223,0.3762,66,continuous_power,False,1,97.0,4,3.0,,0.0,0.0,0.0,100.0,34.9,31.1,0|0|0|0|0
2025-12-31,BPCL.NS,A_breakout_40d,384.0,361.408,327.7612,375.45,12051156,5630839.3,386.4,382.536,390.264,7.0,359.352,A,100.0,68.2,82.8,67.7,58.0,59.9,0.99,3.0,0,2.2773,6.2511,0.0,2.0768,1.1579,10.5345,18.0,-0.0,-0.0,-0.0,-0.0,1.4702,100.0,97.0,0.3111,0.1233,0.0414,0.3646,69,continuous_power,False,1,97.0,4,3.0,,0.0,0.0,0.0,100.0,48.3,31.2,0|0|0|0|0
2025-12-31,TITAN.NS,A_breakout_40d,4051.5,3850.404,3544.6695,3992.0,1358731,779805.35,4063.7,4023.063,4104.337,7.0,3779.241,A,93.1,61.9,74.8,70.5,58.0,59.9,1.04,3.0,1,1.4905,5.2227,0.2491,1.5071,0.7562,6.9061,18.0,-0.0,-0.0,-0.0,-0.0,2.9789,100.0,97.0,0.345,0.1154,0.0229,0.3762,66,continuous_power,False,1,97.0,4,3.0,,0.0,0.0,0.0,100.0,40.9,31.1,0|0|0|0|0
2026-01-01,INDUSTOWER.NS,A_breakout_40d,435.8,401.041,379.1272,423.9,17970341,6858738.4,438.0,433.62,442.38,7.0,407.34,A,78.9,72.5,92.4,69.5,58.0,59.9,2.0,3.0,0,2.8073,8.6672,0.5493,1.7796,2.536,10.7925,18.0,-0.0,-0.0,-0.0,-0.0,1.4702,100.0,97.0,0.3111,0.0912,0.0414,0.349,69,continuous_power,False,1,97.0,4,3.0,,0.0,0.0,0.0,100.0,48.3,31.2,0|0|0|0|0
2026-01-02,BANKBEES.NS,A_breakout_40d,619.91,607.5207,575.7488,616.86,879504,566752.7,623.98,617.7402,630.2198,7.0,580.3014,A,77.6,54.0,71.0,66.8,58.0,59.9,0.38,1.51,0,0.4944,2.0393,0.4388,1.3128,1.0713,3.0388,18.0,-0.0,-0.0,-0.0,-0.0,2.9789,100.0,97.0,0.345,0.1084,0.0049,0.3762,66,continuous_power,False,1,97.0,4,3.0,,0.0,0.0,0.0,100.0,40.9,31.1,0|0|0|0|0
2026-01-02,INDUSINDBK.NS,A_breakout_40d,902.45,835.012,795.079,890.2,6250730,3208686.7,905.0,895.95,914.05,7.0,841.65,A,75.1,61.0,79.0,70.4,58.0,59.9,1.43,3.0,0,1.3761,8.0763,0.6515,1.0259,1.129,12.2208,18.0,-0.0,-0.0,-0.0,-0.0,1.4702,98.5,97.0,0.3111,0.0904,0.0223,0.3525,69,continuous_power,False,1,97.0,3,1.5,,0.0,0.0,0.0,98.5,46.3,31.2,0|0|0|0|0
2026-01-02,INDUSTOWER.NS,A_breakout_40d,442.05,402.676,379.7142,435.8,11982152,7281054.0,439.3,434.907,443.693,7.0,408.549,A,80.2,61.5,72.9,72.3,58.0,59.9,2.0,3.0,1,1.4341,9.7781,0.5048,1.2049,1.6399,11.6589,18.0,-0.0,-0.0,-0.0,-0.0,2.9789,100.0,97.0,0.345,0.0912,0.0223,0.3762,66,continuous_power,False,1,97.0,4,3.0,,0.0,0.0,0.0,100.0,34.9,31.1,0|0|0|0|0
2026-01-02,TVSMOTOR.NS,A_breakout_40d,3847.8,3574.108,3106.9515,3794.3999,1002294,545151.55,3863.0,3824.37,3901.63,7.0,3592.59,A,100.0,61.3,76.8,68.7,58.0,59.9,0.26,1.02,0,1.4073,7.6576,1.2808,0.9727,1.6897,10.881,18.0,-0.0,-0.0,-0.0,-0.0,2.9789,98.8,95.8,0.345,0.1233,0.0223,0.3762,66,continuous_power,False,1,95.8,4,3.0,,0.0,0.0,0.0,98.8,36.9,31.1,0|0|0|0|0
2026-01-05,NESTLEIND.NS,A_breakout_40d,1314.6,1262.118,1200.9647,1295.0,2397082,964305.5,1319.0,1305.81,1332.19,7.0,1226.67,A,75.5,62.1,89.7,69.1,58.0,59.9,0.06,0.25,0,1.5135,4.1582,-0.0547,2.0,1.0725,7.2977,18.0,-0.0,-0.0,-0.0,-0.0,2.9789,100.0,97.0,0.345,0.1154,0.0,0.3762,66,continuous_power,False,1,97.0,4,3.0,,0.0,0.0,0.0,100.0,52.3,31.2,0|0|0|0|0
2026-01-05,SBIN.NS,A_breakout_40d,1005.55,964.301,849.751,998.95,11259060,6932004.8,1007.95,997.8705,1018.0295,7.0,937.3935,A,100.0,55.3,72.5,70.8,58.0,59.9,0.92,3.0,0,0.6607,4.2776,0.1051,1.3537,1.3706,6.0848,18.0,-0.0,-0.0,-0.0,-0.0,2.9789,100.0,97.0,0.345,0.1154,0.0229,0.3762,66,continuous_power,False,1,97.0,4,3.0,,0.0,0.0,0.0,100.0,40.9,31.1,0|0|0|0|0
2026-01-06,AXISBANK.NS,A_breakout_40d,1293.8,1254.47,1171.8595,1290.2,6751769,4042013.45,1293.0,1280.07,1305.93,7.0,1202.49,A,85.2,52.2,73.4,64.8,58.0,59.9,0.36,1.45,0,0.279,3.1352,1.4621,1.1805,2.046,4.7586,18.0,-0.0,-0.0,-0.0,-0.0,2.9789,100.0,97.0,0.345,0.1154,0.0049,0.3762,66,continuous_power,False,1,97.0,4,3.0,,0.0,0.0,0.0,100.0,40.9,31.1,0|0|0|0|0
2026-01-06,BAJAJ-AUTO.NS,A_breakout_40d,9661.0,9036.57,8603.1142,9558.0,503002,326617.7,9668.0,9571.32,9764.68,7.0,8991.24,A,75.2,58.6,70.8,70.4,58.0,59.9,0.45,1.82,0,1.0776,6.91,0.816,1.2957,1.4168,7.9639,18.0,-0.0,-0.0,-0.0,-0.0,2.9789,100.0,97.0,0.345,0.0912,0.0049,0.3762,66,continuous_power,False,1,97.0,4,3.0,,0.0,0.0,0.0,100.0,40.9,31.1,0|0|0|0|0
2026-01-06,HINDALCO.NS,A_breakout_40d,942.25,833.847,723.6475,931.7,10369133,5306847.55,951.05,941.5395,960.5605,7.0,884.4765,A,100.0,59.1,79.1,81.2,58.0,59.9,1.51,3.0,0,1.1323,13.0003,0.4615,1.8048,1.7805,14.2244,18.0,-0.0,-0.0,-0.0,-0.0,2.9789,100.0,97.0,0.345,0.1154,0.0223,0.3762,66,continuous_power,False,1,97.0,4,3.0,,0.0,0.0,0.0,100.0,16.1,13.8,0|0|0|0|0
2026-01-06,INDUSINDBK.NS,A_breakout_40d,914.25,841.003,797.4013,902.45,8308942,3480536.5,914.5,905.355,923.645,7.0,850.485,A,77.3,60.5,87.7,72.3,58.0,59.9,1.66,3.0,1,1.3076,8.7095,-0.2167,1.8226,1.0204,11.3579,18.0,-0.0,-0.0,-0.0,-0.0,1.4702,98.5,97.0,0.3111,0.0839,0.0229,0.349,69,continuous_power,False,1,97.0,3,1.5,,0.0,0.0,0.0,98.5,46.3,31.2,0|0|0|0|0
2026-01-07,BRITANNIA.NS,A_breakout_40d,6185.0,5939.38,5708.7148,6129.5,437361,226933.95,6155.0,6093.45,6216.55,7.0,5724.15,A,70.2,57.2,78.5,65.8,58.0,59.9,0.05,0.21,0,0.9055,4.1354,1.1502,1.1569,2.2297,5.854,18.0,-0.0,-0.0,-0.0,-0.0,2.9789,98.7,95.7,0.345,0.0912,0.0,0.3762,66,continuous_power,False,1,95.7,4,3.0,,0.0,0.0,0.0,98.7,52.3,31.2,0|0|0|0|0
2026-01-07,TITAN.NS,A_breakout_40d,4273.2002,3887.854,3571.947,4111.7998,3496340,896200.8,4273.2002,4230.4682,4315.9322,7.0,3974.0762,A,94.2,81.4,100.0,83.3,58.0,59.9,0.97,3.0,0,3.9253,9.9115,2.7531,1.7405,3.4936,15.2608,18.0,-0.0,-0.0,-0.0,-0.0,1.4702,100.0,97.0,0.3111,0.1154,0.0414,0.349,69,continuous_power,False,1,97.0,4,3.0,,0.0,0.0,0.0,100.0,11.6,13.8,0|0|0|0|0
2026-01-12,COALINDIA.NS,A_breakout_40d,432.3,390.15,389.7925,431.65,14407896,8744744.05,434.0,429.66,438.34,7.0,403.62,A,50.5,51.2,73.0,71.7,58.0,59.9,0.95,3.0,0,0.1506,10.8035,0.1315,1.5909,0.8062,7.7804,18.0,-0.0,-0.0,-0.0,-0.0,1.4702,100.0,97.0,0.3111,0.0815,0.0049,0.3525,69,continuous_power,False,1,97.0,4,3.0,,0.0,0.0,0.0,100.0,38.9,31.1,0|0|0|0|0
2026-01-12,GOLDBEES.NS,A_breakout_40d,116.76,107.045,90.3,114.31,70988427,45095141.2,116.98,115.8102,118.1498,7.0,108.7914,A,100.0,67.1,71.5,71.8,58.0,59.9,1.33,3.0,0,2.1433,9.0756,1.8396,1.0105,2.4549,9.7869,18.0,-0.0,-0.0,-0.0,-0.0,2.9789,100.0,97.0,0.345,0.1233,0.0229,0.3762,66,continuous_power,False,1,97.0,4,3.0,,0.0,0.0,0.0,100.0,32.4,31.1,0|0|0|0|0
2026-01-13,SBIN.NS,A_breakout_40d,1028.45,974.292,857.717,1018.9,11016895,7068863.8,1030.0,1019.7,1040.3,7.0,957.9,A,100.0,57.5,71.2,70.6,58.0,59.9,0.8,3.0,0,0.9373,5.5587,0.7536,0.9224,1.6333,6.6864,18.0,-0.0,-0.0,-0.0,-0.0,2.9789,100.0,97.0,0.345,0.1233,0.0229,0.3762,66,continuous_power,False,1,97.0,4,3.0,,0.0,0.0,0.0,100.0,40.9,31.1,0|0|0|0|0
2026-01-14,AXISBANK.NS,A_breakout_40d,1298.8,1259.17,1178.1705,1295.5,7776704,4527397.25,1298.8,1285.812,1311.788,7.0,1207.884,A,84.4,52.0,74.4,61.5,58.0,59.9,0.31,1.23,0,0.2547,3.1473,-0.5547,2.5708,1.8508,4.168,18.0,-0.0,-0.0,-0.0,-0.0,2.9789,100.0,97.0,0.345,0.1154,0.0049,0.3762,66,continuous_power,False,1,97.0,4,3.0,,0.0,0.0,0.0,100.0,49.3,31.2,0|0|0|0|0
2026-01-14,GOLDBEES.NS,A_breakout_40d,118.01,107.7312,90.7372,116.76,77320821,47913176.85,118.01,116.8299,119.1901,7.0,109.7493,A,100.0,58.6,72.3,73.2,58.0,59.9,1.52,3.0,1,1.0706,9.5412,1.2546,1.0195,1.406,9.6219,18.0,-0.0,-0.0,-0.0,-0.0,2.9789,100.0,97.0,0.345,0.1154,0.0223,0.3762,66,continuous_power,False,1,97.0,4,3.0,,0.0,0.0,0.0,100.0,34.9,31.1,0|0|0|0|0
2026-01-14,INDUSINDBK.NS,A_breakout_40d,944.5,854.086,804.2835,914.25,11559313,4048456.85,944.5,935.055,953.945,7.0,878.385,A,81.0,76.5,97.1,72.1,58.0,59.9,1.25,3.0,0,3.3087,10.5861,0.2691,1.7676,1.3111,15.7471,18.0,-0.0,-0.0,-0.0,-0.0,1.4702,98.5,97.0,0.3111,0.0912,0.0414,0.349,69,continuous_power,False,1,97.0,3,1.5,,0.0,0.0,0.0,98.5,46.3,31.2,0|0|0|0|0
2026-01-14,SILVERBEES.NS,A_breakout_40d,262.81,183.2806,129.162,249.51,137283440,90836922.1,262.81,260.1819,265.4381,7.0,244.4133,A,100.0,92.6,70.2,84.1,58.0,59.9,5.88,3.0,0,5.3304,43.3922,3.6031,0.4331,4.5379,39.4175,18.0,-0.0,-0.0,-0.0,-0.0,2.9789,100.0,97.0,0.345,0.1233,0.0229,0.3762,66,continuous_power,False,1,97.0,4,3.0,,0.0,0.0,0.0,100.0,35.8,31.2,0|0|0|0|0
2026-01-14,TATASTEEL.NS,A_breakout_40d,189.25,173.5994,163.0059,186.2,55907778,27390195.6,189.25,187.3575,191.1425,7.0,176.0025,A,82.5,63.1,80.8,68.3,58.0,59.9,-0.04,0.0,0,1.638,9.0154,0.0,2.007,1.1063,11.8159,18.0,-0.0,-0.0,-0.0,-0.0,2.9789,96.8,93.8,0.345,0.1154,0.0049,0.3762,66,continuous_power,False,1,93.8,4,3.0,,0.0,0.0,0.0,96.8,46.3,31.2,0|0|0|0|0
2026-01-14,VEDL.NS,A_breakout_40d,675.75,555.944,473.3878,637.2,45759805,15557267.7,675.75,668.9925,682.5075,7.0,628.4475,A,100.0,98.4,98.8,81.2,58.0,59.9,2.29,3.0,0,6.0499,21.55,1.538,2.1476,3.104,26.3381,18.0,-0.0,-0.0,-0.0,-0.0,1.4702,100.0,97.0,0.3111,0.1233,0.0598,0.349,69,continuous_power,False,1,97.0,4,3.0,,0.0,0.0,0.0,100.0,29.4,31.1,0|0|0|0|0
2026-01-16,INDUSINDBK.NS,A_breakout_40d,953.85,860.525,807.131,944.5,10345071,4333466.6,947.95,938.4705,957.4295,7.0,881.5935,A,83.1,57.9,87.7,73.8,58.0,59.9,1.63,3.0,1,0.9899,10.8451,0.0529,0.9394,0.0529,12.9945,18.0,-0.0,-0.0,-0.0,-0.0,1.4702,98.5,97.0,0.3111,0.0912,0.0229,0.349,69,continuous_power,False,1,97.0,3,1.5,,0.0,0.0,0.0,98.5,46.3,31.2,0|0|0|0|0
2026-01-16,INFY.NS,A_breakout_40d,1689.8,1589.412,1538.0723,1689.6,19335957,7145468.2,1685.0,1668.15,1701.85,7.0,1567.05,A,66.7,50.1,94.1,65.9,58.0,59.9,0.87,3.0,0,0.0118,6.316,3.9942,1.2883,4.2825,7.7646,18.0,-0.0,-0.0,-0.0,-0.0,1.4702,98.5,97.0,0.3111,0.0815,0.0229,0.3324,69,continuous_power,False,1,97.0,3,1.5,,0.0,0.0,0.0,98.5,43.8,31.2,0|0|0|0|0
2026-01-16,SBIN.NS,A_breakout_40d,1042.3,978.911,861.6662,1028.45,11051580,7104716.15,1035.0,1024.65,1045.35,7.0,962.55,A,100.0,60.8,71.1,74.6,58.0,59.9,0.83,3.0,1,1.3467,6.4755,0.3549,1.2676,0.6225,7.6696,18.0,-0.0,-0.0,-0.0,-0.0,2.9789,100.0,97.0,0.345,0.1233,0.0223,0.3762,66,continuous_power,False,1,97.0,4,3.0,,0.0,0.0,0.0,100.0,20.1,13.8,0|0|0|0|0
2026-01-16,TECHM.NS,A_breakout_40d,1670.5,1548.574,1521.0757,1646.7,3733401,1251456.0,1690.0,1673.1,1706.9,7.0,1571.7,A,59.0,61.6,99.7,65.9,58.0,59.9,1.24,3.0,0,1.4453,7.8734,0.724,2.3871,2.111,9.0171,18.0,-0.0,-0.0,-0.0,-0.0,0.0,100.0,100.0,0.206,0.0815,0.0229,0.2943,79,continuous_power,False,1,100.0,4,3.0,,0.0,0.0,0.0,100.0,48.3,31.2,0|0|0|0|0
2026-01-16,VEDL.NS,A_breakout_40d,682.7,562.851,475.4975,675.75,27743749,14688875.6,684.95,678.1005,691.7995,7.0,637.0035,A,100.0,58.2,77.8,82.3,58.0,59.9,2.82,3.0,1,1.0285,21.2932,0.0,1.3279,0.3279,19.9669,18.0,-0.0,-0.0,-0.0,-0.0,2.9789,100.0,97.0,0.345,0.1154,0.0223,0.3762,66,continuous_power,False,1,97.0,4,3.0,,0.0,0.0,0.0,100.0,32.4,31.1,0|0|0|0|0
2026-01-19,AXISBANK.NS,A_breakout_40d,1307.5,1263.622,1181.19,1298.8,8833223,4545642.15,1306.1,1293.039,1319.161,7.0,1214.673,A,84.9,55.4,78.9,63.2,58.0,59.9,0.5,2.02,1,0.6698,3.4724,0.989,1.3538,1.3865,4.5091,18.0,-0.0,-0.0,-0.0,-0.0,2.9789,100.0,97.0,0.345,0.1154,0.0223,0.3762,66,continuous_power,False,1,97.0,4,3.0,,0.0,0.0,0.0,100.0,52.3,31.2,0|0|0|0|0
2026-01-19,GOLDBEES.NS,A_breakout_40d,121.1,108.8728,91.4202,118.01,91475080,50718448.8,121.99,120.7701,123.2099,7.0,113.4507,A,100.0,70.9,76.1,77.9,58.0,59.9,1.71,3.0,1,2.6184,11.2307,1.1632,2.5201,2.6833,11.7884,18.0,-0.0,-0.0,-0.0,-0.0,2.9789,100.0,97.0,0.345,0.1233,0.0229,0.3762,66,continuous_power,False,1,97.0,4,3.0,,0.0,0.0,0.0,100.0,10.9,8.3,0|0|0|0|0
2026-01-19,TECHM.NS,A_breakout_40d,1718.3,1555.206,1522.576,1670.5,10621562,1692394.45,1715.0,1697.85,1732.15,7.0,1594.95,A,60.7,72.9,100.0,71.3,58.0,59.9,1.47,3.0,1,2.8614,10.487,1.1673,1.6775,3.3226,15.6025,18.0,-0.0,-0.0,-0.0,-0.0,0.0,100.0,100.0,0.2294,0.0815,0.0403,0.2943,77,continuous_power,False,1,100.0,4,3.0,,0.0,0.0,0.0,100.0,46.3,31.2,0|0|0|0|0
2026-01-20,GOLDBEES.NS,A_breakout_40d,125.86,109.356,91.6787,121.1,171440092,55944138.95,127.0,125.73,128.27,7.0,118.11,A,100.0,81.4,100.0,83.4,58.0,59.9,1.85,3.0,2,3.9306,15.092,0.7349,3.2256,4.8388,19.27,18.0,-0.0,-0.0,-0.0,-0.0,1.4702,100.0,97.0,0.3111,0.1154,0.0414,0.349,69,continuous_power,False,1,97.0,4,3.0,,0.0,0.0,0.0,100.0,13.6,13.8,0|0|0|0|0
2026-01-20,SILVERBEES.NS,A_breakout_40d,297.62,194.1536,132.807,282.95,245725046,104184407.4,300.0,297.0,303.0,7.0,279.0,A,100.0,91.5,87.2,89.8,58.0,59.9,7.34,3.0,1,5.1847,53.291,1.8378,1.4355,3.624,47.4028,18.0,-0.0,-0.0,-0.0,-0.0,1.4702,100.0,97.0,0.3111,0.1233,0.0414,0.3762,69,continuous_power,False,1,97.0,4,3.0,,0.0,0.0,0.0,100.0,39.3,31.2,0|0|0|0|0
2026-01-21,GOLDBEES.NS,A_breakout_40d,134.97,109.9896,91.97,125.86,248755481,66087305.6,131.44,130.1256,132.7544,7.0,122.2392,A,100.0,100.0,100.0,89.0,58.0,59.9,2.1,3.0,2,7.2382,22.7116,0.9058,3.2643,5.2425,34.0877,18.0,-0.0,-0.0,-0.0,-0.0,1.4702,100.0,97.0,0.3111,0.1233,0.052,0.349,69,continuous_power,False,1,97.0,4,3.0,,0.0,0.0,0.0,100.0,32.4,31.1,0|0|0|0|0
2026-01-22,DABUR.NS,A_breakout_40d,525.35,509.788,502.9618,524.0,4249013,2027807.95,525.35,520.0965,530.6035,7.0,488.5755,A,56.8,52.1,81.9,61.7,58.0,59.9,-0.1,0.0,0,0.2576,3.0526,0.9299,0.9366,1.2304,4.3415,18.0,-0.0,-0.0,-0.0,-0.0,2.9789,100.0,97.0,0.345,0.0815,0.0,0.3762,66,continuous_power,False,1,97.0,4,3.0,,0.0,0.0,0.0,100.0,52.3,31.2,0|0|0|0|0
2026-01-22,SBIN.NS,A_breakout_40d,1048.35,985.598,866.9335,1042.3,12001641,7765312.2,1051.9,1041.381,1062.419,7.0,978.267,A,100.0,54.6,70.9,70.9,58.0,59.9,0.85,3.0,1,0.5804,6.3669,0.6173,1.3488,1.0896,5.7009,18.0,-0.0,-0.0,-0.0,-0.0,2.9789,100.0,97.0,0.345,0.1154,0.0223,0.3762,66,continuous_power,False,1,97.0,4,3.0,,0.0,0.0,0.0,100.0,22.1,13.8,0|0|0|0|0
2026-01-27,AXISBANK.NS,A_breakout_40d,1315.8,1270.004,1186.4293,1307.5,22715357,6311469.2,1348.0,1334.52,1361.48,7.0,1253.64,A,85.2,55.1,100.0,59.5,58.0,59.9,0.51,2.02,0,0.6348,3.606,2.4483,1.9051,4.214,4.46,18.0,-0.0,-0.0,-0.0,-0.0,1.4702,100.0,97.0,0.3111,0.1154,0.0403,0.349,69,continuous_power,False,1,97.0,4,3.0,,0.0,0.0,0.0,100.0,47.8,31.2,0|0|0|0|0
2026-01-27,HINDALCO.NS,A_breakout_40d,961.85,865.995,742.2825,955.35,10009735,6090915.4,971.05,961.3395,980.7605,7.0,903.0765,A,100.0,55.4,72.9,67.8,58.0,59.9,1.73,3.0,0,0.6804,11.0688,3.6515,1.5601,4.9935,7.8089,18.0,-0.0,-0.0,-0.0,-0.0,2.9789,100.0,97.0,0.345,0.1233,0.0229,0.3762,66,continuous_power,False,1,97.0,4,3.0,,0.0,0.0,0.0,100.0,32.4,31.1,0|0|0|0|0
2026-01-27,JSWSTEEL.NS,A_breakout_40d,1222.0,1145.18,1083.427,1189.8,3808562,1764996.85,1232.0,1219.68,1244.32,7.0,1145.76,A,78.5,71.7,83.2,64.9,58.0,59.9,0.01,0.05,0,2.7063,6.7081,2.3077,1.7728,3.7163,9.7293,18.0,-0.0,-0.0,-0.0,-0.0,2.9789,100.0,97.0,0.345,0.1154,0.0049,0.3762,66,continuous_power,False,1,97.0,4,3.0,,0.0,0.0,0.0,100.0,43.8,31.2,0|0|0|0|0
2026-01-27,SBIN.NS,A_breakout_40d,1053.15,988.814,869.775,1048.35,14420630,8604550.9,1059.4,1048.806,1069.994,7.0,985.242,A,100.0,53.7,73.5,66.8,58.0,59.9,0.84,3.0,1,0.4579,6.5064,0.4468,1.4441,1.5779,5.9496,18.0,-0.0,-0.0,-0.0,-0.0,2.9789,100.0,97.0,0.345,0.1233,0.0229,0.3762,66,continuous_power,False,1,97.0,4,3.0,,0.0,0.0,0.0,100.0,40.9,31.1,0|0|0|0|0
2026-01-27,SILVERBEES.NS,A_breakout_40d,317.85,205.9308,136.9118,310.68,223275742,125583620.3,320.8,317.592,324.008,7.0,298.344,A,100.0,68.5,75.6,75.4,58.0,59.9,7.76,3.0,0,2.3078,54.348,6.0363,0.8847,11.0542,37.7885,18.0,-0.0,-0.0,-0.0,-0.0,2.9789,100.0,97.0,0.345,0.1233,0.0229,0.3762,66,continuous_power,False,1,97.0,4,3.0,,0.0,0.0,0.0,100.0,35.8,31.2,0|0|0|0|0
2026-01-28,AXISBANK.NS,A_breakout_40d,1319.8,1271.408,1187.639,1315.8,15426403,6799127.7,1318.0,1304.82,1331.18,7.0,1225.74,A,85.3,52.4,85.4,60.3,58.0,59.9,0.49,1.98,1,0.304,3.8062,2.4472,1.8546,5.6492,4.3357,18.0,-0.0,-0.0,-0.0,-0.0,1.4702,100.0,97.0,0.3111,0.1154,0.0223,0.3646,69,continuous_power,False,1,97.0,4,3.0,,0.0,0.0,0.0,100.0,47.8,31.2,0|0|0|0|0
2026-01-28,BEL.NS,A_breakout_40d,453.0,406.519,390.4665,418.65,71986647,18017288.2,454.25,449.7075,458.7925,7.0,422.4525,A,70.6,100.0,100.0,72.4,58.0,59.9,-0.12,0.0,0,8.2049,11.4339,0.4928,3.3832,3.8561,23.8354,18.0,-0.0,-0.0,-0.0,-0.0,1.4702,100.0,97.0,0.3111,0.1154,0.0223,0.3646,69,continuous_power,False,1,97.0,4,3.0,,0.0,0.0,0.0,100.0,43.8,31.2,0|0|0|0|0
2026-01-28,COALINDIA.NS,A_breakout_40d,444.05,399.746,391.5955,432.3,17496873,9958969.6,446.0,441.54,450.46,7.0,414.78,A,60.4,71.7,75.1,67.7,58.0,59.9,0.99,3.0,0,2.718,11.083,0.1419,2.1895,1.7663,12.8149,18.0,-0.0,-0.0,-0.0,-0.0,1.4702,100.0,97.0,0.3111,0.0815,0.0223,0.349,69,continuous_power,False,1,97.0,4,3.0,,0.0,0.0,0.0,100.0,48.3,31.2,0|0|0|0|0
2026-01-28,GOLDBEES.NS,A_breakout_40d,135.82,112.094,93.0606,134.97,184193702,89909180.05,143.0,141.57,144.43,7.0,132.99,A,100.0,55.0,81.0,72.7,58.0,59.9,2.5,3.0,0,0.6298,21.1662,0.4184,1.0296,2.2142,21.4439,18.0,-0.0,-0.0,-0.0,-0.0,2.9789,100.0,97.0,0.345,0.1154,0.0229,0.3762,66,continuous_power,False,1,97.0,4,3.0,,0.0,0.0,0.0,100.0,43.8,31.2,0|0|0|0|0
2026-01-28,HINDALCO.NS,A_breakout_40d,998.2,869.816,744.4317,961.85,12615677,5957686.85,1010.25,1000.1475,1020.3525,7.0,939.5325,A,100.0,80.2,82.4,74.5,58.0,59.9,1.83,3.0,1,3.7792,14.7599,0.9565,1.8805,4.7851,16.7515,18.0,-0.0,-0.0,-0.0,-0.0,1.4702,100.0,97.0,0.3111,0.1233,0.0414,0.3762,69,continuous_power,False,1,97.0,4,3.0,,0.0,0.0,0.0,100.0,32.4,31.1,0|0|0|0|0
2026-01-28,VEDL.NS,A_breakout_40d,737.1,586.326,484.7928,705.45,26645434,16146549.3,745.25,737.7975,752.7025,7.0,693.0825,A,100.0,85.9,73.0,85.7,58.0,59.9,3.03,3.0,0,4.4865,25.715,0.8009,1.4961,2.622,26.4198,18.0,-0.0,-0.0,-0.0,-0.0,2.9789,100.0,97.0,0.345,0.1233,0.0229,0.3762,66,continuous_power,False,1,97.0,4,3.0,,0.0,0.0,0.0,100.0,13.6,13.8,0|0|0|0|0
2026-01-29,AXISBANK.NS,A_breakout_40d,1363.7,1273.374,1189.1493,1319.8,16107684,7418957.4,1352.0,1338.48,1365.52,7.0,1257.36,A,85.4,76.6,83.4,67.7,58.0,59.9,0.55,2.2,2,3.3263,7.0934,-0.1364,1.7482,3.0594,14.0952,18.0,-0.0,-0.0,-0.0,-0.0,1.4702,100.0,97.0,0.3111,0.1154,0.0229,0.3646,69,continuous_power,False,1,97.0,4,3.0,,0.0,0.0,0.0,100.0,48.3,31.2,0|0|0|0|0
2026-01-29,COALINDIA.NS,A_breakout_40d,455.75,401.182,392.0013,444.05,16915601,10572515.7,453.95,449.4105,458.4895,7.0,422.1735,A,61.7,71.1,72.0,72.0,58.0,59.9,1.19,3.0,1,2.6348,13.6018,0.4391,1.6205,1.9916,17.3013,18.0,-0.0,-0.0,-0.0,-0.0,1.4702,100.0,97.0,0.3111,0.0815,0.0223,0.3525,69,continuous_power,False,1,97.0,4,3.0,,0.0,0.0,0.0,100.0,43.8,31.2,0|0|0|0|0
2026-01-29,GOLDBEES.NS,A_breakout_40d,146.53,113.0064,93.4249,135.82,271824296,101498202.3,138.7,137.313,140.087,7.0,128.991,A,100.0,100.0,93.6,78.9,58.0,59.9,2.74,3.0,1,7.8854,29.6652,5.2864,1.1357,5.7356,38.2857,18.0,-0.0,-0.0,-0.0,-0.0,1.4702,100.0,97.0,0.3111,0.1233,0.0598,0.3525,69,continuous_power,False,1,97.0,4,3.0,,0.0,0.0,0.0,100.0,35.8,31.2,0|0|0|0|0
2026-01-29,HINDALCO.NS,A_breakout_40d,1024.05,874.354,746.732,998.2,14615261,6511494.0,1000.0,990.0,1010.0,7.0,930.0,A,100.0,70.7,84.9,78.0,58.0,59.9,2.02,3.0,2,2.5897,17.1208,1.2072,0.9136,2.4931,18.7519,18.0,-0.0,-0.0,-0.0,-0.0,1.4702,100.0,97.0,0.3111,0.1233,0.0403,0.3762,69,continuous_power,False,1,97.0,4,3.0,,0.0,0.0,0.0,100.0,32.4,31.1,0|0|0|0|0
2026-01-29,JSWSTEEL.NS,A_breakout_40d,1237.5,1147.534,1086.2073,1222.0,2471027,1624713.65,1228.0,1215.72,1240.28,7.0,1142.04,A,78.2,60.1,70.4,67.2,58.0,59.9,0.28,1.12,1,1.2684,7.8399,0.7221,1.0327,1.3276,10.2614,18.0,-0.0,-0.0,-0.0,-0.0,2.9789,99.0,96.0,0.345,0.1154,0.0,0.3762,66,continuous_power,False,1,96.0,4,3.0,,0.0,0.0,0.0,99.0,36.9,31.1,0|0|0|0|0
2026-01-29,SBIN.NS,A_breakout_40d,1066.2,992.492,872.8695,1063.5,14800724,8911236.25,1064.0,1053.36,1074.64,7.0,989.52,A,100.0,52.0,73.2,70.0,58.0,59.9,0.89,3.0,1,0.2539,7.4266,-0.047,0.8516,0.5816,7.3478,18.0,-0.0,-0.0,-0.0,-0.0,2.9789,100.0,97.0,0.345,0.1154,0.0223,0.3762,66,continuous_power,False,1,97.0,4,3.0,,0.0,0.0,0.0,100.0,40.9,31.1,0|0|0|0|0
2026-01-29,TATASTEEL.NS,A_breakout_40d,202.32,176.0648,165.2291,193.85,60610904,29390316.1,198.55,196.5645,200.5355,7.0,184.6515,A,82.8,85.0,81.2,74.6,58.0,59.9,1.03,3.0,0,4.3694,14.9122,0.3095,1.7999,1.5499,19.8378,18.0,-0.0,-0.0,-0.0,-0.0,1.4702,100.0,97.0,0.3111,0.1154,0.0403,0.3525,69,continuous_power,False,1,97.0,4,3.0,,0.0,0.0,0.0,100.0,32.4,31.1,0|0|0|0|0
2026-01-29,VEDL.NS,A_breakout_40d,766.35,591.439,486.7718,737.1,30290476,17214811.95,755.0,747.45,762.55,7.0,702.15,A,100.0,81.7,75.2,88.3,58.0,59.9,3.37,3.0,1,3.9683,29.5738,1.1057,1.236,2.2496,31.302,18.0,-0.0,-0.0,-0.0,-0.0,2.9789,100.0,97.0,0.345,0.1233,0.0229,0.3762,66,continuous_power,False,1,97.0,4,3.0,,0.0,0.0,0.0,100.0,32.4,31.1,0|0|0|0|0
2026-01-30,AXISBANK.NS,A_breakout_40d,1370.4,1275.374,1190.6565,1363.7,14758482,8055760.9,1339.0,1325.61,1352.39,7.0,1245.27,A,85.6,53.9,76.6,68.7,58.0,59.9,0.59,2.37,3,0.4913,7.4508,-0.858,0.7629,0.5237,9.4559,18.0,-0.0,-0.0,-0.0,-0.0,2.9789,100.0,97.0,0.345,0.1154,0.0223,0.3762,66,continuous_power,False,1,97.0,4,3.0,,0.0,0.0,0.0,100.0,43.8,31.2,0|0|0|0|0
2026-01-30,NESTLEIND.NS,A_breakout_40d,1332.4,1274.534,1217.3735,1319.9,5292100,1227051.7,1297.5,1284.525,1310.475,7.0,1206.675,A,73.5,57.6,100.0,61.9,58.0,59.9,0.23,0.93,0,0.947,4.5402,-0.1475,2.1515,1.3979,5.0637,18.0,-0.0,-0.0,-0.0,-0.0,1.4702,100.0,97.0,0.3111,0.0912,0.0223,0.3525,69,continuous_power,False,1,97.0,4,3.0,,0.0,0.0,0.0,100.0,52.3,31.2,0|0|0|0|0
2026-02-03,ADANIPORTS.NS,A_breakout_40d,1530.8,1465.426,1413.026,1522.8,11977119,2709352.25,1529.9,1514.601,1545.199,7.0,1422.807,A,68.5,54.2,100.0,63.0,58.0,59.9,-0.41,0.0,0,0.5253,4.4611,5.2812,1.1858,5.7126,13.2306,18.0,-0.0,-0.0,-0.0,-0.0,1.4702,100.0,97.0,0.3111,0.0912,0.0049,0.3646,69,continuous_power,False,1,97.0,4,3.0,,0.0,0.0,0.0,100.0,37.8,31.2,0|0|0|0|0
2026-02-04,ADANIPORTS.NS,A_breakout_40d,1567.9,1467.066,1414.5685,1530.8,6632728,2957208.2,1568.0,1552.32,1583.68,7.0,1458.24,A,68.6,69.4,84.9,66.3,58.0,59.9,-0.13,0.0,1,2.4236,6.8732,-0.0588,1.1848,4.0117,18.6137,18.0,-0.0,-0.0,-0.0,-0.0,2.9789,100.0,97.0,0.345,0.1154,0.0,0.3762,66,continuous_power,False,1,97.0,4,3.0,,0.0,0.0,0.0,100.0,43.8,31.2,0|0|0|0|0
2026-02-04,ADANIPOWER.NS,A_breakout_40d,155.29,142.755,131.0407,148.76,78428934,19680757.45,155.29,153.7371,156.8429,7.0,144.4197,A,94.7,85.1,100.0,68.4,58.0,59.9,-0.62,0.0,0,4.3896,8.7808,0.9609,2.216,8.0442,23.8561,18.0,-0.0,-0.0,-0.0,-0.0,1.4702,88.2,86.7,0.3111,0.1233,0.0414,0.349,69,continuous_power,False,1,86.7,3,1.5,,0.0,0.0,0.0,88.2,43.8,31.2,0|0|0|0|0
2026-02-04,IOC.NS,A_breakout_40d,172.78,162.6362,151.6411,168.55,28164545,11760040.95,174.24,172.4976,175.9824,7.0,162.0432,A,86.3,70.1,87.9,70.4,58.0,59.9,-0.14,0.0,0,2.5096,6.2371,-0.3461,1.866,2.6367,12.9609,18.0,-0.0,-0.0,-0.0,-0.0,2.9789,100.0,97.0,0.345,0.1233,0.0049,0.3762,66,continuous_power,False,1,97.0,4,3.0,,0.0,0.0,0.0,100.0,46.3,31.2,0|0|0|0|0
2026-02-05,IOC.NS,A_breakout_40d,175.77,162.8692,151.8265,172.78,34830200,12972428.25,176.99,175.2201,178.7599,7.0,164.6007,A,86.4,63.8,93.7,73.6,58.0,59.9,0.11,0.43,1,1.7305,7.921,0.845,1.2608,1.712,14.3765,18.0,-0.0,-0.0,-0.0,-0.0,2.9789,100.0,97.0,0.345,0.1154,0.0049,0.3762,66,continuous_power,False,1,97.0,4,3.0,,0.0,0.0,0.0,100.0,46.3,31.2,0|0|0|0|0
2026-02-09,SBIN.NS,A_breakout_40d,1146.0,1006.018,882.7947,1077.15,40852966,11397337.85,1151.0,1139.49,1162.51,7.0,1070.43,A,100.0,100.0,100.0,73.5,58.0,59.9,1.07,3.0,0,6.3919,13.9145,5.0263,1.5029,5.5292,22.0839,18.0,-0.0,-0.0,-0.0,-0.0,1.4702,100.0,97.0,0.3111,0.1233,0.0745,0.349,69,continuous_power,False,1,97.0,4,3.0,,0.0,0.0,0.0,100.0,24.4,31.1,0|0|0|0|0
2026-02-10,INDUSTOWER.NS,A_breakout_40d,459.15,423.703,389.0647,456.15,12345910,7181819.1,461.0,456.39,465.61,7.0,428.73,A,94.5,55.3,74.4,66.7,58.0,59.9,1.11,3.0,0,0.6577,8.366,0.6248,0.9092,1.1221,9.5368,18.0,-0.0,-0.0,-0.0,-0.0,2.9789,100.0,97.0,0.345,0.1154,0.0229,0.3762,66,continuous_power,False,1,97.0,4,3.0,,0.0,0.0,0.0,100.0,48.3,31.2,0|0|0|0|0
2026-02-10,TATASTEEL.NS,A_breakout_40d,208.01,180.5384,167.5833,202.32,82443790,34884393.05,209.4,207.306,211.494,7.0,194.742,A,88.7,72.5,87.3,69.8,58.0,59.9,1.84,3.0,0,2.8124,15.2165,0.4901,1.419,2.863,16.5743,18.0,-0.0,-0.0,-0.0,-0.0,1.4702,100.0,97.0,0.3111,0.1154,0.0414,0.3525,69,continuous_power,False,1,97.0,4,3.0,,0.0,0.0,0.0,100.0,43.8,31.2,0|0|0|0|0
2026-02-11,EICHERMOT.NS,A_breakout_40d,7771.0,7250.59,6407.0975,7582.5,2286430,502592.35,7779.5,7701.705,7857.295,7.0,7234.935,A,100.0,69.9,100.0,69.4,58.0,59.9,0.29,1.17,0,2.486,7.1775,2.8646,1.3447,4.0313,14.7097,18.0,-0.0,-0.0,-0.0,-0.0,1.4702,100.0,97.0,0.3111,0.1233,0.0229,0.3762,69,continuous_power,False,1,97.0,4,3.0,,0.0,0.0,0.0,100.0,41.8,31.2,0|0|0|0|0
2026-02-11,IOC.NS,A_breakout_40d,181.31,164.0044,152.636,178.21,25578553,15745805.0,182.25,180.4275,184.0725,7.0,169.4925,A,87.2,63.9,72.5,78.0,58.0,59.9,0.84,3.0,1,1.7395,10.5519,-0.1178,1.0115,0.2618,13.3894,18.0,-0.0,-0.0,-0.0,-0.0,2.9789,100.0,97.0,0.345,0.1154,0.0223,0.3762,66,continuous_power,False,1,97.0,4,3.0,,0.0,0.0,0.0,100.0,34.9,31.1,0|0|0|0|0
2026-02-11,SBIN.NS,A_breakout_40d,1182.9,1013.516,886.3695,1146.0,29491859,12804191.75,1183.0,1171.17,1194.83,7.0,1100.19,A,100.0,75.8,86.1,77.1,58.0,59.9,1.44,3.0,1,3.2199,16.7125,0.0524,1.2926,0.6504,22.4317,18.0,-0.0,-0.0,-0.0,-0.0,1.4702,100.0,97.0,0.3111,0.1233,0.0414,0.3646,69,continuous_power,False,1,97.0,4,3.0,,0.0,0.0,0.0,100.0,43.8,31.2,0|0|0|0|0
2026-02-12,EICHERMOT.NS,A_breakout_40d,7943.0,7267.2,6418.7025,7771.0,1107781,536677.3,7900.0,7821.0,7979.0,7.0,7347.0,A,100.0,67.7,81.3,72.9,58.0,59.9,0.52,2.1,1,2.2134,9.2993,0.1094,0.9473,2.3559,18.0397,18.0,-0.0,-0.0,-0.0,-0.0,2.9789,100.0,97.0,0.345,0.1233,0.0229,0.3762,66,continuous_power,False,1,97.0,4,3.0,,0.0,0.0,0.0,100.0,43.8,31.2,0|0|0|0|0
2026-02-12,SBIN.NS,A_breakout_40d,1192.4,1018.018,888.2447,1182.9,33214985,14096415.3,1189.0,1177.11,1200.89,7.0,1105.77,A,100.0,56.4,87.1,78.0,58.0,59.9,1.71,3.0,2,0.8031,17.1296,0.0085,0.8322,0.25,17.1526,18.0,-0.0,-0.0,-0.0,-0.0,1.4702,100.0,97.0,0.3111,0.1154,0.0229,0.3762,69,continuous_power,False,1,97.0,4,3.0,,0.0,0.0,0.0,100.0,43.8,31.2,0|0|0|0|0
2026-02-13,BAJFINANCE.NS,A_breakout_40d,1024.75,977.708,961.2973,1011.7,21613987,9652379.75,1023.05,1012.8195,1033.2805,7.0,951.4365,A,58.5,60.3,84.8,65.6,58.0,59.9,-0.4,0.0,0,1.2899,4.8115,-0.4104,1.4229,0.6986,10.9883,18.0,-0.0,-0.0,-0.0,-0.0,2.9789,100.0,97.0,0.345,0.0815,0.0,0.3762,66,continuous_power,False,1,97.0,4,3.0,,0.0,0.0,0.0,100.0,46.3,31.2,0|0|0|0|0
2026-02-13,EICHERMOT.NS,A_breakout_40d,8065.0,7286.87,6431.1325,7943.0,967939,585074.25,8078.5,7997.715,8159.285,7.0,7513.005,A,100.0,62.3,73.1,75.1,58.0,59.9,0.8,3.0,2,1.5359,10.6785,-0.5414,1.0296,0.1061,19.0783,18.0,-0.0,-0.0,-0.0,-0.0,2.9789,100.0,97.0,0.345,0.1233,0.0229,0.3762,66,continuous_power,False,1,97.0,4,3.0,,0.0,0.0,0.0,100.0,40.8,31.2,0|0|0|0|0
2026-02-18,BANKBEES.NS,A_breakout_40d,635.86,615.6449,589.3371,631.25,997414,581626.15,638.99,632.6001,645.3799,7.0,594.2607,A,72.3,55.8,74.3,65.7,58.0,59.9,0.26,1.05,0,0.7303,3.2836,0.1188,1.0444,0.1632,4.5964,18.0,-0.0,-0.0,-0.0,-0.0,2.9789,100.0,97.0,0.345,0.0912,0.0,0.3762,66,continuous_power,False,1,97.0,4,3.0,,0.0,0.0,0.0,100.0,40.9,31.1,0|0|0|0|0
2026-02-20,NTPC.NS,A_breakout_40d,372.95,344.947,337.658,369.1,16736731,10930796.3,374.0,370.26,377.74,7.0,347.82,A,60.8,58.3,70.6,64.2,58.0,59.9,1.38,3.0,0,1.0431,8.1181,-0.1101,1.5284,0.6208,6.6855,18.0,-0.0,-0.0,-0.0,-0.0,1.4702,100.0,97.0,0.3111,0.0815,0.0223,0.3525,69,continuous_power,False,1,97.0,4,3.0,,0.0,0.0,0.0,100.0,52.3,31.2,0|0|0|0|0
2026-02-24,NTPC.NS,A_breakout_40d,382.75,347.158,338.0753,375.45,20774629,11661905.1,382.75,378.9225,386.5775,7.0,355.9575,A,63.4,65.6,75.6,70.1,58.0,59.9,1.49,3.0,1,1.9443,10.2524,-0.1332,1.7901,0.9871,11.3412,18.0,-0.0,-0.0,-0.0,-0.0,1.4702,100.0,97.0,0.3111,0.0815,0.0223,0.3525,69,continuous_power,False,1,97.0,4,3.0,,0.0,0.0,0.0,100.0,36.9,31.1,0|0|0|0|0
2026-02-25,JSWSTEEL.NS,A_breakout_40d,1275.0,1185.912,1108.4405,1254.5,2095033,1383417.9,1275.5,1262.745,1288.255,7.0,1186.215,A,84.9,63.1,70.3,65.7,58.0,59.9,1.17,3.0,0,1.6341,7.5122,0.5181,1.217,0.938,7.5313,18.0,-0.0,-0.0,-0.0,-0.0,2.9789,100.0,97.0,0.345,0.1154,0.0223,0.3762,66,continuous_power,False,1,97.0,4,3.0,,0.0,0.0,0.0,100.0,40.9,31.1,0|0|0|0|0
2026-02-26,INDUSINDBK.NS,A_breakout_40d,964.6,903.364,828.0153,953.85,8974624,4042071.75,963.0,953.37,972.63,7.0,895.59,A,95.5,59.0,84.4,67.4,58.0,59.9,1.05,3.0,0,1.127,6.7787,0.0693,1.4745,0.7393,8.8462,18.0,-0.0,-0.0,-0.0,-0.0,1.4702,100.0,97.0,0.3111,0.1154,0.0403,0.3646,69,continuous_power,False,1,97.0,4,3.0,,0.0,0.0,0.0,100.0,48.3,31.2,0|0|0|0|0
2026-03-02,BEL.NS,A_breakout_40d,453.95,423.757,405.5477,453.0,35034174,14598121.8,460.0,455.4,464.6,7.0,427.8,A,72.5,51.7,88.0,61.6,58.0,59.9,1.36,3.0,0,0.2097,7.1251,-0.5847,1.4614,0.4614,6.5353,18.0,-0.0,-0.0,-0.0,-0.0,1.4702,100.0,97.0,0.3111,0.0815,0.0229,0.349,69,continuous_power,False,1,97.0,4,3.0,,0.0,0.0,0.0,100.0,49.3,31.2,0|0|0|0|0
2026-03-02,ONGC.NS,A_breakout_40d,282.2,255.0018,245.7773,280.1,65843426,20392894.2,287.0,284.13,289.87,7.0,266.91,A,68.8,56.0,100.0,64.2,58.0,59.9,1.8,3.0,0,0.7497,10.6659,2.9675,1.9752,3.9426,7.4258,18.0,-0.0,-0.0,-0.0,-0.0,1.4702,100.0,97.0,0.3111,0.0815,0.0403,0.3324,69,continuous_power,False,1,97.0,4,3.0,,0.0,0.0,0.0,100.0,47.8,31.2,0|0|0|0|0
2026-03-05,BEL.NS,A_breakout_40d,460.0,426.058,406.4437,453.95,38023711,16304147.75,462.0,457.38,466.62,7.0,429.66,A,74.1,60.7,86.6,62.7,58.0,59.9,1.46,3.0,1,1.3327,7.9665,0.4364,1.8441,2.5425,8.95,18.0,-0.0,-0.0,-0.0,-0.0,1.4702,100.0,97.0,0.3111,0.0912,0.0403,0.349,69,continuous_power,False,1,97.0,4,3.0,,0.0,0.0,0.0,100.0,48.3,31.2,0|0|0|0|0
2026-03-06,BEL.NS,A_breakout_40d,468.45,427.439,406.967,460.0,28154230,16994583.7,470.0,465.3,474.7,7.0,437.1,A,75.2,64.7,73.1,66.2,58.0,59.9,1.49,3.0,2,1.837,9.5946,0.4348,1.0953,1.4264,10.6268,18.0,-0.0,-0.0,-0.0,-0.0,1.4702,100.0,97.0,0.3111,0.0912,0.0223,0.3646,69,continuous_power,False,1,97.0,4,3.0,,0.0,0.0,0.0,100.0,48.3,31.2,0|0|0|0|0
2026-03-06,SUNPHARMA.NS,A_breakout_40d,1799.4,1706.96,1688.9285,1785.7,3669921,2106606.35,1772.9,1755.171,1790.629,7.0,1648.797,A,55.3,56.1,74.8,66.2,58.0,59.9,0.02,0.07,0,0.7672,5.4155,0.0,1.1098,0.512,6.1072,18.0,-0.0,-0.0,-0.0,-0.0,2.9789,99.2,96.2,0.345,0.0815,0.0,0.3762,66,continuous_power,False,1,96.2,4,3.0,,0.0,0.0,0.0,99.2,52.3,31.2,0|0|0|0|0
2026-03-09,SUNPHARMA.NS,A_breakout_40d,1807.4,1708.368,1689.3065,1799.4,4112775,2248389.3,1810.0,1791.9,1828.1,7.0,1683.3,A,55.6,53.6,76.6,67.4,58.0,59.9,0.17,0.66,1,0.4446,5.7969,-1.4727,1.4006,0.4775,7.0537,18.0,-0.0,-0.0,-0.0,-0.0,2.9789,100.0,97.0,0.345,0.0815,0.0,0.3762,66,continuous_power,False,1,97.0,4,3.0,,0.0,0.0,0.0,100.0,47.8,31.2,0|0|0|0|0
2026-03-12,COALINDIA.NS,A_breakout_40d,470.1,429.109,397.2463,455.75,27328045,10913539.1,473.0,468.27,477.73,7.0,439.89,A,90.1,75.2,90.1,69.1,58.0,59.9,1.11,3.0,0,3.1487,9.5526,0.0,2.197,1.7414,15.8029,18.0,-0.0,-0.0,-0.0,-0.0,1.4702,100.0,97.0,0.3111,0.1154,0.0414,0.349,69,continuous_power,False,1,97.0,4,3.0,,0.0,0.0,0.0,100.0,46.3,31.2,0|0|0|0|0
2026-03-12,NTPC.NS,A_breakout_40d,390.55,359.74,340.0635,384.9,23847146,11838164.3,391.85,387.9315,395.7685,7.0,364.4205,A,78.9,61.7,80.3,65.5,58.0,59.9,1.61,3.0,0,1.4679,8.5645,-0.2369,1.6234,0.6605,9.0106,18.0,-0.0,-0.0,-0.0,-0.0,1.4702,100.0,97.0,0.3111,0.0912,0.0229,0.3525,69,continuous_power,False,1,97.0,4,3.0,,0.0,0.0,0.0,100.0,48.3,31.2,0|0|0|0|0
2026-03-17,ADANIPOWER.NS,A_breakout_40d,155.6,142.9954,135.9003,155.29,41644726,23519984.7,156.0,154.44,157.56,7.0,145.08,A,76.1,51.6,75.4,66.9,58.0,59.9,0.27,1.08,0,0.1996,8.8147,1.2593,0.696,3.2631,13.0992,18.0,-0.0,-0.0,-0.0,-0.0,1.4702,84.4,82.9,0.3111,0.0815,0.0223,0.349,69,continuous_power,False,1,82.9,3,1.5,,0.0,0.0,0.0,84.4,46.3,31.2,0|0|0|0|0
2026-03-30,ONGC.NS,A_breakout_40d,284.65,267.0066,248.2794,282.2,44866906,29707608.75,290.0,287.1,292.9,7.0,269.7,A,87.7,56.9,70.2,65.2,58.0,59.9,1.34,3.0,0,0.8682,6.6078,0.2837,0.9041,0.9756,10.304,18.0,-0.0,-0.0,-0.0,-0.0,2.9789,100.0,97.0,0.345,0.1154,0.0223,0.3762,66,continuous_power,False,1,97.0,4,3.0,,0.0,0.0,0.0,100.0,48.3,31.2,0|0|0|0|0
2026-04-01,ADANIPOWER.NS,A_breakout_40d,157.11,144.4662,137.711,155.6,48215780,31949691.0,154.5,152.955,156.045,7.0,143.685,A,74.5,57.8,70.2,62.4,58.0,59.9,0.73,2.9,0,0.9704,8.7521,3.038,0.6751,3.1032,10.1533,18.0,-0.0,-0.0,-0.0,-0.0,1.4702,97.3,95.8,0.3111,0.0912,0.0223,0.3525,69,continuous_power,False,1,95.8,3,1.5,,0.0,0.0,0.0,97.3,39.8,31.2,0|0|0|0|0
2026-04-02,ADANIPOWER.NS,A_breakout_40d,159.97,144.813,137.9437,157.11,59833120,33606357.1,162.0,160.38,163.62,7.0,150.66,A,74.9,64.6,75.6,65.1,58.0,59.9,0.85,3.0,1,1.8204,10.4666,-1.6613,1.3098,2.4364,13.0313,18.0,-0.0,-0.0,-0.0,-0.0,1.4702,98.5,97.0,0.3111,0.0912,0.0229,0.3525,69,continuous_power,False,1,97.0,3,1.5,,0.0,0.0,0.0,98.5,41.8,31.2,0|0|0|0|0
2026-04-06,ADANIPOWER.NS,A_breakout_40d,163.26,145.267,138.1891,159.97,127464037,39146242.75,163.0,161.37,164.63,7.0,151.59,A,75.6,66.5,100.0,68.0,58.0,59.9,1.01,3.0,2,2.0566,12.3862,1.269,0.599,1.4859,16.6033,18.0,-0.0,-0.0,-0.0,-0.0,1.4702,100.0,97.0,0.3111,0.0912,0.0414,0.3324,69,continuous_power,False,1,97.0,4,3.0,,0.0,0.0,0.0,100.0,43.8,31.2,0|0|0|0|0
2026-04-08,ADANIPOWER.NS,A_breakout_40d,169.31,146.4182,138.7313,163.36,66318120,43193540.0,168.95,167.2605,170.6395,7.0,157.1235,A,77.7,79.1,70.7,72.8,58.0,59.9,1.55,3.0,2,3.6423,15.6345,2.8404,1.2319,3.0722,20.7588,18.0,-0.0,-0.0,-0.0,-0.0,1.8275,100.0,97.0,0.32,0.1154,0.0223,0.3646,68,continuous_power,False,1,97.0,4,3.0,,0.0,0.0,0.0,100.0,27.9,31.1,0|0|0|0|0
2026-04-08,TITAN.NS,A_breakout_40d,4492.5,4145.46,3806.0875,4342.6001,3834533,1204603.9,4475.0,4430.25,4519.75,7.0,4161.75,A,94.6,77.6,100.0,66.8,58.0,59.9,0.2,0.8,0,3.4518,8.3716,2.853,1.3596,3.2126,19.4319,18.0,-0.0,-0.0,-0.0,-0.0,1.4702,100.0,97.0,0.3111,0.1233,0.0229,0.3762,69,continuous_power,False,1,97.0,4,3.0,,0.0,0.0,0.0,100.0,39.3,31.2,0|0|0|0|0
2026-04-13,ADANIPOWER.NS,A_breakout_40d,181.35,148.8404,139.7612,175.81,91406261,50351654.6,185.27,183.4173,187.1227,7.0,172.3011,A,82.5,75.2,76.3,79.9,58.0,59.9,2.46,3.0,1,3.1511,21.8419,-2.1671,1.8878,1.4037,24.5318,18.0,-0.0,-0.0,-0.0,-0.0,1.9759,100.0,97.0,0.3235,0.1154,0.0223,0.3762,68,continuous_power,False,1,97.0,4,3.0,,0.0,0.0,0.0,100.0,39.3,31.2,0|0|0|0|0
2026-04-15,SIEMENS.NS,A_breakout_40d,3576.1001,3192.55,3152.0985,3418.6001,2134727,475751.55,3600.0,3564.0,3636.0,7.0,3348.0,A,56.4,86.9,100.0,68.6,58.0,59.9,1.38,3.0,0,4.6071,12.0139,1.6898,1.6707,2.3606,25.3786,18.0,-0.0,-0.0,-0.0,-0.0,0.0,100.0,100.0,0.1987,0.0815,0.0414,0.2111,80,continuous_power,False,1,100.0,4,3.0,,0.0,0.0,0.0,100.0,40.8,31.2,0|0|0|0|0
2026-04-17,ADANIPORTS.NS,A_breakout_40d,1573.4,1463.706,1437.3,1566.3,6024587,3620315.45,1572.4,1556.676,1588.124,7.0,1462.332,A,59.2,53.6,73.3,67.3,58.0,59.9,0.94,3.0,0,0.4533,7.4943,0.5936,0.5673,1.2002,15.2215,18.0,-0.0,-0.0,-0.0,-0.0,1.4702,100.0,97.0,0.3111,0.0815,0.0223,0.3525,69,continuous_power,False,1,97.0,4,3.0,,0.0,0.0,0.0,100.0,46.3,31.2,0|0|0|0|0
2026-04-17,ADANIPOWER.NS,A_breakout_40d,198.5,152.2632,140.995,193.19,95051761,49867545.85,198.5,196.515,200.485,7.0,184.605,A,90.0,72.0,78.1,86.3,58.0,59.9,3.55,3.0,1,2.7486,30.3664,1.6875,1.2015,2.4323,32.4043,18.0,-0.0,-0.0,-0.0,-0.0,2.9789,100.0,97.0,0.345,0.1154,0.0223,0.3762,66,continuous_power,False,1,97.0,4,3.0,,0.0,0.0,0.0,100.0,29.4,31.1,0|0|0|0|0
2026-04-17,SIEMENS.NS,A_breakout_40d,3707.8999,3214.032,3157.2,3576.1001,1034058,528778.15,3702.0,3664.98,3739.02,7.0,3442.86,A,59.0,79.5,79.1,72.0,58.0,59.9,1.65,3.0,1,3.6856,15.366,0.7071,1.1714,1.3463,26.626,18.0,-0.0,-0.0,-0.0,-0.0,1.4702,100.0,97.0,0.3111,0.0815,0.0223,0.349,69,continuous_power,False,1,97.0,4,3.0,,0.0,0.0,0.0,100.0,43.8,31.2,0|0|0|0|0
2026-04-17,TITAN.NS,A_breakout_40d,4525.8999,4204.738,3834.675,4522.2002,2124034,1372298.0,4532.1001,4486.7791,4577.4211,7.0,4214.8531,A,98.3,50.7,71.0,63.4,58.0,59.9,1.22,3.0,0,0.0818,7.6381,0.0,1.4948,0.987,8.2911,18.0,-0.0,-0.0,-0.0,-0.0,2.9789,100.0,97.0,0.345,0.1154,0.0229,0.3762,66,continuous_power,False,1,97.0,4,3.0,,0.0,0.0,0.0,100.0,48.3,31.2,0|0|0|0|0
2026-04-20,ADANIPOWER.NS,A_breakout_40d,200.83,153.5878,141.421,198.5,81881887,51879403.9,203.3,201.267,205.333,7.0,189.069,A,93.0,59.4,71.6,86.9,58.0,59.9,3.84,3.0,1,1.1738,30.7591,0.0,1.2746,1.5968,30.5768,18.0,-0.0,-0.0,-0.0,-0.0,2.9789,100.0,97.0,0.345,0.1154,0.0223,0.3762,66,continuous_power,False,1,97.0,4,3.0,,0.0,0.0,0.0,100.0,32.4,31.1,0|0|0|0|0
2026-04-21,NESTLEIND.NS,A_breakout_40d,1379.9,1254.156,1233.189,1323.4,9586515,1789200.15,1391.0,1377.09,1404.91,7.0,1293.63,A,58.5,84.2,100.0,75.7,58.0,59.9,-0.1,0.0,0,4.2693,10.0262,0.9095,3.0922,3.4591,22.3935,18.0,-0.0,-0.0,-0.0,-0.0,1.4702,100.0,97.0,0.3111,0.0912,0.0049,0.3646,69,continuous_power,False,1,97.0,4,3.0,,0.0,0.0,0.0,100.0,43.8,31.2,0|0|0|0|0
2026-04-22,ADANIPOWER.NS,A_breakout_40d,215.65,155.9822,142.344,202.98,117165796,58315930.8,216.0,213.84,218.16,7.0,200.88,A,97.9,99.9,80.2,90.2,58.0,59.9,4.12,3.0,2,6.242,38.253,0.4976,1.5419,1.9004,41.1238,18.0,-0.0,-0.0,-0.0,-0.0,2.9789,100.0,97.0,0.345,0.1233,0.0403,0.3762,66,continuous_power,False,1,97.0,4,3.0,,0.0,0.0,0.0,100.0,32.4,31.1,0|0|0|0|0
2026-04-22,NESTLEIND.NS,A_breakout_40d,1395.8,1256.008,1234.0048,1379.9,7723484,2134032.8,1388.9,1375.011,1402.789,7.0,1291.677,A,58.9,59.2,100.0,77.1,58.0,59.9,0.1,0.42,1,1.1523,11.1299,0.8044,1.0658,2.9715,18.9134,18.0,-0.0,-0.0,-0.0,-0.0,1.4702,100.0,97.0,0.3111,0.0815,0.0,0.3646,69,continuous_power,False,1,97.0,4,3.0,,0.0,0.0,0.0,100.0,43.8,31.2,0|0|0|0|0
2026-04-22,SIEMENS.NS,A_breakout_40d,3844.3,3247.69,3166.113,3721.7,882278,580231.6,3849.0,3810.51,3887.49,7.0,3579.57,A,62.9,76.4,70.4,75.7,58.0,59.9,1.73,3.0,1,3.2942,18.3703,-0.3412,1.3308,0.6516,22.5774,18.0,-0.0,-0.0,-0.0,-0.0,1.4702,100.0,97.0,0.3111,0.0815,0.0223,0.3646,69,continuous_power,False,1,97.0,4,3.0,,0.0,0.0,0.0,100.0,43.8,31.2,0|0|0|0|0
2026-04-23,DRREDDY.NS,A_breakout_40d,1331.0,1268.232,1256.3985,1325.5,16407707,2926845.95,1293.0,1280.07,1305.93,7.0,1202.49,A,54.7,53.3,100.0,65.1,58.0,59.9,0.18,0.73,0,0.4149,4.9493,1.0682,3.7407,3.8089,12.2988,18.0,-0.0,-0.0,-0.0,-0.0,1.4702,100.0,97.0,0.3111,0.0815,0.0049,0.349,69,continuous_power,False,1,97.0,4,3.0,,0.0,0.0,0.0,100.0,46.3,31.2,0|0|0|0|0
2026-04-27,TATAPOWER.NS,A_breakout_40d,453.2,393.29,387.9557,436.05,16399806,9692113.4,454.0,449.46,458.54,7.0,422.22,A,56.9,81.5,73.8,78.1,58.0,59.9,1.84,3.0,0,3.933,15.233,0.3678,1.7627,1.2444,17.8001,18.0,-0.0,-0.0,-0.0,-0.0,1.4702,100.0,97.0,0.3111,0.0815,0.0223,0.3525,69,continuous_power,False,1,97.0,4,3.0,,0.0,0.0,0.0,100.0,32.4,31.1,0|0|0|0|0
2026-04-28,NESTLEIND.NS,A_breakout_40d,1440.0,1265.57,1238.502,1421.3,4008095,2522271.4,1445.0,1430.55,1459.45,7.0,1343.85,A,60.9,60.5,71.8,79.9,58.0,59.9,0.91,3.0,1,1.3157,13.7827,0.0423,1.2214,0.6429,14.8555,18.0,-0.0,-0.0,-0.0,-0.0,1.4702,100.0,97.0,0.3111,0.0815,0.0049,0.3646,69,continuous_power,False,1,97.0,4,3.0,,0.0,0.0,0.0,100.0,34.9,31.1,0|0|0|0|0
2026-04-28,ONGC.NS,A_breakout_40d,301.3,277.571,251.791,288.6,51575179,23041968.25,303.9,300.861,306.939,7.0,282.627,A,100.0,85.2,84.8,72.3,58.0,59.9,0.71,2.85,0,4.4005,8.5488,0.1224,2.6061,2.0235,14.1343,18.0,-0.0,-0.0,-0.0,-0.0,1.4702,100.0,97.0,0.3111,0.1233,0.0414,0.3646,69,continuous_power,False,1,97.0,4,3.0,,0.0,0.0,0.0,100.0,34.9,31.1,0|0|0|0|0
2026-04-28,TATAPOWER.NS,A_breakout_40d,461.8,395.127,388.2597,453.2,16158141,10154990.6,464.3,459.657,468.943,7.0,431.799,A,58.8,65.2,71.8,80.4,58.0,59.9,1.94,3.0,1,1.8976,16.8738,0.1765,0.9179,0.9679,18.8053,18.0,-0.0,-0.0,-0.0,-0.0,1.4702,100.0,97.0,0.3111,0.0815,0.0049,0.3646,69,continuous_power,False,1,97.0,4,3.0,,0.0,0.0,0.0,100.0,32.4,31.1,0|0|0|0|0
2026-05-04,ADANIPORTS.NS,A_breakout_40d,1742.6,1482.126,1446.715,1661.1,7169853,3996035.0,1742.6,1725.174,1760.026,7.0,1620.618,A,62.2,89.3,75.9,78.2,58.0,59.9,0.81,3.0,0,4.9064,17.3887,2.6972,1.3945,3.0917,21.1531,18.0,-0.0,-0.0,-0.0,-0.0,1.4702,100.0,97.0,0.3111,0.0904,0.0223,0.3525,69,continuous_power,False,1,97.0,4,3.0,,0.0,0.0,0.0,100.0,27.9,31.1,0|0|0|0|0
2026-05-04,BAJAJ-AUTO.NS,A_breakout_40d,10132.0,9498.25,9093.085,9994.0,721584,426602.5,10132.0,10030.68,10233.32,7.0,9422.76,A,72.3,61.0,73.8,65.6,58.0,59.9,-0.0,0.0,0,1.3808,6.6057,2.5015,1.9628,3.4643,10.3134,18.0,-0.0,-0.0,-0.0,-0.0,2.9789,95.5,92.5,0.345,0.1084,0.0,0.3762,66,continuous_power,False,1,92.5,4,3.0,,0.0,0.0,0.0,95.5,32.4,31.1,0|0|0|0|0
2026-05-07,BAJAJ-AUTO.NS,A_breakout_40d,10605.0,9532.87,9134.1525,10319.0,1498130,461872.2,10605.0,10498.95,10711.05,7.0,9862.65,A,71.8,72.2,100.0,72.4,58.0,59.9,0.44,1.77,1,2.7716,11.2467,2.5487,1.7051,4.2751,14.4639,18.0,-0.0,-0.0,-0.0,-0.0,1.4702,100.0,97.0,0.3111,0.0912,0.0223,0.349,69,continuous_power,False,1,97.0,4,3.0,,0.0,0.0,0.0,100.0,41.8,31.2,0|0|0|0|0
2026-05-13,SILVERBEES.NS,A_breakout_40d,269.42,234.4458,187.0824,253.5,73395084,29556732.1,269.42,266.7258,272.1142,7.0,250.5606,A,100.0,100.0,89.7,73.7,58.0,59.9,0.16,0.63,0,6.2801,14.9178,4.0038,1.8857,10.2074,28.5278,18.0,-0.0,-0.0,-0.0,-0.0,1.4702,88.3,86.8,0.3111,0.1233,0.052,0.349,69,continuous_power,False,1,86.8,3,1.5,,0.0,0.0,0.0,88.3,35.8,31.2,0|0|0|0|0
2026-05-13,TATASTEEL.NS,A_breakout_40d,219.62,203.859,182.4689,217.09,46226806,23903107.95,219.62,217.4238,221.8162,7.0,204.2466,A,100.0,59.3,78.7,64.7,58.0,59.9,0.29,1.16,0,1.1654,7.7313,0.5849,1.7867,1.5251,6.8815,18.0,-0.0,-0.0,-0.0,-0.0,2.9789,99.6,96.6,0.345,0.1233,0.0223,0.3762,66,continuous_power,False,1,96.6,4,3.0,,0.0,0.0,0.0,99.6,52.3,31.2,0|0|0|0|0
2026-05-14,GOLDBEES.NS,A_breakout_40d,131.78,125.2412,109.3404,131.74,50069500,30114004.45,131.78,130.4622,133.0978,7.0,122.5554,A,100.0,50.2,73.3,68.0,58.0,59.9,-0.24,0.0,0,0.0304,5.221,-0.0683,1.0613,4.7597,9.642,18.0,-0.0,-0.0,-0.0,-0.0,2.9789,88.6,85.6,0.345,0.1233,0.0223,0.3762,66,continuous_power,False,1,85.6,4,3.0,,0.0,0.0,0.0,88.6,48.3,31.2,0|0|0|0|0
2026-05-14,JSWSTEEL.NS,A_breakout_40d,1296.9,1215.15,1159.8595,1283.4,3291636,1894064.6,1296.9,1283.931,1309.869,7.0,1206.117,A,73.8,58.4,74.8,62.4,58.0,59.9,0.13,0.51,0,1.0519,6.7276,1.0197,0.9323,1.2328,5.8658,18.0,-0.0,-0.0,-0.0,-0.0,2.9789,98.6,95.6,0.345,0.1154,0.0,0.3762,66,continuous_power,False,1,95.6,4,3.0,,0.0,0.0,0.0,98.6,52.3,31.2,0|0|0|0|0
2026-05-14,SILVERBEES.NS,A_breakout_40d,270.93,234.9432,187.8902,269.42,55082885,30789960.95,270.93,268.2207,273.6393,7.0,251.9649,A,100.0,54.5,75.8,74.2,58.0,59.9,0.32,1.27,1,0.5605,15.3172,0.0,1.0239,3.4465,22.4447,18.0,-0.0,-0.0,-0.0,-0.0,1.4702,80.5,79.0,0.3111,0.1154,0.0414,0.349,69,continuous_power,False,1,79.0,3,1.5,,0.0,0.0,0.0,80.5,43.8,31.2,0|0|0|0|0
2026-05-21,APOLLOHOSP.NS,A_breakout_40d,8308.5,7675.73,7518.4725,8119.0,1424999,433302.55,8308.5,8225.415,8391.585,7.0,7726.905,A,60.5,68.7,100.0,71.1,58.0,59.9,0.45,1.82,0,2.334,8.2438,1.4854,2.0808,3.5212,10.0132,18.0,-0.0,-0.0,-0.0,-0.0,1.4702,100.0,97.0,0.3111,0.0815,0.0223,0.349,69,continuous_power,False,1,97.0,4,3.0,,0.0,0.0,0.0,100.0,48.3,31.2,0|0|0|0|0
2026-05-25,ADANIPOWER.NS,A_breakout_40d,233.38,191.7844,154.1677,230.19,73813293,41428891.05,233.38,231.0462,235.7138,7.0,217.0434,A,100.0,61.1,75.6,69.4,58.0,59.9,4.54,3.0,0,1.3858,21.6887,0.766,1.6218,1.7612,15.1129,18.0,-0.0,-0.0,-0.0,-0.0,2.9789,100.0,97.0,0.345,0.1233,0.0229,0.3762,66,continuous_power,False,1,97.0,4,3.0,,0.0,0.0,0.0,100.0,48.3,31.2,0|0|0|0|0
2026-05-26,ADANIPOWER.NS,A_breakout_40d,244.53,193.898,154.8233,233.38,91648496,43677476.2,244.53,242.0847,246.9753,7.0,227.4129,A,100.0,88.2,82.0,74.7,58.0,59.9,4.76,3.0,1,4.7776,26.1127,0.3728,1.3097,1.6539,26.3094,18.0,-0.0,-0.0,-0.0,-0.0,1.4702,100.0,97.0,0.3111,0.1233,0.0414,0.3646,69,continuous_power,False,1,97.0,4,3.0,,0.0,0.0,0.0,100.0,43.8,31.2,0|0|0|0|0
2026-05-27,ADANIPOWER.NS,A_breakout_40d,248.91,195.894,155.4839,244.53,85846148,45373956.25,248.91,246.4209,251.3991,7.0,231.4863,A,100.0,64.3,77.8,76.4,58.0,59.9,4.93,3.0,2,1.7912,27.0636,1.2555,0.7624,1.7332,25.5965,18.0,-0.0,-0.0,-0.0,-0.0,2.9789,100.0,97.0,0.345,0.1154,0.0229,0.3762,66,continuous_power,False,1,97.0,4,3.0,,0.0,0.0,0.0,100.0,43.8,31.2,0|0|0|0|0
2026-05-27,HINDALCO.NS,A_breakout_40d,1149.7,1004.685,874.8078,1109.2,7558808,4981535.0,1149.7,1138.203,1161.197,7.0,1069.221,A,100.0,79.2,70.3,69.2,58.0,59.9,1.56,3.0,0,3.6513,14.4339,1.3136,1.1209,1.5873,15.6428,18.0,-0.0,-0.0,-0.0,-0.0,2.9789,100.0,97.0,0.345,0.1233,0.0403,0.3762,66,continuous_power,False,1,97.0,4,3.0,,0.0,0.0,0.0,100.0,34.9,31.1,0|0|0|0|0
2026-05-27,SIEMENS.NS,A_breakout_40d,3878.7,3500.088,3238.2985,3871.5,1738613,511775.5,3878.7,3839.913,3917.487,7.0,3607.191,A,90.4,51.5,100.0,60.8,58.0,59.9,1.38,3.0,0,0.186,10.8172,-2.9234,2.2596,1.6089,8.0442,18.0,-0.0,-0.0,-0.0,-0.0,1.4702,100.0,97.0,0.3111,0.1154,0.0414,0.349,69,continuous_power,False,1,97.0,4,3.0,,0.0,0.0,0.0,100.0,45.8,31.2,0|0|0|0|0
2026-06-09,APOLLOHOSP.NS,A_breakout_40d,8524.0,7877.02,7575.46,8404.0,818145,483126.2,8524.0,8438.76,8609.24,7.0,7927.32,A,69.9,61.4,73.9,69.2,58.0,59.9,1.28,3.0,0,1.4279,8.2135,0.7358,0.9848,1.0854,8.9878,18.0,-0.0,-0.0,-0.0,-0.0,1.4702,100.0,97.0,0.3111,0.0839,0.0223,0.3646,69,continuous_power,False,1,97.0,4,3.0,,0.0,0.0,0.0,100.0,36.9,31.1,0|0|0|0|0
2026-06-15,LT.NS,A_breakout_40d,4169.7998,3983.924,3911.0625,4100.7998,3977860,1995952.2,4169.7998,4128.1018,4211.4978,7.0,3877.9138,A,59.3,63.5,79.9,64.5,58.0,59.9,0.99,3.0,0,1.6826,4.6656,1.9929,1.0125,3.8372,10.7683,18.0,-0.0,-0.0,-0.0,-0.0,1.4702,100.0,97.0,0.3111,0.0815,0.0223,0.349,69,continuous_power,False,1,97.0,4,3.0,,0.0,0.0,0.0,100.0,43.8,31.2,0|0|0|0|0
2026-06-16,BANDHANBNK.NS,A_breakout_40d,216.74,192.766,166.7697,210.88,14768759,9436855.6,216.74,214.5726,218.9074,7.0,201.5682,A,100.0,72.2,71.3,65.0,58.0,59.9,3.09,3.0,0,2.7788,12.4368,1.0432,1.5278,2.7529,17.0035,18.0,-0.0,-0.0,-0.0,-0.0,2.9789,100.0,97.0,0.345,0.1233,0.0414,0.3762,66,continuous_power,False,1,97.0,4,3.0,,0.0,0.0,0.0,100.0,43.8,31.2,0|0|0|0|0
2026-06-29,DRREDDY.NS,A_breakout_40d,1375.7,1297.528,1266.2995,1350.5,8857019,1736807.2,1375.7,1361.943,1389.457,7.0,1279.401,A,62.3,64.9,100.0,74.2,58.0,59.9,0.78,3.0,0,1.866,5.8324,2.8064,2.285,4.0914,10.8199,18.0,-0.0,-0.0,-0.0,-0.0,1.4702,100.0,97.0,0.3111,0.0815,0.0229,0.3324,69,continuous_power,False,1,97.0,4,3.0,,0.0,0.0,0.0,100.0,30.4,31.1,0|0|0|0|0
2026-06-29,PIDILITIND.NS,A_breakout_40d,1599.6,1472.594,1461.3835,1597.0,1536064,904840.0,1599.6,1583.604,1615.596,7.0,1487.628,A,53.8,51.3,74.0,74.4,58.0,59.9,1.62,3.0,0,0.1628,8.3208,0.0438,0.8405,0.0438,6.1117,18.0,-0.0,-0.0,-0.0,-0.0,1.4702,100.0,97.0,0.3111,0.0815,0.0049,0.3525,69,continuous_power,False,1,97.0,4,3.0,,0.0,0.0,0.0,100.0,38.9,31.1,0|0|0|0|0
2026-06-29,SHRIRAMFIN.NS,A_breakout_40d,1032.65,964.262,898.9205,1031.8,11368874,6185341.25,1032.65,1022.3235,1042.9765,7.0,960.3645,A,86.3,50.7,76.8,66.4,58.0,59.9,-0.09,0.0,0,0.0824,7.1219,0.4991,0.9326,0.4991,7.9285,18.0,-0.0,-0.0,-0.0,-0.0,2.9789,93.0,90.0,0.345,0.1154,0.0049,0.3762,66,continuous_power,False,1,90.0,4,3.0,,0.0,0.0,0.0,93.0,50.3,31.2,0|0|0|0|0
2026-07-01,ADANIENT.NS,A_breakout_40d,3143.6001,2777.542,2382.0385,3069.7,3414005,2015100.85,3143.6001,3112.1641,3175.0361,7.0,2923.5481,A,100.0,69.3,73.9,65.8,58.0,59.9,3.03,3.0,0,2.4074,13.1792,0.1647,1.7145,1.389,11.47,18.0,-0.0,-0.0,-0.0,-0.0,2.9789,100.0,97.0,0.345,0.1233,0.0403,0.3762,66,continuous_power,False,1,97.0,4,3.0,,0.0,0.0,0.0,100.0,48.3,31.2,0|0|0|0|0
2026-07-01,ADANIPORTS.NS,A_breakout_40d,1848.2,1770.5,1536.805,1842.1,4122267,2204196.55,1848.2,1829.718,1866.682,7.0,1718.826,A,100.0,52.6,77.4,59.6,58.0,59.9,1.31,3.0,0,0.3311,4.3886,1.0662,1.8079,2.2998,4.6161,18.0,-0.0,-0.0,-0.0,-0.0,1.9759,100.0,97.0,0.3235,0.1233,0.0403,0.3762,68,continuous_power,False,1,97.0,4,3.0,,0.0,0.0,0.0,100.0,52.3,31.2,0|0|0|0|0
2026-07-02,ADANIENT.NS,A_breakout_40d,3177.5,2795.092,2385.932,3143.6001,3398352,2098951.4,3177.5,3145.725,3209.275,7.0,2955.075,A,100.0,58.6,72.4,67.5,58.0,59.9,3.04,3.0,1,1.0784,13.6814,0.3913,1.0334,1.0401,13.0016,18.0,-0.0,-0.0,-0.0,-0.0,2.9789,100.0,97.0,0.345,0.1233,0.0229,0.3762,66,continuous_power,False,1,97.0,4,3.0,,0.0,0.0,0.0,100.0,48.3,31.2,0|0|0|0|0
2026-07-06,INDUSINDBK.NS,A_breakout_40d,1009.8,918.931,862.0805,974.35,4977348,2353307.35,1009.8,999.702,1019.898,7.0,939.114,A,83.0,79.1,82.3,71.4,58.0,59.9,1.01,3.0,0,3.6383,9.8886,-0.6517,2.323,2.2413,17.6065,18.0,-0.0,-0.0,-0.0,-0.0,1.4702,100.0,97.0,0.3111,0.1154,0.0403,0.3525,69,continuous_power,False,1,97.0,4,3.0,,0.0,0.0,0.0,100.0,40.8,31.2,0|0|0|0|0
2026-07-07,INDUSINDBK.NS,A_breakout_40d,1022.25,921.665,863.4805,1009.8,5804845,2558816.95,1022.25,1012.0275,1032.4725,7.0,950.6925,A,83.7,59.9,85.4,73.2,58.0,59.9,1.16,3.0,1,1.2329,10.9134,-0.0099,1.4267,1.3527,16.5318,18.0,-0.0,-0.0,-0.0,-0.0,1.4702,100.0,97.0,0.3111,0.0912,0.0229,0.3525,69,continuous_power,False,1,97.0,4,3.0,,0.0,0.0,0.0,100.0,43.8,31.2,0|0|0|0|0
2026-07-07,TITAN.NS,A_breakout_40d,4604.2002,4253.43,4047.679,4484.3999,3385876,859542.95,4604.2002,4558.1582,4650.2422,7.0,4281.9062,A,75.4,71.4,100.0,69.9,58.0,59.9,0.12,0.47,0,2.6715,8.2468,1.4629,1.7051,2.1679,11.2031,18.0,-0.0,-0.0,-0.0,-0.0,1.4702,100.0,97.0,0.3111,0.1154,0.0223,0.3646,69,continuous_power,False,1,97.0,4,3.0,,0.0,0.0,0.0,100.0,46.3,31.2,0|0|0|0|0
2026-07-09,SUNPHARMA.NS,A_breakout_40d,1938.7,1843.6,1750.398,1912.8,4445945,1889096.8,1938.7,1919.313,1958.087,7.0,1802.991,A,76.6,60.8,87.1,70.9,58.0,59.9,0.94,3.0,0,1.354,5.1584,0.09,1.9765,1.6893,6.8682,18.0,-0.0,-0.0,-0.0,-0.0,1.4702,100.0,97.0,0.3111,0.0904,0.0229,0.349,69,continuous_power,False,1,97.0,4,3.0,,0.0,0.0,0.0,100.0,40.9,31.1,0|0|0|0|0
2026-07-14,ADANIGREEN.NS,A_breakout_40d,1604.5,1465.444,1120.9782,1556.2,4833378,2525254.5,1604.5,1588.455,1620.545,7.0,1492.185,A,100.0,74.8,78.3,65.5,58.0,59.9,1.89,3.0,0,3.1037,9.489,-0.097,1.9541,1.0457,14.0506,18.0,-0.0,-0.0,-0.0,-0.0,1.4702,100.0,97.0,0.3111,0.1233,0.0414,0.3762,69,continuous_power,False,1,97.0,4,3.0,,0.0,0.0,0.0,100.0,48.3,31.2,0|0|0|0|0
2026-07-14,DIVISLAB.NS,A_breakout_40d,7188.5,6733.74,6410.5575,6938.5,1093217,365166.55,7188.5,7116.615,7260.385,7.0,6685.305,A,75.2,78.8,99.9,71.6,58.0,59.9,0.53,2.14,0,3.6031,6.7535,0.3099,1.991,1.4824,13.4663,18.0,-0.0,-0.0,-0.0,-0.0,1.4702,100.0,97.0,0.3111,0.0912,0.0403,0.349,69,continuous_power,False,1,97.0,4,3.0,,0.0,0.0,0.0,100.0,46.3,31.2,0|0|0|0|0
2026-07-15,APOLLOHOSP.NS,A_breakout_40d,8934.0,8421.15,7684.465,8900.5,501822,313415.25,8934.0,8844.66,9023.34,7.0,8308.62,A,97.9,53.0,72.0,68.7,58.0,59.9,1.39,3.0,0,0.3764,6.09,0.5393,0.7591,0.7384,4.8264,18.0,-0.0,-0.0,-0.0,-0.0,2.9789,100.0,97.0,0.345,0.1154,0.0223,0.3762,66,continuous_power,False,1,97.0,4,3.0,,0.0,0.0,0.0,100.0,40.9,31.1,0|0|0|0|0
2026-07-15,DIVISLAB.NS,A_breakout_40d,7273.0,6745.16,6416.6675,7188.5,726420,388646.1,7273.0,7200.27,7345.73,7.0,6763.89,A,75.6,59.4,77.4,73.8,58.0,59.9,0.61,2.43,1,1.1755,7.8255,0.9946,0.6179,1.9052,12.5947,18.0,-0.0,-0.0,-0.0,-0.0,2.9789,100.0,97.0,0.345,0.0912,0.0223,0.3762,66,continuous_power,False,1,97.0,4,3.0,,0.0,0.0,0.0,100.0,34.9,31.1,0|0|0|0|0
2026-07-16,DIVISLAB.NS,A_breakout_40d,7316.0,6757.43,6423.3275,7273.0,668479,401478.2,7316.0,7242.84,7389.16,7.0,6803.88,A,76.0,54.7,73.3,74.9,58.0,59.9,0.71,2.83,2,0.5912,8.266,0.6462,0.7086,1.3425,11.7625,18.0,-0.0,-0.0,-0.0,-0.0,2.9789,100.0,97.0,0.345,0.0839,0.0223,0.3762,66,continuous_power,False,1,97.0,4,3.0,,0.0,0.0,0.0,100.0,34.9,31.1,0|0|0|0|0
2026-07-21,INDUSINDBK.NS,A_breakout_40d,1063.45,940.715,877.585,1032.85,5124214,2350956.6,1063.45,1052.8155,1074.0845,7.0,989.0085,A,86.0,73.7,83.6,73.0,58.0,59.9,1.05,3.0,0,2.9627,13.047,0.4793,1.3777,0.9796,15.5988,18.0,-0.0,-0.0,-0.0,-0.0,1.4702,100.0,97.0,0.3111,0.1154,0.0403,0.3525,69,continuous_power,False,1,97.0,4,3.0,,0.0,0.0,0.0,100.0,46.3,31.2,0|0|0|0|0
2026-07-22,BAJAJ-AUTO.NS,A_breakout_40d,10998.5,10223.35,9568.6975,10808.5,1448919,450940.45,10998.5,10888.515,11108.485,7.0,10228.605,A,84.2,64.1,100.0,71.2,58.0,59.9,0.03,0.1,0,1.7579,7.5822,1.9849,1.9278,2.948,13.1721,18.0,-0.0,-0.0,-0.0,-0.0,2.9789,100.0,97.0,0.345,0.1154,0.0049,0.3762,66,continuous_power,False,1,97.0,4,3.0,,0.0,0.0,0.0,100.0,41.8,31.2,0|0|0|0|0
2026-07-22,INDUSINDBK.NS,A_breakout_40d,1069.3,944.251,879.2158,1063.45,5069101,2514768.7,1069.3,1058.607,1079.993,7.0,994.449,A,87.0,54.4,80.3,73.8,58.0,59.9,1.29,3.0,1,0.5501,13.2432,-0.5125,0.8001,0.5999,12.581,18.0,-0.0,-0.0,-0.0,-0.0,1.4702,100.0,97.0,0.3111,0.0912,0.0223,0.3646,69,continuous_power,False,1,97.0,4,3.0,,0.0,0.0,0.0,100.0,43.3,31.2,0|0|0|0|0
2026-07-22,NESTLEIND.NS,A_breakout_40d,1493.6,1421.54,1316.8925,1473.7,6542429,2006377.1,1493.6,1478.664,1508.536,7.0,1389.048,A,89.7,60.8,100.0,66.5,58.0,59.9,-0.19,0.0,0,1.3503,5.0691,0.5786,1.9382,1.7684,8.4279,18.0,-0.0,-0.0,-0.0,-0.0,2.9789,100.0,97.0,0.345,0.1154,0.0223,0.3762,66,continuous_power,False,1,97.0,4,3.0,,0.0,0.0,0.0,100.0,50.3,31.2,0|0|0|0|0
2026-07-23,BAJAJ-AUTO.NS,A_breakout_40d,11283.5,10240.0,9581.7175,10998.5,1025436,484566.55,11283.5,11170.665,11396.335,7.0,10493.655,A,84.4,70.7,82.3,75.2,58.0,59.9,0.24,0.97,1,2.5913,10.1904,0.0091,1.4471,2.4951,17.5322,18.0,-0.0,-0.0,-0.0,-0.0,2.9789,100.0,97.0,0.345,0.1154,0.0049,0.3762,66,continuous_power,False,1,97.0,4,3.0,,0.0,0.0,0.0,100.0,43.8,31.2,0|0|0|0|0
2026-07-27,SUNPHARMA.NS,A_breakout_40d,1973.7,1867.366,1769.561,1961.9,5414354,2181486.45,1973.7,1953.963,1993.437,7.0,1835.541,A,77.6,54.8,89.6,65.8,58.0,59.9,0.49,1.96,0,0.6015,5.6943,0.3812,1.3174,0.6986,4.7415,18.0,-0.0,-0.0,-0.0,-0.0,1.4702,100.0,97.0,0.3111,0.0912,0.0223,0.3646,69,continuous_power,False,1,97.0,4,3.0,,0.0,0.0,0.0,100.0,52.3,31.2,0|0|0|0|0
2026-07-28,SUNPHARMA.NS,A_breakout_40d,1976.7,1869.254,1771.2865,1973.7,4579529,2292825.5,1976.7,1956.933,1996.467,7.0,1838.331,A,77.7,51.2,79.9,66.3,58.0,59.9,0.47,1.87,1,0.152,5.7481,0.2584,0.7108,0.7474,3.9989,18.0,-0.0,-0.0,-0.0,-0.0,2.9789,100.0,97.0,0.345,0.0912,0.0223,0.3762,66,continuous_power,False,1,97.0,4,3.0,,0.0,0.0,0.0,100.0,52.3,31.2,0|0|0|0|0
2026-07-29,ASIANPAINT.NS,A_breakout_40d,2758.3999,2685.994,2588.193,2755.0,3802724,970337.55,2758.3999,2730.8159,2785.9839,7.0,2565.3119,A,68.9,51.0,100.0,61.9,58.0,59.9,0.35,1.41,0,0.1234,2.6957,0.3655,2.6565,2.0685,5.0071,18.0,-0.0,-0.0,-0.0,-0.0,1.4702,100.0,97.0,0.3111,0.0815,0.0223,0.349,69,continuous_power,False,1,97.0,4,3.0,,0.0,0.0,0.0,100.0,52.3,31.2,0|0|0|0|0
2026-07-29,CIPLA.NS,A_breakout_40d,1474.3,1416.148,1407.0015,1472.3,2192190,1382572.5,1474.3,1459.557,1489.043,7.0,1371.099,A,53.3,51.1,71.7,62.4,58.0,59.9,0.04,0.16,0,0.1358,4.1064,0.443,1.4287,1.731,6.0398,18.0,-0.0,-0.0,-0.0,-0.0,2.9789,96.9,93.9,0.345,0.0815,0.0,0.3762,66,continuous_power,False,1,93.9,4,3.0,,0.0,0.0,0.0,96.9,52.3,31.2,0|0|0|0|0
2026-07-29,DIVISLAB.NS,A_breakout_40d,7784.5,6862.88,6492.6175,7425.0,1158117,470336.45,7784.5,7706.655,7862.345,7.0,7239.585,A,78.5,88.7,89.2,78.3,58.0,59.9,0.84,3.0,0,4.8418,13.4291,0.0471,2.2769,1.645,19.031,18.0,-0.0,-0.0,-0.0,-0.0,1.4702,100.0,97.0,0.3111,0.1154,0.0403,0.349,69,continuous_power,False,1,97.0,4,3.0,,0.0,0.0,0.0,100.0,32.4,31.1,0|0|0|0|0
2026-07-30,EICHERMOT.NS,A_breakout_40d,7912.5,7421.37,7246.305,7836.0,1496271,557811.3,7912.5,7833.375,7991.625,7.0,7358.625,A,62.1,57.8,93.6,66.1,58.0,59.9,1.19,3.0,0,0.9763,6.6178,1.1634,1.3146,2.0533,7.2949,18.0,-0.0,-0.0,-0.0,-0.0,1.4702,100.0,97.0,0.3111,0.0815,0.0229,0.3324,69,continuous_power,False,1,97.0,4,3.0,,0.0,0.0,0.0,100.0,52.3,31.2,0|0|0|0|0
2026-07-30,NESTLEIND.NS,A_breakout_40d,1520.7,1427.01,1325.678,1503.3,3697911,2362439.9,1520.7,1505.493,1535.907,7.0,1414.251,A,88.2,59.3,71.3,66.6,58.0,59.9,0.4,1.61,0,1.1574,6.5655,0.0,1.013,0.3509,9.3104,18.0,-0.0,-0.0,-0.0,-0.0,2.9789,98.6,95.6,0.345,0.1154,0.0223,0.3762,66,continuous_power,False,1,95.6,4,3.0,,0.0,0.0,0.0,98.6,48.3,31.2,0|0|0|0|0
2026-08-03,DIVISLAB.NS,A_breakout_40d,8585.0,6942.37,6519.185,8056.0,1797850,576033.7,8585.0,8499.15,8670.85,7.0,7984.05,A,82.5,100.0,100.0,87.7,58.0,59.9,1.57,3.0,1,6.5665,23.6609,4.0218,2.4277,5.9365,32.4053,18.0,-0.0,-0.0,-0.0,-0.0,1.4702,100.0,97.0,0.3111,0.1154,0.0414,0.349,69,continuous_power,False,1,97.0,4,3.0,,0.0,0.0,0.0,100.0,24.4,31.1,0|0|0|0|0
2026-08-03,EICHERMOT.NS,A_breakout_40d,8050.0,7451.13,7256.7275,7912.5,1009295,613404.55,8050.0,7969.5,8130.5,7.0,7486.5,A,63.4,63.9,72.9,68.0,58.0,59.9,1.19,3.0,1,1.7378,8.0373,0.8489,1.3026,1.1515,10.1474,18.0,-0.0,-0.0,-0.0,-0.0,1.4702,100.0,97.0,0.3111,0.0815,0.0223,0.3525,69,continuous_power,False,1,97.0,4,3.0,,0.0,0.0,0.0,100.0,36.9,31.1,0|0|0|0|0
2026-08-03,SIEMENS.NS,A_breakout_40d,3900.0,3646.72,3350.482,3767.8,608209,350269.85,3900.0,3861.0,3939.0,7.0,3627.0,A,94.2,78.1,74.7,70.1,58.0,59.9,0.16,0.65,0,3.5087,6.8912,-0.4867,1.8682,1.2154,14.396,18.0,-0.0,-0.0,-0.0,-0.0,2.9789,95.6,92.6,0.345,0.1233,0.0223,0.3762,66,continuous_power,False,1,92.6,4,3.0,,0.0,0.0,0.0,95.6,34.9,31.1,0|0|0|0|0
2026-08-04,DIVISLAB.NS,A_breakout_40d,8378.0,6938.23,6518.15,8056.0,970269,534654.65,8378.0,8294.22,8461.78,7.0,7791.54,A,82.2,82.0,76.3,86.1,58.0,59.9,1.51,3.0,2,-2.4112,20.1169,-1.5609,1.0258,3.8405,20.0941,18.0,-0.0,-0.0,-0.0,-0.0,2.9789,100.0,97.0,0.345,0.1154,0.0223,0.3762,66,continuous_power,False,1,97.0,4,3.0,,0.0,0.0,0.0,100.0,27.9,31.1,0|0|0|0|0
2026-08-04,SIEMENS.NS,A_breakout_40d,4000.5,3655.036,3358.3605,3900.0,1107665,393632.5,4000.5,3960.495,4040.505,7.0,3720.465,A,94.2,70.6,96.3,74.9,58.0,59.9,0.22,0.87,1,2.5769,9.4517,0.5026,1.3038,1.4141,17.5141,18.0,-0.0,-0.0,-0.0,-0.0,2.9789,100.0,97.0,0.345,0.1233,0.0223,0.3762,66,continuous_power,False,1,97.0,4,3.0,,0.0,0.0,0.0,100.0,43.8,31.2,0|0|0|0|0
2026-08-05,PIDILITIND.NS,A_breakout_40d,1665.0,1563.486,1473.2435,1642.5,1982973,1198244.1,1665.0,1648.35,1681.65,7.0,1548.45,A,80.6,61.0,73.1,65.3,58.0,59.9,1.07,3.0,0,1.3699,6.3151,1.1111,1.3962,1.952,7.835,18.0,-0.0,-0.0,-0.0,-0.0,1.4702,100.0,97.0,0.3111,0.1154,0.0223,0.3646,69,continuous_power,False,1,97.0,4,3.0,,0.0,0.0,0.0,100.0,40.9,31.1,0|0|0|0|0
2026-08-06,SHRIRAMFIN.NS,A_breakout_40d,1141.0,1012.339,958.6378,1122.4,12605067,6022290.95,1141.0,1129.59,1152.41,7.0,1061.13,A,78.0,63.3,81.9,69.9,58.0,59.9,1.41,3.0,0,1.6572,12.7093,0.6771,1.0392,1.3859,15.4608,18.0,-0.0,-0.0,-0.0,-0.0,1.4702,100.0,97.0,0.3111,0.0912,0.0229,0.3525,69,continuous_power,False,1,97.0,4,3.0,,0.0,0.0,0.0,100.0,46.3,31.2,0|0|0|0|0
2026-08-10,GOLDBEES.NS,A_breakout_40d,124.58,119.726,119.1321,124.14,30227825,19762438.05,124.58,123.3342,125.8258,7.0,115.8594,A,52.5,52.8,70.6,69.2,58.0,59.9,-0.61,0.0,0,0.3544,4.0543,0.5105,0.7771,0.6771,8.2732,18.0,-0.0,-0.0,-0.0,-0.0,0.0,58.4,58.4,0.1289,0.0815,0.0414,0.1353,87,continuous_power,False,1,58.4,2,0.0,,0.0,0.0,0.0,58.4,50.3,31.2,0|0|0|0|0
2026-08-10,GRASIM.NS,A_breakout_40d,3380.5,3143.612,2893.4,3323.0,2567975,639740.5,3380.5,3346.695,3414.305,7.0,3143.865,A,93.2,63.8,100.0,67.2,58.0,59.9,0.31,1.24,0,1.7304,7.5368,0.0301,1.5766,1.5197,11.3201,18.0,-0.0,-0.0,-0.0,-0.0,1.4702,100.0,97.0,0.3111,0.1154,0.0229,0.3646,69,continuous_power,False,1,97.0,4,3.0,,0.0,0.0,0.0,100.0,46.3,31.2,0|0|0|0|0
2026-08-10,TITAN.NS,A_breakout_40d,5090.0,4518.32,4198.477,5000.0,3663289,928863.9,5090.0,5039.1,5140.9,7.0,4733.7,A,88.1,64.4,100.0,74.7,58.0,59.9,1.98,3.0,0,1.8,12.6525,-0.1821,2.4013,1.6117,11.3795,18.0,-0.0,-0.0,-0.0,-0.0,1.4702,100.0,97.0,0.3111,0.0912,0.0414,0.349,69,continuous_power,False,1,97.0,4,3.0,,0.0,0.0,0.0,100.0,46.3,31.2,0|0|0|0|0
2026-08-11,SIEMENS.NS,A_breakout_40d,4011.0,3669.53,3376.2695,4000.5,1265760,425971.4,4011.0,3970.89,4051.11,7.0,3730.23,A,93.4,52.1,99.4,70.0,58.0,59.9,0.44,1.77,0,0.2625,9.2875,0.2478,1.6459,0.8955,7.5993,18.0,-0.0,-0.0,-0.0,-0.0,1.4702,100.0,97.0,0.3111,0.1154,0.0229,0.3646,69,continuous_power,False,1,97.0,4,3.0,,0.0,0.0,0.0,100.0,50.3,31.2,0|0|0|0|0
2026-08-11,TITAN.NS,A_breakout_40d,5128.0,4539.318,4205.2555,5090.0,1664783,980616.6,5128.0,5076.72,5179.28,7.0,4769.04,A,89.7,56.0,74.0,76.0,58.0,59.9,2.08,3.0,1,0.7466,12.9685,0.0,0.7823,0.9809,10.5989,18.0,-0.0,-0.0,-0.0,-0.0,2.9789,100.0,97.0,0.345,0.1154,0.0223,0.3762,66,continuous_power,False,1,97.0,4,3.0,,0.0,0.0,0.0,100.0,34.9,31.1,0|0|0|0|0
2026-08-12,HINDALCO.NS,A_breakout_40d,1078.5,995.775,947.4298,1059.6,8776246,5141997.1,1078.5,1067.715,1089.285,7.0,1003.005,A,75.5,64.3,74.1,70.9,58.0,59.9,-0.89,0.0,0,1.7837,8.6665,1.344,1.3225,1.6665,11.5971,18.0,-0.0,-0.0,-0.0,-0.0,1.4702,87.7,86.2,0.3111,0.0912,0.0049,0.3646,69,continuous_power,False,1,86.2,3,1.5,,0.0,0.0,0.0,87.7,34.9,31.1,0|0|0|0|0
2026-08-12,SIEMENS.NS,A_breakout_40d,4019.0,3675.316,3380.85,4011.0,716326,450594.0,4019.0,3978.81,4059.19,7.0,3737.67,A,93.5,51.6,71.8,70.4,58.0,59.9,0.43,1.74,1,0.1995,9.3212,0.2742,0.9342,0.8998,7.7055,18.0,-0.0,-0.0,-0.0,-0.0,2.9789,95.2,92.2,0.345,0.1154,0.0223,0.3762,66,continuous_power,False,1,92.2,4,3.0,,0.0,0.0,0.0,95.2,40.9,31.1,0|0|0|0|0
2026-08-24,SIEMENS.NS,A_breakout_40d,4114.0,3730.97,3416.8965,4019.0,1317139,449179.85,4114.0,4072.86,4155.14,7.0,3826.02,A,96.0,68.9,98.6,69.6,58.0,59.9,1.01,3.0,0,2.3638,10.2662,0.0,2.1671,1.1671,12.2157,18.0,-0.0,-0.0,-0.0,-0.0,1.4702,100.0,97.0,0.3111,0.1154,0.052,0.349,69,continuous_power,False,1,97.0,4,3.0,,0.0,0.0,0.0,100.0,48.3,31.2,0|0|0|0|0
2026-08-31,BAJAJ-AUTO.NS,A_breakout_40d,12130.0,10967.1,9946.67,11927.0,355399,231808.0,12130.0,12008.7,12251.3,7.0,11280.9,A,100.0,63.6,70.7,69.2,58.0,59.9,1.69,3.0,0,1.702,10.6035,0.0,1.4219,1.0676,9.1454,18.0,-0.0,-0.0,-0.0,-0.0,1.4702,93.4,91.9,0.3111,0.1154,0.0414,0.3646,69,continuous_power,False,1,90.4,4,3.0,,0.0,0.0,0.0,93.4,36.9,31.1,0|0|0|0|0
2026-08-31,DIVISLAB.NS,A_breakout_40d,9467.0,7728.13,6720.36,9239.0,680784,440853.6,9467.0,9372.33,9561.67,7.0,8804.31,A,100.0,69.7,70.9,83.7,58.0,59.9,3.17,3.0,0,2.4678,22.5005,0.0,1.9183,1.3129,20.0703,18.0,-0.0,-0.0,-0.0,-0.0,1.4702,92.5,91.0,0.3111,0.1154,0.0403,0.3646,69,continuous_power,False,1,89.5,4,3.0,,0.0,0.0,0.0,92.5,13.6,13.8,0|0|0|0|0
2026-09-01,BAJAJ-AUTO.NS,A_breakout_40d,12361.0,11013.82,9964.26,12130.0,494914,241163.9,12361.0,12237.39,12484.61,7.0,11495.73,A,100.0,65.2,81.0,73.2,58.0,59.9,1.74,3.0,1,1.9044,12.2317,0.4122,1.9487,1.6563,11.9262,18.0,-0.0,-0.0,-0.0,-0.0,1.4702,89.9,88.4,0.3111,0.1154,0.052,0.349,69,continuous_power,False,1,86.9,4,3.0,,0.0,0.0,0.0,89.9,34.9,31.1,0|0|0|0|0
