Date,Ticker,Open,High,Low,Close,AdjClose,Volume
2025-03-17,ADANIPORTS.NS,1114.800048828125,1148.550048828125,1111.199951171875,1137.1500244140625,1131.6444091796875,1489537
2025-03-17,ASIANPAINT.NS,2205.0,2239.25,2196.050048828125,2219.550048828125,2195.832275390625,838015
2025-03-17,AXISBANK.NS,1011.0999755859375,1039.0,1011.0999755859375,1034.1500244140625,1033.2669677734375,5938668
2025-03-17,BAJFINANCE.NS,839.9199829101562,862.9949951171875,838.5999755859375,858.0349731445312,852.77294921875,11020850
2025-03-17,BHARTIARTL.NS,1612.199951171875,1648.4000244140625,1612.199951171875,1639.1500244140625,1625.560546875,6405522
2025-03-17,GRASIM.NS,2381.75,2404.5,2370.85009765625,2399.35009765625,2390.6533203125,646714
2025-03-17,HCLTECH.NS,1528.0,1547.550048828125,1519.050048828125,1545.1500244140625,1492.834716796875,2029100
2025-03-17,HDFCBANK.NS,852.5,862.0,852.5,855.2000122070312,843.79443359375,18950652
2025-03-17,HINDUNILVR.NS,2161.0,2195.449951171875,2156.5,2171.25,2131.8955078125,1111886
2025-03-17,ICICIBANK.NS,1257.050048828125,1273.949951171875,1254.75,1269.0,1259.2833251953125,11164812
2025-03-17,INDUSINDBK.NS,705.0,709.9000244140625,675.0,677.4000244140625,677.4000244140625,22353102
2025-03-17,INFY.NS,1545.1500244140625,1594.0,1545.1500244140625,1590.050048828125,1544.34619140625,7526032
2025-03-17,ITC.NS,413.0,416.25,407.0,407.95001220703125,392.3468017578125,5257805
2025-03-17,JSWSTEEL.NS,1007.5499877929688,1015.4500122070312,1000.1500244140625,1005.7000122070312,1002.9990844726562,1522656
2025-03-17,KOTAKBANK.NS,396.0199890136719,399.7699890136719,394.8500061035156,398.6199951171875,398.16094970703125,15854645
2025-03-17,LT.NS,3190.0,3240.050048828125,3159.0,3173.449951171875,3144.126708984375,2805790
2025-03-17,M&M.NS,2635.0,2727.050048828125,2635.0,2705.14990234375,2683.58984375,2527623
2025-03-17,MARUTI.NS,11513.7998046875,11752.9501953125,11456.349609375,11553.7001953125,11429.9892578125,275569
2025-03-17,NESTLEIND.NS,1087.7750244140625,1101.675048828125,1078.0,1087.175048828125,1076.809326171875,820010
2025-03-17,NTPC.NS,332.95001220703125,334.5,330.5,331.6499938964844,323.1224365234375,4353561
2025-03-17,POWERGRID.NS,270.0,270.6499938964844,264.95001220703125,267.3500061035156,258.888671875,11987667
2025-03-17,RELIANCE.NS,1242.1500244140625,1257.4000244140625,1233.0999755859375,1238.8499755859375,1233.9217529296875,16640917
2025-03-17,SBIN.NS,728.9000244140625,731.25,722.2999877929688,723.1500244140625,708.915283203125,5149563
2025-03-17,SUNPHARMA.NS,1694.050048828125,1720.1500244140625,1688.3499755859375,1704.300048828125,1687.744873046875,2588408
2025-03-17,TCS.NS,3489.0,3530.449951171875,3477.35009765625,3497.699951171875,3380.8603515625,2690906
2025-03-17,TECHM.NS,1442.949951171875,1448.0,1425.199951171875,1440.0999755859375,1399.6048583984375,1747569
2025-03-17,TITAN.NS,2985.050048828125,3036.39990234375,2985.050048828125,3017.35009765625,3008.296630859375,632348
2025-03-17,ULTRACEMCO.NS,10546.5,10577.349609375,10448.0,10547.099609375,10480.666015625,212061
2025-03-17,WIPRO.NS,264.0,265.20001220703125,258.8999938964844,259.8500061035156,248.42376708984375,12697926
2025-03-18,ADANIPORTS.NS,1137.1500244140625,1137.1500244140625,1137.1500244140625,1137.1500244140625,1131.6444091796875,0
2025-03-18,ASIANPAINT.NS,2219.550048828125,2219.550048828125,2219.550048828125,2219.550048828125,2195.832275390625,0
2025-03-18,AXISBANK.NS,1034.1500244140625,1034.1500244140625,1034.1500244140625,1034.1500244140625,1033.2669677734375,0
2025-03-18,BAJFINANCE.NS,858.0349731445312,858.0349731445312,858.0349731445312,858.0349731445312,852.77294921875,0
2025-03-18,BHARTIARTL.NS,1639.1500244140625,1639.1500244140625,1639.1500244140625,1639.1500244140625,1625.560546875,0
2025-03-18,GRASIM.NS,2399.35009765625,2399.35009765625,2399.35009765625,2399.35009765625,2390.6533203125,0
2025-03-18,HCLTECH.NS,1545.1500244140625,1545.1500244140625,1545.1500244140625,1545.1500244140625,1492.834716796875,0
2025-03-18,HDFCBANK.NS,855.2000122070312,855.2000122070312,855.2000122070312,855.2000122070312,843.79443359375,0
2025-03-18,HINDUNILVR.NS,2171.25,2171.25,2171.25,2171.25,2131.8955078125,0
2025-03-18,ICICIBANK.NS,1269.0,1269.0,1269.0,1269.0,1259.2833251953125,0
2025-03-18,INDUSINDBK.NS,677.4000244140625,677.4000244140625,677.4000244140625,677.4000244140625,677.4000244140625,0
2025-03-18,INFY.NS,1590.050048828125,1590.050048828125,1590.050048828125,1590.050048828125,1544.34619140625,0
2025-03-18,ITC.NS,410.0,411.95001220703125,407.75,409.1000061035156,393.4528503417969,13861897
2025-03-18,JSWSTEEL.NS,1005.7000122070312,1005.7000122070312,1005.7000122070312,1005.7000122070312,1002.9990844726562,0
2025-03-18,KOTAKBANK.NS,398.6199951171875,398.6199951171875,398.6199951171875,398.6199951171875,398.16094970703125,0
2025-03-18,LT.NS,3173.449951171875,3173.449951171875,3173.449951171875,3173.449951171875,3144.126708984375,0
2025-03-18,M&M.NS,2705.14990234375,2705.14990234375,2705.14990234375,2705.14990234375,2683.58984375,0
2025-03-18,MARUTI.NS,11553.7001953125,11553.7001953125,11553.7001953125,11553.7001953125,11429.9892578125,0
2025-03-18,NESTLEIND.NS,1087.175048828125,1087.175048828125,1087.175048828125,1087.175048828125,1076.809326171875,0
2025-03-18,NTPC.NS,331.6499938964844,331.6499938964844,331.6499938964844,331.6499938964844,323.1224365234375,0
2025-03-18,POWERGRID.NS,267.3500061035156,267.3500061035156,267.3500061035156,267.3500061035156,258.888671875,0
2025-03-18,RELIANCE.NS,1238.8499755859375,1238.8499755859375,1238.8499755859375,1238.8499755859375,1233.9217529296875,0
2025-03-18,SBIN.NS,723.1500244140625,723.1500244140625,723.1500244140625,723.1500244140625,708.915283203125,0
2025-03-18,SUNPHARMA.NS,1704.300048828125,1704.300048828125,1704.300048828125,1704.300048828125,1687.744873046875,0
2025-03-18,TCS.NS,3497.699951171875,3497.699951171875,3497.699951171875,3497.699951171875,3380.8603515625,0
2025-03-18,TECHM.NS,1440.0999755859375,1440.0999755859375,1440.0999755859375,1440.0999755859375,1399.6048583984375,0
2025-03-18,TITAN.NS,3017.35009765625,3017.35009765625,3017.35009765625,3017.35009765625,3008.296630859375,0
2025-03-18,ULTRACEMCO.NS,10547.099609375,10547.099609375,10547.099609375,10547.099609375,10480.666015625,0
2025-03-18,WIPRO.NS,259.8500061035156,259.8500061035156,259.8500061035156,259.8500061035156,248.42376708984375,0
2025-03-19,ADANIPORTS.NS,1160.0,1184.5,1158.800048828125,1173.5,1167.818359375,2416781
2025-03-19,ASIANPAINT.NS,2274.0,2287.949951171875,2267.85009765625,2280.699951171875,2256.32861328125,663292
2025-03-19,AXISBANK.NS,1047.800048828125,1058.550048828125,1043.5,1052.050048828125,1051.1517333984375,4822365
2025-03-19,BAJFINANCE.NS,870.0,887.9000244140625,868.260009765625,873.1599731445312,867.80517578125,12898200
2025-03-19,BHARTIARTL.NS,1635.0,1642.050048828125,1627.5,1637.1500244140625,1623.5770263671875,6283464
2025-03-19,GRASIM.NS,2426.0,2464.60009765625,2426.0,2458.199951171875,2449.289794921875,415476
2025-03-19,HCLTECH.NS,1558.5,1561.3499755859375,1525.0999755859375,1544.449951171875,1492.1583251953125,4522829
2025-03-19,HDFCBANK.NS,867.5,875.5,866.0999755859375,872.0499877929688,860.4197387695312,15221406
2025-03-19,HINDUNILVR.NS,2207.0,2212.85009765625,2193.449951171875,2200.050048828125,2160.173583984375,1341405
2025-03-19,ICICIBANK.NS,1305.5999755859375,1318.300048828125,1302.1500244140625,1313.0999755859375,1303.0455322265625,11278014
2025-03-19,INDUSINDBK.NS,685.0,700.7999877929688,682.5499877929688,692.7000122070312,692.7000122070312,11120576
2025-03-19,INFY.NS,1603.0,1603.0,1572.800048828125,1586.550048828125,1540.94677734375,7387068
2025-03-19,ITC.NS,410.0,410.75,402.6000061035156,403.04998779296875,387.63421630859375,12830387
2025-03-19,JSWSTEEL.NS,1036.0,1047.0,1024.0,1033.3499755859375,1030.5748291015625,2652155
2025-03-19,KOTAKBANK.NS,407.8500061035156,410.20001220703125,403.45001220703125,404.30999755859375,403.8443908691406,26691440
2025-03-19,LT.NS,3275.0,3326.60009765625,3268.5,3319.550048828125,3288.876953125,1616312
2025-03-19,M&M.NS,2795.0,2831.89990234375,2779.550048828125,2789.10009765625,2766.870849609375,2438912
2025-03-19,MARUTI.NS,11700.0,11714.4501953125,11547.0,11615.5498046875,11491.1767578125,476555
2025-03-19,NESTLEIND.NS,1103.25,1106.699951171875,1090.074951171875,1092.0,1081.5882568359375,845086
2025-03-19,NTPC.NS,339.0,343.8999938964844,336.3500061035156,341.29998779296875,332.5243225097656,30582397
2025-03-19,POWERGRID.NS,272.0,278.29998779296875,269.79998779296875,277.20001220703125,268.4269104003906,13089950
2025-03-19,RELIANCE.NS,1241.050048828125,1253.25,1238.800048828125,1247.1500244140625,1242.1888427734375,16162399
2025-03-19,SBIN.NS,739.5999755859375,749.2999877929688,739.0999755859375,745.0999755859375,730.4331665039062,7604850
2025-03-19,SUNPHARMA.NS,1747.800048828125,1748.0,1726.300048828125,1732.3499755859375,1715.5223388671875,2167448
2025-03-19,TCS.NS,3547.0,3547.0,3462.75,3497.10009765625,3380.280517578125,3051244
2025-03-19,TECHM.NS,1430.6500244140625,1431.800048828125,1394.4000244140625,1396.1500244140625,1356.890625,5557840
2025-03-19,TITAN.NS,3088.050048828125,3095.0,3058.199951171875,3076.300048828125,3067.06982421875,730983
2025-03-19,ULTRACEMCO.NS,10710.0,10945.099609375,10700.0,10933.25,10864.3837890625,269175
2025-03-19,WIPRO.NS,262.0,266.5,256.25,265.70001220703125,254.01654052734375,14044300
2025-03-20,ADANIPORTS.NS,1185.0,1186.949951171875,1161.199951171875,1177.449951171875,1171.7491455078125,1919013
2025-03-20,ASIANPAINT.NS,2290.0,2307.0,2268.75,2287.199951171875,2262.75927734375,1166849
2025-03-20,AXISBANK.NS,1056.25,1058.9000244140625,1046.9000244140625,1054.3499755859375,1053.44970703125,3742644
2025-03-20,BAJFINANCE.NS,872.5,876.8049926757812,854.114990234375,867.9650268554688,862.64208984375,7924330
2025-03-20,BHARTIARTL.NS,1660.0,1709.6500244140625,1646.0999755859375,1705.25,1691.1124267578125,12074465
2025-03-20,GRASIM.NS,2464.800048828125,2477.199951171875,2448.10009765625,2468.14990234375,2459.203857421875,317002
2025-03-20,HCLTECH.NS,1547.8499755859375,1582.0999755859375,1547.050048828125,1562.0,1509.1141357421875,4608677
2025-03-20,HDFCBANK.NS,877.0,887.0,874.6500244140625,884.375,872.5803833007812,17833978
2025-03-20,HINDUNILVR.NS,2203.89990234375,2248.89990234375,2188.449951171875,2242.39990234375,2201.755859375,1426689
2025-03-20,ICICIBANK.NS,1320.0,1324.25,1311.050048828125,1321.699951171875,1311.5797119140625,10886735
2025-03-20,INDUSINDBK.NS,697.5,701.0,681.0,684.0999755859375,684.0999755859375,8918567
2025-03-20,INFY.NS,1592.0,1631.9000244140625,1592.0,1615.550048828125,1569.1131591796875,7186750
2025-03-20,ITC.NS,405.0,406.6499938964844,401.8999938964844,403.95001220703125,388.49981689453125,16994037
2025-03-20,JSWSTEEL.NS,1038.0,1052.800048828125,1027.199951171875,1050.25,1047.429443359375,2301795
2025-03-20,KOTAKBANK.NS,406.20001220703125,407.7799987792969,403.29998779296875,407.1300048828125,406.6611328125,13416530
2025-03-20,LT.NS,3335.25,3358.89990234375,3276.89990234375,3351.050048828125,3320.0859375,2434722
2025-03-20,M&M.NS,2803.75,2847.0,2801.0,2828.10009765625,2805.56005859375,2354374
2025-03-20,MARUTI.NS,11699.900390625,11765.0,11588.0,11730.2001953125,11604.5986328125,379421
2025-03-20,NESTLEIND.NS,1102.0,1114.375,1090.574951171875,1110.7750244140625,1100.184326171875,953748
2025-03-20,NTPC.NS,344.70001220703125,344.70001220703125,340.29998779296875,341.75,332.9627380371094,15002119
2025-03-20,POWERGRID.NS,283.5,283.54998779296875,277.04998779296875,280.3500061035156,271.47723388671875,13710249
2025-03-20,RELIANCE.NS,1251.8499755859375,1273.0,1250.050048828125,1269.1500244140625,1264.101318359375,15971477
2025-03-20,SBIN.NS,748.0,752.7000122070312,744.2000122070312,749.5499877929688,734.7955932617188,6963197
2025-03-20,SUNPHARMA.NS,1735.6500244140625,1757.1500244140625,1722.9000244140625,1750.25,1733.24853515625,1602232
2025-03-20,TCS.NS,3512.0,3578.949951171875,3512.0,3563.14990234375,3444.123779296875,2845192
2025-03-20,TECHM.NS,1403.1500244140625,1421.0,1400.050048828125,1410.550048828125,1370.8857421875,2863413
2025-03-20,TITAN.NS,3100.0,3205.0,3080.0,3193.10009765625,3183.519287109375,1542807
2025-03-20,ULTRACEMCO.NS,10931.150390625,11240.0,10816.0,10948.150390625,10879.1904296875,549251
2025-03-20,WIPRO.NS,269.20001220703125,273.95001220703125,267.5,268.0,256.21539306640625,17038774
2025-03-21,ADANIPORTS.NS,1182.0,1202.550048828125,1172.050048828125,1188.800048828125,1183.0443115234375,3127446
2025-03-21,ASIANPAINT.NS,2291.64990234375,2314.5,2277.85009765625,2300.39990234375,2275.818359375,1624115
2025-03-21,AXISBANK.NS,1054.3499755859375,1075.550048828125,1050.550048828125,1070.1500244140625,1069.2362060546875,6848565
2025-03-21,BAJFINANCE.NS,903.9949951171875,908.9000244140625,883.0999755859375,891.6099853515625,886.1420288085938,27448010
2025-03-21,BHARTIARTL.NS,1709.6500244140625,1731.4000244140625,1692.0,1725.800048828125,1711.4921875,14715349
2025-03-21,GRASIM.NS,2479.89990234375,2514.75,2459.449951171875,2469.39990234375,2460.44921875,1372022
2025-03-21,HCLTECH.NS,1535.0999755859375,1592.050048828125,1521.5,1566.699951171875,1513.655029296875,8109210
2025-03-21,HDFCBANK.NS,877.7750244140625,887.0499877929688,877.7750244140625,885.1749877929688,873.3696899414062,33508264
2025-03-21,HINDUNILVR.NS,2245.0,2255.199951171875,2225.800048828125,2246.199951171875,2205.487060546875,2152415
2025-03-21,ICICIBANK.NS,1316.0,1349.0,1311.5999755859375,1343.0999755859375,1332.81591796875,60494318
2025-03-21,INDUSINDBK.NS,685.0,693.8499755859375,672.2999877929688,686.9000244140625,686.9000244140625,14265415
2025-03-21,INFY.NS,1577.949951171875,1603.9000244140625,1563.6500244140625,1592.550048828125,1546.7742919921875,10074677
2025-03-21,ITC.NS,405.95001220703125,407.5,401.70001220703125,405.54998779296875,390.0386047363281,25302035
2025-03-21,JSWSTEEL.NS,1052.0,1062.550048828125,1047.699951171875,1058.699951171875,1055.856689453125,2630144
2025-03-21,KOTAKBANK.NS,408.0,419.5199890136719,407.0,415.79998779296875,415.3211364746094,94254040
2025-03-21,LT.NS,3357.0,3455.0,3332.75,3415.949951171875,3384.385986328125,3042073
2025-03-21,M&M.NS,2839.10009765625,2893.0,2781.25,2801.85009765625,2779.519287109375,3824316
2025-03-21,MARUTI.NS,11780.0,11921.7001953125,11705.7998046875,11732.7998046875,11607.1708984375,560565
2025-03-21,NESTLEIND.NS,1120.449951171875,1137.5,1115.9749755859375,1134.425048828125,1123.6087646484375,1585274
2025-03-21,NTPC.NS,342.0,353.8500061035156,341.75,351.29998779296875,342.2671813964844,36406837
2025-03-21,POWERGRID.NS,281.0,285.1499938964844,280.04998779296875,283.1000061035156,274.1401672363281,26003527
2025-03-21,RELIANCE.NS,1275.0,1281.0,1270.0999755859375,1276.3499755859375,1271.2725830078125,21780769
2025-03-21,SBIN.NS,749.9500122070312,755.5999755859375,747.0,753.2000122070312,738.373779296875,9577327
2025-03-21,SUNPHARMA.NS,1759.0,1792.800048828125,1750.25,1784.5,1767.165771484375,2483162
2025-03-21,TCS.NS,3475.0,3616.25,3465.0,3578.10009765625,3458.57470703125,4161925
2025-03-21,TECHM.NS,1390.050048828125,1431.0999755859375,1382.050048828125,1409.25,1369.6221923828125,4056023
2025-03-21,TITAN.NS,3186.949951171875,3190.0,3154.949951171875,3162.699951171875,3153.21044921875,1181974
2025-03-21,ULTRACEMCO.NS,11019.0,11064.0,10885.650390625,10976.75,10907.609375,656565
2025-03-21,WIPRO.NS,264.0,269.54998779296875,260.20001220703125,264.29998779296875,252.67807006835938,22659168
2025-03-24,ADANIPORTS.NS,1196.0,1210.8499755859375,1186.050048828125,1200.800048828125,1194.9862060546875,2135192
2025-03-24,ASIANPAINT.NS,2302.39990234375,2330.25,2302.10009765625,2322.5,2297.681884765625,1100353
2025-03-24,AXISBANK.NS,1082.0,1104.949951171875,1073.699951171875,1097.8499755859375,1096.9124755859375,8284863
2025-03-24,BAJFINANCE.NS,909.594970703125,911.5,892.7000122070312,909.0050048828125,903.4303588867188,14332170
2025-03-24,BHARTIARTL.NS,1740.0,1740.0,1714.8499755859375,1718.800048828125,1704.5501708984375,4120999
2025-03-24,GRASIM.NS,2478.64990234375,2544.0,2475.0,2513.199951171875,2504.090576171875,594207
2025-03-24,HCLTECH.NS,1591.0,1610.9000244140625,1560.0,1604.1500244140625,1549.8370361328125,2487843
2025-03-24,HDFCBANK.NS,889.5,902.2000122070312,886.8250122070312,900.0,887.9969482421875,17393736
2025-03-24,HINDUNILVR.NS,2250.25,2266.0,2241.0,2256.199951171875,2215.3056640625,1454404
2025-03-24,ICICIBANK.NS,1355.949951171875,1373.0,1345.050048828125,1358.1500244140625,1347.750732421875,9352280
2025-03-24,INDUSINDBK.NS,692.0,693.75,665.1500244140625,669.4500122070312,669.4500122070312,14649992
2025-03-24,INFY.NS,1597.949951171875,1607.0999755859375,1572.699951171875,1592.75,1546.968505859375,8857726
2025-03-24,ITC.NS,407.0,412.8500061035156,405.6000061035156,410.8999938964844,395.1839599609375,14362572
2025-03-24,JSWSTEEL.NS,1063.0,1072.0,1056.5,1061.3499755859375,1058.4996337890625,2267252
2025-03-24,KOTAKBANK.NS,420.0,436.8500061035156,418.04998779296875,435.2300109863281,434.7287902832031,42541755
2025-03-24,LT.NS,3449.0,3517.0,3446.0,3481.85009765625,3449.67724609375,1955564
2025-03-24,M&M.NS,2815.300048828125,2822.14990234375,2709.39990234375,2774.699951171875,2752.58544921875,5395134
2025-03-24,MARUTI.NS,11779.9501953125,11990.0,11742.0498046875,11922.25,11794.5927734375,359033
2025-03-24,NESTLEIND.NS,1136.550048828125,1144.300048828125,1130.0250244140625,1131.7750244140625,1120.9840087890625,861902
2025-03-24,NTPC.NS,357.0,368.0,353.6499938964844,366.95001220703125,357.51483154296875,24588471
2025-03-24,POWERGRID.NS,285.0,293.95001220703125,284.45001220703125,291.8500061035156,282.61328125,19966817
2025-03-24,RELIANCE.NS,1291.0,1306.0,1284.25,1302.0999755859375,1296.920166015625,20299319
2025-03-24,SBIN.NS,758.0,782.9500122070312,755.0999755859375,780.7999877929688,765.4304809570312,12095064
2025-03-24,SUNPHARMA.NS,1794.5,1820.0,1777.5999755859375,1784.800048828125,1767.462890625,1182084
2025-03-24,TCS.NS,3600.0,3649.75,3566.60009765625,3628.949951171875,3507.725830078125,1834751
2025-03-24,TECHM.NS,1415.8499755859375,1467.6500244140625,1413.5999755859375,1458.6500244140625,1417.6331787109375,3072831
2025-03-24,TITAN.NS,3168.199951171875,3175.949951171875,3075.0,3079.10009765625,3069.861328125,1481216
2025-03-24,ULTRACEMCO.NS,11018.9501953125,11077.9501953125,10853.849609375,11051.2001953125,10981.5908203125,294688
2025-03-24,WIPRO.NS,267.04998779296875,271.6499938964844,265.3999938964844,269.3999938964844,257.5538024902344,9269617
2025-03-25,ADANIPORTS.NS,1205.0,1209.0999755859375,1174.550048828125,1182.449951171875,1176.7249755859375,2090037
2025-03-25,ASIANPAINT.NS,2325.0,2344.5,2308.0,2330.75,2305.843994140625,1828005
2025-03-25,AXISBANK.NS,1109.949951171875,1123.5,1096.3499755859375,1118.550048828125,1117.594970703125,11720528
2025-03-25,BAJFINANCE.NS,912.5,926.0050048828125,897.7050170898438,906.7249755859375,901.164306640625,17482600
2025-03-25,BHARTIARTL.NS,1725.0,1740.5,1706.0999755859375,1730.5,1716.153076171875,4857399
2025-03-25,GRASIM.NS,2529.75,2595.89990234375,2520.0,2569.449951171875,2560.13671875,993289
2025-03-25,HCLTECH.NS,1622.0,1658.949951171875,1618.949951171875,1624.9000244140625,1569.8843994140625,4906013
2025-03-25,HDFCBANK.NS,902.4500122070312,921.8499755859375,900.75,910.7249755859375,898.5789184570312,39101416
2025-03-25,HINDUNILVR.NS,2250.75,2292.0,2243.35009765625,2271.300048828125,2230.13232421875,2229340
2025-03-25,ICICIBANK.NS,1359.0,1363.800048828125,1330.050048828125,1343.699951171875,1333.4112548828125,16419207
2025-03-25,INDUSINDBK.NS,670.2000122070312,672.8499755859375,633.5999755859375,637.0499877929688,637.0499877929688,18615476
2025-03-25,INFY.NS,1605.0,1636.1500244140625,1605.0,1628.449951171875,1581.6422119140625,9890140
2025-03-25,ITC.NS,412.0,415.25,408.70001220703125,409.79998779296875,394.12603759765625,20338110
2025-03-25,JSWSTEEL.NS,1061.3499755859375,1074.9000244140625,1052.0,1061.699951171875,1058.8486328125,1571677
2025-03-25,KOTAKBANK.NS,435.9800109863281,440.5,432.0,434.0,433.50018310546875,36712165
2025-03-25,LT.NS,3505.0,3525.0,3435.35009765625,3469.60009765625,3437.54052734375,4235900
2025-03-25,M&M.NS,2774.699951171875,2802.449951171875,2725.050048828125,2736.0,2714.194091796875,3576766
2025-03-25,MARUTI.NS,11951.400390625,12075.25,11800.0,11868.900390625,11741.814453125,514283
2025-03-25,NESTLEIND.NS,1130.0,1140.0,1115.0999755859375,1127.425048828125,1116.675537109375,1484284
2025-03-25,NTPC.NS,369.0,371.45001220703125,364.1499938964844,366.95001220703125,357.51483154296875,23189083
2025-03-25,POWERGRID.NS,291.0,295.25,287.6499938964844,291.0,281.7901611328125,16983852
2025-03-25,RELIANCE.NS,1307.699951171875,1307.699951171875,1282.5999755859375,1285.449951171875,1280.33642578125,13713899
2025-03-25,SBIN.NS,783.9000244140625,786.0,769.2000122070312,772.8499755859375,757.636962890625,15190143
2025-03-25,SUNPHARMA.NS,1784.800048828125,1795.949951171875,1758.5,1764.75,1747.607666015625,1471028
2025-03-25,TCS.NS,3645.0,3710.0,3638.0,3657.75,3535.56396484375,3135390
2025-03-25,TECHM.NS,1474.0,1483.9000244140625,1449.449951171875,1455.5,1414.57177734375,2056315
2025-03-25,TITAN.NS,3085.0,3099.949951171875,3046.0,3053.699951171875,3044.53759765625,1174346
2025-03-25,ULTRACEMCO.NS,11240.0,11478.849609375,11204.7001953125,11421.2001953125,11349.2607421875,754457
2025-03-25,WIPRO.NS,272.0,274.70001220703125,269.3500061035156,271.0,259.0834655761719,12563930
2025-03-26,ADANIPORTS.NS,1183.0,1202.199951171875,1173.050048828125,1181.5999755859375,1175.879150390625,1676081
2025-03-26,ASIANPAINT.NS,2340.0,2340.949951171875,2304.0,2323.14990234375,2298.324951171875,1934287
2025-03-26,AXISBANK.NS,1115.0,1118.8499755859375,1089.050048828125,1096.25,1095.31396484375,7127060
2025-03-26,BAJFINANCE.NS,910.2050170898438,912.6900024414062,884.9949951171875,886.60498046875,881.167724609375,8862110
2025-03-26,BHARTIARTL.NS,1739.1500244140625,1765.0,1726.1500244140625,1738.550048828125,1724.136474609375,7142394
2025-03-26,GRASIM.NS,2582.949951171875,2602.89990234375,2560.0,2581.60009765625,2572.24267578125,555486
2025-03-26,HCLTECH.NS,1624.9000244140625,1644.949951171875,1622.0,1633.4000244140625,1578.0966796875,3096513
2025-03-26,HDFCBANK.NS,912.5,913.75,901.0,903.2750244140625,891.2283325195312,24478442
2025-03-26,HINDUNILVR.NS,2272.0,2279.89990234375,2237.800048828125,2245.949951171875,2205.241455078125,1416907
2025-03-26,ICICIBANK.NS,1344.050048828125,1358.0,1331.5,1335.9000244140625,1325.6710205078125,10859639
2025-03-26,INDUSINDBK.NS,637.4000244140625,662.5,637.4000244140625,655.2999877929688,655.2999877929688,23506399
2025-03-26,INFY.NS,1626.0,1637.75,1595.0,1599.449951171875,1553.475830078125,6651302
2025-03-26,ITC.NS,410.29998779296875,411.20001220703125,406.25,407.3500061035156,391.769775390625,13891436
2025-03-26,JSWSTEEL.NS,1068.050048828125,1068.050048828125,1052.199951171875,1056.449951171875,1053.61279296875,1254060
2025-03-26,KOTAKBANK.NS,435.0,435.20001220703125,425.9800109863281,428.9800109863281,428.4859924316406,15084580
2025-03-26,LT.NS,3473.0,3496.800048828125,3418.5,3444.800048828125,3412.969482421875,2315715
2025-03-26,M&M.NS,2751.300048828125,2795.0,2737.050048828125,2742.25,2720.394287109375,3111504
2025-03-26,MARUTI.NS,11807.0,11868.900390625,11710.0,11734.2998046875,11608.6552734375,478517
2025-03-26,NESTLEIND.NS,1127.449951171875,1134.925048828125,1120.050048828125,1121.7249755859375,1111.02978515625,1066938
2025-03-26,NTPC.NS,366.95001220703125,369.0,353.29998779296875,354.6499938964844,345.5310363769531,18668095
2025-03-26,POWERGRID.NS,291.70001220703125,296.75,289.54998779296875,290.8500061035156,281.6449279785156,20367015
2025-03-26,RELIANCE.NS,1291.0,1293.800048828125,1268.75,1273.050048828125,1267.98583984375,12074747
2025-03-26,SBIN.NS,772.0,776.0499877929688,761.4500122070312,764.0,748.961181640625,7711852
2025-03-26,SUNPHARMA.NS,1767.949951171875,1770.800048828125,1746.0999755859375,1758.949951171875,1741.8638916015625,1762361
2025-03-26,TCS.NS,3647.75,3680.5,3625.85009765625,3635.800048828125,3514.34716796875,1734499
2025-03-26,TECHM.NS,1464.0,1464.0,1409.5,1416.300048828125,1376.47412109375,2231144
2025-03-26,TITAN.NS,3068.949951171875,3077.75,3034.550048828125,3057.5,3048.326171875,1010449
2025-03-26,ULTRACEMCO.NS,11381.0,11487.0,11300.0,11402.099609375,11330.2802734375,401569
2025-03-26,WIPRO.NS,272.0,272.25,266.75,267.3999938964844,255.64178466796875,7308412
2025-03-27,ADANIPORTS.NS,1182.0,1212.0,1175.0,1196.75,1190.955810546875,2004036
2025-03-27,ASIANPAINT.NS,2315.0,2350.10009765625,2290.5,2338.10009765625,2313.115478515625,1497861
2025-03-27,AXISBANK.NS,1092.0,1108.0,1088.0999755859375,1098.3499755859375,1097.412109375,8508917
2025-03-27,BAJFINANCE.NS,886.0999755859375,905.5399780273438,882.2249755859375,900.385009765625,894.8632202148438,20920440
2025-03-27,BHARTIARTL.NS,1739.949951171875,1746.4000244140625,1713.25,1724.699951171875,1710.401123046875,6222339
2025-03-27,GRASIM.NS,2584.0,2628.949951171875,2575.0,2618.699951171875,2609.208251953125,1246219
2025-03-27,HCLTECH.NS,1625.6500244140625,1645.0,1613.550048828125,1630.1500244140625,1574.956787109375,3383080
2025-03-27,HDFCBANK.NS,900.0,920.5,899.0499877929688,912.6749877929688,900.5029296875,41658100
2025-03-27,HINDUNILVR.NS,2244.199951171875,2260.89990234375,2200.0,2244.64990234375,2203.965087890625,3752627
2025-03-27,ICICIBANK.NS,1333.1500244140625,1351.5,1333.1500244140625,1336.6500244140625,1326.415283203125,15109614
2025-03-27,INDUSINDBK.NS,655.2999877929688,676.75,640.5,673.5499877929688,673.5499877929688,21589495
2025-03-27,INFY.NS,1595.550048828125,1619.949951171875,1586.0,1603.550048828125,1557.4581298828125,9426573
2025-03-27,ITC.NS,408.0,410.70001220703125,405.6499938964844,409.45001220703125,393.7894287109375,18642328
2025-03-27,JSWSTEEL.NS,1051.949951171875,1069.0,1050.0,1059.75,1056.9039306640625,2514499
2025-03-27,KOTAKBANK.NS,428.79998779296875,430.2799987792969,422.3699951171875,425.7300109863281,425.23974609375,47106120
2025-03-27,LT.NS,3460.0,3528.0,3451.0,3501.60009765625,3469.244873046875,3467864
2025-03-27,M&M.NS,2735.0,2751.0,2695.550048828125,2733.0,2711.2177734375,4325599
2025-03-27,MARUTI.NS,11773.150390625,11898.0,11638.0,11721.9501953125,11596.4375,645787
2025-03-27,NESTLEIND.NS,1120.0999755859375,1134.0,1112.625,1121.0250244140625,1110.3365478515625,1731172
2025-03-27,NTPC.NS,353.8999938964844,364.45001220703125,351.0,360.6499938964844,351.3768005371094,37930538
2025-03-27,POWERGRID.NS,289.0,297.25,289.0,295.5,286.1477355957031,37203166
2025-03-27,RELIANCE.NS,1278.1500244140625,1285.0,1271.300048828125,1278.199951171875,1273.115234375,15028056
2025-03-27,SBIN.NS,763.7999877929688,775.7999877929688,760.5,772.2999877929688,757.0977783203125,15648616
2025-03-27,SUNPHARMA.NS,1751.0,1752.300048828125,1720.0,1731.449951171875,1714.6309814453125,3279881
2025-03-27,TCS.NS,3614.85009765625,3663.0,3610.5,3651.199951171875,3529.23291015625,2528474
2025-03-27,TECHM.NS,1407.1500244140625,1430.0,1406.0,1423.9000244140625,1383.8603515625,2541022
2025-03-27,TITAN.NS,3047.550048828125,3097.699951171875,3047.550048828125,3087.64990234375,3078.385498046875,1635143
2025-03-27,ULTRACEMCO.NS,11400.5,11629.9501953125,11350.0,11599.599609375,11526.5361328125,406112
2025-03-27,WIPRO.NS,270.0,273.54998779296875,269.6000061035156,272.20001220703125,260.230712890625,14783522
2025-03-28,ADANIPORTS.NS,1197.699951171875,1205.0,1175.199951171875,1182.949951171875,1177.2225341796875,1670913
2025-03-28,ASIANPAINT.NS,2343.949951171875,2364.0,2325.0,2340.64990234375,2315.63818359375,1281871
2025-03-28,AXISBANK.NS,1098.4000244140625,1107.0,1086.5,1102.0,1101.0589599609375,4921190
2025-03-28,BAJFINANCE.NS,899.760009765625,902.8900146484375,886.0999755859375,894.5599975585938,889.0739135742188,9770990
2025-03-28,BHARTIARTL.NS,1733.300048828125,1745.75,1660.0,1733.4000244140625,1719.0291748046875,4133264
2025-03-28,GRASIM.NS,2614.949951171875,2637.64990234375,2599.35009765625,2611.14990234375,2601.685546875,435022
2025-03-28,HCLTECH.NS,1616.0999755859375,1625.550048828125,1581.5999755859375,1592.5,1538.58154296875,2211077
2025-03-28,HDFCBANK.NS,914.5,918.0,902.9249877929688,914.0999755859375,901.908935546875,28773648
2025-03-28,HINDUNILVR.NS,2247.0,2296.0,2240.300048828125,2258.85009765625,2217.90771484375,2280152
2025-03-28,ICICIBANK.NS,1336.0,1357.949951171875,1327.199951171875,1348.3499755859375,1338.025634765625,8266544
2025-03-28,INDUSINDBK.NS,672.0,673.9500122070312,643.5,649.8499755859375,649.8499755859375,8807815
2025-03-28,INFY.NS,1590.0,1598.449951171875,1560.0,1570.6500244140625,1525.5037841796875,6799047
2025-03-28,ITC.NS,410.8999938964844,415.6000061035156,408.1499938964844,409.75,394.0779724121094,12981873
2025-03-28,JSWSTEEL.NS,1059.75,1068.199951171875,1053.949951171875,1063.199951171875,1060.3446044921875,1674204
2025-03-28,KOTAKBANK.NS,427.8599853515625,435.9800109863281,427.79998779296875,434.239990234375,433.7398986816406,18361265
2025-03-28,LT.NS,3509.89990234375,3514.0,3472.550048828125,3492.300048828125,3460.03076171875,1348143
2025-03-28,M&M.NS,2735.800048828125,2739.699951171875,2635.0,2665.800048828125,2644.553466796875,6074446
2025-03-28,MARUTI.NS,11699.0498046875,11745.9501953125,11400.099609375,11522.150390625,11398.77734375,541795
2025-03-28,NESTLEIND.NS,1121.5250244140625,1143.9749755859375,1121.5250244140625,1125.375,1114.64501953125,1432302
2025-03-28,NTPC.NS,362.0,364.29998779296875,356.45001220703125,357.6000061035156,348.40521240234375,11327077
2025-03-28,POWERGRID.NS,293.8999938964844,294.25,288.29998779296875,290.3500061035156,281.1607360839844,10834900
2025-03-28,RELIANCE.NS,1280.0,1295.75,1269.0,1275.0999755859375,1270.027587890625,18147129
2025-03-28,SBIN.NS,772.0999755859375,778.5999755859375,767.0,771.5,756.3135375976562,7628185
2025-03-28,SUNPHARMA.NS,1731.449951171875,1741.3499755859375,1705.199951171875,1734.699951171875,1717.8494873046875,1956781
2025-03-28,TCS.NS,3651.0,3660.949951171875,3591.89990234375,3606.14990234375,3485.687744140625,2051919
2025-03-28,TECHM.NS,1415.0999755859375,1430.0,1408.550048828125,1418.25,1378.369140625,1642693
2025-03-28,TITAN.NS,3094.0,3111.800048828125,3051.050048828125,3063.35009765625,3054.15869140625,778417
2025-03-28,ULTRACEMCO.NS,11585.5,11699.0,11458.650390625,11509.5498046875,11437.0537109375,280960
2025-03-28,WIPRO.NS,271.0,271.8500061035156,261.6000061035156,262.25,250.71823120117188,14283389
2025-04-01,ADANIPORTS.NS,1179.0,1202.0,1168.050048828125,1174.75,1169.062255859375,1584541
2025-04-01,ASIANPAINT.NS,2342.0,2361.699951171875,2305.75,2316.0,2291.25146484375,970583
2025-04-01,AXISBANK.NS,1093.199951171875,1101.25,1070.0,1085.5999755859375,1084.6729736328125,6638140
2025-04-01,BAJFINANCE.NS,878.3300170898438,892.5,867.0999755859375,869.8200073242188,864.4857177734375,11834240
2025-04-01,BHARTIARTL.NS,1715.0,1765.0,1708.449951171875,1724.1500244140625,1709.8558349609375,6773056
2025-04-01,GRASIM.NS,2611.39990234375,2632.0,2596.199951171875,2619.0,2609.507080078125,317974
2025-04-01,HCLTECH.NS,1577.0,1585.0,1526.0999755859375,1530.3499755859375,1478.5357666015625,4126827
2025-04-01,HDFCBANK.NS,901.0,904.9500122070312,882.6749877929688,883.9249877929688,872.1363525390625,28511006
2025-04-01,HINDUNILVR.NS,2259.0,2284.64990234375,2220.0,2233.85009765625,2193.361083984375,2495962
2025-04-01,ICICIBANK.NS,1340.0,1352.3499755859375,1315.4000244140625,1318.449951171875,1308.3546142578125,14288024
2025-04-01,INDUSINDBK.NS,649.0,689.7999877929688,646.8499755859375,682.7000122070312,682.7000122070312,14019630
2025-04-01,INFY.NS,1539.25,1547.4000244140625,1517.8499755859375,1526.5,1482.6226806640625,12680733
2025-04-01,ITC.NS,409.79998779296875,414.3999938964844,405.6000061035156,406.6499938964844,391.0965270996094,15206240
2025-04-01,JSWSTEEL.NS,1063.0,1070.449951171875,1053.3499755859375,1056.25,1053.413330078125,1776263
2025-04-01,KOTAKBANK.NS,434.8599853515625,435.70001220703125,427.17999267578125,429.17999267578125,428.68572998046875,18754695
2025-04-01,LT.NS,3480.0,3501.60009765625,3430.0,3436.800048828125,3405.04345703125,1935147
2025-04-01,M&M.NS,2652.800048828125,2728.0,2623.14990234375,2637.89990234375,2616.875732421875,3300417
2025-04-01,MARUTI.NS,11480.0,11545.7998046875,11290.0,11481.099609375,11358.166015625,498244
2025-04-01,NESTLEIND.NS,1130.949951171875,1143.925048828125,1109.050048828125,1117.0,1106.349853515625,2040110
2025-04-01,NTPC.NS,352.3500061035156,362.8999938964844,350.8500061035156,352.1499938964844,343.0953063964844,18736320
2025-04-01,POWERGRID.NS,289.6000061035156,296.95001220703125,287.0,289.29998779296875,280.1439514160156,11603556
2025-04-01,RELIANCE.NS,1264.5999755859375,1277.9000244140625,1249.300048828125,1252.5999755859375,1247.6170654296875,12099648
2025-04-01,SBIN.NS,766.7999877929688,782.75,763.2000122070312,771.7000122070312,756.5096435546875,7011125
2025-04-01,SUNPHARMA.NS,1731.0,1733.949951171875,1681.5999755859375,1698.3499755859375,1681.8526611328125,4142445
2025-04-01,TCS.NS,3572.699951171875,3584.0,3525.0,3550.800048828125,3432.186767578125,2618493
2025-04-01,TECHM.NS,1402.0,1416.949951171875,1385.4000244140625,1395.1500244140625,1355.918701171875,1578367
2025-04-01,TITAN.NS,3053.699951171875,3075.699951171875,2982.0,2986.949951171875,2977.98779296875,1068622
2025-04-01,ULTRACEMCO.NS,11350.0,11565.650390625,11337.150390625,11378.650390625,11306.978515625,263144
2025-04-01,WIPRO.NS,260.3500061035156,263.0,258.5,262.6000061035156,251.0528564453125,8388635
2025-04-02,ADANIPORTS.NS,1182.4000244140625,1198.949951171875,1167.3499755859375,1195.449951171875,1189.6619873046875,1232853
2025-04-02,ASIANPAINT.NS,2328.0,2328.39990234375,2292.14990234375,2306.64990234375,2282.00146484375,792693
2025-04-02,AXISBANK.NS,1091.699951171875,1095.5999755859375,1080.75,1084.449951171875,1083.52392578125,4065344
2025-04-02,BAJFINANCE.NS,873.0,875.9849853515625,861.2000122070312,866.9249877929688,861.6084594726562,6464950
2025-04-02,BHARTIARTL.NS,1720.0,1760.4000244140625,1716.949951171875,1754.5999755859375,1740.0533447265625,6431226
2025-04-02,GRASIM.NS,2619.0,2633.39990234375,2601.050048828125,2616.5,2607.01611328125,413523
2025-04-02,HCLTECH.NS,1515.0,1538.550048828125,1506.4000244140625,1527.550048828125,1475.8306884765625,3167863
2025-04-02,HDFCBANK.NS,885.3499755859375,899.5999755859375,885.3499755859375,898.4500122070312,886.4676513671875,11573564
2025-04-02,HINDUNILVR.NS,2243.699951171875,2243.699951171875,2190.050048828125,2237.89990234375,2197.33740234375,1351493
2025-04-02,ICICIBANK.NS,1322.1500244140625,1337.949951171875,1322.1500244140625,1331.25,1321.056640625,8042214
2025-04-02,INDUSINDBK.NS,682.7000122070312,708.4000244140625,675.0,702.4500122070312,702.4500122070312,14993840
2025-04-02,INFY.NS,1535.199951171875,1555.6500244140625,1535.199951171875,1550.1500244140625,1505.593017578125,6193478
2025-04-02,ITC.NS,407.04998779296875,410.0,406.04998779296875,409.04998779296875,393.4047546386719,8001323
2025-04-02,JSWSTEEL.NS,1058.0999755859375,1066.3499755859375,1046.25,1055.9000244140625,1053.0643310546875,878958
2025-04-02,KOTAKBANK.NS,428.20001220703125,432.1300048828125,427.92999267578125,430.9200134277344,430.42376708984375,10660960
2025-04-02,LT.NS,3433.0,3457.75,3408.0,3419.89990234375,3388.299560546875,1338839
2025-04-02,M&M.NS,2631.10009765625,2660.0,2625.300048828125,2637.550048828125,2616.528564453125,2243574
2025-04-02,MARUTI.NS,11481.099609375,11732.0,11410.0498046875,11716.099609375,11590.6494140625,452994
2025-04-02,NESTLEIND.NS,1115.0,1115.0,1074.0,1105.3499755859375,1094.8109130859375,2601704
2025-04-02,NTPC.NS,352.1499938964844,353.45001220703125,347.04998779296875,351.75,342.70562744140625,13593404
2025-04-02,POWERGRID.NS,286.8500061035156,289.75,284.5,286.75,277.6746520996094,11679536
2025-04-02,RELIANCE.NS,1247.550048828125,1255.550048828125,1243.9000244140625,1251.1500244140625,1246.1729736328125,10142590
2025-04-02,SBIN.NS,772.2999877929688,777.0,764.2999877929688,775.9500122070312,760.6759643554688,5458436
2025-04-02,SUNPHARMA.NS,1695.0,1718.449951171875,1685.9000244140625,1713.6500244140625,1697.0040283203125,3369489
2025-04-02,TCS.NS,3544.0,3564.10009765625,3530.050048828125,3543.949951171875,3425.565185546875,1764313
2025-04-02,TECHM.NS,1397.1500244140625,1426.050048828125,1397.1500244140625,1423.050048828125,1383.0343017578125,1617949
2025-04-02,TITAN.NS,3011.0,3105.0,2971.14990234375,3098.449951171875,3089.1533203125,1674921
2025-04-02,ULTRACEMCO.NS,11360.0,11360.0,11178.099609375,11250.9501953125,11180.0830078125,376468
2025-04-02,WIPRO.NS,262.79998779296875,265.54998779296875,261.1000061035156,263.6000061035156,252.00889587402344,7136992
2025-04-03,ADANIPORTS.NS,1170.25,1205.800048828125,1170.25,1199.9000244140625,1194.090576171875,1300511
2025-04-03,ASIANPAINT.NS,2295.0,2354.89990234375,2289.800048828125,2349.39990234375,2324.294677734375,608846
2025-04-03,AXISBANK.NS,1078.9000244140625,1091.949951171875,1075.300048828125,1089.8499755859375,1088.9193115234375,5345660
2025-04-03,BAJFINANCE.NS,865.0,876.5,846.02001953125,859.4600219726562,854.189208984375,13966330
2025-04-03,BHARTIARTL.NS,1748.0,1754.949951171875,1735.449951171875,1746.0,1731.524658203125,2341989
2025-04-03,GRASIM.NS,2595.10009765625,2664.0,2595.10009765625,2651.89990234375,2642.287841796875,298330
2025-04-03,HCLTECH.NS,1500.0,1500.0,1465.0,1470.0999755859375,1420.3255615234375,3966161
2025-04-03,HDFCBANK.NS,890.5499877929688,902.0,888.5,897.4249877929688,885.456298828125,11250038
2025-04-03,HINDUNILVR.NS,2225.449951171875,2252.89990234375,2220.60009765625,2244.550048828125,2203.866943359375,1310088
2025-04-03,ICICIBANK.NS,1321.949951171875,1333.0,1321.25,1329.550048828125,1319.3697509765625,4591008
2025-04-03,INDUSINDBK.NS,694.9500122070312,714.7000122070312,693.5,709.4000244140625,709.4000244140625,6972769
2025-04-03,INFY.NS,1534.6500244140625,1534.6500244140625,1485.050048828125,1496.5,1453.485107421875,10459504
2025-04-03,ITC.NS,407.04998779296875,410.20001220703125,406.70001220703125,409.3999938964844,393.7413330078125,7059566
2025-04-03,JSWSTEEL.NS,1045.0,1055.800048828125,1041.550048828125,1044.050048828125,1041.24609375,1607693
2025-04-03,KOTAKBANK.NS,425.79998779296875,430.3399963378906,425.42999267578125,426.5199890136719,426.02880859375,8470190
2025-04-03,LT.NS,3400.0,3463.0,3393.0,3420.14990234375,3388.547119140625,1200631
2025-04-03,M&M.NS,2607.75,2652.39990234375,2600.25,2611.449951171875,2590.63671875,2361203
2025-04-03,MARUTI.NS,11630.5,11802.9501953125,11611.0498046875,11688.099609375,11562.94921875,326624
2025-04-03,NESTLEIND.NS,1099.0250244140625,1124.5250244140625,1097.5,1122.824951171875,1112.1192626953125,635716
2025-04-03,NTPC.NS,351.75,361.3500061035156,351.75,358.8999938964844,349.6717834472656,10317410
2025-04-03,POWERGRID.NS,289.3500061035156,299.95001220703125,285.1000061035156,299.1000061035156,289.6338195800781,23478876
2025-04-03,RELIANCE.NS,1233.050048828125,1251.800048828125,1233.050048828125,1248.699951171875,1243.732666015625,7434366
2025-04-03,SBIN.NS,770.0,784.7000122070312,769.9500122070312,779.2000122070312,763.8619995117188,7956680
2025-04-03,SUNPHARMA.NS,1755.0,1812.699951171875,1750.0,1770.0,1752.806640625,5715573
2025-04-03,TCS.NS,3491.0,3502.0,3396.14990234375,3403.14990234375,3289.46875,4537821
2025-04-03,TECHM.NS,1397.0,1400.0,1360.25,1369.3499755859375,1330.84423828125,1943422
2025-04-03,TITAN.NS,3071.0,3151.0,3068.0,3127.550048828125,3118.166015625,1115568
2025-04-03,ULTRACEMCO.NS,11189.0,11650.0498046875,11155.0,11606.599609375,11533.4921875,361884
2025-04-03,WIPRO.NS,259.8999938964844,260.5,255.3000030517578,256.3500061035156,245.0776824951172,12262561
2025-04-04,ADANIPORTS.NS,1196.0,1200.0999755859375,1143.0,1148.3499755859375,1142.7900390625,1785093
2025-04-04,ASIANPAINT.NS,2349.39990234375,2363.949951171875,2302.800048828125,2356.050048828125,2330.87353515625,1163188
2025-04-04,AXISBANK.NS,1081.5,1101.9000244140625,1075.449951171875,1091.300048828125,1090.3681640625,6059991
2025-04-04,BAJFINANCE.NS,865.5999755859375,879.7000122070312,858.3800048828125,871.885009765625,866.5380249023438,18496580
2025-04-04,BHARTIARTL.NS,1754.5,1770.800048828125,1740.0,1743.449951171875,1728.9957275390625,7817334
2025-04-04,GRASIM.NS,2635.10009765625,2651.89990234375,2610.10009765625,2616.89990234375,2607.41455078125,290533
2025-04-04,HCLTECH.NS,1449.0,1456.199951171875,1419.0999755859375,1422.0999755859375,1373.95068359375,4421312
2025-04-04,HDFCBANK.NS,906.5,920.9749755859375,905.5499877929688,908.6500244140625,896.5316162109375,33540454
2025-04-04,HINDUNILVR.NS,2230.0,2267.050048828125,2222.0,2244.550048828125,2203.866943359375,1120226
2025-04-04,ICICIBANK.NS,1329.550048828125,1338.550048828125,1322.0999755859375,1335.300048828125,1325.07568359375,8648542
2025-04-04,INDUSINDBK.NS,701.0,704.9000244140625,675.6500244140625,682.0,682.0,9627949
2025-04-04,INFY.NS,1460.5,1472.0,1448.0,1451.6500244140625,1409.92431640625,9590254
2025-04-04,ITC.NS,407.5,412.79998779296875,404.5,409.70001220703125,394.0298767089844,18627592
2025-04-04,JSWSTEEL.NS,1032.300048828125,1038.949951171875,997.8499755859375,1005.75,1003.0489501953125,3818643
2025-04-04,KOTAKBANK.NS,426.17999267578125,429.260009765625,423.6300048828125,426.3900146484375,425.89898681640625,18942015
2025-04-04,LT.NS,3400.0,3403.800048828125,3237.300048828125,3260.14990234375,3230.025634765625,2366979
2025-04-04,M&M.NS,2614.949951171875,2631.5,2557.050048828125,2596.550048828125,2575.85546875,3598415
2025-04-04,MARUTI.NS,11600.0,11630.0,11330.0,11482.0,11359.056640625,355785
2025-04-04,NESTLEIND.NS,1117.0,1141.4000244140625,1108.625,1131.074951171875,1120.2906494140625,1183470
2025-04-04,NTPC.NS,358.8500061035156,358.8500061035156,348.54998779296875,350.3999938964844,341.39031982421875,10872963
2025-04-04,POWERGRID.NS,300.0,300.8999938964844,292.1000061035156,293.8999938964844,284.5983581542969,21020875
2025-04-04,RELIANCE.NS,1241.0999755859375,1245.449951171875,1193.1500244140625,1204.699951171875,1199.9075927734375,17908652
2025-04-04,SBIN.NS,779.0999755859375,782.9000244140625,765.0,767.4500122070312,752.34326171875,8231194
2025-04-04,SUNPHARMA.NS,1778.8499755859375,1778.8499755859375,1658.050048828125,1709.3499755859375,1692.7457275390625,5345276
2025-04-04,TCS.NS,3362.60009765625,3399.64990234375,3295.5,3299.39990234375,3189.1845703125,5317367
2025-04-04,TECHM.NS,1350.0,1359.199951171875,1318.8499755859375,1320.949951171875,1283.80517578125,1757493
2025-04-04,TITAN.NS,3099.0,3114.89990234375,3050.0,3076.199951171875,3066.969970703125,901801
2025-04-04,ULTRACEMCO.NS,11599.0,11613.5,11421.0,11498.650390625,11426.22265625,222191
2025-04-04,WIPRO.NS,253.0,253.9499969482422,244.85000610351562,246.3000030517578,235.4696044921875,14639785
2025-04-07,ADANIPORTS.NS,1049.949951171875,1119.0,1041.5,1110.6500244140625,1105.272705078125,2192949
2025-04-07,ASIANPAINT.NS,2190.0,2354.0,2190.0,2341.35009765625,2316.330810546875,1745817
2025-04-07,AXISBANK.NS,1035.0,1069.0,1032.3499755859375,1047.949951171875,1047.0550537109375,9720457
2025-04-07,BAJFINANCE.NS,834.0,860.0499877929688,830.7150268554688,856.7999877929688,851.5455322265625,13981240
2025-04-07,BHARTIARTL.NS,1730.0,1774.75,1669.4000244140625,1686.6500244140625,1672.666748046875,14870388
2025-04-07,GRASIM.NS,2550.0,2560.0,2465.5,2509.10009765625,2500.005615234375,974267
2025-04-07,HCLTECH.NS,1345.0,1383.75,1302.75,1374.0999755859375,1327.5760498046875,6484139
2025-04-07,HDFCBANK.NS,881.4000244140625,889.9249877929688,869.0999755859375,878.8499755859375,867.1289672851562,37995450
2025-04-07,HINDUNILVR.NS,2150.0,2261.60009765625,2150.0,2249.39990234375,2208.62890625,3435185
2025-04-07,ICICIBANK.NS,1295.25,1325.0,1265.0,1287.550048828125,1277.6912841796875,19185012
2025-04-07,INDUSINDBK.NS,637.0,678.6500244140625,637.0,675.9000244140625,675.9000244140625,9382614
2025-04-07,INFY.NS,1352.0,1405.9000244140625,1307.0,1396.75,1356.602294921875,21715252
2025-04-07,ITC.NS,390.1499938964844,408.1000061035156,390.1499938964844,406.04998779296875,390.51947021484375,26762866
2025-04-07,JSWSTEEL.NS,906.0,959.0,905.2000122070312,930.2999877929688,927.8015747070312,4581682
2025-04-07,KOTAKBANK.NS,403.739990234375,416.7200012207031,400.1600036621094,407.57000732421875,407.10064697265625,35695245
2025-04-07,LT.NS,3049.050048828125,3090.60009765625,2965.300048828125,3068.5,3040.146484375,4953864
2025-04-07,M&M.NS,2425.0,2524.64990234375,2425.0,2491.25,2471.39453125,3937471
2025-04-07,MARUTI.NS,11105.599609375,11358.5,11059.4501953125,11329.75,11208.4365234375,602353
2025-04-07,NESTLEIND.NS,1080.0,1128.675048828125,1080.0,1124.5,1113.7784423828125,1474570
2025-04-07,NTPC.NS,328.0,351.3999938964844,324.0,349.79998779296875,340.8057556152344,18025165
2025-04-07,POWERGRID.NS,283.6000061035156,293.8999938964844,282.29998779296875,289.3999938964844,280.24078369140625,22847548
2025-04-07,RELIANCE.NS,1132.199951171875,1171.25,1114.8499755859375,1165.699951171875,1161.062744140625,22156106
2025-04-07,SBIN.NS,730.0,753.7000122070312,730.0,746.9000244140625,732.1978149414062,14923235
2025-04-07,SUNPHARMA.NS,1620.0999755859375,1692.0,1620.0999755859375,1666.3499755859375,1650.1634521484375,5715334
2025-04-07,TCS.NS,3100.0,3291.39990234375,3056.050048828125,3274.050048828125,3164.68115234375,6623955
2025-04-07,TECHM.NS,1245.0,1293.800048828125,1209.4000244140625,1288.0,1251.7818603515625,3044730
2025-04-07,TITAN.NS,2925.0,3048.0,2925.0,3022.199951171875,3013.132080078125,1378989
2025-04-07,ULTRACEMCO.NS,11200.0,11300.0498046875,11015.0498046875,11191.599609375,11121.1064453125,484513
2025-04-07,WIPRO.NS,231.0500030517578,243.85000610351562,228.0,242.89999389648438,232.21908569335938,13011904
2025-04-08,ADANIPORTS.NS,1135.0,1155.6500244140625,1111.050048828125,1131.3499755859375,1125.8724365234375,2423486
2025-04-08,ASIANPAINT.NS,2356.0,2420.0,2356.0,2394.199951171875,2368.615966796875,1876867
2025-04-08,AXISBANK.NS,1061.0,1084.949951171875,1060.300048828125,1077.8499755859375,1076.9295654296875,8723357
2025-04-08,BAJFINANCE.NS,865.0,887.2999877929688,865.0,882.2249755859375,876.8145751953125,14775630
2025-04-08,BHARTIARTL.NS,1720.699951171875,1742.300048828125,1706.800048828125,1720.4000244140625,1706.1368408203125,7206935
2025-04-08,GRASIM.NS,2550.0,2600.0,2534.14990234375,2590.050048828125,2580.662109375,1296141
2025-04-08,HCLTECH.NS,1380.0,1424.25,1372.0,1403.3499755859375,1355.835693359375,3938359
2025-04-08,HDFCBANK.NS,882.5,891.0,875.1500244140625,884.5750122070312,872.7777099609375,35563872
2025-04-08,HINDUNILVR.NS,2268.300048828125,2306.199951171875,2252.35009765625,2289.25,2247.7568359375,2774874
2025-04-08,ICICIBANK.NS,1299.8499755859375,1310.050048828125,1287.3499755859375,1299.9000244140625,1289.9466552734375,13085762
2025-04-08,INDUSINDBK.NS,684.9000244140625,695.9000244140625,673.0,679.6500244140625,679.6500244140625,5639989
2025-04-08,INFY.NS,1431.0,1456.5,1415.0,1428.800048828125,1387.7310791015625,12805001
2025-04-08,ITC.NS,411.8999938964844,415.79998779296875,407.25,412.54998779296875,396.7708435058594,18600796
2025-04-08,JSWSTEEL.NS,949.3499755859375,970.4500122070312,933.7999877929688,954.5999755859375,952.0363159179688,1717533
2025-04-08,KOTAKBANK.NS,412.489990234375,415.9800109863281,407.6000061035156,411.0299987792969,410.556640625,20471695
2025-04-08,LT.NS,3124.949951171875,3193.89990234375,3092.699951171875,3161.10009765625,3131.89111328125,2877816
2025-04-08,M&M.NS,2510.0,2550.0,2454.0,2523.64990234375,2503.536376953125,4253527
2025-04-08,MARUTI.NS,11530.0,11550.349609375,11290.0498046875,11458.900390625,11336.2041015625,629968
2025-04-08,NESTLEIND.NS,1127.5,1141.4749755859375,1115.625,1137.699951171875,1126.8524169921875,1747016
2025-04-08,NTPC.NS,356.8500061035156,358.25,350.0,352.95001220703125,343.8747863769531,17506712
2025-04-08,POWERGRID.NS,291.95001220703125,294.0,284.6499938964844,288.95001220703125,279.8050842285156,20831596
2025-04-08,RELIANCE.NS,1172.0,1196.5999755859375,1163.300048828125,1182.199951171875,1177.4971923828125,19555040
2025-04-08,SBIN.NS,760.0,774.0,758.1500244140625,768.5999755859375,753.4706420898438,12911288
2025-04-08,SUNPHARMA.NS,1645.0,1709.8499755859375,1645.0,1688.3499755859375,1671.9498291015625,2807382
2025-04-08,TCS.NS,3302.050048828125,3349.0,3255.300048828125,3292.949951171875,3182.949951171875,5557558
2025-04-08,TECHM.NS,1314.0,1342.050048828125,1291.1500244140625,1314.4000244140625,1277.439453125,2868814
2025-04-08,TITAN.NS,3149.699951171875,3227.25,3101.0,3122.300048828125,3112.931884765625,2830156
2025-04-08,ULTRACEMCO.NS,11317.75,11542.75,11240.7998046875,11270.4501953125,11199.4599609375,602120
2025-04-08,WIPRO.NS,244.75,249.5,243.85000610351562,247.25,236.37782287597656,13806651
2025-04-09,ADANIPORTS.NS,1133.8499755859375,1135.5999755859375,1112.0,1131.800048828125,1126.3203125,1537177
2025-04-09,ASIANPAINT.NS,2400.0,2429.449951171875,2390.89990234375,2411.14990234375,2385.384765625,1186937
2025-04-09,AXISBANK.NS,1073.0999755859375,1081.8499755859375,1058.0,1061.6500244140625,1060.7435302734375,6690201
2025-04-09,BAJFINANCE.NS,881.5,884.2000122070312,862.5,873.5800170898438,868.22265625,10487740
2025-04-09,BHARTIARTL.NS,1719.6500244140625,1726.8499755859375,1711.5999755859375,1715.550048828125,1701.3271484375,5600666
2025-04-09,GRASIM.NS,2562.5,2586.75,2529.449951171875,2557.75,2548.479248046875,494024
2025-04-09,HCLTECH.NS,1380.6500244140625,1388.699951171875,1357.050048828125,1380.0,1333.2763671875,3306801
2025-04-09,HDFCBANK.NS,882.5,887.5,876.75,882.5,870.7303466796875,22454608
2025-04-09,HINDUNILVR.NS,2293.949951171875,2354.14990234375,2289.5,2350.0,2307.405517578125,2989089
2025-04-09,ICICIBANK.NS,1304.949951171875,1305.0999755859375,1284.5,1300.800048828125,1290.83984375,13005622
2025-04-09,INDUSINDBK.NS,679.6500244140625,683.2999877929688,670.25,678.5499877929688,678.5499877929688,4243562
2025-04-09,INFY.NS,1405.050048828125,1409.449951171875,1381.9000244140625,1403.699951171875,1363.3524169921875,8546854
2025-04-09,ITC.NS,413.0,419.04998779296875,411.25,416.29998779296875,400.37744140625,21785572
2025-04-09,JSWSTEEL.NS,945.1500244140625,953.4000244140625,938.0499877929688,945.5499877929688,943.0106201171875,1773658
2025-04-09,KOTAKBANK.NS,410.79998779296875,413.0,408.4200134277344,410.5400085449219,410.0672302246094,19597890
2025-04-09,LT.NS,3158.800048828125,3158.800048828125,3048.0,3054.14990234375,3025.92919921875,4451381
2025-04-09,M&M.NS,2540.0,2571.949951171875,2515.949951171875,2523.10009765625,2502.990966796875,3347213
2025-04-09,MARUTI.NS,11460.099609375,11538.7001953125,11425.0,11457.400390625,11334.720703125,255114
2025-04-09,NESTLEIND.NS,1141.5999755859375,1181.300048828125,1136.0999755859375,1172.425048828125,1161.2464599609375,3706748
2025-04-09,NTPC.NS,354.0,354.79998779296875,348.20001220703125,349.3500061035156,340.3673400878906,7462119
2025-04-09,POWERGRID.NS,289.95001220703125,299.5,289.29998779296875,293.3999938964844,284.11419677734375,21342531
2025-04-09,RELIANCE.NS,1169.5,1189.800048828125,1168.0,1185.3499755859375,1180.6346435546875,10223104
2025-04-09,SBIN.NS,767.0,767.9500122070312,741.0,742.2000122070312,727.59033203125,11319387
2025-04-09,SUNPHARMA.NS,1650.0,1679.75,1640.0,1652.199951171875,1636.15087890625,3481864
2025-04-09,TCS.NS,3260.550048828125,3270.0,3212.050048828125,3246.60009765625,3138.1484375,2990265
2025-04-09,TECHM.NS,1290.0,1299.949951171875,1264.3499755859375,1272.75,1236.9605712890625,3724878
2025-04-09,TITAN.NS,3137.85009765625,3188.25,3090.699951171875,3174.14990234375,3164.6259765625,1215988
2025-04-09,ULTRACEMCO.NS,11288.849609375,11423.0,11180.0,11397.0498046875,11325.2626953125,230611
2025-04-09,WIPRO.NS,240.6999969482422,242.3000030517578,234.0,236.64999389648438,226.24391174316406,19063559
2025-04-11,ADANIPORTS.NS,1163.0,1170.300048828125,1148.0,1164.550048828125,1158.9117431640625,3536245
2025-04-11,ASIANPAINT.NS,2439.5,2448.0,2380.25,2393.60009765625,2368.0224609375,968152
2025-04-11,AXISBANK.NS,1063.300048828125,1072.699951171875,1057.550048828125,1068.949951171875,1068.0372314453125,8144072
2025-04-11,BAJFINANCE.NS,882.5050048828125,897.3499755859375,881.0700073242188,892.1099853515625,886.6389770507812,10097220
2025-04-11,BHARTIARTL.NS,1760.0,1767.0,1732.3499755859375,1756.5999755859375,1742.0367431640625,8340002
2025-04-11,GRASIM.NS,2650.0,2660.0,2612.800048828125,2651.25,2641.64013671875,669041
2025-04-11,HCLTECH.NS,1360.0,1425.0,1360.0,1390.550048828125,1343.4691162109375,4859622
2025-04-11,HDFCBANK.NS,887.375,909.7000122070312,887.375,903.375,891.3269653320312,32775766
2025-04-11,HINDUNILVR.NS,2394.60009765625,2394.85009765625,2344.35009765625,2366.14990234375,2323.2626953125,3836083
2025-04-11,ICICIBANK.NS,1305.0999755859375,1325.0,1305.0999755859375,1311.6500244140625,1301.606689453125,13064247
2025-04-11,INDUSINDBK.NS,684.9500122070312,694.0,675.5,689.5,689.5,5019467
2025-04-11,INFY.NS,1411.25,1438.800048828125,1397.050048828125,1409.449951171875,1368.9371337890625,12567440
2025-04-11,ITC.NS,420.0,422.45001220703125,417.0,421.54998779296875,405.4266357421875,8939356
2025-04-11,JSWSTEEL.NS,972.4500122070312,997.0,968.3499755859375,990.25,987.590576171875,3641633
2025-04-11,KOTAKBANK.NS,413.0,427.8999938964844,411.70001220703125,422.239990234375,421.75372314453125,27973445
2025-04-11,LT.NS,3114.0,3157.0,3100.14990234375,3115.949951171875,3087.158203125,3979116
2025-04-11,M&M.NS,2549.0,2604.0,2532.050048828125,2580.35009765625,2559.78466796875,3600209
2025-04-11,MARUTI.NS,11480.349609375,11678.75,11480.0,11599.0498046875,11474.8525390625,231420
2025-04-11,NESTLEIND.NS,1172.8499755859375,1186.0,1161.0250244140625,1180.699951171875,1169.4423828125,2236634
2025-04-11,NTPC.NS,351.0,361.5,351.0,360.1000061035156,350.8409118652344,11246077
2025-04-11,POWERGRID.NS,293.25,305.0,293.25,304.1000061035156,294.4755859375,19831004
2025-04-11,RELIANCE.NS,1195.1500244140625,1222.6500244140625,1195.1500244140625,1218.949951171875,1214.1009521484375,11224242
2025-04-11,SBIN.NS,759.0,759.7000122070312,746.0,753.8499755859375,739.0109252929688,9360327
2025-04-11,SUNPHARMA.NS,1710.0,1737.0,1682.0999755859375,1687.550048828125,1671.1575927734375,3801939
2025-04-11,TCS.NS,3289.550048828125,3298.949951171875,3206.0,3231.5,3123.552978515625,7108961
2025-04-11,TECHM.NS,1275.0,1312.3499755859375,1274.199951171875,1282.25,1246.1934814453125,1803181
2025-04-11,TITAN.NS,3222.0,3242.550048828125,3201.25,3234.89990234375,3225.19384765625,814920
2025-04-11,ULTRACEMCO.NS,11842.349609375,11842.349609375,11454.0498046875,11502.650390625,11430.197265625,351037
2025-04-11,WIPRO.NS,245.0,245.0,238.35000610351562,239.75,229.20761108398438,11205821
2025-04-15,ADANIPORTS.NS,1200.0,1225.9000244140625,1179.0,1210.800048828125,1204.9378662109375,3176522
2025-04-15,ASIANPAINT.NS,2414.89990234375,2425.0,2385.0,2415.699951171875,2389.88623046875,1141122
2025-04-15,AXISBANK.NS,1090.0,1117.0,1083.0,1112.800048828125,1111.849853515625,9320299
2025-04-15,BAJFINANCE.NS,925.5499877929688,929.0,907.5499877929688,914.0999755859375,908.494140625,12633610
2025-04-15,BHARTIARTL.NS,1808.199951171875,1820.0,1781.0999755859375,1798.800048828125,1783.886962890625,10313411
2025-04-15,GRASIM.NS,2675.0,2726.199951171875,2670.0,2718.60009765625,2708.74609375,815058
2025-04-15,HCLTECH.NS,1420.0,1428.800048828125,1406.0,1426.5,1378.2017822265625,3265147
2025-04-15,HDFCBANK.NS,932.5,938.4000244140625,927.5,932.4500122070312,920.01416015625,49298344
2025-04-15,HINDUNILVR.NS,2400.0,2400.0,2345.199951171875,2361.5,2318.697265625,3042779
2025-04-15,ICICIBANK.NS,1351.0,1354.300048828125,1336.199951171875,1350.199951171875,1339.8614501953125,15202603
2025-04-15,INDUSINDBK.NS,705.0,741.0,693.0499877929688,735.9000244140625,735.9000244140625,12452925
2025-04-15,INFY.NS,1445.5999755859375,1447.699951171875,1409.0,1426.0,1385.011474609375,10178530
2025-04-15,ITC.NS,429.20001220703125,429.20001220703125,419.0,420.3999938964844,404.32061767578125,11685880
2025-04-15,JSWSTEEL.NS,1010.0,1015.7000122070312,1002.2000122070312,1008.0,1005.2929077148438,1287903
2025-04-15,KOTAKBANK.NS,429.0,429.3999938964844,419.9200134277344,424.0400085449219,423.5516662597656,28178320
2025-04-15,LT.NS,3180.0,3272.0,3176.10009765625,3257.60009765625,3227.499267578125,2161492
2025-04-15,M&M.NS,2606.0,2690.0,2606.0,2646.0,2624.911376953125,3287861
2025-04-15,MARUTI.NS,11790.0,11940.0,11680.0,11855.0,11728.0625,458593
2025-04-15,NESTLEIND.NS,1190.699951171875,1190.699951171875,1172.800048828125,1183.949951171875,1172.661376953125,1561748
2025-04-15,NTPC.NS,367.0,368.45001220703125,361.54998779296875,362.5,353.17919921875,17497327
2025-04-15,POWERGRID.NS,307.20001220703125,310.45001220703125,303.70001220703125,304.54998779296875,294.91131591796875,16563441
2025-04-15,RELIANCE.NS,1251.0,1251.0,1237.0999755859375,1240.0999755859375,1235.1668701171875,13378535
2025-04-15,SBIN.NS,770.0,770.7000122070312,757.0999755859375,763.5,748.4710083007812,7859090
2025-04-15,SUNPHARMA.NS,1720.0,1724.5,1696.800048828125,1705.0,1688.43798828125,1993085
2025-04-15,TCS.NS,3314.39990234375,3314.39990234375,3238.60009765625,3248.199951171875,3139.694580078125,3512160
2025-04-15,TECHM.NS,1314.199951171875,1314.199951171875,1286.800048828125,1301.699951171875,1265.0965576171875,1511866
2025-04-15,TITAN.NS,3270.0,3285.0,3245.10009765625,3273.39990234375,3263.578369140625,1121769
2025-04-15,ULTRACEMCO.NS,11749.0,11749.0,11581.0,11719.0,11645.1845703125,345260
2025-04-15,WIPRO.NS,245.0500030517578,245.0500030517578,241.35000610351562,244.0,233.27072143554688,10694621
2025-04-16,ADANIPORTS.NS,1210.0,1235.5,1201.5999755859375,1232.9000244140625,1226.9307861328125,1909731
2025-04-16,ASIANPAINT.NS,2405.10009765625,2468.5,2403.699951171875,2459.89990234375,2433.61376953125,1166695
2025-04-16,AXISBANK.NS,1122.699951171875,1163.5,1112.5999755859375,1161.300048828125,1160.3084716796875,12836428
2025-04-16,BAJFINANCE.NS,914.9500122070312,917.1500244140625,896.4000244140625,905.6500244140625,900.0960083007812,7198220
2025-04-16,BHARTIARTL.NS,1802.4000244140625,1826.5,1794.0999755859375,1822.5999755859375,1807.489501953125,6180958
2025-04-16,GRASIM.NS,2690.0,2722.0,2682.199951171875,2702.800048828125,2693.00341796875,462016
2025-04-16,HCLTECH.NS,1415.0,1436.0999755859375,1405.5,1431.699951171875,1383.225830078125,2553111
2025-04-16,HDFCBANK.NS,941.9000244140625,941.9000244140625,930.25,939.0,926.476806640625,19136820
2025-04-16,HINDUNILVR.NS,2351.0,2376.0,2351.0,2366.60009765625,2323.704833984375,1131979
2025-04-16,ICICIBANK.NS,1357.0,1359.699951171875,1342.9000244140625,1356.4000244140625,1346.0140380859375,14039073
2025-04-16,INDUSINDBK.NS,747.0,794.4000244140625,733.0,788.25,788.25,31252589
2025-04-16,INFY.NS,1425.0,1427.5,1396.800048828125,1413.0999755859375,1372.482177734375,12022740
2025-04-16,ITC.NS,418.0,426.04998779296875,418.0,424.45001220703125,408.21575927734375,13034594
2025-04-16,JSWSTEEL.NS,1003.0,1015.0999755859375,992.0999755859375,1009.4000244140625,1006.6891479492188,1281034
2025-04-16,KOTAKBANK.NS,424.0,430.32000732421875,422.6600036621094,424.67999267578125,424.19091796875,14498895
2025-04-16,LT.NS,3270.0,3276.800048828125,3224.10009765625,3227.699951171875,3197.87548828125,1578260
2025-04-16,M&M.NS,2660.0,2665.0,2618.300048828125,2634.60009765625,2613.602294921875,3070954
2025-04-16,MARUTI.NS,11768.0,11768.0,11615.0,11664.0,11539.107421875,470494
2025-04-16,NESTLEIND.NS,1173.5,1195.050048828125,1173.5,1191.6500244140625,1180.2882080078125,1354424
2025-04-16,NTPC.NS,362.5,363.0,357.8999938964844,359.29998779296875,350.06146240234375,11541484
2025-04-16,POWERGRID.NS,304.45001220703125,307.0,302.79998779296875,305.75,296.0733337402344,7032401
2025-04-16,RELIANCE.NS,1234.0999755859375,1240.9000244140625,1229.0,1239.300048828125,1234.3701171875,8248464
2025-04-16,SBIN.NS,763.5,774.75,760.5,771.75,756.5586547851562,12536694
2025-04-16,SUNPHARMA.NS,1691.0999755859375,1702.699951171875,1682.0999755859375,1693.0999755859375,1676.653564453125,2205374
2025-04-16,TCS.NS,3248.199951171875,3278.10009765625,3229.0,3273.800048828125,3164.439697265625,2384391
2025-04-16,TECHM.NS,1292.0,1314.5999755859375,1283.5,1308.699951171875,1271.899658203125,1093342
2025-04-16,TITAN.NS,3250.0,3286.0,3245.10009765625,3272.10009765625,3262.282470703125,889943
2025-04-16,ULTRACEMCO.NS,11667.0,11827.0,11667.0,11728.0,11654.1279296875,268150
2025-04-16,WIPRO.NS,244.0,248.4499969482422,241.1999969482422,247.64999389648438,236.76022338867188,16203319
2025-04-17,ADANIPORTS.NS,1232.9000244140625,1282.5,1218.5999755859375,1259.4000244140625,1253.302490234375,4280765
2025-04-17,ASIANPAINT.NS,2459.89990234375,2476.39990234375,2431.0,2467.89990234375,2441.528076171875,885840
2025-04-17,AXISBANK.NS,1155.5999755859375,1199.199951171875,1153.5999755859375,1190.800048828125,1189.783203125,13446336
2025-04-17,BAJFINANCE.NS,904.0,919.0,895.2000122070312,916.25,910.6309204101562,11415130
2025-04-17,BHARTIARTL.NS,1834.0,1897.699951171875,1825.699951171875,1889.0999755859375,1873.438232421875,10894325
2025-04-17,GRASIM.NS,2701.0,2772.0,2686.89990234375,2760.699951171875,2750.693359375,1061496
2025-04-17,HCLTECH.NS,1420.0,1442.0999755859375,1384.0,1438.0,1389.3125,3549969
2025-04-17,HDFCBANK.NS,941.0,959.8499755859375,938.3499755859375,953.3499755859375,940.6353759765625,35703084
2025-04-17,HINDUNILVR.NS,2357.10009765625,2379.89990234375,2343.10009765625,2375.0,2331.95263671875,1962402
2025-04-17,ICICIBANK.NS,1362.0,1408.9000244140625,1360.0999755859375,1406.699951171875,1395.9288330078125,17490424
2025-04-17,INDUSINDBK.NS,788.25,801.0,777.2999877929688,794.7000122070312,794.7000122070312,13986710
2025-04-17,INFY.NS,1398.0,1429.800048828125,1378.300048828125,1419.5,1378.6983642578125,14264227
2025-04-17,ITC.NS,425.0,427.8500061035156,421.54998779296875,427.25,410.90863037109375,22410217
2025-04-17,JSWSTEEL.NS,996.0,1008.5999755859375,987.0999755859375,1007.2000122070312,1004.4950561523438,2074019
2025-04-17,KOTAKBANK.NS,423.0,438.7799987792969,419.5400085449219,437.6199951171875,437.11602783203125,26943160
2025-04-17,LT.NS,3214.10009765625,3249.89990234375,3162.39990234375,3247.300048828125,3217.29443359375,3209331
2025-04-17,M&M.NS,2632.0,2682.800048828125,2602.39990234375,2679.39990234375,2658.044921875,2638979
2025-04-17,MARUTI.NS,11664.0,11728.0,11525.0,11695.0,11569.775390625,302146
2025-04-17,NESTLEIND.NS,1186.0,1211.5999755859375,1179.300048828125,1208.300048828125,1196.7794189453125,1815842
2025-04-17,NTPC.NS,359.25,365.45001220703125,357.25,364.0,354.640625,12288196
2025-04-17,POWERGRID.NS,305.45001220703125,309.79998779296875,302.0,309.0,299.220458984375,8528993
2025-04-17,RELIANCE.NS,1240.199951171875,1280.199951171875,1227.5999755859375,1274.5,1269.4300537109375,15398401
2025-04-17,SBIN.NS,772.0,801.0,767.1500244140625,797.4500122070312,781.7527465820312,27034818
2025-04-17,SUNPHARMA.NS,1695.0,1758.0,1687.4000244140625,1751.5,1734.486328125,2683908
2025-04-17,TCS.NS,3245.5,3303.60009765625,3218.0,3298.89990234375,3188.701171875,2932346
2025-04-17,TECHM.NS,1295.0999755859375,1308.9000244140625,1275.9000244140625,1306.800048828125,1270.05322265625,3027966
2025-04-17,TITAN.NS,3250.0,3334.800048828125,3211.199951171875,3327.5,3317.51611328125,1083612
2025-04-17,ULTRACEMCO.NS,11667.0,11922.0,11600.0,11901.0,11826.0380859375,290473
2025-04-17,WIPRO.NS,235.0,237.8000030517578,232.14999389648438,236.89999389648438,226.48292541503906,54875421
2025-04-21,ADANIPORTS.NS,1259.4000244140625,1260.0,1209.4000244140625,1243.0999755859375,1237.081298828125,6049182
2025-04-21,ASIANPAINT.NS,2465.89990234375,2470.89990234375,2441.0,2445.0,2418.873046875,541913
2025-04-21,AXISBANK.NS,1202.0,1238.699951171875,1198.0999755859375,1223.0,1221.9556884765625,15166580
2025-04-21,BAJFINANCE.NS,917.0,931.5,914.1500244140625,927.3499755859375,921.662841796875,7824150
2025-04-21,BHARTIARTL.NS,1898.4000244140625,1904.300048828125,1868.5999755859375,1883.4000244140625,1867.7855224609375,3501123
2025-04-21,GRASIM.NS,2755.0,2787.300048828125,2735.0,2756.89990234375,2746.9072265625,322964
2025-04-21,HCLTECH.NS,1435.0,1499.0,1430.0,1482.0,1431.82275390625,2840104
2025-04-21,HDFCBANK.NS,962.0,975.3499755859375,955.0,963.5499877929688,950.6994018554688,34247298
2025-04-21,HINDUNILVR.NS,2368.10009765625,2372.39990234375,2348.800048828125,2351.0,2308.387451171875,1478430
2025-04-21,ICICIBANK.NS,1436.0,1436.0,1404.699951171875,1409.800048828125,1399.0052490234375,16882426
2025-04-21,INDUSINDBK.NS,802.0,841.9000244140625,798.3499755859375,828.2000122070312,828.2000122070312,15639685
2025-04-21,INFY.NS,1410.0,1471.800048828125,1410.0,1451.0,1409.29296875,15648970
2025-04-21,ITC.NS,428.04998779296875,429.1000061035156,421.5,422.8500061035156,406.67694091796875,27388236
2025-04-21,JSWSTEEL.NS,1001.0,1043.800048828125,1000.5,1034.0,1031.2230224609375,1345056
2025-04-21,KOTAKBANK.NS,439.0,452.239990234375,435.0799865722656,448.2799987792969,447.7637634277344,24432490
2025-04-21,LT.NS,3249.5,3290.0,3225.10009765625,3280.5,3250.187744140625,1643003
2025-04-21,M&M.NS,2699.89990234375,2774.0,2665.89990234375,2764.0,2741.970703125,3120955
2025-04-21,MARUTI.NS,11695.0,11769.0,11588.0,11745.0,11619.240234375,318493
2025-04-21,NESTLEIND.NS,1200.5,1210.5,1195.25,1199.699951171875,1188.2613525390625,953130
2025-04-21,NTPC.NS,365.79998779296875,368.20001220703125,361.79998779296875,364.54998779296875,355.1764831542969,7375594
2025-04-21,POWERGRID.NS,310.0,322.0,308.45001220703125,320.0,309.8723449707031,13369014
2025-04-21,RELIANCE.NS,1270.0,1300.9000244140625,1267.0,1295.5,1290.346435546875,10429964
2025-04-21,SBIN.NS,803.0,824.3499755859375,801.4000244140625,816.7000122070312,800.6238403320312,16398507
2025-04-21,SUNPHARMA.NS,1761.0,1761.0,1731.300048828125,1744.9000244140625,1727.9505615234375,1539511
2025-04-21,TCS.NS,3290.10009765625,3354.0,3284.10009765625,3321.60009765625,3210.642822265625,2432946
2025-04-21,TECHM.NS,1304.0,1389.0,1303.0,1373.5,1334.8775634765625,3759267
2025-04-21,TITAN.NS,3314.0,3353.5,3290.0,3336.10009765625,3326.09033203125,672129
2025-04-21,ULTRACEMCO.NS,11816.0,12110.0,11781.0,11934.0,11858.830078125,230595
2025-04-21,WIPRO.NS,237.39999389648438,240.8000030517578,237.39999389648438,238.4499969482422,227.96478271484375,16298364
2025-04-22,ADANIPORTS.NS,1249.5999755859375,1255.5999755859375,1227.0,1233.199951171875,1227.229248046875,2932537
2025-04-22,ASIANPAINT.NS,2445.0,2450.0,2413.5,2432.0,2406.011962890625,543647
2025-04-22,AXISBANK.NS,1230.4000244140625,1235.0,1212.0999755859375,1216.800048828125,1215.760986328125,8461710
2025-04-22,BAJFINANCE.NS,929.5,939.2999877929688,923.0,926.0499877929688,920.370849609375,11293580
2025-04-22,BHARTIARTL.NS,1888.0,1888.0,1836.800048828125,1852.199951171875,1836.8441162109375,6155127
2025-04-22,GRASIM.NS,2750.300048828125,2772.10009765625,2737.699951171875,2749.39990234375,2739.434326171875,211167
2025-04-22,HCLTECH.NS,1490.0,1499.9000244140625,1464.5,1479.9000244140625,1429.7939453125,2608145
2025-04-22,HDFCBANK.NS,967.5,985.2999877929688,967.5,980.8499755859375,967.7686767578125,45961750
2025-04-22,HINDUNILVR.NS,2370.0,2406.0,2355.10009765625,2398.699951171875,2355.22314453125,2352346
2025-04-22,ICICIBANK.NS,1412.800048828125,1418.800048828125,1398.9000244140625,1416.5,1405.6539306640625,16135274
2025-04-22,INDUSINDBK.NS,790.0,808.0,775.4000244140625,787.5,787.5,25698945
2025-04-22,INFY.NS,1440.0,1440.0,1419.300048828125,1422.800048828125,1381.903564453125,9399738
2025-04-22,ITC.NS,425.95001220703125,434.79998779296875,423.54998779296875,433.6000061035156,417.0157470703125,32031936
2025-04-22,JSWSTEEL.NS,1060.0,1060.4000244140625,1037.0,1044.199951171875,1041.3956298828125,2153582
2025-04-22,KOTAKBANK.NS,449.79998779296875,460.3800048828125,449.0799865722656,453.760009765625,453.2374572753906,33664915
2025-04-22,LT.NS,3280.0,3285.0,3248.0,3257.800048828125,3227.697509765625,2060322
2025-04-22,M&M.NS,2765.0,2822.0,2756.0,2817.10009765625,2794.647705078125,3193757
2025-04-22,MARUTI.NS,11770.0,11788.0,11615.0,11734.0,11608.3583984375,516753
2025-04-22,NESTLEIND.NS,1202.5,1210.0,1195.0,1203.6500244140625,1192.1737060546875,975908
2025-04-22,NTPC.NS,367.04998779296875,367.04998779296875,359.70001220703125,360.25,350.987060546875,12077119
2025-04-22,POWERGRID.NS,319.75,319.75,312.1000061035156,312.54998779296875,302.6581115722656,10027268
2025-04-22,RELIANCE.NS,1300.0,1303.9000244140625,1286.300048828125,1291.199951171875,1286.0635986328125,13051707
2025-04-22,SBIN.NS,821.1500244140625,835.5,814.0,822.4000244140625,806.211669921875,25117557
2025-04-22,SUNPHARMA.NS,1751.0,1755.0,1734.5,1747.4000244140625,1730.42626953125,961907
2025-04-22,TCS.NS,3322.60009765625,3333.89990234375,3295.0,3314.39990234375,3203.683349609375,2710498
2025-04-22,TECHM.NS,1374.0,1396.0,1361.199951171875,1376.5,1337.793212890625,2471135
2025-04-22,TITAN.NS,3336.10009765625,3358.800048828125,3320.10009765625,3337.39990234375,3327.38623046875,609213
2025-04-22,ULTRACEMCO.NS,11934.0,12017.0,11850.0,11959.0,11883.6728515625,334667
2025-04-22,WIPRO.NS,238.4499969482422,239.0,233.5,234.14999389648438,223.85385131835938,18367713
2025-04-23,ADANIPORTS.NS,1240.0999755859375,1242.800048828125,1216.800048828125,1239.0999755859375,1233.1007080078125,2580999
2025-04-23,ASIANPAINT.NS,2437.0,2456.60009765625,2425.60009765625,2453.10009765625,2426.88671875,744684
2025-04-23,AXISBANK.NS,1225.300048828125,1230.0,1194.9000244140625,1206.9000244140625,1205.8695068359375,9433911
2025-04-23,BAJFINANCE.NS,928.2000122070312,934.8499755859375,915.0,932.2999877929688,926.5824584960938,10818710
2025-04-23,BHARTIARTL.NS,1867.0,1885.9000244140625,1836.0999755859375,1881.5999755859375,1866.0003662109375,6855027
2025-04-23,GRASIM.NS,2750.10009765625,2763.89990234375,2675.10009765625,2685.60009765625,2675.86572265625,603774
2025-04-23,HCLTECH.NS,1555.0,1600.0,1543.699951171875,1594.0,1540.03076171875,13293318
2025-04-23,HDFCBANK.NS,989.4500122070312,989.4500122070312,960.25,961.9500122070312,949.1207885742188,30570642
2025-04-23,HINDUNILVR.NS,2410.0,2438.0,2393.39990234375,2423.800048828125,2379.8681640625,2226066
2025-04-23,ICICIBANK.NS,1429.0,1429.9000244140625,1411.300048828125,1424.4000244140625,1413.493408203125,13990764
2025-04-23,INDUSINDBK.NS,797.4500122070312,805.0,782.0,794.2000122070312,794.2000122070312,10657940
2025-04-23,INFY.NS,1446.0,1487.800048828125,1439.5999755859375,1474.9000244140625,1432.5059814453125,11136642
2025-04-23,ITC.NS,436.20001220703125,437.45001220703125,428.8500061035156,430.8500061035156,414.3709411621094,19566317
2025-04-23,JSWSTEEL.NS,1051.0,1053.9000244140625,1028.5,1039.199951171875,1036.4090576171875,893969
2025-04-23,KOTAKBANK.NS,457.0,458.0,444.0,445.3999938964844,444.8870544433594,17619395
2025-04-23,LT.NS,3275.39990234375,3315.0,3266.699951171875,3301.0,3270.498291015625,2381699
2025-04-23,M&M.NS,2830.0,2923.0,2826.0,2917.800048828125,2894.545166015625,3906215
2025-04-23,MARUTI.NS,11799.0,11971.0,11729.0,11907.0,11779.505859375,493839
2025-04-23,NESTLEIND.NS,1209.6500244140625,1220.949951171875,1200.0,1216.699951171875,1205.0992431640625,1165112
2025-04-23,NTPC.NS,362.95001220703125,364.25,357.8999938964844,363.79998779296875,354.44580078125,9719205
2025-04-23,POWERGRID.NS,314.1499938964844,316.1000061035156,309.45001220703125,314.95001220703125,304.982177734375,8225575
2025-04-23,RELIANCE.NS,1297.0,1306.0,1285.4000244140625,1300.0,1294.82861328125,10480888
2025-04-23,SBIN.NS,826.0,831.0,810.0999755859375,813.4500122070312,797.4378051757812,12104382
2025-04-23,SUNPHARMA.NS,1754.199951171875,1791.300048828125,1742.0999755859375,1788.800048828125,1771.424072265625,1471029
2025-04-23,TCS.NS,3365.0,3420.89990234375,3337.300048828125,3413.0,3298.98974609375,3543923
2025-04-23,TECHM.NS,1418.9000244140625,1449.4000244140625,1408.0,1439.5999755859375,1399.1187744140625,5944062
2025-04-23,TITAN.NS,3357.0,3373.699951171875,3315.5,3357.300048828125,3347.2265625,628656
2025-04-23,ULTRACEMCO.NS,12040.0,12040.0,11826.0,11949.0,11873.736328125,267716
2025-04-23,WIPRO.NS,237.1999969482422,245.35000610351562,236.10000610351562,243.60000610351562,232.88832092285156,31898042
2025-04-24,ADANIPORTS.NS,1238.0,1248.0,1231.5999755859375,1236.4000244140625,1230.413818359375,2133285
2025-04-24,ASIANPAINT.NS,2450.0,2491.0,2435.89990234375,2464.39990234375,2438.065673828125,1203452
2025-04-24,AXISBANK.NS,1199.0999755859375,1220.0,1199.0999755859375,1207.0999755859375,1206.0692138671875,9078137
2025-04-24,BAJFINANCE.NS,962.0,966.0,927.2999877929688,930.0999755859375,924.39599609375,18496710
2025-04-24,BHARTIARTL.NS,1874.5,1877.800048828125,1839.5,1845.5999755859375,1830.298828125,5180688
2025-04-24,GRASIM.NS,2690.0,2736.300048828125,2673.0,2729.199951171875,2719.3076171875,562050
2025-04-24,HCLTECH.NS,1595.0,1603.300048828125,1576.0999755859375,1586.699951171875,1532.9779052734375,3193118
2025-04-24,HDFCBANK.NS,955.0,961.9500122070312,952.5499877929688,958.4000244140625,945.6181030273438,25931754
2025-04-24,HINDUNILVR.NS,2423.800048828125,2487.39990234375,2317.10009765625,2325.300048828125,2283.1533203125,7065430
2025-04-24,ICICIBANK.NS,1416.300048828125,1421.199951171875,1398.800048828125,1402.699951171875,1391.95947265625,15678099
2025-04-24,INDUSINDBK.NS,795.0,837.5,793.2999877929688,819.75,819.75,22577201
2025-04-24,INFY.NS,1469.9000244140625,1482.9000244140625,1461.5,1471.4000244140625,1429.1065673828125,7114292
2025-04-24,ITC.NS,431.8500061035156,436.04998779296875,429.29998779296875,430.04998779296875,413.6015319824219,26064089
2025-04-24,JSWSTEEL.NS,1035.5,1047.5,1029.5,1044.5,1041.69482421875,1242921
2025-04-24,KOTAKBANK.NS,443.6000061035156,447.5799865722656,442.739990234375,444.6000061035156,444.0879821777344,20842685
2025-04-24,LT.NS,3307.0,3307.0,3280.0,3300.60009765625,3270.10205078125,1993448
2025-04-24,M&M.NS,2917.800048828125,2928.0,2865.0,2901.39990234375,2878.275634765625,2488496
2025-04-24,MARUTI.NS,11940.0,12040.0,11858.0,11894.0,11766.6455078125,387863
2025-04-24,NESTLEIND.NS,1217.5,1257.5,1189.5,1216.5999755859375,1205.000244140625,4674476
2025-04-24,NTPC.NS,363.75,366.45001220703125,361.6000061035156,363.20001220703125,353.8612365722656,7491123
2025-04-24,POWERGRID.NS,314.8999938964844,315.8500061035156,312.8500061035156,314.3999938964844,304.4495544433594,8021180
2025-04-24,RELIANCE.NS,1292.4000244140625,1304.5,1290.300048828125,1301.5999755859375,1296.4222412109375,10468940
2025-04-24,SBIN.NS,812.75,819.0,811.1500244140625,813.4000244140625,797.3887939453125,12713521
2025-04-24,SUNPHARMA.NS,1790.0,1807.9000244140625,1773.9000244140625,1803.9000244140625,1786.37744140625,2101177
2025-04-24,TCS.NS,3401.10009765625,3412.5,3387.699951171875,3401.60009765625,3287.970703125,2252175
2025-04-24,TECHM.NS,1445.0,1467.5,1434.300048828125,1445.199951171875,1404.5614013671875,2501415
2025-04-24,TITAN.NS,3356.800048828125,3395.0,3344.0,3382.60009765625,3372.450927734375,901747
2025-04-24,ULTRACEMCO.NS,11877.0,12188.0,11870.0,12159.0,12082.4130859375,339743
2025-04-24,WIPRO.NS,244.8000030517578,245.14999389648438,241.5,242.75,232.07569885253906,23000820
2025-04-25,ADANIPORTS.NS,1236.300048828125,1243.4000244140625,1181.199951171875,1193.0,1187.2239990234375,3628854
2025-04-25,ASIANPAINT.NS,2464.300048828125,2468.699951171875,2413.699951171875,2431.60009765625,2405.6162109375,702217
2025-04-25,AXISBANK.NS,1177.0,1179.9000244140625,1146.0,1166.300048828125,1165.30419921875,17243807
2025-04-25,BAJFINANCE.NS,931.0499877929688,934.4500122070312,899.0,911.2000122070312,905.6119384765625,10893540
2025-04-25,BHARTIARTL.NS,1846.699951171875,1861.699951171875,1806.0,1817.199951171875,1802.13427734375,4570083
2025-04-25,GRASIM.NS,2726.0,2739.89990234375,2675.199951171875,2734.800048828125,2724.887451171875,649356
2025-04-25,HCLTECH.NS,1590.0,1618.0,1568.0999755859375,1578.199951171875,1524.7655029296875,3800415
2025-04-25,HDFCBANK.NS,962.4000244140625,966.5,945.9000244140625,955.5999755859375,942.8554077148438,18500878
2025-04-25,HINDUNILVR.NS,2331.89990234375,2341.89990234375,2294.39990234375,2332.199951171875,2289.92822265625,2859858
2025-04-25,ICICIBANK.NS,1410.0,1414.800048828125,1388.4000244140625,1404.800048828125,1394.04345703125,11705093
2025-04-25,INDUSINDBK.NS,822.0,829.0,807.3499755859375,822.3499755859375,822.3499755859375,11724192
2025-04-25,INFY.NS,1475.5,1501.699951171875,1463.5,1480.199951171875,1437.653564453125,8329979
2025-04-25,ITC.NS,430.04998779296875,432.70001220703125,423.29998779296875,427.79998779296875,411.4375915527344,22944377
2025-04-25,JSWSTEEL.NS,1050.0,1056.9000244140625,1017.5999755859375,1028.4000244140625,1025.63818359375,2784217
2025-04-25,KOTAKBANK.NS,444.0,446.67999267578125,435.6400146484375,440.8800048828125,440.3722839355469,10680015
2025-04-25,LT.NS,3310.0,3335.699951171875,3230.10009765625,3272.10009765625,3241.865478515625,2004819
2025-04-25,M&M.NS,2901.39990234375,2939.60009765625,2831.10009765625,2864.199951171875,2841.3720703125,2299310
2025-04-25,MARUTI.NS,11902.0,12046.0,11598.0,11698.0,11572.744140625,906266
2025-04-25,NESTLEIND.NS,1213.449951171875,1217.5999755859375,1193.6500244140625,1206.75,1195.244140625,2256568
2025-04-25,NTPC.NS,363.20001220703125,365.79998779296875,351.1000061035156,356.45001220703125,347.2847595214844,9785640
2025-04-25,POWERGRID.NS,313.0,315.3999938964844,303.3999938964844,306.5,296.7995910644531,11475773
2025-04-25,RELIANCE.NS,1303.5,1325.199951171875,1288.0999755859375,1300.4000244140625,1295.22705078125,14431012
2025-04-25,SBIN.NS,815.0,819.0,787.0,798.6500244140625,782.9291381835938,13131038
2025-04-25,SUNPHARMA.NS,1806.0,1815.5,1764.199951171875,1787.4000244140625,1770.0377197265625,2036801
2025-04-25,TCS.NS,3420.0,3477.800048828125,3405.0,3448.0,3332.82080078125,2742991
2025-04-25,TECHM.NS,1455.4000244140625,1473.9000244140625,1375.0,1462.0,1420.8890380859375,8211667
2025-04-25,TITAN.NS,3382.60009765625,3419.5,3316.0,3365.199951171875,3355.102783203125,704325
2025-04-25,ULTRACEMCO.NS,12149.0,12304.0,11860.0,12237.0,12159.921875,412558
2025-04-25,WIPRO.NS,243.9499969482422,246.14999389648438,238.0500030517578,240.89999389648438,230.30703735351562,16620430
2025-04-28,ADANIPORTS.NS,1188.0999755859375,1214.699951171875,1184.0999755859375,1209.9000244140625,1204.0421142578125,2646406
2025-04-28,ASIANPAINT.NS,2419.89990234375,2459.800048828125,2405.0,2452.199951171875,2425.99609375,554920
2025-04-28,AXISBANK.NS,1166.300048828125,1196.0,1164.300048828125,1192.800048828125,1191.781494140625,5523502
2025-04-28,BAJFINANCE.NS,908.0,912.5,900.0499877929688,909.2999877929688,903.7235717773438,9946560
2025-04-28,BHARTIARTL.NS,1836.0,1838.9000244140625,1813.4000244140625,1821.800048828125,1806.6962890625,3301891
2025-04-28,GRASIM.NS,2735.0,2773.699951171875,2723.300048828125,2753.39990234375,2743.419921875,416635
2025-04-28,HCLTECH.NS,1565.0,1569.4000244140625,1537.0999755859375,1549.300048828125,1514.11328125,2618810
2025-04-28,HDFCBANK.NS,955.5999755859375,964.8499755859375,954.2000122070312,960.0999755859375,947.29541015625,13920492
2025-04-28,HINDUNILVR.NS,2345.0,2349.0,2315.0,2318.60009765625,2276.574951171875,1555660
2025-04-28,ICICIBANK.NS,1405.5999755859375,1435.0,1403.800048828125,1428.800048828125,1417.8597412109375,10948561
2025-04-28,INDUSINDBK.NS,828.0,841.7999877929688,821.0499877929688,830.5499877929688,830.5499877929688,6929801
2025-04-28,INFY.NS,1480.199951171875,1489.5999755859375,1465.300048828125,1482.0999755859375,1439.4989013671875,5886253
2025-04-28,ITC.NS,426.6499938964844,430.5,424.75,428.79998779296875,412.39935302734375,6287095
2025-04-28,JSWSTEEL.NS,1021.4000244140625,1058.9000244140625,1019.2000122070312,1054.4000244140625,1051.568359375,1485915
2025-04-28,KOTAKBANK.NS,439.3999938964844,446.3599853515625,437.8800048828125,445.1199951171875,444.6073913574219,12190890
2025-04-28,LT.NS,3260.0,3350.800048828125,3254.800048828125,3327.300048828125,3296.55517578125,1689485
2025-04-28,M&M.NS,2918.89990234375,2945.0,2882.300048828125,2930.60009765625,2907.2431640625,1864672
2025-04-28,MARUTI.NS,11428.0,11896.0,11289.0,11846.0,11719.1591796875,457303
2025-04-28,NESTLEIND.NS,1200.0,1209.199951171875,1193.0,1203.0,1191.5299072265625,1961052
2025-04-28,NTPC.NS,353.70001220703125,362.8999938964844,353.70001220703125,361.5,352.2049255371094,5315840
2025-04-28,POWERGRID.NS,304.20001220703125,310.95001220703125,303.54998779296875,308.54998779296875,298.78472900390625,7314824
2025-04-28,RELIANCE.NS,1340.0,1374.5999755859375,1320.199951171875,1368.800048828125,1363.35498046875,31104496
2025-04-28,SBIN.NS,798.6500244140625,822.7999877929688,797.4000244140625,817.3499755859375,801.260986328125,11317611
2025-04-28,SUNPHARMA.NS,1787.4000244140625,1846.0,1781.199951171875,1841.5999755859375,1823.711181640625,3216482
2025-04-28,TCS.NS,3435.0,3457.800048828125,3405.0,3443.5,3328.470947265625,1593296
2025-04-28,TECHM.NS,1469.300048828125,1480.0,1437.0,1461.5,1420.4029541015625,2079431
2025-04-28,TITAN.NS,3356.0,3397.39990234375,3351.0,3369.10009765625,3358.9912109375,384147
2025-04-28,ULTRACEMCO.NS,12232.0,12339.0,12001.0,12114.0,12037.6962890625,516745
2025-04-28,WIPRO.NS,240.5,241.9499969482422,238.75,240.5,229.9246368408203,14218414
2025-04-29,ADANIPORTS.NS,1212.0,1223.9000244140625,1202.5,1216.4000244140625,1210.5106201171875,2381980
2025-04-29,ASIANPAINT.NS,2460.0,2472.0,2441.60009765625,2451.10009765625,2424.907958984375,1235066
2025-04-29,AXISBANK.NS,1194.0,1210.0,1184.4000244140625,1187.300048828125,1186.2862548828125,6074520
2025-04-29,BAJFINANCE.NS,913.0,914.5999755859375,896.0,909.2999877929688,903.7235717773438,11768180
2025-04-29,BHARTIARTL.NS,1823.699951171875,1847.800048828125,1817.5999755859375,1823.800048828125,1808.6796875,4684155
2025-04-29,GRASIM.NS,2753.10009765625,2755.60009765625,2719.0,2745.699951171875,2735.747802734375,890929
2025-04-29,HCLTECH.NS,1555.0,1580.800048828125,1548.0999755859375,1569.0,1533.3658447265625,2231069
2025-04-29,HDFCBANK.NS,959.4000244140625,964.4000244140625,950.0999755859375,954.4000244140625,941.6715087890625,18918308
2025-04-29,HINDUNILVR.NS,2328.0,2332.5,2312.60009765625,2321.699951171875,2279.618408203125,1896387
2025-04-29,ICICIBANK.NS,1428.800048828125,1438.300048828125,1422.5999755859375,1429.800048828125,1418.85205078125,10786910
2025-04-29,INDUSINDBK.NS,841.9500122070312,852.0,828.5499877929688,836.9500122070312,836.9500122070312,8769289
2025-04-29,INFY.NS,1482.0,1509.800048828125,1474.0999755859375,1497.5,1454.456298828125,8056743
2025-04-29,ITC.NS,428.8999938964844,429.6000061035156,425.0,426.0,409.7064514160156,11189930
2025-04-29,JSWSTEEL.NS,1055.0,1061.5999755859375,1034.0999755859375,1035.5999755859375,1032.8187255859375,1206750
2025-04-29,KOTAKBANK.NS,445.1199951171875,449.3999938964844,439.760009765625,441.0,440.49212646484375,15291325
2025-04-29,LT.NS,3335.0,3376.39990234375,3315.0,3322.300048828125,3291.6015625,1843861
2025-04-29,M&M.NS,2950.0,2969.5,2901.800048828125,2909.60009765625,2886.410400390625,2051228
2025-04-29,MARUTI.NS,11812.0,11940.0,11741.0,11841.0,11714.212890625,455596
2025-04-29,NESTLEIND.NS,1203.0,1203.0,1179.5999755859375,1193.75,1182.3680419921875,1952120
2025-04-29,NTPC.NS,364.0,364.3500061035156,354.1000061035156,356.95001220703125,347.77191162109375,9472828
2025-04-29,POWERGRID.NS,308.54998779296875,310.79998779296875,301.20001220703125,302.95001220703125,293.36199951171875,14678005
2025-04-29,RELIANCE.NS,1371.0,1410.9000244140625,1370.0,1399.699951171875,1394.1319580078125,32538970
2025-04-29,SBIN.NS,820.0,829.0,809.0,812.5499877929688,796.5554809570312,11283059
2025-04-29,SUNPHARMA.NS,1845.0,1846.0,1797.0,1805.5,1787.9617919921875,2886160
2025-04-29,TCS.NS,3455.0,3495.0,3430.39990234375,3472.5,3356.501953125,1578332
2025-04-29,TECHM.NS,1466.199951171875,1504.9000244140625,1463.300048828125,1495.300048828125,1453.2525634765625,2652788
2025-04-29,TITAN.NS,3375.89990234375,3398.0,3354.0,3378.60009765625,3368.462890625,575435
2025-04-29,ULTRACEMCO.NS,12201.0,12222.0,11800.0,11869.0,11794.240234375,516495
2025-04-29,WIPRO.NS,241.60000610351562,243.60000610351562,239.85000610351562,241.39999389648438,230.78504943847656,16647246
2025-04-30,ADANIPORTS.NS,1215.0999755859375,1226.5,1203.9000244140625,1216.5,1210.610107421875,1824334
2025-04-30,ASIANPAINT.NS,2450.0,2462.199951171875,2401.5,2425.699951171875,2399.779296875,1479669
2025-04-30,AXISBANK.NS,1185.0999755859375,1193.9000244140625,1175.0,1185.0,1183.9881591796875,6288257
2025-04-30,BAJFINANCE.NS,884.0,888.7999877929688,855.5999755859375,863.4500122070312,858.15478515625,39690570
2025-04-30,BHARTIARTL.NS,1837.0,1876.9000244140625,1827.0,1864.5,1849.042236328125,9139821
2025-04-30,GRASIM.NS,2735.0,2750.89990234375,2718.89990234375,2737.5,2727.57763671875,662477
2025-04-30,HCLTECH.NS,1571.0,1587.9000244140625,1554.0,1567.5,1531.89990234375,3682256
2025-04-30,HDFCBANK.NS,956.5,968.4500122070312,955.1500244140625,962.5,949.6633911132812,31936870
2025-04-30,HINDUNILVR.NS,2320.0,2352.5,2316.0,2342.10009765625,2299.64892578125,2083807
2025-04-30,ICICIBANK.NS,1433.0,1433.699951171875,1400.0,1427.0,1416.073486328125,14192027
2025-04-30,INDUSINDBK.NS,820.0,843.0999755859375,810.0499877929688,838.4000244140625,838.4000244140625,20241775
2025-04-30,INFY.NS,1496.800048828125,1508.800048828125,1482.5999755859375,1500.0999755859375,1456.9815673828125,7704183
2025-04-30,ITC.NS,427.3999938964844,429.29998779296875,422.0,425.79998779296875,409.51409912109375,10026546
2025-04-30,JSWSTEEL.NS,1030.0,1042.300048828125,1021.0,1029.800048828125,1027.034423828125,1755328
2025-04-30,KOTAKBANK.NS,442.7799987792969,446.20001220703125,437.6400146484375,441.6199951171875,441.1114196777344,23114585
2025-04-30,LT.NS,3324.0,3355.0,3303.300048828125,3341.0,3310.128662109375,1930714
2025-04-30,M&M.NS,2908.800048828125,2948.89990234375,2887.0,2928.800048828125,2905.45751953125,2689753
2025-04-30,MARUTI.NS,11825.0,12325.0,11800.0,12257.0,12125.7578125,967250
2025-04-30,NESTLEIND.NS,1187.5,1203.199951171875,1182.1500244140625,1194.0999755859375,1182.7147216796875,2040862
2025-04-30,NTPC.NS,357.0,361.0,352.0,354.54998779296875,345.4336242675781,16739088
2025-04-30,POWERGRID.NS,304.45001220703125,310.0,301.8999938964844,307.45001220703125,297.7195739746094,17619987
2025-04-30,RELIANCE.NS,1402.0,1412.4000244140625,1369.0,1405.0,1399.410888671875,25480745
2025-04-30,SBIN.NS,811.5,811.5,784.5,788.6500244140625,773.1259765625,25635764
2025-04-30,SUNPHARMA.NS,1810.0,1838.9000244140625,1803.300048828125,1832.300048828125,1814.5015869140625,2667314
2025-04-30,TCS.NS,3472.0,3509.89990234375,3366.0,3453.699951171875,3338.330078125,2809332
2025-04-30,TECHM.NS,1495.300048828125,1510.800048828125,1490.0,1503.0,1460.7359619140625,1858465
2025-04-30,TITAN.NS,3374.0,3409.0,3354.300048828125,3379.699951171875,3369.559326171875,708818
2025-04-30,ULTRACEMCO.NS,11869.0,11925.0,11500.0,11641.0,11567.67578125,630392
2025-04-30,WIPRO.NS,241.5500030517578,243.39999389648438,239.1999969482422,241.5,230.8806610107422,14206640
2025-05-02,ADANIPORTS.NS,1255.0,1295.0,1242.699951171875,1263.0999755859375,1256.9844970703125,10694521
2025-05-02,ASIANPAINT.NS,2425.0,2444.89990234375,2398.0,2410.0,2384.2470703125,744673
2025-05-02,AXISBANK.NS,1182.0999755859375,1210.5,1180.0999755859375,1183.4000244140625,1182.3895263671875,5249372
2025-05-02,BAJFINANCE.NS,857.5499877929688,891.5,856.5999755859375,886.8499755859375,881.4111938476562,18933030
2025-05-02,BHARTIARTL.NS,1852.0,1883.5999755859375,1832.0999755859375,1848.199951171875,1832.8773193359375,3866806
2025-05-02,GRASIM.NS,2725.60009765625,2771.800048828125,2695.800048828125,2724.0,2714.12646484375,798849
2025-05-02,HCLTECH.NS,1567.0,1581.0,1557.0999755859375,1572.4000244140625,1536.6885986328125,1370848
2025-05-02,HDFCBANK.NS,964.9000244140625,970.9500122070312,960.0,960.9500122070312,948.1340942382812,17840404
2025-05-02,HINDUNILVR.NS,2334.10009765625,2345.0,2310.0,2318.60009765625,2276.574951171875,1424284
2025-05-02,ICICIBANK.NS,1426.9000244140625,1446.5999755859375,1424.5999755859375,1430.0999755859375,1419.149658203125,8842434
2025-05-02,INDUSINDBK.NS,835.0,863.5,833.0999755859375,856.4500122070312,856.4500122070312,7845964
2025-05-02,INFY.NS,1499.699951171875,1523.199951171875,1496.199951171875,1506.9000244140625,1463.586181640625,7402310
2025-05-02,ITC.NS,424.1000061035156,431.5,424.1000061035156,429.5,413.07257080078125,9263372
2025-05-02,JSWSTEEL.NS,1021.2000122070312,1037.0,948.2999877929688,967.5,964.9016723632812,6209775
2025-05-02,KOTAKBANK.NS,440.79998779296875,444.7200012207031,434.239990234375,436.3399963378906,435.8374938964844,9079030
2025-05-02,LT.NS,3325.0,3374.89990234375,3325.0,3334.89990234375,3304.0849609375,1411889
2025-05-02,M&M.NS,2950.0,3000.0,2910.199951171875,2917.199951171875,2893.94970703125,2868096
2025-05-02,MARUTI.NS,12257.0,12727.0,12250.0,12405.0,12272.173828125,707908
2025-05-02,NESTLEIND.NS,1187.5,1192.4000244140625,1163.5,1165.9000244140625,1154.78369140625,1265148
2025-05-02,NTPC.NS,354.54998779296875,358.0,347.6000061035156,348.70001220703125,339.7340393066406,8221620
2025-05-02,POWERGRID.NS,305.5,309.0,302.29998779296875,303.04998779296875,293.45880126953125,5688285
2025-05-02,RELIANCE.NS,1414.0,1426.699951171875,1409.0999755859375,1419.800048828125,1414.152099609375,13007841
2025-05-02,SBIN.NS,790.3499755859375,803.4000244140625,789.0,796.7000122070312,781.0175170898438,14720184
2025-05-02,SUNPHARMA.NS,1832.300048828125,1851.199951171875,1813.800048828125,1824.5999755859375,1806.8763427734375,1885257
2025-05-02,TCS.NS,3472.0,3491.5,3420.0,3431.0,3316.38818359375,1721761
2025-05-02,TECHM.NS,1505.0,1519.0,1489.800048828125,1494.0999755859375,1452.0863037109375,1582577
2025-05-02,TITAN.NS,3362.10009765625,3381.5,3324.0,3342.0,3331.97265625,514587
2025-05-02,ULTRACEMCO.NS,11641.0,11750.0,11481.0,11613.0,11539.8525390625,189474
2025-05-02,WIPRO.NS,242.0399932861328,245.8000030517578,240.75,241.67999267578125,231.052734375,10822257
2025-05-05,ADANIPORTS.NS,1290.0,1377.0,1285.699951171875,1347.0999755859375,1340.577880859375,14191797
2025-05-05,ASIANPAINT.NS,2423.10009765625,2475.0,2423.10009765625,2436.89990234375,2410.859375,1229588
2025-05-05,AXISBANK.NS,1190.0,1190.0,1164.300048828125,1173.199951171875,1172.1981201171875,7236056
2025-05-05,BAJFINANCE.NS,887.75,903.2999877929688,886.5999755859375,893.2000122070312,887.7223510742188,8930610
2025-05-05,BHARTIARTL.NS,1868.0,1873.5,1849.199951171875,1866.0,1850.52978515625,3548839
2025-05-05,GRASIM.NS,2730.0,2773.0,2718.300048828125,2755.10009765625,2745.114013671875,661587
2025-05-05,HCLTECH.NS,1580.0,1597.699951171875,1563.300048828125,1568.5999755859375,1532.974853515625,1012225
2025-05-05,HDFCBANK.NS,969.5,976.0,966.1500244140625,968.4000244140625,955.4847412109375,15068024
2025-05-05,HINDUNILVR.NS,2324.10009765625,2354.89990234375,2319.10009765625,2348.60009765625,2306.031005859375,2074103
2025-05-05,ICICIBANK.NS,1440.0,1446.800048828125,1426.0,1429.4000244140625,1418.455078125,4565705
2025-05-05,INDUSINDBK.NS,855.0,862.0,840.5499877929688,846.75,846.75,7875811
2025-05-05,INFY.NS,1515.0,1523.0,1502.800048828125,1508.5999755859375,1465.2371826171875,4282493
2025-05-05,ITC.NS,430.25,438.5,429.3500061035156,436.95001220703125,420.2376403808594,11525305
2025-05-05,JSWSTEEL.NS,959.7999877929688,972.4000244140625,952.7000122070312,955.5,952.9338989257812,1646426
2025-05-05,KOTAKBANK.NS,421.0199890136719,426.760009765625,411.6000061035156,416.9800109863281,416.49981689453125,44108085
2025-05-05,LT.NS,3350.0,3350.0,3300.699951171875,3330.199951171875,3299.428466796875,1947332
2025-05-05,M&M.NS,2948.89990234375,3044.0,2937.699951171875,3021.5,2997.41845703125,4049197
2025-05-05,MARUTI.NS,12490.0,12490.0,12362.0,12458.0,12324.6064453125,270014
2025-05-05,NESTLEIND.NS,1174.449951171875,1176.0,1161.8499755859375,1164.0999755859375,1153.0008544921875,1827594
2025-05-05,NTPC.NS,351.0,352.0,345.54998779296875,348.6000061035156,339.6366271972656,9492646
2025-05-05,POWERGRID.NS,304.79998779296875,310.70001220703125,304.6499938964844,308.20001220703125,298.44580078125,4342960
2025-05-05,RELIANCE.NS,1431.0,1439.5,1426.9000244140625,1431.300048828125,1425.6063232421875,12685649
2025-05-05,SBIN.NS,782.0,799.0,782.0,790.0,774.4494018554688,23986447
2025-05-05,SUNPHARMA.NS,1827.800048828125,1843.300048828125,1821.4000244140625,1836.5999755859375,1818.7596435546875,1219830
2025-05-05,TCS.NS,3450.0,3504.5,3446.39990234375,3454.300048828125,3338.910400390625,1284443
2025-05-05,TECHM.NS,1499.0,1506.5,1490.5,1494.5999755859375,1452.572265625,846022
2025-05-05,TITAN.NS,3357.699951171875,3408.5,3307.0,3321.800048828125,3311.833251953125,565178
2025-05-05,ULTRACEMCO.NS,11702.0,11728.0,11652.0,11670.0,11596.4931640625,145699
2025-05-05,WIPRO.NS,244.0,246.8699951171875,242.6999969482422,243.57000732421875,232.85964965820312,12170446
2025-05-06,ADANIPORTS.NS,1350.0,1356.300048828125,1315.0,1320.800048828125,1314.4052734375,3604276
2025-05-06,ASIANPAINT.NS,2442.0,2449.89990234375,2391.10009765625,2418.0,2392.16162109375,702802
2025-05-06,AXISBANK.NS,1178.0,1178.800048828125,1157.699951171875,1161.4000244140625,1160.4083251953125,5348267
2025-05-06,BAJFINANCE.NS,891.0999755859375,897.4000244140625,875.0,879.75,874.3547973632812,12040870
2025-05-06,BHARTIARTL.NS,1888.300048828125,1912.0,1882.5999755859375,1901.0,1885.2396240234375,8597920
2025-05-06,GRASIM.NS,2754.0,2764.5,2718.0,2728.699951171875,2718.8095703125,288396
2025-05-06,HCLTECH.NS,1576.800048828125,1583.800048828125,1565.0999755859375,1579.0999755859375,1543.236328125,2055057
2025-05-06,HDFCBANK.NS,965.0,970.0499877929688,962.1500244140625,965.8499755859375,952.9686889648438,17490156
2025-05-06,HINDUNILVR.NS,2340.199951171875,2390.10009765625,2340.199951171875,2381.800048828125,2338.629150390625,1888125
2025-05-06,ICICIBANK.NS,1429.0,1433.699951171875,1420.4000244140625,1431.5999755859375,1420.63818359375,6301690
2025-05-06,INDUSINDBK.NS,846.75,851.25,821.9000244140625,831.7999877929688,831.7999877929688,10040705
2025-05-06,INFY.NS,1506.0,1515.5999755859375,1499.0999755859375,1511.5,1468.053955078125,4270530
2025-05-06,ITC.NS,437.5,439.6499938964844,433.0,435.54998779296875,418.89117431640625,15026568
2025-05-06,JSWSTEEL.NS,960.0,971.9000244140625,955.0,967.5,964.9016723632812,1462046
2025-05-06,KOTAKBANK.NS,417.20001220703125,418.2799987792969,413.0,414.79998779296875,414.3222961425781,17025485
2025-05-06,LT.NS,3346.0,3353.0,3302.800048828125,3334.0,3303.193359375,1695516
2025-05-06,M&M.NS,3150.60009765625,3159.699951171875,3056.0,3068.39990234375,3043.944580078125,5683215
2025-05-06,MARUTI.NS,12438.0,12599.0,12371.0,12581.0,12446.2890625,414921
2025-05-06,NESTLEIND.NS,1168.5,1187.0999755859375,1165.0,1178.25,1167.015869140625,1742026
2025-05-06,NTPC.NS,349.0,349.5,340.0,341.79998779296875,333.0114440917969,8904223
2025-05-06,POWERGRID.NS,307.6000061035156,310.45001220703125,305.54998779296875,307.6000061035156,297.86480712890625,9124804
2025-05-06,RELIANCE.NS,1431.0,1432.0,1410.5999755859375,1420.9000244140625,1415.2476806640625,14084117
2025-05-06,SBIN.NS,793.9500122070312,799.1500244140625,771.0999755859375,774.0999755859375,758.8623657226562,18869468
2025-05-06,SUNPHARMA.NS,1820.0,1827.9000244140625,1799.0,1819.0999755859375,1801.4296875,1414772
2025-05-06,TCS.NS,3460.0,3473.0,3437.0,3460.0,3344.419677734375,1324763
2025-05-06,TECHM.NS,1496.9000244140625,1504.800048828125,1486.0999755859375,1496.199951171875,1454.1273193359375,1545773
2025-05-06,TITAN.NS,3321.800048828125,3325.300048828125,3245.5,3299.300048828125,3289.400634765625,650789
2025-05-06,ULTRACEMCO.NS,11699.0,11729.0,11544.0,11693.0,11619.3486328125,273048
2025-05-06,WIPRO.NS,244.5,245.89999389648438,240.61000061035156,241.19000244140625,230.58428955078125,8869045
2025-05-07,ADANIPORTS.NS,1298.800048828125,1341.300048828125,1298.699951171875,1338.199951171875,1331.720947265625,3269847
2025-05-07,ASIANPAINT.NS,2388.0,2405.699951171875,2318.5,2334.10009765625,2309.158203125,1711738
2025-05-07,AXISBANK.NS,1159.0,1168.5999755859375,1152.9000244140625,1161.300048828125,1160.3084716796875,4263817
2025-05-07,BAJFINANCE.NS,875.0,899.75,872.2999877929688,898.6500244140625,893.138916015625,11635570
2025-05-07,BHARTIARTL.NS,1901.0,1917.0,1885.5,1896.800048828125,1881.074462890625,5554616
2025-05-07,GRASIM.NS,2699.0,2727.300048828125,2682.39990234375,2699.89990234375,2690.11376953125,417883
2025-05-07,HCLTECH.NS,1552.0,1578.4000244140625,1545.0,1563.300048828125,1527.7952880859375,5469936
2025-05-07,HDFCBANK.NS,967.0,974.3499755859375,961.2000122070312,972.7999877929688,959.8259887695312,21420778
2025-05-07,HINDUNILVR.NS,2369.0,2386.89990234375,2355.300048828125,2370.800048828125,2327.828857421875,1610400
2025-05-07,ICICIBANK.NS,1425.0,1442.0,1421.0,1435.4000244140625,1424.4091796875,10480453
2025-05-07,INDUSINDBK.NS,827.0,842.0,816.0999755859375,833.7999877929688,833.7999877929688,9432595
2025-05-07,INFY.NS,1500.0,1518.800048828125,1496.5999755859375,1508.300048828125,1464.9459228515625,5691799
2025-05-07,ITC.NS,433.3999938964844,435.0,429.70001220703125,431.1499938964844,414.6594543457031,9710361
2025-05-07,JSWSTEEL.NS,957.9000244140625,975.0,957.9000244140625,966.0999755859375,963.5054321289062,1014461
2025-05-07,KOTAKBANK.NS,412.739990234375,420.3599853515625,410.8999938964844,418.9800109863281,418.49749755859375,18697280
2025-05-07,LT.NS,3332.0,3339.800048828125,3284.10009765625,3321.39990234375,3290.709716796875,2422707
2025-05-07,M&M.NS,3021.89990234375,3125.0,3021.89990234375,3119.89990234375,3095.0341796875,2942902
2025-05-07,MARUTI.NS,12355.0,12669.0,12355.0,12633.0,12497.732421875,303619
2025-05-07,NESTLEIND.NS,1165.5,1178.0,1163.6500244140625,1169.199951171875,1158.0521240234375,1353304
2025-05-07,NTPC.NS,338.0,343.70001220703125,337.0,342.04998779296875,333.2550354003906,8465490
2025-05-07,POWERGRID.NS,308.0,313.1499938964844,307.0,311.1000061035156,301.2539978027344,14679327
2025-05-07,RELIANCE.NS,1420.9000244140625,1424.4000244140625,1402.699951171875,1406.0,1400.4068603515625,13440169
2025-05-07,SBIN.NS,765.2999877929688,782.4000244140625,764.5499877929688,776.0999755859375,760.822998046875,15586266
2025-05-07,SUNPHARMA.NS,1817.9000244140625,1826.4000244140625,1778.699951171875,1781.300048828125,1763.996826171875,2015237
2025-05-07,TCS.NS,3420.60009765625,3459.5,3420.60009765625,3445.10009765625,3330.017578125,1477128
2025-05-07,TECHM.NS,1489.0999755859375,1504.9000244140625,1480.5999755859375,1495.199951171875,1453.1553955078125,1272555
2025-05-07,TITAN.NS,3280.0,3381.0,3260.199951171875,3338.89990234375,3328.8818359375,1047443
2025-05-07,ULTRACEMCO.NS,11651.0,11700.0,11553.0,11658.0,11584.568359375,217460
2025-05-07,WIPRO.NS,236.00999450683594,244.4499969482422,236.00999450683594,244.0399932861328,233.3089599609375,9130056
2025-05-08,ADANIPORTS.NS,1340.0,1366.9000244140625,1316.4000244140625,1333.0999755859375,1326.6456298828125,5077662
2025-05-08,ASIANPAINT.NS,2322.0,2349.10009765625,2293.5,2302.60009765625,2277.99462890625,2292261
2025-05-08,AXISBANK.NS,1170.0,1179.0,1165.5999755859375,1172.199951171875,1171.198974609375,9912347
2025-05-08,BAJFINANCE.NS,897.7000122070312,907.4500122070312,877.5,883.25,877.8333129882812,12018090
2025-05-08,BHARTIARTL.NS,1897.0,1905.800048828125,1862.4000244140625,1874.9000244140625,1859.35595703125,5500724
2025-05-08,GRASIM.NS,2685.0,2709.60009765625,2676.5,2698.699951171875,2688.918212890625,966461
2025-05-08,HCLTECH.NS,1561.9000244140625,1598.0,1555.800048828125,1580.699951171875,1544.800048828125,2789018
2025-05-08,HDFCBANK.NS,977.4000244140625,977.4000244140625,959.5499877929688,964.25,951.3900756835938,34803430
2025-05-08,HINDUNILVR.NS,2361.699951171875,2371.89990234375,2341.0,2354.89990234375,2312.216796875,2323073
2025-05-08,ICICIBANK.NS,1438.5999755859375,1448.9000244140625,1426.0999755859375,1435.5,1424.5084228515625,15306490
2025-05-08,INDUSINDBK.NS,835.0,844.25,816.0,826.7999877929688,826.7999877929688,13290700
2025-05-08,INFY.NS,1508.0,1516.5,1501.199951171875,1511.4000244140625,1467.956787109375,8424409
2025-05-08,ITC.NS,429.0,431.5,423.54998779296875,430.6000061035156,414.1304931640625,19937960
2025-05-08,JSWSTEEL.NS,962.5,969.5,949.0,953.2000122070312,950.6400756835938,1646385
2025-05-08,KOTAKBANK.NS,419.79998779296875,427.739990234375,418.9800109863281,422.5199890136719,422.0334167480469,34624355
2025-05-08,LT.NS,3310.10009765625,3366.0,3299.800048828125,3323.89990234375,3293.1865234375,3204333
2025-05-08,M&M.NS,3127.39990234375,3137.0,3008.5,3033.10009765625,3008.92626953125,3323894
2025-05-08,MARUTI.NS,12560.0,12597.0,12330.0,12392.0,12259.3125,485326
2025-05-08,NESTLEIND.NS,1164.0,1175.050048828125,1157.550048828125,1170.3499755859375,1159.191162109375,2693092
2025-05-08,NTPC.NS,341.04998779296875,343.1000061035156,338.3999938964844,340.0,331.2577209472656,14286109
2025-05-08,POWERGRID.NS,313.3999938964844,317.3999938964844,304.0,308.25,298.4942321777344,19253478
2025-05-08,RELIANCE.NS,1404.0999755859375,1420.800048828125,1398.0,1407.0,1401.4029541015625,16106175
2025-05-08,SBIN.NS,779.0,786.5,764.0,769.0,753.8627319335938,14491673
2025-05-08,SUNPHARMA.NS,1781.300048828125,1788.9000244140625,1755.0,1767.199951171875,1750.03369140625,2647871
2025-05-08,TCS.NS,3448.0,3477.0,3428.699951171875,3448.89990234375,3333.6904296875,2543591
2025-05-08,TECHM.NS,1500.9000244140625,1518.5,1488.0,1502.800048828125,1460.5416259765625,2829448
2025-05-08,TITAN.NS,3349.89990234375,3412.5,3325.0,3369.300048828125,3359.190673828125,1597339
2025-05-08,ULTRACEMCO.NS,11601.0,11740.0,11539.0,11631.0,11557.7392578125,388912
2025-05-08,WIPRO.NS,243.11000061035156,245.8300018310547,239.30999755859375,241.57000732421875,230.9475860595703,11434833
2025-05-09,ADANIPORTS.NS,1300.0,1324.9000244140625,1292.5999755859375,1306.300048828125,1299.9754638671875,2979366
2025-05-09,ASIANPAINT.NS,2246.60009765625,2331.800048828125,2245.0,2299.60009765625,2275.02685546875,1503010
2025-05-09,AXISBANK.NS,1160.0,1172.199951171875,1148.5,1151.0999755859375,1150.1170654296875,5379571
2025-05-09,BAJFINANCE.NS,865.0,878.0999755859375,860.5,864.0999755859375,859.9691162109375,12151340
2025-05-09,BHARTIARTL.NS,1855.0,1871.0999755859375,1836.5,1848.4000244140625,1833.07568359375,3686209
2025-05-09,GRASIM.NS,2676.89990234375,2684.0,2626.60009765625,2634.800048828125,2625.25,444671
2025-05-09,HCLTECH.NS,1566.0,1577.699951171875,1557.300048828125,1569.4000244140625,1533.7567138671875,2035161
2025-05-09,HDFCBANK.NS,955.0499877929688,959.5,943.4000244140625,944.8499755859375,932.248779296875,17188796
2025-05-09,HINDUNILVR.NS,2330.0,2342.699951171875,2302.300048828125,2332.89990234375,2290.615478515625,1805685
2025-05-09,ICICIBANK.NS,1415.199951171875,1419.9000244140625,1387.0,1388.9000244140625,1378.2652587890625,13491197
2025-05-09,INDUSINDBK.NS,805.5,826.4500122070312,805.5,818.2000122070312,818.2000122070312,5074137
2025-05-09,INFY.NS,1500.699951171875,1511.4000244140625,1494.0999755859375,1507.5999755859375,1464.2659912109375,4478653
2025-05-09,ITC.NS,425.95001220703125,429.1499938964844,423.0,423.54998779296875,407.3501281738281,8226512
2025-05-09,JSWSTEEL.NS,935.0,959.0,935.0,957.0,954.4298706054688,1481537
2025-05-09,KOTAKBANK.NS,415.0,424.0,415.0,420.6199951171875,420.1355895996094,23271500
2025-05-09,LT.NS,3331.0,3477.0,3331.0,3443.89990234375,3412.07763671875,5637694
2025-05-09,M&M.NS,2961.60009765625,3057.10009765625,2955.0,2982.10009765625,2958.332763671875,2308852
2025-05-09,MARUTI.NS,12135.0,12360.0,12115.0,12250.0,12118.8330078125,278112
2025-05-09,NESTLEIND.NS,1151.0,1174.5,1145.8499755859375,1162.699951171875,1151.614013671875,1816458
2025-05-09,NTPC.NS,334.20001220703125,338.75,330.6000061035156,334.75,326.1427001953125,11322011
2025-05-09,POWERGRID.NS,300.0,303.04998779296875,296.3999938964844,299.29998779296875,289.8274841308594,11981497
2025-05-09,RELIANCE.NS,1385.5,1394.800048828125,1374.5,1377.199951171875,1371.721435546875,13668904
2025-05-09,SBIN.NS,756.5,781.7000122070312,755.5,779.25,763.9110107421875,13578216
2025-05-09,SUNPHARMA.NS,1751.9000244140625,1766.300048828125,1731.699951171875,1744.800048828125,1727.8515625,1148956
2025-05-09,TCS.NS,3399.0,3446.199951171875,3398.10009765625,3440.300048828125,3325.3779296875,2531757
2025-05-09,TECHM.NS,1480.0,1501.300048828125,1478.0999755859375,1493.699951171875,1451.697509765625,923174
2025-05-09,TITAN.NS,3367.0,3530.0,3354.199951171875,3510.300048828125,3499.767578125,2863992
2025-05-09,ULTRACEMCO.NS,11480.0,11558.0,11313.0,11364.0,11292.4208984375,200270
2025-05-09,WIPRO.NS,236.60000610351562,242.9499969482422,236.5,242.00999450683594,231.36822509765625,10582438
2025-05-12,ADANIPORTS.NS,1360.0,1375.0,1345.5,1362.0999755859375,1355.5052490234375,3662785
2025-05-12,ASIANPAINT.NS,2330.0,2378.5,2321.0,2356.39990234375,2331.2197265625,940135
2025-05-12,AXISBANK.NS,1185.0,1209.0,1175.199951171875,1203.0,1201.9727783203125,7616208
2025-05-12,BAJFINANCE.NS,884.9000244140625,903.0,882.5499877929688,901.8499755859375,897.5386352539062,10638220
2025-05-12,BHARTIARTL.NS,1868.9000244140625,1883.4000244140625,1854.0,1870.800048828125,1855.2900390625,3936019
2025-05-12,GRASIM.NS,2671.10009765625,2761.89990234375,2671.10009765625,2742.800048828125,2732.8583984375,498304
2025-05-12,HCLTECH.NS,1598.800048828125,1675.0,1594.0,1670.300048828125,1632.365234375,4028207
2025-05-12,HDFCBANK.NS,958.7999877929688,979.9500122070312,956.1500244140625,978.5999755859375,965.5486450195312,18618972
2025-05-12,HINDUNILVR.NS,2360.0,2387.0,2346.10009765625,2382.5,2339.316650390625,1274873
2025-05-12,ICICIBANK.NS,1409.4000244140625,1453.0,1404.0,1448.5,1437.4088134765625,9925445
2025-05-12,INDUSINDBK.NS,835.0,838.0,786.0,788.5,788.5,14573162
2025-05-12,INFY.NS,1537.0,1632.0,1532.0,1626.9000244140625,1580.136962890625,11372857
2025-05-12,ITC.NS,429.5,436.20001220703125,428.1499938964844,435.5,418.84307861328125,8031891
2025-05-12,JSWSTEEL.NS,973.0,1007.7000122070312,969.7000122070312,1005.2000122070312,1002.5004272460938,1335817
2025-05-12,KOTAKBANK.NS,426.79998779296875,432.7200012207031,425.2200012207031,429.0,428.5059509277344,15109370
2025-05-12,LT.NS,3513.0,3602.800048828125,3490.0,3587.199951171875,3554.0537109375,3147384
2025-05-12,M&M.NS,3044.699951171875,3112.199951171875,3033.699951171875,3104.699951171875,3079.955322265625,2166730
2025-05-12,MARUTI.NS,12426.0,12630.0,12426.0,12616.0,12480.9140625,185165
2025-05-12,NESTLEIND.NS,1179.9000244140625,1194.5,1173.0,1191.9000244140625,1180.5357666015625,801500
2025-05-12,NTPC.NS,340.3999938964844,349.20001220703125,338.1000061035156,348.54998779296875,339.587890625,7978210
2025-05-12,POWERGRID.NS,304.04998779296875,311.1000061035156,304.04998779296875,309.04998779296875,299.2688903808594,7145884
2025-05-12,RELIANCE.NS,1400.0,1439.0,1400.0,1436.5,1430.7855224609375,10674081
2025-05-12,SBIN.NS,799.0,803.9000244140625,793.0,801.6500244140625,785.8701171875,15096824
2025-05-12,SUNPHARMA.NS,1695.699951171875,1712.4000244140625,1623.5999755859375,1686.199951171875,1669.8206787109375,9221075
2025-05-12,TCS.NS,3505.0,3630.5,3502.199951171875,3620.39990234375,3499.46142578125,2228678
2025-05-12,TECHM.NS,1522.0,1576.5,1517.4000244140625,1573.0999755859375,1528.8648681640625,1891418
2025-05-12,TITAN.NS,3537.199951171875,3585.0,3530.300048828125,3562.89990234375,3552.209716796875,956930
2025-05-12,ULTRACEMCO.NS,11590.0,11767.0,11565.0,11736.0,11662.0771484375,182795
2025-05-12,WIPRO.NS,245.08999633789062,257.94000244140625,244.8800048828125,257.2799987792969,245.96678161621094,19791711
2025-05-13,ADANIPORTS.NS,1360.5999755859375,1391.9000244140625,1347.0999755859375,1369.199951171875,1362.57080078125,3356599
2025-05-13,ASIANPAINT.NS,2354.0,2358.0,2315.10009765625,2324.60009765625,2299.759765625,1220489
2025-05-13,AXISBANK.NS,1205.199951171875,1214.800048828125,1190.0,1193.5999755859375,1192.580810546875,5569926
2025-05-13,BAJFINANCE.NS,900.4000244140625,916.3499755859375,899.0999755859375,904.2000122070312,899.87744140625,13363000
2025-05-13,BHARTIARTL.NS,1870.0,1883.699951171875,1816.5999755859375,1820.5999755859375,1805.506103515625,8817763
2025-05-13,GRASIM.NS,2741.0,2748.0,2702.699951171875,2708.699951171875,2698.8818359375,313964
2025-05-13,HCLTECH.NS,1685.0,1688.0999755859375,1615.199951171875,1619.5999755859375,1582.8165283203125,3118470
2025-05-13,HDFCBANK.NS,975.0,980.8499755859375,960.0,961.2999877929688,948.4794311523438,24242102
2025-05-13,HINDUNILVR.NS,2375.60009765625,2398.0,2352.800048828125,2360.0,2317.224365234375,1929665
2025-05-13,ICICIBANK.NS,1440.0999755859375,1447.9000244140625,1427.4000244140625,1430.5999755859375,1419.6458740234375,12475424
2025-05-13,INDUSINDBK.NS,794.0,804.0,769.0499877929688,770.0999755859375,770.0999755859375,10848937
2025-05-13,INFY.NS,1609.0,1612.199951171875,1564.5999755859375,1568.5999755859375,1523.5125732421875,12846210
2025-05-13,ITC.NS,434.8999938964844,437.95001220703125,425.3500061035156,427.8999938964844,411.53375244140625,14976369
2025-05-13,JSWSTEEL.NS,1005.2000122070312,1010.9000244140625,988.0999755859375,989.9000244140625,987.2415161132812,934177
2025-05-13,KOTAKBANK.NS,427.0,429.2200012207031,420.2200012207031,423.1199951171875,422.6327209472656,21539120
2025-05-13,LT.NS,3587.199951171875,3606.0,3545.0,3567.0,3534.040283203125,2374439
2025-05-13,M&M.NS,3050.0,3111.0,3035.0,3053.800048828125,3029.461181640625,2681662
2025-05-13,MARUTI.NS,12600.0,12700.0,12430.0,12482.0,12348.3486328125,378269
2025-05-13,NESTLEIND.NS,1190.0,1194.9000244140625,1171.0,1185.0999755859375,1173.800537109375,2333552
2025-05-13,NTPC.NS,348.6000061035156,349.79998779296875,340.5,341.5,332.7191467285156,14738980
2025-05-13,POWERGRID.NS,305.0,308.75,298.0,298.45001220703125,289.00439453125,17988336
2025-05-13,RELIANCE.NS,1433.5,1447.699951171875,1412.4000244140625,1415.699951171875,1410.0682373046875,11407896
2025-05-13,SBIN.NS,798.5999755859375,807.6500244140625,797.2000122070312,801.75,785.9680786132812,13909596
2025-05-13,SUNPHARMA.NS,1711.0,1748.5,1691.300048828125,1700.0,1683.4866943359375,6988329
2025-05-13,TCS.NS,3620.39990234375,3623.0,3510.5,3515.0,3397.58251953125,3062887
2025-05-13,TECHM.NS,1600.300048828125,1600.9000244140625,1565.0999755859375,1572.5,1528.28173828125,3724272
2025-05-13,TITAN.NS,3562.89990234375,3588.39990234375,3540.10009765625,3563.199951171875,3552.5087890625,996541
2025-05-13,ULTRACEMCO.NS,11700.0,11748.0,11566.0,11661.0,11587.5498046875,307678
2025-05-13,WIPRO.NS,256.95001220703125,256.95001220703125,250.6199951171875,251.57000732421875,240.5078582763672,11714159
2025-05-14,ADANIPORTS.NS,1380.0,1381.9000244140625,1362.0,1371.800048828125,1365.1583251953125,1557379
2025-05-14,ASIANPAINT.NS,2319.0,2319.0,2277.10009765625,2282.300048828125,2257.91162109375,1549845
2025-05-14,AXISBANK.NS,1195.9000244140625,1199.4000244140625,1185.9000244140625,1195.5,1194.4791259765625,4084921
2025-05-14,BAJFINANCE.NS,904.5,911.0499877929688,901.2000122070312,908.0999755859375,903.7587890625,7594000
2025-05-14,BHARTIARTL.NS,1830.0,1870.699951171875,1820.199951171875,1834.199951171875,1818.993408203125,7401614
2025-05-14,GRASIM.NS,2719.89990234375,2747.0,2705.300048828125,2737.199951171875,2727.278564453125,330652
2025-05-14,HCLTECH.NS,1630.0,1642.300048828125,1617.0,1637.699951171875,1600.505615234375,1569126
2025-05-14,HDFCBANK.NS,961.0499877929688,965.0999755859375,951.5,955.2999877929688,942.5594482421875,15445308
2025-05-14,HINDUNILVR.NS,2370.0,2370.0,2338.5,2350.5,2307.896484375,1568111
2025-05-14,ICICIBANK.NS,1429.9000244140625,1440.699951171875,1417.300048828125,1426.199951171875,1415.279541015625,8026837
2025-05-14,INDUSINDBK.NS,775.0,786.4000244140625,764.5499877929688,781.3499755859375,781.3499755859375,9164606
2025-05-14,INFY.NS,1574.0,1595.0,1569.5,1592.4000244140625,1546.6285400390625,4870057
2025-05-14,ITC.NS,427.1000061035156,431.8500061035156,425.8999938964844,429.1000061035156,412.6878662109375,9557309
2025-05-14,JSWSTEEL.NS,995.2000122070312,1012.0999755859375,987.0,989.2999877929688,986.6431274414062,1650066
2025-05-14,KOTAKBANK.NS,422.20001220703125,423.9800109863281,416.79998779296875,418.4800109863281,417.9980773925781,10687970
2025-05-14,LT.NS,3587.0,3617.0,3567.0,3573.10009765625,3540.084228515625,2440116
2025-05-14,M&M.NS,3037.5,3110.0,3018.0,3101.800048828125,3077.07861328125,2236302
2025-05-14,MARUTI.NS,12485.0,12718.0,12411.0,12670.0,12534.3359375,306050
2025-05-14,NESTLEIND.NS,1182.5,1189.5999755859375,1176.6500244140625,1185.199951171875,1173.8995361328125,1203066
2025-05-14,NTPC.NS,342.45001220703125,343.8500061035156,337.75,338.54998779296875,329.8450012207031,22485535
2025-05-14,POWERGRID.NS,299.20001220703125,300.54998779296875,294.04998779296875,295.95001220703125,286.58349609375,10359258
2025-05-14,RELIANCE.NS,1420.0,1429.9000244140625,1415.5,1424.4000244140625,1418.7337646484375,5570160
2025-05-14,SBIN.NS,805.75,807.5,796.2999877929688,800.7000122070312,784.9387817382812,9281719
2025-05-14,SUNPHARMA.NS,1702.0,1711.4000244140625,1692.0999755859375,1708.199951171875,1691.60693359375,1639324
2025-05-14,TCS.NS,3521.0,3561.0,3508.60009765625,3548.699951171875,3430.15673828125,2119499
2025-05-14,TECHM.NS,1584.0,1609.4000244140625,1578.0999755859375,1603.199951171875,1558.118408203125,2354571
2025-05-14,TITAN.NS,3555.0,3610.0,3550.0,3587.60009765625,3576.835693359375,588159
2025-05-14,ULTRACEMCO.NS,11676.0,11741.0,11624.0,11672.0,11598.48046875,179337
2025-05-14,WIPRO.NS,251.57000732421875,253.69000244140625,250.75,252.94000244140625,241.81761169433594,8839105
2025-05-15,ADANIPORTS.NS,1375.5999755859375,1409.9000244140625,1371.9000244140625,1406.199951171875,1399.3916015625,3706424
2025-05-15,ASIANPAINT.NS,2285.0,2335.5,2268.0,2329.89990234375,2305.0029296875,1675015
2025-05-15,AXISBANK.NS,1197.0,1217.0,1185.0,1209.0999755859375,1208.0675048828125,6705748
2025-05-15,BAJFINANCE.NS,909.9500122070312,921.5,902.7999877929688,918.8499755859375,914.4573974609375,10385000
2025-05-15,BHARTIARTL.NS,1849.9000244140625,1869.9000244140625,1825.0,1867.199951171875,1851.7197265625,8788351
2025-05-15,GRASIM.NS,2734.300048828125,2829.5,2720.0,2824.800048828125,2814.561279296875,1353535
2025-05-15,HCLTECH.NS,1650.0,1702.5999755859375,1625.0,1696.0,1657.4814453125,4961582
2025-05-15,HDFCBANK.NS,956.75,972.4000244140625,948.5,966.9000244140625,954.0047607421875,32241458
2025-05-15,HINDUNILVR.NS,2351.60009765625,2369.89990234375,2340.0,2355.199951171875,2312.51123046875,3236681
2025-05-15,ICICIBANK.NS,1425.9000244140625,1456.5,1415.5,1450.800048828125,1439.6912841796875,18209264
2025-05-15,INDUSINDBK.NS,778.0,782.6500244140625,757.8499755859375,780.5,780.5,7350633
2025-05-15,INFY.NS,1589.800048828125,1618.5999755859375,1571.0,1613.0,1566.636474609375,11151167
2025-05-15,ITC.NS,429.1000061035156,435.3999938964844,426.0,432.6499938964844,416.1020812988281,24263510
2025-05-15,JSWSTEEL.NS,993.0,1040.5999755859375,990.0,1038.300048828125,1035.5115966796875,5297654
2025-05-15,KOTAKBANK.NS,417.0199890136719,422.3999938964844,413.0799865722656,421.2799987792969,420.7948303222656,21311795
2025-05-15,LT.NS,3594.0,3648.699951171875,3543.0,3618.199951171875,3584.767333984375,3720879
2025-05-15,M&M.NS,3085.0,3170.699951171875,3073.0,3144.300048828125,3119.23974609375,3590003
2025-05-15,MARUTI.NS,12600.0,13023.0,12548.0,12952.0,12813.31640625,561496
2025-05-15,NESTLEIND.NS,1185.0,1207.449951171875,1170.75,1199.050048828125,1187.6175537109375,1928224
2025-05-15,NTPC.NS,339.5,343.75,332.6499938964844,341.95001220703125,333.1575927734375,43307763
2025-05-15,POWERGRID.NS,295.8999938964844,300.3999938964844,291.04998779296875,299.6499938964844,290.1663818359375,22640626
2025-05-15,RELIANCE.NS,1425.0,1461.4000244140625,1412.699951171875,1454.199951171875,1448.4151611328125,20177211
2025-05-15,SBIN.NS,804.4500122070312,809.4500122070312,794.5,807.75,791.8499755859375,17058854
2025-05-15,SUNPHARMA.NS,1701.0999755859375,1744.4000244140625,1684.0999755859375,1740.0999755859375,1723.1971435546875,3880385
2025-05-15,TCS.NS,3564.0,3600.0,3514.10009765625,3579.89990234375,3460.314208984375,3548330
2025-05-15,TECHM.NS,1606.0,1636.4000244140625,1600.199951171875,1629.0999755859375,1583.2900390625,2972408
2025-05-15,TITAN.NS,3597.0,3665.0,3553.89990234375,3636.800048828125,3625.887939453125,1227751
2025-05-15,ULTRACEMCO.NS,11672.0,11932.0,11643.0,11894.0,11819.08203125,371371
2025-05-15,WIPRO.NS,253.1999969482422,257.1000061035156,250.6199951171875,256.57000732421875,245.28799438476562,12083645
2025-05-16,ADANIPORTS.NS,1410.9000244140625,1424.9000244140625,1401.0,1407.4000244140625,1400.5859375,2777119
2025-05-16,ASIANPAINT.NS,2333.89990234375,2355.0,2315.0,2353.60009765625,2328.449951171875,785113
2025-05-16,AXISBANK.NS,1206.0,1213.300048828125,1203.199951171875,1208.800048828125,1207.767822265625,4016269
2025-05-16,BAJFINANCE.NS,918.8499755859375,928.5999755859375,913.3499755859375,916.7000122070312,912.3176879882812,6251920
2025-05-16,BHARTIARTL.NS,1834.0,1834.0,1810.0999755859375,1814.0,1798.9608154296875,100662047
2025-05-16,GRASIM.NS,2845.0,2845.0,2775.10009765625,2804.199951171875,2794.035888671875,700214
2025-05-16,HCLTECH.NS,1691.9000244140625,1693.5,1658.0,1659.9000244140625,1622.2012939453125,2586263
2025-05-16,HDFCBANK.NS,966.9000244140625,971.9000244140625,964.2000122070312,967.3499755859375,954.44873046875,15868010
2025-05-16,HINDUNILVR.NS,2360.0,2387.0,2349.0,2381.39990234375,2338.236328125,1473000
2025-05-16,ICICIBANK.NS,1453.300048828125,1458.699951171875,1447.0,1454.0,1442.86669921875,6439208
2025-05-16,INDUSINDBK.NS,750.0,785.5,750.0,780.2000122070312,780.2000122070312,27168178
2025-05-16,INFY.NS,1612.5999755859375,1612.5999755859375,1581.5,1589.9000244140625,1544.200439453125,4576751
2025-05-16,ITC.NS,434.8999938964844,436.20001220703125,432.1000061035156,435.70001220703125,419.03546142578125,16402035
2025-05-16,JSWSTEEL.NS,1043.4000244140625,1044.5999755859375,1020.2999877929688,1021.7999877929688,1019.0558471679688,1048380
2025-05-16,KOTAKBANK.NS,419.9800109863281,422.9800109863281,418.0199890136719,421.6400146484375,421.1544494628906,10289540
2025-05-16,LT.NS,3642.0,3642.0,3600.0,3604.699951171875,3571.39208984375,1278520
2025-05-16,M&M.NS,3135.0,3149.5,3115.0,3135.60009765625,3110.609375,2269659
2025-05-16,MARUTI.NS,12950.0,13086.0,12912.0,12995.0,12855.8564453125,425275
2025-05-16,NESTLEIND.NS,1207.300048828125,1207.300048828125,1188.3499755859375,1204.4000244140625,1192.9166259765625,1369102
2025-05-16,NTPC.NS,343.0,347.6000061035156,342.0,343.1000061035156,334.27801513671875,6920351
2025-05-16,POWERGRID.NS,300.0,302.20001220703125,295.5,300.20001220703125,290.6990051269531,16763668
2025-05-16,RELIANCE.NS,1453.199951171875,1461.0,1447.300048828125,1456.4000244140625,1450.6064453125,9036695
2025-05-16,SBIN.NS,804.0,804.0,791.0,792.0999755859375,792.0999755859375,14733924
2025-05-16,SUNPHARMA.NS,1740.0,1741.5999755859375,1719.0,1734.9000244140625,1718.0477294921875,1448249
2025-05-16,TCS.NS,3593.89990234375,3593.89990234375,3546.10009765625,3561.300048828125,3442.3359375,1666727
2025-05-16,TECHM.NS,1635.0,1635.9000244140625,1601.300048828125,1617.0,1571.530517578125,1159095
2025-05-16,TITAN.NS,3654.0,3655.89990234375,3613.39990234375,3633.699951171875,3622.79736328125,525064
2025-05-16,ULTRACEMCO.NS,11950.0,11990.0,11857.0,11905.0,11830.0126953125,209706
2025-05-16,WIPRO.NS,257.0,257.0,253.52999877929688,254.30999755859375,243.1273651123047,6640387
2025-05-19,ADANIPORTS.NS,1407.5,1410.5999755859375,1392.0,1398.300048828125,1391.530029296875,1317210
2025-05-19,ASIANPAINT.NS,2353.60009765625,2378.89990234375,2326.60009765625,2331.39990234375,2306.487060546875,552961
2025-05-19,AXISBANK.NS,1208.0,1219.0,1201.0999755859375,1202.800048828125,1201.77294921875,4550022
2025-05-19,BAJFINANCE.NS,916.7000122070312,928.9500122070312,916.7000122070312,925.5499877929688,921.1253662109375,7162740
2025-05-19,BHARTIARTL.NS,1822.0,1828.699951171875,1809.0,1818.300048828125,1803.2252197265625,5799804
2025-05-19,GRASIM.NS,2820.0,2820.10009765625,2721.0,2727.0,2717.11572265625,575525
2025-05-19,HCLTECH.NS,1661.0,1664.0,1638.0999755859375,1649.5999755859375,1612.13525390625,1642018
2025-05-19,HDFCBANK.NS,968.5,972.5,965.5,969.3499755859375,956.4220581054688,10202964
2025-05-19,HINDUNILVR.NS,2375.0,2405.0,2375.0,2382.699951171875,2339.512939453125,936655
2025-05-19,ICICIBANK.NS,1446.5,1459.699951171875,1443.800048828125,1449.0,1437.905029296875,6005334
2025-05-19,INDUSINDBK.NS,779.9000244140625,791.9500122070312,770.2999877929688,784.0499877929688,784.0499877929688,7193105
2025-05-19,INFY.NS,1576.5,1585.0,1555.699951171875,1559.800048828125,1514.9656982421875,8855798
2025-05-19,ITC.NS,435.0,438.5,432.6499938964844,435.3500061035156,418.6988220214844,7543854
2025-05-19,JSWSTEEL.NS,1033.9000244140625,1034.0,1016.7000122070312,1019.5999755859375,1016.8617553710938,1434608
2025-05-19,KOTAKBANK.NS,420.3999938964844,424.79998779296875,420.0799865722656,422.239990234375,421.75372314453125,7528520
2025-05-19,LT.NS,3604.699951171875,3619.89990234375,3587.0,3600.199951171875,3566.93359375,1519244
2025-05-19,M&M.NS,3115.0,3157.0,3103.60009765625,3128.0,3103.06982421875,2011149
2025-05-19,MARUTI.NS,12990.0,13046.0,12930.0,12989.0,12849.919921875,244277
2025-05-19,NESTLEIND.NS,1202.0,1211.050048828125,1198.0999755859375,1203.9000244140625,1192.42138671875,845862
2025-05-19,NTPC.NS,343.1000061035156,347.70001220703125,342.3999938964844,345.1499938964844,336.2752990722656,6218209
2025-05-19,POWERGRID.NS,302.0,304.5,299.0,304.04998779296875,294.4271545410156,12575289
2025-05-19,RELIANCE.NS,1452.0999755859375,1454.5999755859375,1438.199951171875,1440.800048828125,1435.0684814453125,6195791
2025-05-19,SBIN.NS,792.0999755859375,801.4000244140625,792.0999755859375,795.0,795.0,10666184
2025-05-19,SUNPHARMA.NS,1745.0,1765.0,1726.5999755859375,1730.199951171875,1713.3931884765625,2074023
2025-05-19,TCS.NS,3550.0,3550.0,3503.699951171875,3518.800048828125,3401.255615234375,2537377
2025-05-19,TECHM.NS,1617.0,1626.199951171875,1593.0999755859375,1597.800048828125,1552.870361328125,681874
2025-05-19,TITAN.NS,3617.0,3649.5,3611.39990234375,3617.699951171875,3606.84521484375,376760
2025-05-19,ULTRACEMCO.NS,11904.0,11991.0,11880.0,11929.0,11853.8623046875,128237
2025-05-19,WIPRO.NS,254.30999755859375,254.74000549316406,251.27999877929688,251.75,240.67994689941406,6788784
2025-05-20,ADANIPORTS.NS,1399.0,1407.300048828125,1381.4000244140625,1384.5999755859375,1377.896240234375,2970441
2025-05-20,ASIANPAINT.NS,2347.5,2347.699951171875,2291.39990234375,2295.60009765625,2271.069580078125,1095824
2025-05-20,AXISBANK.NS,1208.0,1210.699951171875,1192.9000244140625,1195.800048828125,1194.7789306640625,4724482
2025-05-20,BAJFINANCE.NS,929.7999877929688,931.0,906.9000244140625,907.9000244140625,903.5597534179688,8106160
2025-05-20,BHARTIARTL.NS,1809.800048828125,1824.9000244140625,1799.5,1808.9000244140625,1793.9031982421875,12512596
2025-05-20,GRASIM.NS,2754.0,2754.0,2710.199951171875,2720.800048828125,2710.938232421875,520661
2025-05-20,HCLTECH.NS,1660.800048828125,1666.0,1636.4000244140625,1638.300048828125,1601.0919189453125,2421580
2025-05-20,HDFCBANK.NS,964.0499877929688,967.2999877929688,956.5,957.4500122070312,944.6807861328125,23879090
2025-05-20,HINDUNILVR.NS,2394.60009765625,2394.60009765625,2338.5,2341.10009765625,2298.667236328125,1617408
2025-05-20,ICICIBANK.NS,1450.199951171875,1459.0,1435.5,1438.199951171875,1427.1876220703125,11352383
2025-05-20,INDUSINDBK.NS,785.0,799.7000122070312,780.0499877929688,782.25,782.25,6637953
2025-05-20,INFY.NS,1570.0,1583.5,1558.0,1560.5999755859375,1515.7425537109375,7143998
2025-05-20,ITC.NS,437.0,440.79998779296875,432.8999938964844,434.8999938964844,418.26605224609375,9868414
2025-05-20,JSWSTEEL.NS,1031.0,1034.5,1010.7999877929688,1012.7000122070312,1009.9802856445312,1624336
2025-05-20,KOTAKBANK.NS,422.9599914550781,423.5799865722656,416.94000244140625,418.0199890136719,417.53857421875,19545490
2025-05-20,LT.NS,3630.0,3634.0,3556.0,3567.800048828125,3534.8330078125,1532347
2025-05-20,M&M.NS,3128.199951171875,3135.300048828125,3049.10009765625,3063.5,3039.083740234375,2667772
2025-05-20,MARUTI.NS,13005.0,13010.0,12610.0,12638.0,12502.6787109375,361111
2025-05-20,NESTLEIND.NS,1209.9000244140625,1209.9000244140625,1177.1500244140625,1179.25,1168.00634765625,1555350
2025-05-20,NTPC.NS,346.8999938964844,349.70001220703125,341.54998779296875,342.6000061035156,333.7908935546875,9986143
2025-05-20,POWERGRID.NS,304.3999938964844,305.29998779296875,297.1000061035156,297.8999938964844,288.4717712402344,21339095
2025-05-20,RELIANCE.NS,1438.199951171875,1445.0,1421.800048828125,1424.5999755859375,1418.932861328125,11270560
2025-05-20,SBIN.NS,798.1500244140625,799.4000244140625,783.7999877929688,785.6500244140625,785.6500244140625,11324667
2025-05-20,SUNPHARMA.NS,1743.800048828125,1748.0,1703.300048828125,1707.800048828125,1691.2109375,2706777
2025-05-20,TCS.NS,3531.800048828125,3558.0,3494.0,3498.300048828125,3381.440185546875,2038374
2025-05-20,TECHM.NS,1612.0,1619.5,1573.300048828125,1576.0,1531.683349609375,1869716
2025-05-20,TITAN.NS,3617.699951171875,3620.0,3575.10009765625,3580.60009765625,3569.856689453125,811416
2025-05-20,ULTRACEMCO.NS,11969.0,11980.0,11669.0,11697.0,11623.3232421875,158934
2025-05-20,WIPRO.NS,253.0,254.60000610351562,249.30999755859375,249.7100067138672,238.7296600341797,9366429
2025-05-21,ADANIPORTS.NS,1380.0,1391.0,1370.199951171875,1384.5999755859375,1377.896240234375,1993690
2025-05-21,ASIANPAINT.NS,2296.0,2316.199951171875,2290.0,2312.39990234375,2287.68994140625,469330
2025-05-21,AXISBANK.NS,1197.0999755859375,1204.9000244140625,1182.699951171875,1197.800048828125,1196.7772216796875,3712472
2025-05-21,BAJFINANCE.NS,910.0,928.0,902.8499755859375,919.75,915.3530883789062,7321500
2025-05-21,BHARTIARTL.NS,1813.0,1826.5,1805.300048828125,1822.5,1807.390380859375,6849562
2025-05-21,GRASIM.NS,2717.0,2749.89990234375,2692.199951171875,2706.89990234375,2697.08837890625,304264
2025-05-21,HCLTECH.NS,1645.0,1657.5,1628.4000244140625,1652.0,1614.480712890625,1420835
2025-05-21,HDFCBANK.NS,963.5,973.4500122070312,960.5499877929688,963.4000244140625,950.5514526367188,15132040
2025-05-21,HINDUNILVR.NS,2346.0,2375.699951171875,2345.0,2363.89990234375,2321.053466796875,1570754
2025-05-21,ICICIBANK.NS,1442.9000244140625,1451.300048828125,1438.5,1444.699951171875,1433.637939453125,5510460
2025-05-21,INDUSINDBK.NS,783.0,786.7000122070312,761.0,769.9500122070312,769.9500122070312,8134620
2025-05-21,INFY.NS,1567.9000244140625,1571.0,1552.0999755859375,1568.5,1523.41552734375,4157309
2025-05-21,ITC.NS,436.6000061035156,438.20001220703125,432.0,433.0,416.438720703125,5776672
2025-05-21,JSWSTEEL.NS,1016.0,1018.9000244140625,999.0999755859375,1000.9000244140625,998.2119750976562,875245
2025-05-21,KOTAKBANK.NS,419.0,419.260009765625,412.0,414.260009765625,413.7829284667969,10708700
2025-05-21,LT.NS,3565.699951171875,3610.5,3555.0,3589.0,3555.837158203125,1563885
2025-05-21,M&M.NS,3063.0,3132.0,3048.10009765625,3090.699951171875,3066.06689453125,1395136
2025-05-21,MARUTI.NS,12675.0,12808.0,12594.0,12615.0,12479.9248046875,209104
2025-05-21,NESTLEIND.NS,1179.25,1199.0,1179.25,1196.300048828125,1184.893798828125,1350296
2025-05-21,NTPC.NS,342.54998779296875,347.3999938964844,339.8500061035156,346.1499938964844,337.2496337890625,5930972
2025-05-21,POWERGRID.NS,297.75,302.25,295.6499938964844,296.1499938964844,286.77716064453125,11997632
2025-05-21,RELIANCE.NS,1423.9000244140625,1436.199951171875,1418.0999755859375,1429.199951171875,1423.5145263671875,6136364
2025-05-21,SBIN.NS,787.0,791.0,779.0999755859375,787.0999755859375,787.0999755859375,8206040
2025-05-21,SUNPHARMA.NS,1716.4000244140625,1758.699951171875,1707.800048828125,1731.800048828125,1714.977783203125,2754306
2025-05-21,TCS.NS,3508.0,3537.0,3498.300048828125,3525.800048828125,3408.021728515625,1440153
2025-05-21,TECHM.NS,1577.0,1603.0,1569.4000244140625,1598.199951171875,1553.259033203125,930031
2025-05-21,TITAN.NS,3570.0,3623.10009765625,3567.300048828125,3580.5,3569.7568359375,415016
2025-05-21,ULTRACEMCO.NS,11697.0,11910.0,11634.0,11666.0,11592.5185546875,173017
2025-05-21,WIPRO.NS,249.7100067138672,252.11000061035156,248.10000610351562,250.9199981689453,239.8864288330078,5313593
2025-05-22,ADANIPORTS.NS,1380.0999755859375,1408.0,1358.5999755859375,1371.4000244140625,1364.76025390625,3186493
2025-05-22,ASIANPAINT.NS,2309.199951171875,2310.0,2283.10009765625,2299.199951171875,2274.630859375,916504
2025-05-22,AXISBANK.NS,1196.699951171875,1196.699951171875,1177.5,1188.5,1187.485107421875,4795583
2025-05-22,BAJFINANCE.NS,919.75,919.9000244140625,907.0499877929688,913.9000244140625,909.5310668945312,6159740
2025-05-22,BHARTIARTL.NS,1819.9000244140625,1836.699951171875,1816.300048828125,1831.4000244140625,1816.2166748046875,6496923
2025-05-22,GRASIM.NS,2700.0,2702.300048828125,2648.300048828125,2674.60009765625,2664.90576171875,541069
2025-05-22,HCLTECH.NS,1638.4000244140625,1640.699951171875,1614.0,1633.0,1595.912353515625,2202093
2025-05-22,HDFCBANK.NS,957.5999755859375,962.0999755859375,952.5999755859375,959.9500122070312,947.1474609375,21306670
2025-05-22,HINDUNILVR.NS,2355.0,2363.10009765625,2313.10009765625,2330.699951171875,2288.45556640625,2423653
2025-05-22,ICICIBANK.NS,1441.0999755859375,1445.300048828125,1427.800048828125,1442.0999755859375,1431.057861328125,7245933
2025-05-22,INDUSINDBK.NS,750.0,796.7000122070312,725.7999877929688,785.0,785.0,43477564
2025-05-22,INFY.NS,1555.5,1560.800048828125,1540.0,1547.5,1503.0191650390625,6158990
2025-05-22,ITC.NS,433.0,433.0,422.8999938964844,426.1000061035156,409.8026123046875,19451749
2025-05-22,JSWSTEEL.NS,1002.0,1011.5,987.9000244140625,1005.5999755859375,1002.8993530273438,1283310
2025-05-22,KOTAKBANK.NS,414.79998779296875,415.5199890136719,410.1400146484375,413.1600036621094,412.6842041015625,16446640
2025-05-22,LT.NS,3585.0,3592.0,3536.89990234375,3551.39990234375,3518.58447265625,1597159
2025-05-22,M&M.NS,3076.60009765625,3089.800048828125,2980.5,3006.300048828125,2982.33984375,3870830
2025-05-22,MARUTI.NS,12611.0,12611.0,12395.0,12445.0,12311.7451171875,434848
2025-05-22,NESTLEIND.NS,1192.5,1192.5,1170.0,1180.8499755859375,1169.591064453125,2161612
2025-05-22,NTPC.NS,346.1499938964844,347.0,338.25,341.3999938964844,332.6217346191406,8717514
2025-05-22,POWERGRID.NS,295.8999938964844,296.3500061035156,286.54998779296875,290.8999938964844,281.6933288574219,26158839
2025-05-22,RELIANCE.NS,1421.199951171875,1423.800048828125,1396.9000244140625,1409.4000244140625,1403.79345703125,12134466
2025-05-22,SBIN.NS,788.0,788.2000122070312,780.2999877929688,785.25,785.25,7355826
2025-05-22,SUNPHARMA.NS,1734.199951171875,1740.0,1707.199951171875,1718.699951171875,1702.0048828125,2670554
2025-05-22,TCS.NS,3495.0,3497.800048828125,3451.300048828125,3477.0,3360.8515625,2034383
2025-05-22,TECHM.NS,1589.699951171875,1589.699951171875,1558.0,1565.5999755859375,1521.5758056640625,1789310
2025-05-22,TITAN.NS,3565.0,3575.0,3516.10009765625,3541.0,3530.37548828125,709846
2025-05-22,ULTRACEMCO.NS,11666.0,11700.0,11517.0,11680.0,11606.4306640625,175370
2025-05-22,WIPRO.NS,249.0,249.88999938964844,245.0,245.94000244140625,235.12542724609375,11469037
2025-05-23,ADANIPORTS.NS,1383.0999755859375,1398.5,1375.0,1395.4000244140625,1388.64404296875,1715309
2025-05-23,ASIANPAINT.NS,2301.800048828125,2329.0,2295.0,2315.5,2290.7568359375,458035
2025-05-23,AXISBANK.NS,1188.5,1213.0999755859375,1188.0999755859375,1210.0999755859375,1209.066650390625,3676469
2025-05-23,BAJFINANCE.NS,913.9000244140625,928.6500244140625,911.0999755859375,924.3499755859375,919.9310913085938,4251690
2025-05-23,BHARTIARTL.NS,1825.0,1841.800048828125,1821.5,1831.699951171875,1816.5140380859375,3460945
2025-05-23,GRASIM.NS,2675.0,2746.89990234375,2651.0,2659.39990234375,2649.760498046875,990691
2025-05-23,HCLTECH.NS,1633.0,1670.800048828125,1622.5,1648.199951171875,1610.7669677734375,1459454
2025-05-23,HDFCBANK.NS,960.0499877929688,968.5,957.25,966.7999877929688,953.906005859375,9566072
2025-05-23,HINDUNILVR.NS,2336.89990234375,2364.5,2329.60009765625,2359.199951171875,2316.438720703125,844118
2025-05-23,ICICIBANK.NS,1442.199951171875,1451.800048828125,1434.4000244140625,1449.800048828125,1438.698974609375,5203706
2025-05-23,INDUSINDBK.NS,781.0999755859375,799.2000122070312,777.2999877929688,793.4000244140625,793.4000244140625,9260373
2025-05-23,INFY.NS,1550.0,1587.199951171875,1550.0,1564.800048828125,1519.8218994140625,5038421
2025-05-23,ITC.NS,434.0,439.0,429.0,436.29998779296875,419.61248779296875,18536884
2025-05-23,JSWSTEEL.NS,1011.0,1022.5,1005.0999755859375,1008.5,1005.7915649414062,1568154
2025-05-23,KOTAKBANK.NS,413.1600036621094,421.8599853515625,413.1600036621094,420.1600036621094,419.6761474609375,8254765
2025-05-23,LT.NS,3570.0,3631.60009765625,3551.199951171875,3599.89990234375,3566.63623046875,1119217
2025-05-23,M&M.NS,3020.0,3030.800048828125,2984.199951171875,3012.699951171875,2988.688720703125,1828093
2025-05-23,MARUTI.NS,12450.0,12495.0,12423.0,12453.0,12319.6591796875,169465
2025-05-23,NESTLEIND.NS,1178.0,1212.0,1176.050048828125,1207.199951171875,1195.6898193359375,1154460
2025-05-23,NTPC.NS,342.0,344.95001220703125,340.1499938964844,344.6000061035156,335.73944091796875,4045937
2025-05-23,POWERGRID.NS,292.0,298.75,291.75,298.1000061035156,288.66546630859375,9872024
2025-05-23,RELIANCE.NS,1406.5999755859375,1433.800048828125,1406.5999755859375,1426.800048828125,1421.124267578125,6474883
2025-05-23,SBIN.NS,787.9000244140625,794.9500122070312,786.2000122070312,790.5,790.5,5534158
2025-05-23,SUNPHARMA.NS,1658.0,1689.5,1636.5999755859375,1683.5999755859375,1667.245849609375,8339783
2025-05-23,TCS.NS,3477.0,3535.0,3465.60009765625,3514.60009765625,3397.19580078125,1274331
2025-05-23,TECHM.NS,1575.0,1604.0,1567.800048828125,1580.300048828125,1535.8624267578125,1159290
2025-05-23,TITAN.NS,3531.0,3606.300048828125,3523.0,3579.699951171875,3568.959228515625,416717
2025-05-23,ULTRACEMCO.NS,11727.0,11875.0,11661.0,11746.0,11672.0146484375,181463
2025-05-23,WIPRO.NS,246.10000610351562,250.49000549316406,245.60000610351562,247.36000061035156,236.4829864501953,7437642
2025-05-26,ADANIPORTS.NS,1395.800048828125,1410.5999755859375,1394.800048828125,1400.199951171875,1393.420654296875,1024835
2025-05-26,ASIANPAINT.NS,2316.0,2338.0,2302.800048828125,2327.199951171875,2302.331787109375,1258062
2025-05-26,AXISBANK.NS,1216.199951171875,1224.199951171875,1208.699951171875,1215.199951171875,1214.162353515625,3607612
2025-05-26,BAJFINANCE.NS,925.5,933.6500244140625,925.0,926.9500122070312,922.5186767578125,5476790
2025-05-26,BHARTIARTL.NS,1834.0,1850.0,1830.9000244140625,1847.4000244140625,1832.083984375,3254715
2025-05-26,GRASIM.NS,2672.5,2696.60009765625,2640.10009765625,2656.39990234375,2646.771484375,435977
2025-05-26,HCLTECH.NS,1652.4000244140625,1675.800048828125,1645.5999755859375,1673.5999755859375,1635.5902099609375,1078813
2025-05-26,HDFCBANK.NS,967.5,974.9500122070312,963.4500122070312,970.0999755859375,957.1620483398438,10802860
2025-05-26,HINDUNILVR.NS,2368.0,2397.300048828125,2364.10009765625,2394.10009765625,2350.706298828125,892618
2025-05-26,ICICIBANK.NS,1458.0,1471.5999755859375,1455.0,1460.5999755859375,1449.4161376953125,5608725
2025-05-26,INDUSINDBK.NS,793.3499755859375,802.0,790.75,800.0999755859375,800.0999755859375,5381797
2025-05-26,INFY.NS,1566.5999755859375,1583.800048828125,1562.699951171875,1580.5,1535.070556640625,3170102
2025-05-26,ITC.NS,438.25,443.54998779296875,436.75,442.8999938964844,425.9600524902344,13107662
2025-05-26,JSWSTEEL.NS,1009.2000122070312,1036.0,979.5,1032.300048828125,1029.5277099609375,4716572
2025-05-26,KOTAKBANK.NS,418.0199890136719,422.3999938964844,417.0199890136719,417.8599853515625,417.3787536621094,10201425
2025-05-26,LT.NS,3615.800048828125,3672.5,3608.39990234375,3648.699951171875,3614.9853515625,1678934
2025-05-26,M&M.NS,3038.0,3101.0,3027.699951171875,3080.199951171875,3055.650634765625,2164190
2025-05-26,MARUTI.NS,12455.0,12539.0,12391.0,12421.0,12288.001953125,214703
2025-05-26,NESTLEIND.NS,1207.199951171875,1232.449951171875,1202.699951171875,1227.0,1215.3011474609375,1248708
2025-05-26,NTPC.NS,351.0,351.20001220703125,342.54998779296875,343.5,334.6677551269531,16655082
2025-05-26,POWERGRID.NS,300.04998779296875,303.79998779296875,295.75,296.70001220703125,287.30975341796875,16469130
2025-05-26,RELIANCE.NS,1432.0,1441.0,1425.0999755859375,1434.800048828125,1429.0924072265625,4842944
2025-05-26,SBIN.NS,792.0,797.5499877929688,789.2000122070312,794.4000244140625,794.4000244140625,4965466
2025-05-26,SUNPHARMA.NS,1693.0999755859375,1702.4000244140625,1667.0,1676.0999755859375,1659.8187255859375,2282131
2025-05-26,TCS.NS,3521.0,3545.0,3510.10009765625,3537.300048828125,3419.137451171875,967470
2025-05-26,TECHM.NS,1583.0,1604.4000244140625,1583.0,1601.4000244140625,1556.369140625,711029
2025-05-26,TITAN.NS,3576.0,3640.0,3570.39990234375,3610.300048828125,3599.467529296875,525514
2025-05-26,ULTRACEMCO.NS,11800.0,11884.0,11645.0,11689.0,11615.3740234375,198003
2025-05-26,WIPRO.NS,248.49000549316406,250.85000610351562,248.1999969482422,250.24000549316406,239.23634338378906,3690751
2025-05-27,ADANIPORTS.NS,1397.0,1419.0,1385.4000244140625,1404.199951171875,1397.4013671875,2571237
2025-05-27,ASIANPAINT.NS,2313.10009765625,2351.60009765625,2301.10009765625,2327.60009765625,2302.727783203125,2485428
2025-05-27,AXISBANK.NS,1215.199951171875,1216.699951171875,1190.4000244140625,1195.5999755859375,1194.5791015625,7249163
2025-05-27,BAJFINANCE.NS,927.0,929.0,914.2999877929688,917.0999755859375,912.7157592773438,7150000
2025-05-27,BHARTIARTL.NS,1844.0,1857.5999755859375,1833.699951171875,1843.800048828125,1828.513916015625,5847725
2025-05-27,GRASIM.NS,2656.0,2658.39990234375,2595.0,2614.199951171875,2604.724365234375,874537
2025-05-27,HCLTECH.NS,1673.800048828125,1675.5,1641.5,1652.0999755859375,1614.578369140625,2740015
2025-05-27,HDFCBANK.NS,965.7999877929688,974.0,958.1500244140625,963.1500244140625,950.3048095703125,26162148
2025-05-27,HINDUNILVR.NS,2394.10009765625,2409.5,2360.300048828125,2380.199951171875,2337.058349609375,1865258
2025-05-27,ICICIBANK.NS,1452.5,1463.0,1435.699951171875,1446.4000244140625,1435.324951171875,14842959
2025-05-27,INDUSINDBK.NS,798.5999755859375,827.5999755859375,798.0,820.7000122070312,820.7000122070312,10346628
2025-05-27,INFY.NS,1579.9000244140625,1582.9000244140625,1556.4000244140625,1570.0999755859375,1524.969482421875,7775714
2025-05-27,ITC.NS,442.8999938964844,444.20001220703125,430.8500061035156,433.8999938964844,417.30426025390625,26986022
2025-05-27,JSWSTEEL.NS,1032.0,1033.0999755859375,1009.0,1013.7000122070312,1010.9776000976562,1158374
2025-05-27,KOTAKBANK.NS,418.0,419.79998779296875,412.239990234375,415.4800109863281,415.00152587890625,17299700
2025-05-27,LT.NS,3648.699951171875,3665.0,3603.0,3640.0,3606.365966796875,2013954
2025-05-27,M&M.NS,3080.199951171875,3085.0,3014.60009765625,3039.800048828125,3015.57275390625,2599143
2025-05-27,MARUTI.NS,12421.0,12479.0,12290.0,12414.0,12281.0771484375,344679
2025-05-27,NESTLEIND.NS,1225.050048828125,1241.0,1216.0999755859375,1230.449951171875,1218.7181396484375,1584098
2025-05-27,NTPC.NS,344.0,344.5,336.79998779296875,338.54998779296875,329.8450012207031,24937330
2025-05-27,POWERGRID.NS,297.0,297.6000061035156,292.20001220703125,294.54998779296875,285.2278137207031,17074710
2025-05-27,RELIANCE.NS,1426.0999755859375,1437.0,1413.9000244140625,1422.0999755859375,1416.44287109375,12640414
2025-05-27,SBIN.NS,794.4000244140625,801.3499755859375,790.0499877929688,793.7000122070312,793.7000122070312,11995043
2025-05-27,SUNPHARMA.NS,1676.0999755859375,1692.0,1661.0999755859375,1683.4000244140625,1667.0478515625,2800622
2025-05-27,TCS.NS,3532.0,3540.0,3483.10009765625,3498.699951171875,3381.826904296875,2467680
2025-05-27,TECHM.NS,1601.4000244140625,1604.300048828125,1578.5,1592.4000244140625,1547.6221923828125,1394001
2025-05-27,TITAN.NS,3615.0,3639.0,3562.199951171875,3589.39990234375,3578.630126953125,1019733
2025-05-27,ULTRACEMCO.NS,11676.0,11722.0,11375.0,11421.0,11349.0615234375,478345
2025-05-27,WIPRO.NS,250.99000549316406,250.99000549316406,247.99000549316406,248.25,237.33384704589844,6861143
2025-05-28,ADANIPORTS.NS,1405.0,1427.800048828125,1403.0,1411.0,1404.16845703125,2035398
2025-05-28,ASIANPAINT.NS,2327.60009765625,2333.0,2300.300048828125,2303.199951171875,2278.58837890625,774808
2025-05-28,AXISBANK.NS,1195.5999755859375,1202.199951171875,1191.699951171875,1194.699951171875,1193.6798095703125,3525421
2025-05-28,BAJFINANCE.NS,924.5,929.4500122070312,914.0999755859375,926.75,922.3196411132812,6507400
2025-05-28,BHARTIARTL.NS,1848.0,1867.0,1845.0999755859375,1856.0999755859375,1840.7117919921875,3713699
2025-05-28,GRASIM.NS,2620.800048828125,2620.800048828125,2570.10009765625,2577.60009765625,2568.25732421875,849149
2025-05-28,HCLTECH.NS,1664.0,1666.800048828125,1647.0,1657.300048828125,1619.6605224609375,1775441
2025-05-28,HDFCBANK.NS,960.0999755859375,967.25,958.8499755859375,961.75,948.9234619140625,18157594
2025-05-28,HINDUNILVR.NS,2388.0,2388.0,2352.0,2362.0,2319.188232421875,897517
2025-05-28,ICICIBANK.NS,1447.5999755859375,1458.0,1442.5,1453.800048828125,1442.6683349609375,8618343
2025-05-28,INDUSINDBK.NS,820.5,820.7000122070312,802.9000244140625,805.1500244140625,805.1500244140625,5308859
2025-05-28,INFY.NS,1581.0,1587.699951171875,1570.0,1571.800048828125,1526.6207275390625,3623370
2025-05-28,ITC.NS,417.70001220703125,422.6000061035156,413.0,420.20001220703125,411.57440185546875,431851622
2025-05-28,JSWSTEEL.NS,1014.9000244140625,1017.9000244140625,998.5,1001.0,998.3117065429688,1790498
2025-05-28,KOTAKBANK.NS,415.0,416.0799865722656,412.67999267578125,414.8599853515625,414.3822326660156,8173180
2025-05-28,LT.NS,3660.0,3663.0,3620.0,3646.300048828125,3612.607666015625,1293244
2025-05-28,M&M.NS,3039.699951171875,3044.800048828125,2993.0,2997.800048828125,2973.907470703125,1491995
2025-05-28,MARUTI.NS,12414.0,12415.0,12305.0,12331.0,12198.9658203125,178181
2025-05-28,NESTLEIND.NS,1226.050048828125,1228.3499755859375,1208.0,1209.5,1197.9678955078125,1447242
2025-05-28,NTPC.NS,338.6000061035156,340.70001220703125,337.1000061035156,340.04998779296875,331.3064270019531,10985957
2025-05-28,POWERGRID.NS,294.54998779296875,295.6499938964844,290.5,291.1499938964844,281.9353942871094,10099453
2025-05-28,RELIANCE.NS,1420.0999755859375,1422.5999755859375,1410.699951171875,1412.9000244140625,1407.279541015625,5944611
2025-05-28,SBIN.NS,794.5,798.9000244140625,792.6500244140625,796.5499877929688,796.5499877929688,6873519
2025-05-28,SUNPHARMA.NS,1683.4000244140625,1686.9000244140625,1663.0,1666.4000244140625,1650.2130126953125,2657712
2025-05-28,TCS.NS,3520.0,3529.0,3493.0,3497.699951171875,3380.8603515625,1222933
2025-05-28,TECHM.NS,1600.800048828125,1602.0,1578.0999755859375,1580.300048828125,1535.8624267578125,820958
2025-05-28,TITAN.NS,3595.0,3601.60009765625,3545.0,3574.699951171875,3563.974365234375,449324
2025-05-28,ULTRACEMCO.NS,11455.0,11470.0,11200.0,11238.0,11167.2138671875,201200
2025-05-28,WIPRO.NS,249.58999633789062,250.13999938964844,246.9600067138672,247.42999267578125,236.54989624023438,6205160
2025-05-29,ADANIPORTS.NS,1421.0,1441.0,1410.5,1438.5999755859375,1431.634765625,1662886
2025-05-29,ASIANPAINT.NS,2303.199951171875,2309.0,2286.5,2294.300048828125,2269.783447265625,1414643
2025-05-29,AXISBANK.NS,1200.0,1209.0,1189.0,1201.699951171875,1200.673828125,7788068
2025-05-29,BAJFINANCE.NS,925.0,927.9500122070312,916.0,920.4000244140625,916.0,7081750
2025-05-29,BHARTIARTL.NS,1858.0,1867.0,1850.5,1863.5999755859375,1848.149658203125,5786774
2025-05-29,GRASIM.NS,2577.60009765625,2593.89990234375,2552.199951171875,2573.60009765625,2564.271728515625,616258
2025-05-29,HCLTECH.NS,1670.0,1675.5,1655.5999755859375,1664.699951171875,1626.892333984375,2374051
2025-05-29,HDFCBANK.NS,964.0,970.4000244140625,953.6500244140625,963.75,950.896728515625,28917794
2025-05-29,HINDUNILVR.NS,2369.0,2376.0,2355.5,2366.699951171875,2323.802978515625,1111275
2025-05-29,ICICIBANK.NS,1456.5999755859375,1462.9000244140625,1445.0,1456.5,1445.3475341796875,15545514
2025-05-29,INDUSINDBK.NS,805.1500244140625,827.0,803.0499877929688,824.1500244140625,824.1500244140625,8791159
2025-05-29,INFY.NS,1589.0,1608.9000244140625,1576.5999755859375,1585.5999755859375,1540.02392578125,8609500
2025-05-29,ITC.NS,422.0,422.79998779296875,416.6000061035156,418.75,410.1541442871094,21478547
2025-05-29,JSWSTEEL.NS,1020.4000244140625,1023.7000122070312,998.2000122070312,1006.2000122070312,1003.4977416992188,3282246
2025-05-29,KOTAKBANK.NS,415.4599914550781,419.20001220703125,411.0,416.32000732421875,415.840576171875,24936910
2025-05-29,LT.NS,3663.89990234375,3668.89990234375,3618.0,3655.300048828125,3621.5244140625,1972248
2025-05-29,M&M.NS,2999.0,3028.89990234375,2987.199951171875,3009.0,2985.01806640625,2093429
2025-05-29,MARUTI.NS,12340.0,12428.0,12266.0,12392.0,12259.3125,191097
2025-05-29,NESTLEIND.NS,1210.699951171875,1219.9000244140625,1203.25,1217.5,1205.8917236328125,1862596
2025-05-29,NTPC.NS,341.0,342.25,338.04998779296875,339.3500061035156,330.6244201660156,15884093
2025-05-29,POWERGRID.NS,291.3500061035156,293.8999938964844,291.3500061035156,293.1000061035156,283.8236999511719,9773818
2025-05-29,RELIANCE.NS,1412.0999755859375,1420.0,1408.5999755859375,1417.800048828125,1412.1600341796875,13771917
2025-05-29,SBIN.NS,799.0,800.4000244140625,791.3499755859375,797.3499755859375,797.3499755859375,14034127
2025-05-29,SUNPHARMA.NS,1675.0,1703.300048828125,1670.4000244140625,1699.800048828125,1683.28857421875,2377583
2025-05-29,TCS.NS,3504.699951171875,3532.5,3486.5,3498.10009765625,3381.2470703125,3188072
2025-05-29,TECHM.NS,1592.0999755859375,1604.9000244140625,1584.5,1600.0,1555.008544921875,1799251
2025-05-29,TITAN.NS,3580.0,3600.0,3560.10009765625,3588.300048828125,3577.53369140625,513095
2025-05-29,ULTRACEMCO.NS,11249.0,11337.0,11151.0,11269.0,11198.01953125,350206
2025-05-29,WIPRO.NS,249.64999389648438,251.74000549316406,248.10000610351562,250.13999938964844,239.14073181152344,11785042
2025-05-30,ADANIPORTS.NS,1442.0,1457.5,1428.800048828125,1432.800048828125,1425.8629150390625,2575127
2025-05-30,ASIANPAINT.NS,2296.5,2304.0,2255.0,2259.10009765625,2234.959716796875,3610431
2025-05-30,AXISBANK.NS,1201.4000244140625,1208.800048828125,1189.5999755859375,1192.199951171875,1191.181884765625,9998488
2025-05-30,BAJFINANCE.NS,917.0,920.3499755859375,912.0999755859375,918.0499877929688,918.0499877929688,15041740
2025-05-30,BHARTIARTL.NS,1854.0,1867.0,1843.0,1856.199951171875,1840.8109130859375,16712960
2025-05-30,GRASIM.NS,2575.0,2604.89990234375,2536.0,2545.800048828125,2536.572509765625,1203864
2025-05-30,HCLTECH.NS,1664.699951171875,1664.699951171875,1627.300048828125,1636.5999755859375,1599.4305419921875,4408910
2025-05-30,HDFCBANK.NS,965.9500122070312,974.4000244140625,962.7000122070312,972.4500122070312,959.4807739257812,28748078
2025-05-30,HINDUNILVR.NS,2360.0,2374.89990234375,2343.5,2348.300048828125,2305.736572265625,3288892
2025-05-30,ICICIBANK.NS,1459.9000244140625,1460.9000244140625,1444.300048828125,1445.800048828125,1434.7296142578125,11803975
2025-05-30,INDUSINDBK.NS,821.0999755859375,823.8499755859375,811.0,816.9500122070312,816.9500122070312,5630146
2025-05-30,INFY.NS,1571.0,1572.0,1555.0999755859375,1562.699951171875,1539.1375732421875,13148092
2025-05-30,ITC.NS,419.1000061035156,420.04998779296875,416.3999938964844,418.04998779296875,409.468505859375,30656239
2025-05-30,JSWSTEEL.NS,1003.0,1012.5,990.5,993.5,990.8318481445312,1710817
2025-05-30,KOTAKBANK.NS,416.32000732421875,418.0400085449219,413.1000061035156,414.94000244140625,414.462158203125,49038640
2025-05-30,LT.NS,3655.300048828125,3695.300048828125,3654.5,3675.10009765625,3641.1416015625,2571304
2025-05-30,M&M.NS,3005.0,3017.39990234375,2957.0,2976.800048828125,2953.074951171875,3700191
2025-05-30,MARUTI.NS,12392.0,12490.0,12251.0,12319.0,12187.0947265625,351353
2025-05-30,NESTLEIND.NS,1217.5,1228.5,1195.25,1198.0999755859375,1186.6766357421875,2134920
2025-05-30,NTPC.NS,337.5,340.75,332.8500061035156,333.8999938964844,325.3145751953125,19143010
2025-05-30,POWERGRID.NS,292.0,294.6499938964844,288.25,289.75,280.5797424316406,21788566
2025-05-30,RELIANCE.NS,1418.0,1430.5999755859375,1409.699951171875,1420.9000244140625,1415.2476806640625,13788484
2025-05-30,SBIN.NS,798.0,814.5,792.5999755859375,812.2999877929688,812.2999877929688,22037314
2025-05-30,SUNPHARMA.NS,1702.0,1713.5999755859375,1669.0999755859375,1677.5999755859375,1661.30419921875,3640641
2025-05-30,TCS.NS,3490.0,3506.699951171875,3453.10009765625,3463.39990234375,3347.7060546875,3404365
2025-05-30,TECHM.NS,1595.0,1595.0,1568.0,1573.9000244140625,1529.642333984375,2780942
2025-05-30,TITAN.NS,3580.0,3605.0,3542.10009765625,3555.0,3544.33349609375,962944
2025-05-30,ULTRACEMCO.NS,11265.0,11310.0,11170.0,11210.0,11139.390625,394181
2025-05-30,WIPRO.NS,250.0,251.11000061035156,248.52000427246094,249.6699981689453,238.69139099121094,13858429
2025-06-02,ADANIPORTS.NS,1432.800048828125,1482.0,1425.300048828125,1468.0,1460.8924560546875,3164701
2025-06-02,ASIANPAINT.NS,2259.10009765625,2272.300048828125,2257.89990234375,2266.699951171875,2242.478515625,702789
2025-06-02,AXISBANK.NS,1189.800048828125,1200.9000244140625,1179.199951171875,1194.4000244140625,1193.380126953125,3761853
2025-06-02,BAJFINANCE.NS,913.0,916.5,904.0,911.8499755859375,911.8499755859375,6619630
2025-06-02,BHARTIARTL.NS,1844.0,1859.0,1831.5,1854.0999755859375,1838.7283935546875,3199499
2025-06-02,GRASIM.NS,2546.0,2549.60009765625,2511.0,2524.10009765625,2514.951171875,1209305
2025-06-02,HCLTECH.NS,1625.0999755859375,1635.199951171875,1605.699951171875,1631.5,1594.4464111328125,1883100
2025-06-02,HDFCBANK.NS,965.0499877929688,968.0,954.0,966.0499877929688,953.1660766601562,14668822
2025-06-02,HINDUNILVR.NS,2347.89990234375,2384.0,2343.60009765625,2371.60009765625,2328.6142578125,1178205
2025-06-02,ICICIBANK.NS,1442.0,1460.0,1432.800048828125,1450.5,1439.3935546875,9458990
2025-06-02,INDUSINDBK.NS,815.0,824.7999877929688,809.5499877929688,812.7000122070312,812.7000122070312,4094000
2025-06-02,INFY.NS,1560.0,1560.0,1539.0,1553.800048828125,1530.371826171875,4374509
2025-06-02,ITC.NS,418.29998779296875,420.45001220703125,414.54998779296875,419.29998779296875,410.6928405761719,14973380
2025-06-02,JSWSTEEL.NS,987.0,987.0,969.25,978.7999877929688,976.1713256835938,1790184
2025-06-02,KOTAKBANK.NS,413.3999938964844,415.1600036621094,410.239990234375,412.7200012207031,412.24468994140625,13505700
2025-06-02,LT.NS,3675.10009765625,3697.300048828125,3605.60009765625,3679.60009765625,3645.60009765625,1954517
2025-06-02,M&M.NS,2976.800048828125,3038.5,2962.300048828125,3025.89990234375,3001.783447265625,2967741
2025-06-02,MARUTI.NS,12161.0,12319.0,12132.0,12290.0,12158.4052734375,264972
2025-06-02,NESTLEIND.NS,1200.0,1207.9000244140625,1195.5,1203.1500244140625,1191.678466796875,2052718
2025-06-02,NTPC.NS,333.8999938964844,334.79998779296875,330.29998779296875,332.54998779296875,323.999267578125,29479727
2025-06-02,POWERGRID.NS,290.29998779296875,293.6499938964844,288.3999938964844,293.04998779296875,283.7752685546875,7255782
2025-06-02,RELIANCE.NS,1412.0999755859375,1417.5,1395.5999755859375,1413.699951171875,1408.0762939453125,8098668
2025-06-02,SBIN.NS,812.8499755859375,822.5499877929688,809.2000122070312,813.6500244140625,813.6500244140625,26891575
2025-06-02,SUNPHARMA.NS,1679.0,1683.5,1660.5,1674.5999755859375,1658.333251953125,1819538
2025-06-02,TCS.NS,3450.0,3460.0,3418.60009765625,3449.800048828125,3334.560546875,1877585
2025-06-02,TECHM.NS,1565.0,1569.0,1542.0999755859375,1549.0999755859375,1505.5396728515625,2120693
2025-06-02,TITAN.NS,3525.10009765625,3542.0,3475.89990234375,3525.5,3514.921875,726392
2025-06-02,ULTRACEMCO.NS,11180.0,11219.0,11019.0,11195.0,11124.4853515625,314936
2025-06-02,WIPRO.NS,247.60000610351562,248.4199981689453,246.1999969482422,247.67999267578125,236.7888946533203,5846259
2025-06-03,ADANIPORTS.NS,1470.0,1472.0,1426.699951171875,1432.300048828125,1425.3653564453125,3677200
2025-06-03,ASIANPAINT.NS,2272.60009765625,2287.300048828125,2246.699951171875,2255.699951171875,2231.595947265625,792587
2025-06-03,AXISBANK.NS,1195.0,1198.9000244140625,1174.9000244140625,1181.5,1180.4910888671875,8155665
2025-06-03,BAJFINANCE.NS,910.5999755859375,912.7999877929688,897.0,897.9000244140625,897.9000244140625,9080270
2025-06-03,BHARTIARTL.NS,1867.0,1869.5,1832.0,1841.300048828125,1826.0345458984375,5596977
2025-06-03,GRASIM.NS,2543.0,2563.0,2512.10009765625,2552.39990234375,2543.1484375,1493898
2025-06-03,HCLTECH.NS,1646.9000244140625,1651.699951171875,1617.0,1630.4000244140625,1593.371337890625,2380133
2025-06-03,HDFCBANK.NS,969.0,976.0,960.0,962.2999877929688,949.466064453125,24377584
2025-06-03,HINDUNILVR.NS,2365.10009765625,2379.5,2342.60009765625,2352.300048828125,2309.6640625,1643913
2025-06-03,ICICIBANK.NS,1454.9000244140625,1455.0,1432.0,1437.9000244140625,1426.8900146484375,11167345
2025-06-03,INDUSINDBK.NS,818.4500122070312,818.4500122070312,798.1500244140625,800.8499755859375,800.8499755859375,3241313
2025-06-03,INFY.NS,1559.0,1567.300048828125,1535.5999755859375,1543.0,1519.734619140625,6853403
2025-06-03,ITC.NS,419.0,421.70001220703125,415.6499938964844,416.95001220703125,408.39111328125,13216486
2025-06-03,JSWSTEEL.NS,980.0499877929688,987.3499755859375,972.0499877929688,973.7999877929688,971.1847534179688,1138571
2025-06-03,KOTAKBANK.NS,414.0,415.1600036621094,406.8399963378906,408.8999938964844,408.4291076660156,32319090
2025-06-03,LT.NS,3655.0,3669.199951171875,3615.300048828125,3644.800048828125,3644.800048828125,2472483
2025-06-03,M&M.NS,3042.0,3064.800048828125,3027.0,3046.5,3022.21923828125,3204094
2025-06-03,MARUTI.NS,12273.0,12350.0,12060.0,12128.0,11998.1396484375,369114
2025-06-03,NESTLEIND.NS,1207.8499755859375,1213.199951171875,1191.0,1195.699951171875,1184.299560546875,1468888
2025-06-03,NTPC.NS,333.0,334.75,327.0,328.25,319.80987548828125,14081719
2025-06-03,POWERGRID.NS,292.5,295.3999938964844,287.75,288.25,279.1271667480469,10989055
2025-06-03,RELIANCE.NS,1422.300048828125,1426.5,1403.4000244140625,1405.5,1399.908935546875,11252626
2025-06-03,SBIN.NS,816.2000122070312,818.4000244140625,805.1500244140625,809.7999877929688,809.7999877929688,14247597
2025-06-03,SUNPHARMA.NS,1695.0,1695.0,1657.5999755859375,1667.5,1651.30224609375,2556920
2025-06-03,TCS.NS,3446.0,3473.5,3400.5,3405.199951171875,3291.4501953125,2848125
2025-06-03,TECHM.NS,1555.9000244140625,1564.9000244140625,1533.9000244140625,1543.800048828125,1500.3887939453125,2316285
2025-06-03,TITAN.NS,3525.5,3580.0,3503.5,3519.800048828125,3509.239013671875,676943
2025-06-03,ULTRACEMCO.NS,11280.0,11292.0,11000.0,11035.0,10965.4931640625,349615
2025-06-03,WIPRO.NS,248.0,249.5,245.72999572753906,246.22000122070312,235.3931121826172,8573438
2025-06-04,ADANIPORTS.NS,1432.300048828125,1441.0999755859375,1423.0999755859375,1436.199951171875,1429.2464599609375,1446972
2025-06-04,ASIANPAINT.NS,2249.5,2261.0,2240.89990234375,2249.0,2224.967529296875,768079
2025-06-04,AXISBANK.NS,1181.800048828125,1191.300048828125,1168.5999755859375,1171.0,1170.0001220703125,4306355
2025-06-04,BAJFINANCE.NS,897.5,903.9500122070312,896.4500122070312,898.7000122070312,898.7000122070312,5544930
2025-06-04,BHARTIARTL.NS,1855.0,1884.5999755859375,1850.0,1875.4000244140625,1859.851806640625,5892170
2025-06-04,GRASIM.NS,2556.300048828125,2573.10009765625,2541.800048828125,2549.699951171875,2540.458251953125,529006
2025-06-04,HCLTECH.NS,1631.0,1644.5999755859375,1622.199951171875,1626.0999755859375,1589.1689453125,1659720
2025-06-04,HDFCBANK.NS,960.5,971.6500244140625,960.4500122070312,970.5999755859375,957.6553955078125,12961542
2025-06-04,HINDUNILVR.NS,2359.5,2367.60009765625,2342.10009765625,2364.5,2321.642822265625,3287896
2025-06-04,ICICIBANK.NS,1437.4000244140625,1440.0999755859375,1426.4000244140625,1431.0,1420.0428466796875,8025388
2025-06-04,INDUSINDBK.NS,807.7999877929688,815.4500122070312,803.0,814.3499755859375,814.3499755859375,3877545
2025-06-04,INFY.NS,1543.0,1557.300048828125,1541.4000244140625,1551.199951171875,1527.8109130859375,4548307
2025-06-04,ITC.NS,417.1499938964844,419.0,415.95001220703125,417.0,408.4400634765625,12598933
2025-06-04,JSWSTEEL.NS,973.0,979.5,962.1500244140625,968.5499877929688,965.9488525390625,2398032
2025-06-04,KOTAKBANK.NS,409.4200134277344,411.70001220703125,408.1600036621094,409.260009765625,408.7886962890625,11655570
2025-06-04,LT.NS,3645.0,3661.699951171875,3615.300048828125,3626.5,3626.5,1086783
2025-06-04,M&M.NS,3045.10009765625,3087.0,3040.10009765625,3053.39990234375,3029.064208984375,1584653
2025-06-04,MARUTI.NS,12128.0,12245.0,12128.0,12163.0,12032.7646484375,205846
2025-06-04,NESTLEIND.NS,1194.199951171875,1201.9000244140625,1192.449951171875,1198.75,1187.3203125,1174082
2025-06-04,NTPC.NS,329.0,329.95001220703125,324.8500061035156,329.25,320.7841796875,15654279
2025-06-04,POWERGRID.NS,288.25,289.79998779296875,287.04998779296875,288.54998779296875,279.4176940917969,8580196
2025-06-04,RELIANCE.NS,1414.699951171875,1425.699951171875,1406.0999755859375,1423.5,1417.8372802734375,8126827
2025-06-04,SBIN.NS,817.0,817.0,805.25,806.5,806.5,9607927
2025-06-04,SUNPHARMA.NS,1656.0,1669.0,1649.0,1664.9000244140625,1648.7275390625,1700482
2025-06-04,TCS.NS,3389.0,3394.800048828125,3370.0,3380.89990234375,3297.0087890625,2544807
2025-06-04,TECHM.NS,1544.800048828125,1566.5999755859375,1544.0,1556.699951171875,1512.926025390625,1439090
2025-06-04,TITAN.NS,3506.10009765625,3519.800048828125,3486.0,3499.800048828125,3489.299072265625,410354
2025-06-04,ULTRACEMCO.NS,11040.0,11055.0,10920.0,11033.0,10963.505859375,345047
2025-06-04,WIPRO.NS,246.50999450683594,249.80999755859375,246.50999450683594,246.86000061035156,236.00497436523438,6698150
2025-06-05,ADANIPORTS.NS,1443.800048828125,1467.699951171875,1438.0,1456.699951171875,1449.6470947265625,2019939
2025-06-05,ASIANPAINT.NS,2251.10009765625,2261.0,2233.0,2243.5,2219.5263671875,996614
2025-06-05,AXISBANK.NS,1172.5,1175.5,1157.0,1159.0,1158.0103759765625,10481600
2025-06-05,BAJFINANCE.NS,898.7000122070312,898.7000122070312,886.9500122070312,893.4000244140625,893.4000244140625,7853320
2025-06-05,BHARTIARTL.NS,1884.0,1889.0,1868.5999755859375,1878.800048828125,1863.2236328125,8999675
2025-06-05,GRASIM.NS,2555.10009765625,2599.0,2538.89990234375,2554.39990234375,2545.14111328125,950620
2025-06-05,HCLTECH.NS,1634.9000244140625,1653.9000244140625,1624.5999755859375,1632.4000244140625,1595.325927734375,1409322
2025-06-05,HDFCBANK.NS,974.0,979.4500122070312,970.0999755859375,974.7999877929688,961.7993774414062,22255418
2025-06-05,HINDUNILVR.NS,2364.5,2380.0,2348.89990234375,2376.39990234375,2333.3271484375,1787978
2025-06-05,ICICIBANK.NS,1430.9000244140625,1459.0,1427.300048828125,1454.800048828125,1443.66064453125,11385668
2025-06-05,INDUSINDBK.NS,817.0,818.5,800.2999877929688,803.2000122070312,803.2000122070312,3366237
2025-06-05,INFY.NS,1547.9000244140625,1567.699951171875,1541.5999755859375,1554.300048828125,1530.8642578125,6948539
2025-06-05,ITC.NS,418.5,420.95001220703125,415.75,419.1000061035156,410.4969482421875,13212523
2025-06-05,JSWSTEEL.NS,972.7999877929688,976.9000244140625,964.6500244140625,968.75,966.1483154296875,2182562
2025-06-05,KOTAKBANK.NS,410.9599914550781,411.2799987792969,406.8399963378906,407.9800109863281,407.5101623535156,18626660
2025-06-05,LT.NS,3629.89990234375,3677.39990234375,3612.0,3642.60009765625,3642.60009765625,1466416
2025-06-05,M&M.NS,3078.0,3095.0,2994.800048828125,3041.60009765625,3017.3583984375,3504632
2025-06-05,MARUTI.NS,12200.0,12257.0,12016.0,12126.0,11996.1611328125,319783
2025-06-05,NESTLEIND.NS,1202.5,1204.5,1190.25,1200.6500244140625,1189.202392578125,1467916
2025-06-05,NTPC.NS,329.20001220703125,331.6000061035156,327.6000061035156,328.6499938964844,320.1995849609375,16270360
2025-06-05,POWERGRID.NS,291.0,295.25,290.1000061035156,294.25,284.93731689453125,13110486
2025-06-05,RELIANCE.NS,1428.0,1454.699951171875,1423.5999755859375,1442.4000244140625,1436.662109375,13716817
2025-06-05,SBIN.NS,808.7000122070312,811.7000122070312,802.8499755859375,806.0,806.0,13595507
2025-06-05,SUNPHARMA.NS,1662.0,1694.300048828125,1662.0,1683.0999755859375,1666.750732421875,2037073
2025-06-05,TCS.NS,3409.0,3409.0,3363.699951171875,3371.10009765625,3287.4521484375,3584683
2025-06-05,TECHM.NS,1560.0,1570.300048828125,1547.0,1562.800048828125,1518.8544921875,1529586
2025-06-05,TITAN.NS,3498.699951171875,3535.0,3474.199951171875,3504.0,3493.486572265625,608651
2025-06-05,ULTRACEMCO.NS,11038.0,11180.0,11003.0,11159.0,11088.7119140625,191183
2025-06-05,WIPRO.NS,246.89999389648438,249.49000549316406,246.8800048828125,247.94000244140625,237.0374755859375,6468060
2025-06-06,ADANIPORTS.NS,1456.699951171875,1478.9000244140625,1453.699951171875,1471.699951171875,1464.5745849609375,1269864
2025-06-06,ASIANPAINT.NS,2249.10009765625,2252.60009765625,2239.0,2245.199951171875,2221.2080078125,822087
2025-06-06,AXISBANK.NS,1158.9000244140625,1201.199951171875,1151.199951171875,1194.5999755859375,1193.5799560546875,14715421
2025-06-06,BAJFINANCE.NS,894.5,943.4000244140625,887.5999755859375,937.1500244140625,937.1500244140625,19783860
2025-06-06,BHARTIARTL.NS,1872.0999755859375,1881.9000244140625,1867.300048828125,1870.199951171875,1854.6949462890625,4644174
2025-06-06,GRASIM.NS,2559.800048828125,2578.10009765625,2536.10009765625,2574.39990234375,2565.068603515625,414844
2025-06-06,HCLTECH.NS,1631.199951171875,1639.800048828125,1622.0,1637.699951171875,1600.505615234375,1261281
2025-06-06,HDFCBANK.NS,972.0,998.1500244140625,971.3499755859375,989.3499755859375,976.1552734375,30127008
2025-06-06,HINDUNILVR.NS,2373.300048828125,2396.5,2370.10009765625,2389.800048828125,2346.484375,997488
2025-06-06,ICICIBANK.NS,1448.5999755859375,1461.4000244140625,1442.0999755859375,1459.699951171875,1448.5230712890625,11580994
2025-06-06,INDUSINDBK.NS,807.0,845.8499755859375,805.0,822.8499755859375,822.8499755859375,10916786
2025-06-06,INFY.NS,1554.699951171875,1568.9000244140625,1543.0999755859375,1563.800048828125,1540.2210693359375,3960020
2025-06-06,ITC.NS,420.29998779296875,421.29998779296875,419.0,421.04998779296875,412.40692138671875,8774988
2025-06-06,JSWSTEEL.NS,968.75,1010.6500244140625,967.6500244140625,1004.9000244140625,1002.2012329101562,2089570
2025-06-06,KOTAKBANK.NS,408.7799987792969,416.9800109863281,406.760009765625,414.67999267578125,414.2024230957031,22121620
2025-06-06,LT.NS,3645.0,3667.0,3623.0,3656.300048828125,3656.300048828125,1172711
2025-06-06,M&M.NS,3041.60009765625,3112.89990234375,3027.0,3106.5,3081.740966796875,2028071
2025-06-06,MARUTI.NS,12139.0,12535.0,12100.0,12462.0,12328.5634765625,456129
2025-06-06,NESTLEIND.NS,1201.949951171875,1211.449951171875,1195.0,1208.5999755859375,1197.076416015625,1004606
2025-06-06,NTPC.NS,329.6499938964844,333.5,329.04998779296875,332.8500061035156,324.2915954589844,11402511
2025-06-06,POWERGRID.NS,293.54998779296875,297.0,292.95001220703125,295.79998779296875,286.4382019042969,7935393
2025-06-06,RELIANCE.NS,1441.0,1451.5,1437.0,1443.5,1437.7576904296875,8182161
2025-06-06,SBIN.NS,806.6500244140625,816.4500122070312,803.0999755859375,813.0499877929688,813.0499877929688,17163935
2025-06-06,SUNPHARMA.NS,1685.0,1689.0,1669.0,1679.199951171875,1662.888671875,2500047
2025-06-06,TCS.NS,3371.10009765625,3390.89990234375,3358.699951171875,3384.199951171875,3300.226806640625,2070390
2025-06-06,TECHM.NS,1564.800048828125,1573.5,1555.4000244140625,1571.0999755859375,1526.921142578125,828051
2025-06-06,TITAN.NS,3524.0,3570.89990234375,3486.199951171875,3559.89990234375,3549.21875,602422
2025-06-06,ULTRACEMCO.NS,11180.0,11311.0,11120.0,11253.0,11182.1201171875,143723
2025-06-06,WIPRO.NS,247.10000610351562,249.97999572753906,247.10000610351562,248.58999633789062,237.6588897705078,4445411
2025-06-09,ADANIPORTS.NS,1482.0,1484.0,1463.0999755859375,1467.0999755859375,1459.996826171875,1493331
2025-06-09,ASIANPAINT.NS,2240.0,2255.800048828125,2236.0,2247.89990234375,2223.879150390625,1041851
2025-06-09,AXISBANK.NS,1212.5,1224.5,1206.199951171875,1219.9000244140625,1218.8583984375,9138108
2025-06-09,BAJFINANCE.NS,955.0,978.7999877929688,940.2999877929688,960.75,960.75,23496010
2025-06-09,BHARTIARTL.NS,1874.0,1875.0,1848.699951171875,1865.0999755859375,1849.63720703125,3649505
2025-06-09,GRASIM.NS,2585.89990234375,2614.89990234375,2574.699951171875,2608.5,2599.045166015625,552351
2025-06-09,HCLTECH.NS,1648.0,1658.0,1639.0,1648.300048828125,1610.8648681640625,1299786
2025-06-09,HDFCBANK.NS,997.5,997.5,987.9500122070312,989.4500122070312,976.2539672851562,13202588
2025-06-09,HINDUNILVR.NS,2394.0,2399.0,2378.300048828125,2393.199951171875,2349.822509765625,1293622
2025-06-09,ICICIBANK.NS,1465.0,1466.800048828125,1433.4000244140625,1434.800048828125,1423.8138427734375,11022031
2025-06-09,INDUSINDBK.NS,831.25,840.0,821.5,836.6500244140625,836.6500244140625,6894267
2025-06-09,INFY.NS,1578.0,1588.0,1571.0,1572.9000244140625,1549.183837890625,2903202
2025-06-09,ITC.NS,422.0,423.6000061035156,420.5,423.04998779296875,414.3658752441406,10473123
2025-06-09,JSWSTEEL.NS,1006.2999877929688,1017.0,1001.9500122070312,1008.0,1005.2929077148438,1864322
2025-06-09,KOTAKBANK.NS,422.20001220703125,428.4800109863281,418.0,427.6400146484375,427.14752197265625,28895440
2025-06-09,LT.NS,3664.0,3708.89990234375,3662.199951171875,3678.89990234375,3678.89990234375,898170
2025-06-09,M&M.NS,3130.0,3141.0,3078.0,3087.39990234375,3062.793212890625,1364639
2025-06-09,MARUTI.NS,12505.0,12660.0,12466.0,12637.0,12501.689453125,323443
2025-06-09,NESTLEIND.NS,1212.5,1213.6500244140625,1200.5,1207.6500244140625,1196.1356201171875,678874
2025-06-09,NTPC.NS,333.8999938964844,337.54998779296875,332.75,337.1000061035156,328.43231201171875,19416373
2025-06-09,POWERGRID.NS,298.0,301.1499938964844,296.1499938964844,300.5,290.9894714355469,8666186
2025-06-09,RELIANCE.NS,1457.0,1457.5,1445.300048828125,1448.800048828125,1443.0367431640625,7885125
2025-06-09,SBIN.NS,817.4000244140625,824.5,815.7000122070312,820.0499877929688,820.0499877929688,12793040
2025-06-09,SUNPHARMA.NS,1679.9000244140625,1698.800048828125,1673.300048828125,1694.4000244140625,1677.9410400390625,2589656
2025-06-09,TCS.NS,3400.0,3434.0,3390.89990234375,3421.89990234375,3336.991455078125,1718678
2025-06-09,TECHM.NS,1575.0,1591.5,1571.0999755859375,1579.0999755859375,1534.6961669921875,598108
2025-06-09,TITAN.NS,3564.800048828125,3580.0,3521.199951171875,3533.89990234375,3523.296630859375,540262
2025-06-09,ULTRACEMCO.NS,11260.0,11318.0,11166.0,11260.0,11189.076171875,209231
2025-06-09,WIPRO.NS,249.60000610351562,253.39999389648438,249.22000122070312,251.2899932861328,240.2401580810547,9193904
2025-06-10,ADANIPORTS.NS,1472.0,1494.0,1469.800048828125,1473.800048828125,1466.6644287109375,2125187
2025-06-10,ASIANPAINT.NS,2240.0,2240.0,2215.199951171875,2218.89990234375,2215.4423828125,1809051
2025-06-10,AXISBANK.NS,1224.4000244140625,1235.9000244140625,1218.4000244140625,1232.800048828125,1231.747314453125,7747558
2025-06-10,BAJFINANCE.NS,970.0,970.0,948.5499877929688,949.75,949.75,9044040
2025-06-10,BHARTIARTL.NS,1866.5999755859375,1875.5999755859375,1850.300048828125,1857.0999755859375,1841.7034912109375,7925901
2025-06-10,GRASIM.NS,2710.0,2742.0,2666.60009765625,2708.0,2698.1845703125,2885229
2025-06-10,HCLTECH.NS,1653.300048828125,1684.9000244140625,1649.0,1668.0999755859375,1630.215087890625,3055223
2025-06-10,HDFCBANK.NS,991.4000244140625,991.4000244140625,980.5499877929688,982.6500244140625,969.5447387695312,15533126
2025-06-10,HINDUNILVR.NS,2393.39990234375,2400.199951171875,2378.39990234375,2395.199951171875,2351.786376953125,1778782
2025-06-10,ICICIBANK.NS,1439.0,1441.699951171875,1416.5,1422.9000244140625,1412.0048828125,12905272
2025-06-10,INDUSINDBK.NS,838.0,857.3499755859375,836.0,845.0499877929688,845.0499877929688,10162134
2025-06-10,INFY.NS,1584.0,1607.5,1577.5,1596.0,1571.935546875,8591925
2025-06-10,ITC.NS,424.5,428.54998779296875,423.04998779296875,427.0,418.23480224609375,13041075
2025-06-10,JSWSTEEL.NS,1015.0,1019.1500244140625,1000.7999877929688,1003.0999755859375,1000.4060668945312,1747781
2025-06-10,KOTAKBANK.NS,429.3399963378906,434.5799865722656,427.6400146484375,430.2200012207031,429.72454833984375,24578710
2025-06-10,LT.NS,3704.0,3704.0,3667.199951171875,3679.800048828125,3679.800048828125,1454535
2025-06-10,M&M.NS,3102.0,3106.89990234375,3059.800048828125,3067.5,3043.052001953125,1787253
2025-06-10,MARUTI.NS,12660.0,12744.0,12461.0,12520.0,12385.9423828125,325292
2025-06-10,NESTLEIND.NS,1207.6500244140625,1219.449951171875,1204.449951171875,1215.699951171875,1204.1087646484375,1351562
2025-06-10,NTPC.NS,338.79998779296875,340.8999938964844,336.79998779296875,339.20001220703125,330.47833251953125,12061248
2025-06-10,POWERGRID.NS,300.54998779296875,301.79998779296875,298.25,301.04998779296875,291.5220642089844,7273892
2025-06-10,RELIANCE.NS,1450.0,1453.9000244140625,1436.0,1438.5,1432.777587890625,7913181
2025-06-10,SBIN.NS,821.0,822.0499877929688,814.5999755859375,817.0499877929688,817.0499877929688,6560513
2025-06-10,SUNPHARMA.NS,1701.800048828125,1706.9000244140625,1677.699951171875,1688.800048828125,1672.3955078125,2369135
2025-06-10,TCS.NS,3440.0,3485.800048828125,3423.199951171875,3462.89990234375,3376.97412109375,2419874
2025-06-10,TECHM.NS,1579.0999755859375,1633.5,1579.0,1610.9000244140625,1565.6019287109375,3324373
2025-06-10,TITAN.NS,3545.0,3545.0,3506.10009765625,3524.199951171875,3513.625732421875,561695
2025-06-10,ULTRACEMCO.NS,11410.0,11484.0,11335.0,11391.0,11319.2509765625,279918
2025-06-10,WIPRO.NS,252.89999389648438,255.8000030517578,251.8300018310547,254.8699951171875,243.66275024414062,10739851
2025-06-11,ADANIPORTS.NS,1473.800048828125,1476.0,1448.800048828125,1456.4000244140625,1449.3486328125,2192673
2025-06-11,ASIANPAINT.NS,2209.0,2225.89990234375,2207.199951171875,2208.800048828125,2205.358154296875,1430888
2025-06-11,AXISBANK.NS,1232.5999755859375,1241.800048828125,1228.0999755859375,1231.4000244140625,1230.3485107421875,4135775
2025-06-11,BAJFINANCE.NS,949.0,957.0,940.4000244140625,942.5,942.5,11860810
2025-06-11,BHARTIARTL.NS,1857.9000244140625,1866.5,1847.800048828125,1860.199951171875,1844.77783203125,8907265
2025-06-11,GRASIM.NS,2708.10009765625,2733.89990234375,2678.199951171875,2722.199951171875,2712.3330078125,812149
2025-06-11,HCLTECH.NS,1676.0,1725.4000244140625,1666.0,1721.9000244140625,1682.793212890625,5085821
2025-06-11,HDFCBANK.NS,983.7999877929688,983.7999877929688,973.5,975.2000122070312,962.194091796875,11096394
2025-06-11,HINDUNILVR.NS,2395.199951171875,2402.89990234375,2371.300048828125,2376.39990234375,2333.3271484375,1977707
2025-06-11,ICICIBANK.NS,1421.800048828125,1434.5,1418.5999755859375,1431.0,1420.0428466796875,7136877
2025-06-11,INDUSINDBK.NS,845.25,851.4000244140625,834.4500122070312,836.2999877929688,836.2999877929688,2359273
2025-06-11,INFY.NS,1590.0999755859375,1634.5999755859375,1590.0999755859375,1631.0999755859375,1606.5062255859375,10597410
2025-06-11,ITC.NS,428.0,428.1000061035156,424.8500061035156,426.1499938964844,417.4022216796875,20789182
2025-06-11,JSWSTEEL.NS,1003.9500122070312,1016.0,1003.9500122070312,1007.0999755859375,1004.3953247070312,1003090
2025-06-11,KOTAKBANK.NS,429.79998779296875,432.1400146484375,426.6000061035156,429.05999755859375,428.5658874511719,8910305
2025-06-11,LT.NS,3689.89990234375,3692.0,3656.10009765625,3684.800048828125,3684.800048828125,1265737
2025-06-11,M&M.NS,3085.0,3124.0,3076.0,3080.699951171875,3056.146728515625,1749787
2025-06-11,MARUTI.NS,12470.0,12560.0,12427.0,12452.0,12318.669921875,306061
2025-06-11,NESTLEIND.NS,1221.25,1225.0,1204.0,1209.5999755859375,1198.06689453125,1751374
2025-06-11,NTPC.NS,341.0,342.6000061035156,337.45001220703125,338.1000061035156,329.4065856933594,10807496
2025-06-11,POWERGRID.NS,301.1000061035156,301.3999938964844,294.0,295.45001220703125,286.0993347167969,10941604
2025-06-11,RELIANCE.NS,1445.800048828125,1468.5999755859375,1443.0999755859375,1448.9000244140625,1443.13623046875,8195700
2025-06-11,SBIN.NS,817.0,820.5999755859375,813.0499877929688,815.0499877929688,815.0499877929688,7197825
2025-06-11,SUNPHARMA.NS,1694.800048828125,1695.0,1679.300048828125,1690.5999755859375,1674.1778564453125,1999978
2025-06-11,TCS.NS,3470.0,3489.0,3449.10009765625,3471.89990234375,3385.750732421875,2847013
2025-06-11,TECHM.NS,1618.0,1649.0,1604.5999755859375,1637.5,1591.453857421875,2660949
2025-06-11,TITAN.NS,3525.0,3549.0,3505.0,3541.60009765625,3530.9736328125,505077
2025-06-11,ULTRACEMCO.NS,11380.0,11518.0,11340.0,11464.0,11391.791015625,237747
2025-06-11,WIPRO.NS,256.0199890136719,261.6000061035156,254.10000610351562,258.9200134277344,247.53468322753906,17268454
2025-06-12,ADANIPORTS.NS,1459.800048828125,1465.5999755859375,1440.0999755859375,1445.800048828125,1438.800048828125,2192452
2025-06-12,ASIANPAINT.NS,2224.0,2263.0,2208.10009765625,2219.39990234375,2215.941650390625,3417373
2025-06-12,AXISBANK.NS,1231.0,1237.0999755859375,1210.800048828125,1212.9000244140625,1211.8643798828125,3461744
2025-06-12,BAJFINANCE.NS,944.9000244140625,953.2999877929688,935.5,936.8499755859375,936.8499755859375,12388330
2025-06-12,BHARTIARTL.NS,1871.9000244140625,1883.0,1831.5999755859375,1844.199951171875,1828.910400390625,7346031
2025-06-12,GRASIM.NS,2718.10009765625,2729.0,2676.0,2689.10009765625,2679.35302734375,545570
2025-06-12,HCLTECH.NS,1725.0,1726.0,1695.0,1701.199951171875,1662.5634765625,3607962
2025-06-12,HDFCBANK.NS,975.0,980.5,967.6500244140625,971.7000122070312,958.74072265625,16349130
2025-06-12,HINDUNILVR.NS,2386.89990234375,2388.0,2324.10009765625,2332.699951171875,2290.419189453125,3339584
2025-06-12,ICICIBANK.NS,1430.5,1436.5,1420.0,1425.199951171875,1414.2872314453125,7953247
2025-06-12,INDUSINDBK.NS,837.0,843.1500244140625,826.0,829.9000244140625,829.9000244140625,2742462
2025-06-12,INFY.NS,1617.0,1628.0,1598.0999755859375,1608.5999755859375,1584.345458984375,10483574
2025-06-12,ITC.NS,427.0,427.20001220703125,419.54998779296875,421.0,412.3579406738281,18508835
2025-06-12,JSWSTEEL.NS,1007.0999755859375,1010.0,992.5499877929688,995.6500244140625,992.97607421875,2223026
2025-06-12,KOTAKBANK.NS,429.05999755859375,429.760009765625,424.44000244140625,425.3599853515625,424.8701171875,14890860
2025-06-12,LT.NS,3684.800048828125,3708.0,3585.0,3603.89990234375,3603.89990234375,2335718
2025-06-12,M&M.NS,3088.0,3094.0,3007.0,3019.199951171875,2995.13671875,2278398
2025-06-12,MARUTI.NS,12459.0,12490.0,12307.0,12390.0,12257.333984375,347339
2025-06-12,NESTLEIND.NS,1213.5,1214.050048828125,1183.1500244140625,1192.800048828125,1181.4271240234375,2717158
2025-06-12,NTPC.NS,338.1499938964844,341.6499938964844,332.6499938964844,333.70001220703125,325.1197204589844,11881618
2025-06-12,POWERGRID.NS,295.1499938964844,295.79998779296875,288.5,289.0,279.8534851074219,14071159
2025-06-12,RELIANCE.NS,1453.5,1457.0,1434.4000244140625,1441.5999755859375,1435.865234375,8828114
2025-06-12,SBIN.NS,816.0,816.5,801.2000122070312,805.9500122070312,805.9500122070312,13448521
2025-06-12,SUNPHARMA.NS,1694.9000244140625,1727.5,1681.0999755859375,1687.4000244140625,1671.009033203125,3588365
2025-06-12,TCS.NS,3471.89990234375,3474.699951171875,3423.199951171875,3434.199951171875,3348.986328125,4060134
2025-06-12,TECHM.NS,1636.0,1658.0,1611.9000244140625,1644.4000244140625,1598.1600341796875,2316173
2025-06-12,TITAN.NS,3548.0,3559.800048828125,3445.5,3452.699951171875,3442.34033203125,811822
2025-06-12,ULTRACEMCO.NS,11475.0,11505.0,11280.0,11323.0,11251.6787109375,262530
2025-06-12,WIPRO.NS,260.0,263.0,256.32000732421875,259.6099853515625,248.19430541992188,14528657
2025-06-13,ADANIPORTS.NS,1405.0,1423.800048828125,1397.0999755859375,1405.0,1405.0,3380550
2025-06-13,ASIANPAINT.NS,2175.0,2217.10009765625,2174.800048828125,2214.199951171875,2210.749755859375,1786807
2025-06-13,AXISBANK.NS,1198.0,1211.699951171875,1195.5999755859375,1205.800048828125,1204.7703857421875,3906868
2025-06-13,BAJFINANCE.NS,915.0,936.5499877929688,914.7000122070312,933.0999755859375,933.0999755859375,10182020
2025-06-13,BHARTIARTL.NS,1815.0,1844.5999755859375,1815.0,1840.4000244140625,1825.1419677734375,4613000
2025-06-13,GRASIM.NS,2652.10009765625,2687.699951171875,2635.800048828125,2663.800048828125,2654.144775390625,538879
2025-06-13,HCLTECH.NS,1666.0,1711.0,1664.5999755859375,1695.300048828125,1656.7974853515625,1988422
2025-06-13,HDFCBANK.NS,960.0,966.5,956.5,958.7999877929688,946.0127563476562,12117762
2025-06-13,HINDUNILVR.NS,2305.0,2324.89990234375,2302.0,2319.0,2276.967529296875,1740682
2025-06-13,ICICIBANK.NS,1403.5999755859375,1421.5,1403.5999755859375,1416.0999755859375,1405.2569580078125,7573103
2025-06-13,INDUSINDBK.NS,819.0,826.7999877929688,813.0499877929688,816.8499755859375,816.8499755859375,3164561
2025-06-13,INFY.NS,1576.0,1609.0,1570.199951171875,1602.0,1577.844970703125,6968315
2025-06-13,ITC.NS,415.0,419.3500061035156,413.5,413.8999938964844,405.4036865234375,17873926
2025-06-13,JSWSTEEL.NS,984.7000122070312,994.0499877929688,981.3499755859375,987.25,984.5986328125,1044815
2025-06-13,KOTAKBANK.NS,414.3999938964844,424.3999938964844,414.3999938964844,421.4800109863281,420.99462890625,22336370
2025-06-13,LT.NS,3501.199951171875,3596.0,3485.89990234375,3587.39990234375,3587.39990234375,1981445
2025-06-13,M&M.NS,2932.0,3018.5,2932.0,3006.0,2982.0419921875,2003184
2025-06-13,MARUTI.NS,12200.0,12425.0,12176.0,12408.0,12275.1416015625,385493
2025-06-13,NESTLEIND.NS,1181.0,1190.0,1173.4000244140625,1188.4000244140625,1177.0692138671875,829756
2025-06-13,NTPC.NS,326.79998779296875,332.8999938964844,326.6000061035156,331.95001220703125,323.41473388671875,11711773
2025-06-13,POWERGRID.NS,282.54998779296875,286.45001220703125,281.79998779296875,285.5,276.4642333984375,16028417
2025-06-13,RELIANCE.NS,1424.0,1435.5,1414.300048828125,1427.9000244140625,1422.2198486328125,9757276
2025-06-13,SBIN.NS,786.25,796.2999877929688,786.25,792.3499755859375,792.3499755859375,11377117
2025-06-13,SUNPHARMA.NS,1666.800048828125,1700.0,1661.0999755859375,1687.800048828125,1671.4052734375,2404272
2025-06-13,TCS.NS,3393.199951171875,3450.5,3393.199951171875,3445.699951171875,3360.200927734375,2178493
2025-06-13,TECHM.NS,1605.0,1669.0,1604.5999755859375,1659.0,1612.349365234375,2511076
2025-06-13,TITAN.NS,3409.699951171875,3440.800048828125,3383.0,3421.89990234375,3411.6328125,821750
2025-06-13,ULTRACEMCO.NS,11111.0,11250.0,11018.0,11224.0,11153.302734375,181355
2025-06-13,WIPRO.NS,255.0,262.25,254.0,260.2099914550781,248.76792907714844,8692116
2025-06-16,ADANIPORTS.NS,1389.0,1411.199951171875,1375.0,1400.5999755859375,1400.5999755859375,2823300
2025-06-16,ASIANPAINT.NS,2214.199951171875,2250.0,2209.300048828125,2244.800048828125,2241.302001953125,1301826
2025-06-16,AXISBANK.NS,1206.0999755859375,1218.0,1196.0,1215.4000244140625,1214.3621826171875,5697424
2025-06-16,BAJFINANCE.NS,956.0,956.0,925.0,938.0,938.0,7016290
2025-06-16,BHARTIARTL.NS,1842.0999755859375,1870.0,1838.800048828125,1861.300048828125,1845.8687744140625,5722187
2025-06-16,GRASIM.NS,2665.0,2714.0,2652.10009765625,2704.89990234375,2695.095703125,494993
2025-06-16,HCLTECH.NS,1692.0,1729.4000244140625,1683.4000244140625,1723.0,1683.8682861328125,2116100
2025-06-16,HDFCBANK.NS,962.0,969.4500122070312,960.0499877929688,967.7000122070312,954.7940673828125,16513746
2025-06-16,HINDUNILVR.NS,2320.0,2336.60009765625,2313.10009765625,2327.39990234375,2285.215087890625,1105297
2025-06-16,ICICIBANK.NS,1416.5999755859375,1429.0,1414.199951171875,1426.9000244140625,1415.9742431640625,5451137
2025-06-16,INDUSINDBK.NS,817.0499877929688,824.7999877929688,810.25,821.25,821.25,2286257
2025-06-16,INFY.NS,1600.0,1634.800048828125,1597.0999755859375,1623.800048828125,1599.31640625,5591842
2025-06-16,ITC.NS,414.95001220703125,418.8999938964844,413.25,418.20001220703125,409.6154479980469,7006629
2025-06-16,JSWSTEEL.NS,987.25,1011.0,984.2000122070312,1003.7999877929688,1001.1041870117188,871032
2025-06-16,KOTAKBANK.NS,421.5799865722656,428.94000244140625,417.760009765625,427.79998779296875,427.30731201171875,14707980
2025-06-16,LT.NS,3575.5,3653.699951171875,3561.800048828125,3628.699951171875,3628.699951171875,1322630
2025-06-16,M&M.NS,3001.0,3045.0,2988.10009765625,3023.60009765625,2999.501953125,1673726
2025-06-16,MARUTI.NS,12404.0,12567.0,12336.0,12530.0,12395.8349609375,184242
2025-06-16,NESTLEIND.NS,1185.050048828125,1197.5,1182.550048828125,1194.9000244140625,1183.5072021484375,532308
2025-06-16,NTPC.NS,332.0,334.6499938964844,330.6000061035156,333.70001220703125,325.1197204589844,8065112
2025-06-16,POWERGRID.NS,287.95001220703125,290.5,286.29998779296875,288.6499938964844,279.5145263671875,11067299
2025-06-16,RELIANCE.NS,1426.9000244140625,1442.4000244140625,1424.4000244140625,1437.800048828125,1432.0804443359375,8458093
2025-06-16,SBIN.NS,792.5,795.4000244140625,786.1500244140625,792.5,792.5,8085001
2025-06-16,SUNPHARMA.NS,1665.0,1689.800048828125,1655.699951171875,1685.300048828125,1668.929443359375,2249326
2025-06-16,TCS.NS,3440.0,3509.0,3426.199951171875,3496.300048828125,3409.54541015625,1934088
2025-06-16,TECHM.NS,1658.0,1706.0,1651.199951171875,1693.9000244140625,1646.26806640625,2160406
2025-06-16,TITAN.NS,3411.0,3453.699951171875,3396.199951171875,3438.10009765625,3427.7841796875,534665
2025-06-16,ULTRACEMCO.NS,11270.0,11518.0,11197.0,11495.0,11422.595703125,401104
2025-06-16,WIPRO.NS,260.0,265.30999755859375,258.0,262.8900146484375,251.33009338378906,10935361
2025-06-17,ADANIPORTS.NS,1400.5,1414.800048828125,1384.0,1392.300048828125,1392.300048828125,1571621
2025-06-17,ASIANPAINT.NS,2231.0,2281.0,2227.0,2264.800048828125,2261.27099609375,1540986
2025-06-17,AXISBANK.NS,1215.4000244140625,1227.0,1211.300048828125,1215.0999755859375,1214.0623779296875,4492946
2025-06-17,BAJFINANCE.NS,941.5,943.5,917.5,923.0,923.0,6110175
2025-06-17,BHARTIARTL.NS,1879.0,1879.0,1847.5999755859375,1854.800048828125,1839.422607421875,6561555
2025-06-17,GRASIM.NS,2704.89990234375,2706.300048828125,2665.0,2671.39990234375,2661.717041015625,241142
2025-06-17,HCLTECH.NS,1728.0,1738.800048828125,1720.0,1729.5999755859375,1690.3182373046875,1777245
2025-06-17,HDFCBANK.NS,968.5,970.7999877929688,959.5499877929688,964.7999877929688,951.9327392578125,16978736
2025-06-17,HINDUNILVR.NS,2320.0,2333.10009765625,2313.10009765625,2328.60009765625,2286.3935546875,1119284
2025-06-17,ICICIBANK.NS,1426.9000244140625,1429.800048828125,1417.800048828125,1423.199951171875,1412.302490234375,6970098
2025-06-17,INDUSINDBK.NS,820.0,820.9500122070312,806.0499877929688,809.1500244140625,809.1500244140625,2343961
2025-06-17,INFY.NS,1620.699951171875,1647.4000244140625,1615.5999755859375,1639.9000244140625,1615.173583984375,7622083
2025-06-17,ITC.NS,418.1000061035156,419.04998779296875,415.70001220703125,417.3999938964844,408.83184814453125,9028406
2025-06-17,JSWSTEEL.NS,1004.5,1010.4500122070312,997.9000244140625,999.6500244140625,996.96533203125,1075499
2025-06-17,KOTAKBANK.NS,427.79998779296875,431.1600036621094,426.0400085449219,427.3599853515625,426.8678283691406,15541500
2025-06-17,LT.NS,3622.0,3627.60009765625,3602.0,3622.300048828125,3622.300048828125,930603
2025-06-17,M&M.NS,3043.0,3043.0,2994.0,3007.199951171875,2983.232421875,1455355
2025-06-17,MARUTI.NS,12529.0,12615.0,12470.0,12595.0,12460.138671875,226597
2025-06-17,NESTLEIND.NS,1190.050048828125,1193.449951171875,1176.5,1181.0,1169.7396240234375,1531068
2025-06-17,NTPC.NS,334.0,336.8999938964844,333.1000061035156,335.20001220703125,326.5811767578125,6796992
2025-06-17,POWERGRID.NS,288.6499938964844,290.45001220703125,287.20001220703125,288.54998779296875,279.4176940917969,7286868
2025-06-17,RELIANCE.NS,1448.0,1448.0,1425.800048828125,1431.199951171875,1425.506591796875,10366599
2025-06-17,SBIN.NS,794.0,798.8499755859375,790.5499877929688,792.2999877929688,792.2999877929688,7753156
2025-06-17,SUNPHARMA.NS,1680.0,1681.699951171875,1641.0999755859375,1650.199951171875,1634.1702880859375,5408285
2025-06-17,TCS.NS,3510.0,3520.0,3488.10009765625,3515.300048828125,3428.073974609375,2111940
2025-06-17,TECHM.NS,1692.4000244140625,1725.0,1684.199951171875,1718.5999755859375,1670.2734375,2105126
2025-06-17,TITAN.NS,3428.0,3437.60009765625,3395.39990234375,3405.699951171875,3395.4814453125,1000345
2025-06-17,ULTRACEMCO.NS,11500.0,11509.0,11360.0,11383.0,11311.30078125,121415
2025-06-17,WIPRO.NS,262.8900146484375,265.45001220703125,261.6600036621094,262.9100036621094,251.34922790527344,7528454
2025-06-18,ADANIPORTS.NS,1387.0,1395.199951171875,1365.199951171875,1372.5999755859375,1372.5999755859375,1732093
2025-06-18,ASIANPAINT.NS,2257.0,2284.0,2255.0,2281.39990234375,2277.844970703125,1131156
2025-06-18,AXISBANK.NS,1209.800048828125,1223.300048828125,1203.9000244140625,1221.0,1219.9573974609375,3135662
2025-06-18,BAJFINANCE.NS,927.0,932.5,915.0,919.0,919.0,5002923
2025-06-18,BHARTIARTL.NS,1847.5999755859375,1871.0,1843.0999755859375,1865.9000244140625,1850.4306640625,5069427
2025-06-18,GRASIM.NS,2671.39990234375,2696.300048828125,2667.300048828125,2675.39990234375,2665.70263671875,342289
2025-06-18,HCLTECH.NS,1727.9000244140625,1745.0,1710.0,1715.9000244140625,1676.929443359375,1794428
2025-06-18,HDFCBANK.NS,958.5,968.1500244140625,958.5,966.9500122070312,954.0540771484375,18433816
2025-06-18,HINDUNILVR.NS,2327.699951171875,2331.39990234375,2285.5,2297.300048828125,2255.660888671875,2056563
2025-06-18,ICICIBANK.NS,1417.0,1432.0,1410.199951171875,1412.5999755859375,1401.78369140625,6751745
2025-06-18,INDUSINDBK.NS,818.0499877929688,855.5,815.5499877929688,850.5,850.5,20826809
2025-06-18,INFY.NS,1621.0,1644.699951171875,1621.0,1632.9000244140625,1608.2791748046875,5629707
2025-06-18,ITC.NS,417.0,418.45001220703125,414.8999938964844,415.8999938964844,407.3626403808594,8036215
2025-06-18,JSWSTEEL.NS,997.0,998.9500122070312,983.75,986.3499755859375,983.7010498046875,854561
2025-06-18,KOTAKBANK.NS,425.0,427.4800109863281,421.739990234375,426.4800109863281,425.9888610839844,19503255
2025-06-18,LT.NS,3622.0,3639.10009765625,3587.199951171875,3601.5,3601.5,743311
2025-06-18,M&M.NS,3000.0,3074.89990234375,2986.60009765625,3041.10009765625,3016.8623046875,2161043
2025-06-18,MARUTI.NS,12620.0,12880.0,12550.0,12748.0,12611.5009765625,467738
2025-06-18,NESTLEIND.NS,1181.949951171875,1182.050048828125,1162.699951171875,1170.4000244140625,1159.2408447265625,1308554
2025-06-18,NTPC.NS,335.20001220703125,335.8999938964844,330.75,332.3999938964844,323.8531799316406,17835507
2025-06-18,POWERGRID.NS,287.5,288.29998779296875,285.5,287.29998779296875,278.2072448730469,11904855
2025-06-18,RELIANCE.NS,1430.0,1442.800048828125,1425.699951171875,1430.0999755859375,1424.4110107421875,6681735
2025-06-18,SBIN.NS,792.5,795.5,788.3499755859375,791.9000244140625,791.9000244140625,5710169
2025-06-18,SUNPHARMA.NS,1645.0,1661.300048828125,1638.5,1648.0,1631.99169921875,1455885
2025-06-18,TCS.NS,3519.10009765625,3538.0,3443.10009765625,3451.39990234375,3365.759521484375,2696327
2025-06-18,TECHM.NS,1717.0999755859375,1732.800048828125,1708.4000244140625,1710.699951171875,1662.5955810546875,1299278
2025-06-18,TITAN.NS,3406.0,3480.0,3390.0,3467.800048828125,3457.39501953125,972739
2025-06-18,ULTRACEMCO.NS,11383.0,11479.0,11343.0,11406.0,11334.15625,156816
2025-06-18,WIPRO.NS,262.8999938964844,265.6000061035156,261.0299987792969,261.5899963378906,250.08724975585938,5016660
2025-06-19,ADANIPORTS.NS,1370.5,1372.5999755859375,1331.5999755859375,1338.0,1338.0,2950283
2025-06-19,ASIANPAINT.NS,2270.0,2285.0,2264.0,2268.0,2264.4658203125,524926
2025-06-19,AXISBANK.NS,1218.0,1227.800048828125,1213.800048828125,1217.5,1216.4603271484375,4243763
2025-06-19,BAJFINANCE.NS,919.0,922.5,894.0,900.5,900.5,6585940
2025-06-19,BHARTIARTL.NS,1872.0,1879.0,1864.0999755859375,1877.0,1861.4385986328125,4712312
2025-06-19,GRASIM.NS,2680.0,2712.0,2670.0,2693.199951171875,2683.438232421875,609547
2025-06-19,HCLTECH.NS,1719.699951171875,1719.699951171875,1697.199951171875,1713.9000244140625,1674.9749755859375,2514527
2025-06-19,HDFCBANK.NS,966.9500122070312,973.4000244140625,962.7999877929688,967.6500244140625,954.7447509765625,16876220
2025-06-19,HINDUNILVR.NS,2300.10009765625,2307.800048828125,2290.300048828125,2294.199951171875,2252.616943359375,1214549
2025-06-19,ICICIBANK.NS,1408.0,1414.699951171875,1404.699951171875,1411.300048828125,1400.4937744140625,8849883
2025-06-19,INDUSINDBK.NS,847.0,849.5999755859375,835.4500122070312,837.5,837.5,4363823
2025-06-19,INFY.NS,1623.9000244140625,1630.0,1611.5,1618.4000244140625,1593.997802734375,5147760
2025-06-19,ITC.NS,415.6499938964844,418.25,414.79998779296875,416.0,407.4606018066406,12601006
2025-06-19,JSWSTEEL.NS,986.9000244140625,997.9500122070312,985.0,996.0499877929688,993.375,1391083
2025-06-19,KOTAKBANK.NS,427.8999938964844,430.94000244140625,426.6199951171875,429.2799987792969,428.78564453125,17025995
2025-06-19,LT.NS,3607.0,3643.0,3591.10009765625,3621.10009765625,3621.10009765625,1580819
2025-06-19,M&M.NS,3038.0,3106.89990234375,3034.199951171875,3094.800048828125,3070.13427734375,2482920
2025-06-19,MARUTI.NS,12750.0,12825.0,12714.0,12806.0,12668.8798828125,339117
2025-06-19,NESTLEIND.NS,1170.4000244140625,1170.4000244140625,1155.0,1159.449951171875,1148.39501953125,1474774
2025-06-19,NTPC.NS,332.3999938964844,333.1499938964844,328.54998779296875,330.04998779296875,321.5635681152344,11610604
2025-06-19,POWERGRID.NS,286.79998779296875,287.6499938964844,285.29998779296875,286.45001220703125,277.3841552734375,13573824
2025-06-19,RELIANCE.NS,1430.0999755859375,1439.9000244140625,1425.699951171875,1433.300048828125,1427.598388671875,10007230
2025-06-19,SBIN.NS,792.3499755859375,793.25,781.7000122070312,785.0999755859375,785.0999755859375,11824333
2025-06-19,SUNPHARMA.NS,1648.0999755859375,1655.300048828125,1636.0,1647.5999755859375,1631.5955810546875,1696525
2025-06-19,TCS.NS,3450.0,3451.0,3413.0,3424.0,3339.039306640625,2672768
2025-06-19,TECHM.NS,1684.0,1694.0,1660.699951171875,1684.0,1636.6463623046875,3056884
2025-06-19,TITAN.NS,3478.800048828125,3521.60009765625,3467.800048828125,3505.39990234375,3494.882080078125,1022566
2025-06-19,ULTRACEMCO.NS,11400.0,11485.0,11353.0,11420.0,11348.068359375,157757
2025-06-19,WIPRO.NS,262.8500061035156,266.44000244140625,261.80999755859375,265.5799865722656,253.90179443359375,14184486
2025-06-20,ADANIPORTS.NS,1338.0,1356.699951171875,1334.5999755859375,1349.300048828125,1349.300048828125,4541583
2025-06-20,ASIANPAINT.NS,2267.0,2289.89990234375,2263.0,2285.699951171875,2282.13818359375,1945026
2025-06-20,AXISBANK.NS,1217.5,1226.0,1214.199951171875,1220.699951171875,1219.6575927734375,4652390
2025-06-20,BAJFINANCE.NS,897.0,907.5,886.0,905.0,905.0,14320241
2025-06-20,BHARTIARTL.NS,1880.0,1949.0,1874.0,1936.699951171875,1920.6435546875,16228526
2025-06-20,GRASIM.NS,2683.0,2732.89990234375,2683.0,2712.60009765625,2702.76806640625,1232377
2025-06-20,HCLTECH.NS,1713.9000244140625,1742.5999755859375,1709.0999755859375,1739.9000244140625,1700.3843994140625,2719770
2025-06-20,HDFCBANK.NS,965.7999877929688,984.9500122070312,965.7999877929688,982.3499755859375,969.2486572265625,32900408
2025-06-20,HINDUNILVR.NS,2295.0,2313.0,2292.39990234375,2306.199951171875,2264.399658203125,2685864
2025-06-20,ICICIBANK.NS,1411.300048828125,1433.300048828125,1410.199951171875,1427.0999755859375,1416.1727294921875,12408178
2025-06-20,INDUSINDBK.NS,835.5,847.75,829.0,840.25,840.25,20961217
2025-06-20,INFY.NS,1619.0,1630.699951171875,1608.9000244140625,1622.9000244140625,1598.429931640625,9202821
2025-06-20,ITC.NS,416.0,419.5,416.0,418.54998779296875,409.9582214355469,13203184
2025-06-20,JSWSTEEL.NS,993.9500122070312,1024.0,993.5999755859375,1005.5499877929688,1002.8494873046875,9697195
2025-06-20,KOTAKBANK.NS,429.0,435.20001220703125,426.260009765625,433.9599914550781,433.4602355957031,16863180
2025-06-20,LT.NS,3614.0,3669.89990234375,3614.0,3662.0,3662.0,2575277
2025-06-20,M&M.NS,3100.0,3203.0,3090.300048828125,3184.39990234375,3159.02001953125,8315834
2025-06-20,MARUTI.NS,12809.0,12890.0,12728.0,12791.0,12654.0400390625,652128
2025-06-20,NESTLEIND.NS,1169.050048828125,1199.0,1159.449951171875,1180.199951171875,1168.9471435546875,22941194
2025-06-20,NTPC.NS,330.0,336.0,329.70001220703125,335.20001220703125,326.5811767578125,16592862
2025-06-20,POWERGRID.NS,285.54998779296875,294.5,285.04998779296875,293.1000061035156,283.8236999511719,33014151
2025-06-20,RELIANCE.NS,1431.0,1471.0,1428.0999755859375,1466.199951171875,1460.367431640625,29010635
2025-06-20,SBIN.NS,787.5,799.4500122070312,786.0999755859375,796.1500244140625,796.1500244140625,11367669
2025-06-20,SUNPHARMA.NS,1647.5999755859375,1670.0,1645.5999755859375,1665.0999755859375,1648.9256591796875,2567882
2025-06-20,TCS.NS,3425.0,3446.300048828125,3410.89990234375,3435.699951171875,3350.448974609375,2351248
2025-06-20,TECHM.NS,1680.0,1708.5,1669.199951171875,1696.0999755859375,1648.4061279296875,3425550
2025-06-20,TITAN.NS,3500.0,3545.0,3489.0,3519.0,3508.44140625,2941214
2025-06-20,ULTRACEMCO.NS,11420.0,11525.0,11370.0,11458.0,11385.828125,629895
2025-06-20,WIPRO.NS,266.0,267.20001220703125,262.8699951171875,266.5400085449219,254.81959533691406,12904674
2025-06-23,ADANIPORTS.NS,1341.0,1364.9000244140625,1335.699951171875,1354.800048828125,1354.800048828125,3921155
2025-06-23,ASIANPAINT.NS,2261.199951171875,2272.800048828125,2253.89990234375,2264.10009765625,2260.572021484375,596186
2025-06-23,AXISBANK.NS,1212.5999755859375,1222.9000244140625,1205.5999755859375,1214.0999755859375,1213.063232421875,2312469
2025-06-23,BAJFINANCE.NS,899.0,918.0,890.5,915.5,915.5,5870597
2025-06-23,BHARTIARTL.NS,1930.0,1949.0,1927.0999755859375,1936.300048828125,1920.2469482421875,2946463
2025-06-23,GRASIM.NS,2700.0,2737.5,2678.10009765625,2723.699951171875,2713.82763671875,728851
2025-06-23,HCLTECH.NS,1729.199951171875,1729.800048828125,1699.199951171875,1703.199951171875,1664.5179443359375,2221446
2025-06-23,HDFCBANK.NS,974.2000122070312,978.9500122070312,970.9000244140625,974.2000122070312,961.2073364257812,11739518
2025-06-23,HINDUNILVR.NS,2283.39990234375,2286.0,2258.699951171875,2275.10009765625,2257.35498046875,842856
2025-06-23,ICICIBANK.NS,1417.0,1423.199951171875,1411.9000244140625,1420.0999755859375,1409.226318359375,5514384
2025-06-23,INDUSINDBK.NS,835.2000122070312,845.0,826.5,839.9000244140625,839.9000244140625,3191499
2025-06-23,INFY.NS,1601.0,1601.0,1575.4000244140625,1584.0,1560.116455078125,7943676
2025-06-23,ITC.NS,417.0,417.5,411.75,413.8999938964844,405.4036865234375,14839890
2025-06-23,JSWSTEEL.NS,1005.0,1005.2000122070312,983.5,997.0,994.3224487304688,1132847
2025-06-23,KOTAKBANK.NS,431.6199951171875,437.94000244140625,430.239990234375,436.82000732421875,436.31695556640625,8603070
2025-06-23,LT.NS,3645.0,3660.0,3574.60009765625,3583.699951171875,3583.699951171875,1867977
2025-06-23,M&M.NS,3163.60009765625,3184.39990234375,3122.699951171875,3135.0,3110.013916015625,1731432
2025-06-23,MARUTI.NS,12771.0,12786.0,12666.0,12699.0,12563.025390625,192037
2025-06-23,NESTLEIND.NS,1186.5,1199.449951171875,1175.449951171875,1179.550048828125,1168.3035888671875,1297744
2025-06-23,NTPC.NS,333.70001220703125,335.70001220703125,330.3500061035156,332.6000061035156,324.04803466796875,8277787
2025-06-23,POWERGRID.NS,291.3999938964844,293.45001220703125,288.1000061035156,290.25,281.06390380859375,6833477
2025-06-23,RELIANCE.NS,1453.0,1463.800048828125,1442.0,1456.800048828125,1451.0048828125,5989078
2025-06-23,SBIN.NS,790.0,794.9500122070312,788.5,790.2000122070312,790.2000122070312,5549253
2025-06-23,SUNPHARMA.NS,1663.199951171875,1667.0,1647.199951171875,1662.5,1646.3509521484375,840643
2025-06-23,TCS.NS,3415.0,3425.0,3370.0,3393.60009765625,3309.393798828125,3123421
2025-06-23,TECHM.NS,1680.0,1692.0,1675.699951171875,1681.800048828125,1634.50830078125,732380
2025-06-23,TITAN.NS,3480.199951171875,3528.5,3473.0,3505.699951171875,3495.181396484375,643325
2025-06-23,ULTRACEMCO.NS,11401.0,11490.0,11321.0,11449.0,11376.8857421875,304907
2025-06-23,WIPRO.NS,264.0,265.20001220703125,261.80999755859375,263.239990234375,251.66468811035156,6214062
2025-06-24,ADANIPORTS.NS,1395.0999755859375,1418.699951171875,1385.0999755859375,1389.5,1389.5,7635176
2025-06-24,ASIANPAINT.NS,2305.0,2309.699951171875,2268.89990234375,2275.300048828125,2271.754638671875,1044179
2025-06-24,AXISBANK.NS,1222.9000244140625,1238.4000244140625,1215.5999755859375,1221.199951171875,1220.1572265625,6745788
2025-06-24,BAJFINANCE.NS,920.0,936.0,914.5,916.5,916.5,11555634
2025-06-24,BHARTIARTL.NS,1950.9000244140625,1963.0,1929.0999755859375,1933.5999755859375,1917.5693359375,6837210
2025-06-24,GRASIM.NS,2746.0,2801.800048828125,2737.300048828125,2780.89990234375,2770.8203125,1562447
2025-06-24,HCLTECH.NS,1719.9000244140625,1732.5999755859375,1689.199951171875,1691.800048828125,1653.3768310546875,3601071
2025-06-24,HDFCBANK.NS,982.5,989.5,977.7999877929688,980.4500122070312,967.3740234375,22625322
2025-06-24,HINDUNILVR.NS,2295.0,2301.0,2260.300048828125,2263.10009765625,2245.44873046875,2440747
2025-06-24,ICICIBANK.NS,1427.699951171875,1435.9000244140625,1416.5,1424.0999755859375,1413.1956787109375,11188438
2025-06-24,INDUSINDBK.NS,851.0,852.0,823.7999877929688,831.9500122070312,831.9500122070312,5482589
2025-06-24,INFY.NS,1601.0,1609.0,1576.5999755859375,1581.5999755859375,1557.7525634765625,8083992
2025-06-24,ITC.NS,416.8999938964844,420.6499938964844,413.75,414.3500061035156,405.844482421875,16690068
2025-06-24,JSWSTEEL.NS,1006.0,1022.5499877929688,1001.2999877929688,1007.0,1004.2955932617188,1434360
2025-06-24,KOTAKBANK.NS,441.6000061035156,446.7200012207031,438.2799987792969,444.7200012207031,444.2078552246094,28022600
2025-06-24,LT.NS,3637.10009765625,3684.0,3597.0,3604.800048828125,3604.800048828125,2751637
2025-06-24,M&M.NS,3155.10009765625,3216.60009765625,3136.800048828125,3150.10009765625,3124.99365234375,2834887
2025-06-24,MARUTI.NS,12830.0,12855.0,12553.0,12611.0,12475.9677734375,332717
2025-06-24,NESTLEIND.NS,1187.5,1191.800048828125,1178.8499755859375,1182.9000244140625,1171.62158203125,1100860
2025-06-24,NTPC.NS,331.0,331.70001220703125,321.3500061035156,329.95001220703125,321.4661865234375,100814893
2025-06-24,POWERGRID.NS,293.45001220703125,294.70001220703125,285.3500061035156,285.95001220703125,276.8999938964844,15007849
2025-06-24,RELIANCE.NS,1465.0,1475.0,1443.0999755859375,1450.800048828125,1445.0286865234375,16402744
2025-06-24,SBIN.NS,799.0,806.6500244140625,793.6500244140625,795.4000244140625,795.4000244140625,11402190
2025-06-24,SUNPHARMA.NS,1670.5,1686.4000244140625,1658.800048828125,1661.699951171875,1645.55859375,2066326
2025-06-24,TCS.NS,3434.60009765625,3442.10009765625,3382.0,3390.39990234375,3306.27294921875,3403048
2025-06-24,TECHM.NS,1698.800048828125,1708.5,1674.699951171875,1677.0999755859375,1629.9404296875,1923989
2025-06-24,TITAN.NS,3523.10009765625,3567.0,3506.10009765625,3526.0,3515.42041015625,968797
2025-06-24,ULTRACEMCO.NS,11559.0,11824.0,11514.0,11579.0,11506.06640625,735700
2025-06-24,WIPRO.NS,265.5,268.6499938964844,264.7099914550781,264.9700012207031,253.31863403320312,6319428
2025-06-25,ADANIPORTS.NS,1399.699951171875,1404.0,1385.5,1393.0999755859375,1393.0999755859375,1915989
2025-06-25,ASIANPAINT.NS,2276.10009765625,2294.300048828125,2275.39990234375,2279.89990234375,2276.34716796875,807368
2025-06-25,AXISBANK.NS,1226.300048828125,1226.300048828125,1211.0,1213.300048828125,1212.2640380859375,4229259
2025-06-25,BAJFINANCE.NS,918.0,930.0,916.0,928.0,928.0,6623799
2025-06-25,BHARTIARTL.NS,1942.0,1970.0,1938.0,1965.5999755859375,1949.303955078125,4152765
2025-06-25,GRASIM.NS,2791.89990234375,2843.0,2786.5,2831.800048828125,2821.535888671875,948185
2025-06-25,HCLTECH.NS,1702.0,1720.699951171875,1701.0,1717.0999755859375,1678.102294921875,1307518
2025-06-25,HDFCBANK.NS,983.0,991.0,981.9500122070312,990.0999755859375,976.8953247070312,18405932
2025-06-25,HINDUNILVR.NS,2279.0,2290.5,2271.39990234375,2278.699951171875,2260.9267578125,1047270
2025-06-25,ICICIBANK.NS,1422.0,1428.9000244140625,1415.300048828125,1425.800048828125,1414.8826904296875,7527388
2025-06-25,INDUSINDBK.NS,834.0,838.7999877929688,828.0,829.7999877929688,829.7999877929688,4946637
2025-06-25,INFY.NS,1590.0,1619.9000244140625,1585.0999755859375,1614.9000244140625,1590.550537109375,7813533
2025-06-25,ITC.NS,416.3999938964844,418.1499938964844,415.1000061035156,416.3500061035156,407.80340576171875,9946718
2025-06-25,JSWSTEEL.NS,1008.0,1027.800048828125,1008.0,1024.449951171875,1021.6986694335938,2029126
2025-06-25,KOTAKBANK.NS,444.6000061035156,444.7200012207031,438.20001220703125,439.6600036621094,439.1536865234375,17877145
2025-06-25,LT.NS,3640.0,3642.0,3608.89990234375,3619.800048828125,3619.800048828125,1405262
2025-06-25,M&M.NS,3180.0,3225.5,3160.5,3215.5,3189.872314453125,2078771
2025-06-25,MARUTI.NS,12684.0,12807.0,12617.0,12767.0,12630.2978515625,316536
2025-06-25,NESTLEIND.NS,1186.0,1214.449951171875,1186.0,1202.199951171875,1190.737548828125,2300288
2025-06-25,NTPC.NS,331.5,333.70001220703125,329.3999938964844,330.8500061035156,322.343017578125,17963666
2025-06-25,POWERGRID.NS,286.5,291.1000061035156,286.5,290.45001220703125,281.257568359375,10838516
2025-06-25,RELIANCE.NS,1464.0,1472.4000244140625,1460.5,1467.300048828125,1461.463134765625,7525851
2025-06-25,SBIN.NS,799.5,803.7999877929688,796.0999755859375,800.0499877929688,800.0499877929688,6528324
2025-06-25,SUNPHARMA.NS,1661.699951171875,1678.800048828125,1658.0999755859375,1669.5999755859375,1653.3819580078125,1372945
2025-06-25,TCS.NS,3407.300048828125,3450.0,3400.0,3444.800048828125,3359.3232421875,1757699
2025-06-25,TECHM.NS,1689.800048828125,1714.0,1675.800048828125,1705.0,1657.055908203125,1416375
2025-06-25,TITAN.NS,3550.0,3665.0,3550.0,3652.199951171875,3641.24169921875,2697912
2025-06-25,ULTRACEMCO.NS,11635.0,11771.0,11634.0,11733.0,11659.0966796875,253134
2025-06-25,WIPRO.NS,265.8999938964844,269.9599914550781,265.8500061035156,269.4100036621094,257.5633850097656,5331739
2025-06-26,ADANIPORTS.NS,1399.0,1433.0,1395.199951171875,1429.300048828125,1429.300048828125,2877806
2025-06-26,ASIANPAINT.NS,2287.0,2292.60009765625,2280.199951171875,2289.800048828125,2286.23193359375,921519
2025-06-26,AXISBANK.NS,1215.199951171875,1239.0,1211.199951171875,1233.5,1232.44677734375,8678448
2025-06-26,BAJFINANCE.NS,930.0,953.5,928.5,951.5,951.5,11677790
2025-06-26,BHARTIARTL.NS,1970.0,2018.4000244140625,1966.300048828125,2014.300048828125,1997.600341796875,9413241
2025-06-26,GRASIM.NS,2840.0,2894.89990234375,2832.0,2883.300048828125,2872.84912109375,1392932
2025-06-26,HCLTECH.NS,1710.0,1726.9000244140625,1702.699951171875,1724.0999755859375,1684.9432373046875,2971055
2025-06-26,HDFCBANK.NS,990.7000122070312,1013.5499877929688,990.0,1010.9000244140625,997.41796875,50084830
2025-06-26,HINDUNILVR.NS,2288.89990234375,2291.0,2271.60009765625,2280.800048828125,2263.010498046875,1874722
2025-06-26,ICICIBANK.NS,1424.800048828125,1447.5,1421.699951171875,1439.0999755859375,1428.080810546875,13617435
2025-06-26,INDUSINDBK.NS,834.9000244140625,840.5,824.5,836.0999755859375,836.0999755859375,4451922
2025-06-26,INFY.NS,1608.800048828125,1624.0,1606.5999755859375,1616.0,1591.6339111328125,6519233
2025-06-26,ITC.NS,417.20001220703125,420.8999938964844,416.25,420.29998779296875,411.67230224609375,13703918
2025-06-26,JSWSTEEL.NS,1030.0,1040.5,1017.1500244140625,1032.550048828125,1029.7769775390625,3892783
2025-06-26,KOTAKBANK.NS,440.4800109863281,442.0,436.0,440.7799987792969,440.27239990234375,28350635
2025-06-26,LT.NS,3620.10009765625,3669.0,3620.10009765625,3659.60009765625,3659.60009765625,2578926
2025-06-26,M&M.NS,3225.89990234375,3238.0,3183.5,3215.800048828125,3190.169921875,2907261
2025-06-26,MARUTI.NS,12780.0,12848.0,12689.0,12715.0,12578.8544921875,354735
2025-06-26,NESTLEIND.NS,1210.0,1221.800048828125,1201.5999755859375,1215.699951171875,1204.1087646484375,3115098
2025-06-26,NTPC.NS,332.3999938964844,337.79998779296875,331.29998779296875,337.1499938964844,328.4809875488281,13754087
2025-06-26,POWERGRID.NS,290.79998779296875,294.25,289.75,293.5,284.2110595703125,10232220
2025-06-26,RELIANCE.NS,1469.0999755859375,1498.800048828125,1465.0999755859375,1495.300048828125,1489.3516845703125,14657893
2025-06-26,SBIN.NS,802.0,803.3499755859375,791.4000244140625,797.0499877929688,797.0499877929688,24704402
2025-06-26,SUNPHARMA.NS,1674.800048828125,1678.9000244140625,1650.4000244140625,1669.800048828125,1653.5799560546875,2102627
2025-06-26,TCS.NS,3444.800048828125,3451.39990234375,3415.300048828125,3441.800048828125,3356.397705078125,2879106
2025-06-26,TECHM.NS,1695.0,1703.5,1670.300048828125,1690.199951171875,1642.6719970703125,2528268
2025-06-26,TITAN.NS,3655.0,3700.5,3644.0,3694.699951171875,3683.6142578125,1620497
2025-06-26,ULTRACEMCO.NS,11690.0,11986.0,11681.0,11951.0,11875.7236328125,506580
2025-06-26,WIPRO.NS,269.1000061035156,271.29998779296875,267.19000244140625,268.5199890136719,256.7125244140625,8564099
2025-06-27,ADANIPORTS.NS,1434.9000244140625,1456.800048828125,1427.0,1440.199951171875,1440.199951171875,2888390
2025-06-27,ASIANPAINT.NS,2283.0,2364.5,2277.10009765625,2358.699951171875,2355.0244140625,1555059
2025-06-27,AXISBANK.NS,1236.9000244140625,1247.0,1220.4000244140625,1225.0999755859375,1224.0538330078125,6068274
2025-06-27,BAJFINANCE.NS,950.0,959.5,936.0,947.0,947.0,21637194
2025-06-27,BHARTIARTL.NS,2010.0,2039.0,2008.5999755859375,2027.0999755859375,2010.2940673828125,6405854
2025-06-27,GRASIM.NS,2896.0,2896.0,2844.39990234375,2861.10009765625,2850.729736328125,678859
2025-06-27,HCLTECH.NS,1735.0,1752.5,1710.800048828125,1723.300048828125,1684.16162109375,6478283
2025-06-27,HDFCBANK.NS,1006.5,1009.9000244140625,996.7000122070312,1007.4500122070312,1004.9491577148438,28213384
2025-06-27,HINDUNILVR.NS,2280.800048828125,2310.5,2279.300048828125,2306.89990234375,2288.90673828125,1050745
2025-06-27,ICICIBANK.NS,1438.9000244140625,1466.0,1437.0999755859375,1462.199951171875,1451.00390625,22532899
2025-06-27,INDUSINDBK.NS,836.0,881.0,831.5,857.7000122070312,857.7000122070312,12647856
2025-06-27,INFY.NS,1619.0,1629.5999755859375,1602.4000244140625,1608.0,1583.7545166015625,8912268
2025-06-27,ITC.NS,421.0,422.0,417.79998779296875,418.6499938964844,410.0561828613281,21409935
2025-06-27,JSWSTEEL.NS,1038.449951171875,1045.699951171875,1023.2000122070312,1028.9000244140625,1026.1368408203125,1941604
2025-06-27,KOTAKBANK.NS,442.0,443.4599914550781,436.5199890136719,441.5799865722656,441.0714416503906,48247195
2025-06-27,LT.NS,3665.0,3731.39990234375,3665.0,3679.199951171875,3679.199951171875,2720600
2025-06-27,M&M.NS,3205.0,3241.5,3187.10009765625,3203.300048828125,3177.76953125,5098406
2025-06-27,MARUTI.NS,12750.0,12799.0,12621.0,12642.0,12506.6357421875,346403
2025-06-27,NESTLEIND.NS,1224.5,1231.8499755859375,1213.050048828125,1229.3499755859375,1217.628662109375,2375672
2025-06-27,NTPC.NS,338.95001220703125,341.29998779296875,334.45001220703125,338.29998779296875,329.6014404296875,50845169
2025-06-27,POWERGRID.NS,295.0,300.70001220703125,294.1499938964844,299.25,289.7790832519531,15523628
2025-06-27,RELIANCE.NS,1499.4000244140625,1522.0,1496.9000244140625,1515.4000244140625,1509.3717041015625,11117052
2025-06-27,SBIN.NS,805.0,809.4500122070312,802.6500244140625,805.4000244140625,805.4000244140625,19375990
2025-06-27,SUNPHARMA.NS,1670.199951171875,1695.699951171875,1668.199951171875,1687.5999755859375,1671.20703125,5313904
2025-06-27,TCS.NS,3455.0,3466.39990234375,3431.0,3441.10009765625,3355.71533203125,1778433
2025-06-27,TECHM.NS,1698.0,1701.800048828125,1662.5999755859375,1674.4000244140625,1627.31640625,6183785
2025-06-27,TITAN.NS,3700.0,3709.10009765625,3659.5,3666.199951171875,3655.19970703125,601285
2025-06-27,ULTRACEMCO.NS,11980.0,12246.0,11917.0,12213.0,12136.0732421875,501287
2025-06-27,WIPRO.NS,269.0,270.0,264.5,265.04998779296875,253.3950958251953,8906108
2025-06-30,ADANIPORTS.NS,1440.800048828125,1453.5,1432.699951171875,1450.199951171875,1450.199951171875,1586196
2025-06-30,ASIANPAINT.NS,2362.0,2369.89990234375,2326.10009765625,2341.10009765625,2337.4521484375,785414
2025-06-30,AXISBANK.NS,1228.9000244140625,1236.0,1193.0999755859375,1199.199951171875,1198.1759033203125,6559872
2025-06-30,BAJFINANCE.NS,956.0,956.0,934.0,936.5,936.5,6086081
2025-06-30,BHARTIARTL.NS,2018.0,2023.9000244140625,2000.199951171875,2009.5999755859375,1992.939208984375,5597484
2025-06-30,GRASIM.NS,2863.300048828125,2890.0,2836.699951171875,2844.5,2834.189697265625,447868
2025-06-30,HCLTECH.NS,1725.0,1734.800048828125,1713.300048828125,1728.5999755859375,1689.341064453125,1855229
2025-06-30,HDFCBANK.NS,1005.75,1006.9000244140625,997.75,1000.75,998.2658081054688,13649020
2025-06-30,HINDUNILVR.NS,2309.89990234375,2317.0,2288.0,2294.60009765625,2276.702880859375,1403754
2025-06-30,ICICIBANK.NS,1461.800048828125,1461.9000244140625,1442.300048828125,1445.800048828125,1434.7296142578125,6325073
2025-06-30,INDUSINDBK.NS,864.75,875.75,857.7000122070312,872.0999755859375,872.0999755859375,4353159
2025-06-30,INFY.NS,1615.0,1615.0,1594.0999755859375,1601.800048828125,1577.6480712890625,6294505
2025-06-30,ITC.NS,419.79998779296875,420.75,415.79998779296875,416.45001220703125,407.9013671875,12317124
2025-06-30,JSWSTEEL.NS,1033.050048828125,1033.0999755859375,1014.5,1020.5,1017.7593383789062,765716
2025-06-30,KOTAKBANK.NS,441.5799865722656,441.79998779296875,430.8999938964844,432.70001220703125,432.2016906738281,18638285
2025-06-30,LT.NS,3682.0,3717.5,3652.699951171875,3669.800048828125,3669.800048828125,1508882
2025-06-30,M&M.NS,3205.39990234375,3219.800048828125,3161.0,3183.199951171875,3157.829833984375,2083572
2025-06-30,MARUTI.NS,12667.0,12675.0,12332.0,12400.0,12267.2265625,448956
2025-06-30,NESTLEIND.NS,1234.0,1237.800048828125,1221.5,1232.6500244140625,1220.897216796875,1658010
2025-06-30,NTPC.NS,335.75,337.25,333.6499938964844,334.8999938964844,326.28887939453125,11858890
2025-06-30,POWERGRID.NS,300.3999938964844,301.0,296.25,299.8999938964844,290.4084777832031,8415241
2025-06-30,RELIANCE.NS,1513.800048828125,1524.800048828125,1496.0,1500.5999755859375,1494.630615234375,8409527
2025-06-30,SBIN.NS,809.0,821.0,807.0499877929688,820.3499755859375,820.3499755859375,19652607
2025-06-30,SUNPHARMA.NS,1696.0,1704.5,1671.5999755859375,1675.699951171875,1659.422607421875,2160184
2025-06-30,TCS.NS,3439.89990234375,3464.89990234375,3430.0,3462.0,3376.09619140625,1468351
2025-06-30,TECHM.NS,1680.5999755859375,1689.5,1660.0,1687.0,1639.5621337890625,1546996
2025-06-30,TITAN.NS,3666.199951171875,3698.5,3652.0,3690.199951171875,3679.127685546875,921775
2025-06-30,ULTRACEMCO.NS,12215.0,12271.0,12018.0,12093.0,12016.8291015625,333104
2025-06-30,WIPRO.NS,266.1000061035156,266.739990234375,262.8999938964844,265.9800109863281,254.2842254638672,7119563
2025-07-01,ADANIPORTS.NS,1450.300048828125,1459.800048828125,1442.0,1447.0,1447.0,2134736
2025-07-01,ASIANPAINT.NS,2380.5,2400.0,2350.199951171875,2369.5,2365.807861328125,1232160
2025-07-01,AXISBANK.NS,1202.0,1202.0,1167.0,1173.300048828125,1172.2982177734375,8702198
2025-07-01,BAJFINANCE.NS,932.5,941.7999877929688,928.0,936.6500244140625,936.6500244140625,5381327
2025-07-01,BHARTIARTL.NS,2009.0,2030.800048828125,2006.9000244140625,2019.4000244140625,2002.657958984375,3769165
2025-07-01,GRASIM.NS,2842.5,2870.0,2842.5,2848.10009765625,2837.77685546875,535639
2025-07-01,HCLTECH.NS,1728.5999755859375,1745.0,1714.0,1718.300048828125,1679.275146484375,1639826
2025-07-01,HDFCBANK.NS,1002.5,1008.0,1002.0,1006.0499877929688,1003.5526123046875,14389386
2025-07-01,HINDUNILVR.NS,2300.0,2302.60009765625,2286.60009765625,2295.5,2277.595703125,759914
2025-07-01,ICICIBANK.NS,1445.699951171875,1447.5999755859375,1429.5999755859375,1432.0,1421.03515625,7761449
2025-07-01,INDUSINDBK.NS,870.0999755859375,892.7999877929688,866.0499877929688,879.0999755859375,879.0999755859375,5729474
2025-07-01,INFY.NS,1609.0,1617.699951171875,1600.5,1606.800048828125,1582.57275390625,4178937
2025-07-01,ITC.NS,417.0,418.8500061035156,414.8999938964844,415.1000061035156,406.5790710449219,13670465
2025-07-01,JSWSTEEL.NS,1023.7000122070312,1031.5999755859375,1016.2000122070312,1029.5999755859375,1026.8348388671875,988673
2025-07-01,KOTAKBANK.NS,432.70001220703125,437.29998779296875,431.8599853515625,436.7200012207031,436.2170715332031,20128770
2025-07-01,LT.NS,3669.800048828125,3678.89990234375,3645.0,3666.699951171875,3666.699951171875,1054380
2025-07-01,M&M.NS,3188.0,3218.0,3168.199951171875,3176.10009765625,3150.786376953125,1407074
2025-07-01,MARUTI.NS,12450.0,12459.0,12320.0,12442.0,12308.77734375,283481
2025-07-01,NESTLEIND.NS,1235.0,1235.699951171875,1202.5999755859375,1205.050048828125,1193.5604248046875,1077220
2025-07-01,NTPC.NS,335.25,335.25,332.1499938964844,332.6000061035156,324.04803466796875,8903292
2025-07-01,POWERGRID.NS,301.0,301.5,297.0,297.54998779296875,288.1328430175781,12349270
2025-07-01,RELIANCE.NS,1500.5999755859375,1531.4000244140625,1500.0999755859375,1528.4000244140625,1522.320068359375,10368523
2025-07-01,SBIN.NS,820.0,824.9000244140625,813.25,820.2999877929688,820.2999877929688,11456405
2025-07-01,SUNPHARMA.NS,1675.699951171875,1684.300048828125,1657.5,1667.199951171875,1651.005126953125,3298070
2025-07-01,TCS.NS,3455.0,3485.0,3413.5,3429.699951171875,3344.597900390625,2375183
2025-07-01,TECHM.NS,1690.0,1697.4000244140625,1669.300048828125,1671.199951171875,1624.206298828125,1689051
2025-07-01,TITAN.NS,3699.0,3726.5,3667.0,3700.5,3689.39697265625,947173
2025-07-01,ULTRACEMCO.NS,12105.0,12225.0,12060.0,12210.0,12133.091796875,207437
2025-07-01,WIPRO.NS,265.5,268.3500061035156,263.70001220703125,264.54998779296875,252.91708374023438,3886095
2025-07-02,ADANIPORTS.NS,1458.0,1458.0,1440.0,1443.9000244140625,1443.9000244140625,1219600
2025-07-02,ASIANPAINT.NS,2340.0,2430.0,2327.0,2419.39990234375,2415.6298828125,1936030
2025-07-02,AXISBANK.NS,1180.0,1181.9000244140625,1172.0,1175.300048828125,1174.2965087890625,5471100
2025-07-02,BAJFINANCE.NS,933.0,939.8499755859375,914.0,923.0,923.0,9394493
2025-07-02,BHARTIARTL.NS,2037.0,2045.800048828125,2018.300048828125,2033.300048828125,2016.4427490234375,6513288
2025-07-02,GRASIM.NS,2870.0,2878.89990234375,2835.0,2849.800048828125,2839.470703125,917118
2025-07-02,HCLTECH.NS,1722.0,1738.5,1711.0,1718.5999755859375,1679.568115234375,2069447
2025-07-02,HDFCBANK.NS,1009.9500122070312,1009.9500122070312,988.9500122070312,993.0,990.5350341796875,18878250
2025-07-02,HINDUNILVR.NS,2295.0,2309.0,2287.60009765625,2307.10009765625,2289.10546875,1128034
2025-07-02,ICICIBANK.NS,1432.199951171875,1451.0,1422.5999755859375,1427.800048828125,1416.867431640625,13372280
2025-07-02,INDUSINDBK.NS,875.5,875.5,847.7000122070312,857.6500244140625,857.6500244140625,10183147
2025-07-02,INFY.NS,1618.0,1649.0,1603.4000244140625,1610.5,1586.2169189453125,8653641
2025-07-02,ITC.NS,416.8999938964844,416.8999938964844,411.70001220703125,412.95001220703125,404.47320556640625,15990899
2025-07-02,JSWSTEEL.NS,1031.0,1064.9000244140625,1031.0,1059.9000244140625,1057.0535888671875,3166924
2025-07-02,KOTAKBANK.NS,437.0,439.44000244140625,432.20001220703125,433.82000732421875,433.3204040527344,9382555
2025-07-02,LT.NS,3666.60009765625,3674.199951171875,3583.89990234375,3596.800048828125,3596.800048828125,1330176
2025-07-02,M&M.NS,3168.0,3202.699951171875,3153.699951171875,3165.199951171875,3139.97314453125,1559309
2025-07-02,MARUTI.NS,12380.0,12643.0,12359.0,12622.0,12486.849609375,609735
2025-07-02,NESTLEIND.NS,1205.25,1206.949951171875,1190.0,1194.0,1182.61572265625,1475052
2025-07-02,NTPC.NS,332.6499938964844,335.6499938964844,331.29998779296875,333.75,325.1684265136719,11326880
2025-07-02,POWERGRID.NS,297.54998779296875,298.75,293.3999938964844,294.8500061035156,285.518310546875,10826029
2025-07-02,RELIANCE.NS,1528.4000244140625,1530.0,1508.699951171875,1518.800048828125,1512.75830078125,6361002
2025-07-02,SBIN.NS,821.0,824.0499877929688,809.0,812.9000244140625,812.9000244140625,6661200
2025-07-02,SUNPHARMA.NS,1656.0,1682.0,1656.0,1677.5,1661.205078125,1611046
2025-07-02,TCS.NS,3487.199951171875,3489.89990234375,3420.0,3423.300048828125,3338.3564453125,3090585
2025-07-02,TECHM.NS,1675.0,1699.0,1667.5,1677.0999755859375,1629.9404296875,1931642
2025-07-02,TITAN.NS,3705.0,3721.89990234375,3689.0,3708.0,3696.874267578125,583514
2025-07-02,ULTRACEMCO.NS,12210.0,12527.0,12170.0,12436.0,12357.66796875,445829
2025-07-02,WIPRO.NS,265.0,268.70001220703125,264.45001220703125,267.0,255.2593536376953,8750887
2025-07-03,ADANIPORTS.NS,1444.0,1451.0999755859375,1426.699951171875,1431.0999755859375,1431.0999755859375,978007
2025-07-03,ASIANPAINT.NS,2428.89990234375,2464.39990234375,2425.0,2430.89990234375,2427.112060546875,1547480
2025-07-03,AXISBANK.NS,1178.0,1181.0,1168.0,1171.0999755859375,1170.0999755859375,6237185
2025-07-03,BAJFINANCE.NS,922.0,924.5,905.2000122070312,910.1500244140625,910.1500244140625,7606558
2025-07-03,BHARTIARTL.NS,2041.800048828125,2044.9000244140625,2012.9000244140625,2019.300048828125,2002.558837890625,5558647
2025-07-03,GRASIM.NS,2848.39990234375,2849.89990234375,2810.800048828125,2817.60009765625,2807.387451171875,393434
2025-07-03,HCLTECH.NS,1716.0,1730.5,1706.5,1711.9000244140625,1673.0203857421875,1839063
2025-07-03,HDFCBANK.NS,997.4500122070312,1004.0,992.1500244140625,993.5499877929688,991.0836181640625,16860506
2025-07-03,HINDUNILVR.NS,2310.0,2326.89990234375,2304.0,2313.39990234375,2295.356201171875,1060039
2025-07-03,ICICIBANK.NS,1432.0999755859375,1446.0999755859375,1423.699951171875,1425.9000244140625,1414.98193359375,10177738
2025-07-03,INDUSINDBK.NS,849.0,866.0,845.5499877929688,862.4000244140625,862.4000244140625,3855070
2025-07-03,INFY.NS,1618.5,1632.4000244140625,1615.0,1618.699951171875,1594.293212890625,5259695
2025-07-03,ITC.NS,414.0,416.0,411.25,413.3500061035156,404.864990234375,14185298
2025-07-03,JSWSTEEL.NS,1065.0,1067.800048828125,1042.5999755859375,1046.0999755859375,1043.29052734375,1703765
2025-07-03,KOTAKBANK.NS,427.82000732421875,430.3800048828125,424.3800048828125,425.32000732421875,424.8302001953125,23336995
2025-07-03,LT.NS,3605.0,3625.0,3576.0,3582.89990234375,3582.89990234375,1229034
2025-07-03,M&M.NS,3165.199951171875,3221.0,3164.800048828125,3174.39990234375,3149.099853515625,2102806
2025-07-03,MARUTI.NS,12630.0,12820.0,12590.0,12752.0,12615.4580078125,606221
2025-07-03,NESTLEIND.NS,1199.949951171875,1204.550048828125,1192.5,1194.199951171875,1182.8138427734375,1263638
2025-07-03,NTPC.NS,334.6000061035156,336.3500061035156,331.0,334.6000061035156,325.9966125488281,15786429
2025-07-03,POWERGRID.NS,298.3999938964844,298.95001220703125,293.1000061035156,293.70001220703125,284.4047546386719,10373094
2025-07-03,RELIANCE.NS,1520.800048828125,1531.9000244140625,1513.0,1517.800048828125,1511.76220703125,11283291
2025-07-03,SBIN.NS,813.5,814.5,805.7999877929688,807.0999755859375,807.0999755859375,7020403
2025-07-03,SUNPHARMA.NS,1677.5,1692.800048828125,1674.5,1679.699951171875,1663.3836669921875,1553777
2025-07-03,TCS.NS,3430.0,3435.300048828125,3397.60009765625,3400.800048828125,3316.4150390625,2531870
2025-07-03,TECHM.NS,1684.9000244140625,1693.0,1670.0,1671.9000244140625,1624.8865966796875,1713273
2025-07-03,TITAN.NS,3702.0,3712.89990234375,3672.199951171875,3678.699951171875,3667.662353515625,528710
2025-07-03,ULTRACEMCO.NS,12436.0,12575.0,12376.0,12398.0,12319.908203125,275755
2025-07-03,WIPRO.NS,268.3999938964844,270.8500061035156,266.45001220703125,267.04998779296875,255.30715942382812,9357962
2025-07-04,ADANIPORTS.NS,1432.0,1439.9000244140625,1416.5999755859375,1424.4000244140625,1424.4000244140625,608462
2025-07-04,ASIANPAINT.NS,2430.89990234375,2443.0,2412.0,2424.199951171875,2420.42236328125,602309
2025-07-04,AXISBANK.NS,1174.0,1179.5,1162.0,1177.5999755859375,1177.5999755859375,3926186
2025-07-04,BAJFINANCE.NS,922.0,940.7000122070312,919.0,925.2999877929688,925.2999877929688,10613046
2025-07-04,BHARTIARTL.NS,2027.0,2036.5,2005.0999755859375,2017.199951171875,2000.4761962890625,2178315
2025-07-04,GRASIM.NS,2817.60009765625,2820.0,2785.699951171875,2805.89990234375,2795.7294921875,286779
2025-07-04,HCLTECH.NS,1715.0,1729.0,1706.199951171875,1725.9000244140625,1686.702392578125,768500
2025-07-04,HDFCBANK.NS,993.5499877929688,1001.75,990.0,994.6500244140625,992.1809692382812,7863944
2025-07-04,HINDUNILVR.NS,2318.0,2341.39990234375,2310.300048828125,2339.300048828125,2321.05419921875,1242346
2025-07-04,ICICIBANK.NS,1427.0,1444.4000244140625,1421.0999755859375,1442.800048828125,1431.7525634765625,5066503
2025-07-04,INDUSINDBK.NS,857.0999755859375,863.9000244140625,849.4000244140625,856.25,856.25,2658812
2025-07-04,INFY.NS,1625.0,1643.4000244140625,1612.300048828125,1640.699951171875,1615.96142578125,4411273
2025-07-04,ITC.NS,414.8999938964844,415.0,411.75,412.54998779296875,404.0813903808594,8256733
2025-07-04,JSWSTEEL.NS,1051.699951171875,1051.699951171875,1032.0999755859375,1041.4000244140625,1038.603271484375,961108
2025-07-04,KOTAKBANK.NS,424.79998779296875,427.4599914550781,422.20001220703125,425.9599914550781,425.4694519042969,8431075
2025-07-04,LT.NS,3590.0,3600.0,3570.10009765625,3594.60009765625,3594.60009765625,696402
2025-07-04,M&M.NS,3161.10009765625,3177.0,3134.10009765625,3162.5,3162.5,968006
2025-07-04,MARUTI.NS,12715.0,12748.0,12608.0,12646.0,12510.5927734375,225607
2025-07-04,NESTLEIND.NS,1192.449951171875,1198.5,1183.550048828125,1196.4000244140625,1189.9752197265625,790114
2025-07-04,NTPC.NS,335.70001220703125,336.0,332.25,335.5,326.87347412109375,5899185
2025-07-04,POWERGRID.NS,293.70001220703125,295.1499938964844,291.6499938964844,294.0,284.6952209472656,14193884
2025-07-04,RELIANCE.NS,1524.0,1530.0,1517.199951171875,1527.300048828125,1521.2244873046875,6603501
2025-07-04,SBIN.NS,808.75,813.8499755859375,804.0999755859375,811.8499755859375,811.8499755859375,4319538
2025-07-04,SUNPHARMA.NS,1686.699951171875,1686.699951171875,1671.5999755859375,1676.300048828125,1660.0169677734375,1264399
2025-07-04,TCS.NS,3408.0,3427.0,3390.10009765625,3419.800048828125,3334.943603515625,1109320
2025-07-04,TECHM.NS,1645.0,1663.9000244140625,1640.5,1655.199951171875,1638.048828125,1310544
2025-07-04,TITAN.NS,3666.0,3690.10009765625,3645.10009765625,3686.89990234375,3675.837646484375,629926
2025-07-04,ULTRACEMCO.NS,12400.0,12542.0,12341.0,12506.0,12427.2275390625,191516
2025-07-04,WIPRO.NS,268.29998779296875,271.3999938964844,267.5,270.04998779296875,258.1752624511719,7141779
2025-07-07,ADANIPORTS.NS,1424.4000244140625,1437.800048828125,1417.0,1435.5999755859375,1435.5999755859375,764520
2025-07-07,ASIANPAINT.NS,2423.300048828125,2465.10009765625,2421.0,2442.800048828125,2438.99365234375,869054
2025-07-07,AXISBANK.NS,1177.5999755859375,1177.5999755859375,1167.5999755859375,1175.0999755859375,1175.0999755859375,5783402
2025-07-07,BAJFINANCE.NS,925.0,929.2999877929688,918.0999755859375,924.6500244140625,924.6500244140625,3383973
2025-07-07,BHARTIARTL.NS,2018.0,2036.0,2010.5999755859375,2033.9000244140625,2017.037841796875,4165432
2025-07-07,GRASIM.NS,2810.0,2819.89990234375,2775.0,2779.10009765625,2769.02685546875,278677
2025-07-07,HCLTECH.NS,1725.5,1725.5,1703.300048828125,1710.4000244140625,1671.5545654296875,1366412
2025-07-07,HDFCBANK.NS,994.5,999.2000122070312,991.9000244140625,993.7000122070312,991.2332763671875,11349426
2025-07-07,HINDUNILVR.NS,2341.0,2415.699951171875,2341.0,2410.39990234375,2391.599609375,2701583
2025-07-07,ICICIBANK.NS,1437.0,1440.9000244140625,1429.5999755859375,1435.699951171875,1424.706787109375,5177477
2025-07-07,INDUSINDBK.NS,847.0,866.9500122070312,845.2000122070312,854.4500122070312,854.4500122070312,3295065
2025-07-07,INFY.NS,1640.0,1644.0,1623.0,1627.0,1602.4681396484375,3294523
2025-07-07,ITC.NS,413.0,417.20001220703125,412.0,416.1499938964844,407.6075134277344,6845218
2025-07-07,JSWSTEEL.NS,1041.0,1045.0,1035.300048828125,1042.5999755859375,1039.7999267578125,871937
2025-07-07,KOTAKBANK.NS,426.0,431.3599853515625,424.3599853515625,429.9599914550781,429.46484375,10852925
2025-07-07,LT.NS,3599.89990234375,3609.800048828125,3575.10009765625,3581.39990234375,3581.39990234375,719539
2025-07-07,M&M.NS,3162.5,3173.0,3152.10009765625,3160.199951171875,3160.199951171875,853459
2025-07-07,MARUTI.NS,12647.0,12670.0,12471.0,12520.0,12385.9423828125,220116
2025-07-07,NESTLEIND.NS,1199.699951171875,1213.0,1194.0,1211.050048828125,1204.5465087890625,868414
2025-07-07,NTPC.NS,335.5,339.0,333.75,337.45001220703125,328.7733154296875,9454556
2025-07-07,POWERGRID.NS,294.70001220703125,296.6499938964844,293.5,295.8999938964844,286.5350646972656,6220756
2025-07-07,RELIANCE.NS,1526.5999755859375,1544.800048828125,1525.0,1541.5,1535.367919921875,7251074
2025-07-07,SBIN.NS,811.2000122070312,812.6500244140625,805.1500244140625,806.8499755859375,806.8499755859375,4461783
2025-07-07,SUNPHARMA.NS,1674.699951171875,1682.4000244140625,1663.0,1679.9000244140625,1669.05810546875,1550620
2025-07-07,TCS.NS,3418.300048828125,3426.10009765625,3408.39990234375,3411.699951171875,3327.044677734375,1639174
2025-07-07,TECHM.NS,1647.9000244140625,1647.9000244140625,1615.5,1623.9000244140625,1607.0732421875,1550115
2025-07-07,TITAN.NS,3675.5,3696.0,3647.89990234375,3666.10009765625,3655.10009765625,829472
2025-07-07,ULTRACEMCO.NS,12476.0,12500.0,12306.0,12345.0,12267.2412109375,149939
2025-07-07,WIPRO.NS,270.04998779296875,270.54998779296875,267.29998779296875,267.75,255.97637939453125,4849218
2025-07-08,ADANIPORTS.NS,1438.0,1449.9000244140625,1430.0,1448.5,1448.5,824935
2025-07-08,ASIANPAINT.NS,2440.5,2488.0,2437.300048828125,2484.60009765625,2480.728515625,1136367
2025-07-08,AXISBANK.NS,1180.0,1180.0,1161.9000244140625,1165.4000244140625,1165.4000244140625,9973619
2025-07-08,BAJFINANCE.NS,918.7999877929688,929.5,918.7999877929688,927.6500244140625,927.6500244140625,3851432
2025-07-08,BHARTIARTL.NS,2026.0,2035.0,2014.800048828125,2030.0,2013.1700439453125,3624619
2025-07-08,GRASIM.NS,2780.0,2841.300048828125,2778.199951171875,2820.800048828125,2810.57568359375,846061
2025-07-08,HCLTECH.NS,1700.0,1718.9000244140625,1687.5,1708.0999755859375,1669.306640625,2139193
2025-07-08,HDFCBANK.NS,988.5,1002.5,988.5,1000.7000122070312,998.2159423828125,15224316
2025-07-08,HINDUNILVR.NS,2405.39990234375,2418.5,2386.0,2392.699951171875,2374.03759765625,1471046
2025-07-08,ICICIBANK.NS,1432.0,1445.0,1430.0,1442.0,1430.9586181640625,5315847
2025-07-08,INDUSINDBK.NS,855.0,862.9000244140625,848.4500122070312,850.2999877929688,850.2999877929688,2344400
2025-07-08,INFY.NS,1628.0,1646.199951171875,1621.5,1638.699951171875,1613.9915771484375,4590681
2025-07-08,ITC.NS,416.1499938964844,418.1000061035156,414.6499938964844,417.20001220703125,408.635986328125,6807192
2025-07-08,JSWSTEEL.NS,1042.0,1049.5999755859375,1039.300048828125,1045.0,1045.0,828011
2025-07-08,KOTAKBANK.NS,437.0,448.29998779296875,435.239990234375,444.8999938964844,444.38763427734375,37631455
2025-07-08,LT.NS,3580.0,3614.0,3560.0,3606.39990234375,3606.39990234375,1513912
2025-07-08,M&M.NS,3150.0,3168.0,3123.0,3157.89990234375,3157.89990234375,1513129
2025-07-08,MARUTI.NS,12525.0,12555.0,12359.0,12414.0,12281.0771484375,241050
2025-07-08,NESTLEIND.NS,1211.050048828125,1217.8499755859375,1203.5,1208.949951171875,1202.457763671875,711576
2025-07-08,NTPC.NS,338.20001220703125,343.8999938964844,337.0,343.20001220703125,334.3754577636719,12092302
2025-07-08,POWERGRID.NS,294.1499938964844,298.3999938964844,293.04998779296875,297.75,288.3265380859375,6254288
2025-07-08,RELIANCE.NS,1536.0,1544.9000244140625,1530.199951171875,1537.5999755859375,1531.4833984375,7171261
2025-07-08,SBIN.NS,807.9000244140625,813.5499877929688,805.3499755859375,812.6500244140625,812.6500244140625,5935770
2025-07-08,SUNPHARMA.NS,1680.0,1682.0,1649.0999755859375,1672.5,1661.7059326171875,1860328
2025-07-08,TCS.NS,3405.0,3425.0,3393.39990234375,3406.199951171875,3321.680908203125,2325242
2025-07-08,TECHM.NS,1623.0,1643.800048828125,1619.0,1635.4000244140625,1618.4541015625,1318755
2025-07-08,TITAN.NS,3581.800048828125,3581.800048828125,3435.0,3441.300048828125,3441.300048828125,3952270
2025-07-08,ULTRACEMCO.NS,12345.0,12495.0,12305.0,12445.0,12366.611328125,219226
2025-07-08,WIPRO.NS,267.79998779296875,270.29998779296875,267.3500061035156,269.6499938964844,257.7928161621094,5519016
2025-07-09,ADANIPORTS.NS,1448.4000244140625,1455.800048828125,1438.300048828125,1443.0,1443.0,1008636
2025-07-09,ASIANPAINT.NS,2520.5,2535.0,2492.89990234375,2498.89990234375,2495.006103515625,2328636
2025-07-09,AXISBANK.NS,1160.0,1171.0,1158.5999755859375,1164.699951171875,1164.699951171875,8674795
2025-07-09,BAJFINANCE.NS,926.5,946.0,924.0,940.5999755859375,940.5999755859375,5341529
2025-07-09,BHARTIARTL.NS,2035.0,2040.699951171875,1998.5,2019.699951171875,2002.9554443359375,2937734
2025-07-09,GRASIM.NS,2813.0,2830.0,2793.60009765625,2797.89990234375,2787.758544921875,659109
2025-07-09,HCLTECH.NS,1710.0,1714.300048828125,1671.0,1674.0,1635.9810791015625,2894808
2025-07-09,HDFCBANK.NS,1003.5,1006.9000244140625,999.0499877929688,1005.5999755859375,1003.1036987304688,13861428
2025-07-09,HINDUNILVR.NS,2399.0,2439.699951171875,2397.10009765625,2423.39990234375,2404.498046875,1741690
2025-07-09,ICICIBANK.NS,1436.199951171875,1438.699951171875,1426.5999755859375,1431.9000244140625,1420.93603515625,8827347
2025-07-09,INDUSINDBK.NS,851.75,854.9000244140625,839.5499877929688,840.75,840.75,2406142
2025-07-09,INFY.NS,1637.800048828125,1638.0,1623.5999755859375,1633.699951171875,1609.0670166015625,4580828
2025-07-09,ITC.NS,416.20001220703125,420.29998779296875,415.45001220703125,419.45001220703125,410.83978271484375,9930533
2025-07-09,JSWSTEEL.NS,1051.699951171875,1052.0,1033.4000244140625,1040.4000244140625,1040.4000244140625,1666607
2025-07-09,KOTAKBANK.NS,443.3999938964844,446.82000732421875,442.79998779296875,445.8599853515625,445.3465270996094,10104510
2025-07-09,LT.NS,3605.0,3605.10009765625,3568.199951171875,3579.699951171875,3579.699951171875,1008876
2025-07-09,M&M.NS,3145.0,3189.0,3141.0,3176.300048828125,3176.300048828125,1245661
2025-07-09,MARUTI.NS,12435.0,12540.0,12430.0,12470.0,12336.4775390625,174203
2025-07-09,NESTLEIND.NS,1210.0,1218.25,1207.25,1213.9000244140625,1207.3812255859375,790360
2025-07-09,NTPC.NS,343.25,345.6000061035156,342.79998779296875,344.0,335.1548767089844,9079872
2025-07-09,POWERGRID.NS,298.25,300.0,296.3999938964844,299.6499938964844,290.1663818359375,5650646
2025-07-09,RELIANCE.NS,1536.699951171875,1551.0,1510.0999755859375,1519.0,1512.9573974609375,8870660
2025-07-09,SBIN.NS,810.0,812.4500122070312,809.0,810.9500122070312,810.9500122070312,4099112
2025-07-09,SUNPHARMA.NS,1660.0,1680.800048828125,1647.0,1669.4000244140625,1658.6259765625,2178705
2025-07-09,TCS.NS,3410.0,3414.0,3367.0,3383.800048828125,3299.837158203125,2034938
2025-07-09,TECHM.NS,1634.800048828125,1636.4000244140625,1612.0,1614.800048828125,1598.0675048828125,1173847
2025-07-09,TITAN.NS,3441.300048828125,3461.5,3420.60009765625,3432.10009765625,3432.10009765625,1868271
2025-07-09,ULTRACEMCO.NS,12410.0,12580.0,12376.0,12562.0,12482.875,379924
2025-07-09,WIPRO.NS,268.0,269.3999938964844,264.8500061035156,267.79998779296875,256.024169921875,11564433
2025-07-10,ADANIPORTS.NS,1444.0,1450.199951171875,1437.199951171875,1443.0999755859375,1443.0999755859375,1035509
2025-07-10,ASIANPAINT.NS,2507.300048828125,2512.0,2445.10009765625,2451.199951171875,2447.38037109375,932859
2025-07-10,AXISBANK.NS,1170.0999755859375,1176.5999755859375,1163.0,1164.300048828125,1164.300048828125,4339755
2025-07-10,BAJFINANCE.NS,943.0,951.7000122070312,942.25,947.6500244140625,947.6500244140625,5409906
2025-07-10,BHARTIARTL.NS,2028.5999755859375,2028.5999755859375,1962.300048828125,1964.5,1948.213134765625,5695845
2025-07-10,GRASIM.NS,2797.89990234375,2809.800048828125,2769.0,2775.10009765625,2765.04150390625,780215
2025-07-10,HCLTECH.NS,1675.0,1679.9000244140625,1649.0,1663.699951171875,1625.9150390625,2740853
2025-07-10,HDFCBANK.NS,1008.0,1008.5,1000.0,1003.0999755859375,1000.6099243164062,17030310
2025-07-10,HINDUNILVR.NS,2423.39990234375,2434.0,2397.60009765625,2408.39990234375,2389.615234375,1053695
2025-07-10,ICICIBANK.NS,1436.800048828125,1439.0,1422.0999755859375,1424.0999755859375,1413.1956787109375,7795964
2025-07-10,INDUSINDBK.NS,845.0,855.7000122070312,840.9500122070312,852.8499755859375,852.8499755859375,2560806
2025-07-10,INFY.NS,1638.9000244140625,1638.9000244140625,1607.0999755859375,1615.800048828125,1591.43701171875,5330179
2025-07-10,ITC.NS,420.29998779296875,420.29998779296875,416.3999938964844,416.8500061035156,408.29315185546875,6220360
2025-07-10,JSWSTEEL.NS,1040.9000244140625,1049.5999755859375,1034.0999755859375,1043.300048828125,1043.300048828125,1101654
2025-07-10,KOTAKBANK.NS,445.82000732421875,448.5400085449219,437.3800048828125,440.760009765625,440.2524108886719,28609065
2025-07-10,LT.NS,3575.0,3589.89990234375,3569.0,3574.699951171875,3574.699951171875,1063910
2025-07-10,M&M.NS,3172.10009765625,3192.60009765625,3137.60009765625,3162.39990234375,3162.39990234375,1701384
2025-07-10,MARUTI.NS,12500.0,12670.0,12401.0,12650.0,12514.5498046875,277325
2025-07-10,NESTLEIND.NS,1212.5,1218.449951171875,1198.800048828125,1200.699951171875,1194.2520751953125,569850
2025-07-10,NTPC.NS,344.0,345.0,341.20001220703125,341.45001220703125,332.67047119140625,6426072
2025-07-10,POWERGRID.NS,300.0,302.70001220703125,298.0,299.25,289.7790832519531,9307817
2025-07-10,RELIANCE.NS,1519.699951171875,1524.699951171875,1507.5,1517.199951171875,1511.16455078125,10047129
2025-07-10,SBIN.NS,811.2999877929688,815.5,806.9000244140625,808.0,808.0,12178137
2025-07-10,SUNPHARMA.NS,1662.0,1670.5999755859375,1647.199951171875,1662.5,1651.7703857421875,1741718
2025-07-10,TCS.NS,3380.0,3399.0,3356.0,3382.0,3298.08154296875,3035012
2025-07-10,TECHM.NS,1614.800048828125,1617.4000244140625,1590.0999755859375,1600.0999755859375,1583.519775390625,1631315
2025-07-10,TITAN.NS,3432.10009765625,3445.0,3414.0,3419.800048828125,3419.800048828125,496586
2025-07-10,ULTRACEMCO.NS,12518.0,12667.0,12482.0,12516.0,12437.1640625,269323
2025-07-10,WIPRO.NS,267.54998779296875,267.54998779296875,263.1499938964844,265.04998779296875,253.3950958251953,6911031
2025-07-11,ADANIPORTS.NS,1444.0,1453.9000244140625,1428.300048828125,1431.699951171875,1431.699951171875,819864
2025-07-11,ASIANPAINT.NS,2447.5,2484.800048828125,2435.5,2439.199951171875,2435.399169921875,1050411
2025-07-11,AXISBANK.NS,1162.0,1175.9000244140625,1160.5999755859375,1173.800048828125,1173.800048828125,4468654
2025-07-11,BAJFINANCE.NS,938.7000122070312,947.1500244140625,931.5499877929688,933.5,933.5,4278038
2025-07-11,BHARTIARTL.NS,1942.0,1959.0999755859375,1914.199951171875,1921.9000244140625,1905.96630859375,13103980
2025-07-11,GRASIM.NS,2775.10009765625,2807.5,2756.39990234375,2762.0,2751.98876953125,476850
2025-07-11,HCLTECH.NS,1643.199951171875,1655.5,1630.0,1638.300048828125,1601.0919189453125,2548153
2025-07-11,HDFCBANK.NS,999.0,1002.4000244140625,990.4500122070312,991.8499755859375,989.3878784179688,12516922
2025-07-11,HINDUNILVR.NS,2500.0,2530.0,2461.0,2519.60009765625,2499.947998046875,7242235
2025-07-11,ICICIBANK.NS,1422.0,1428.0,1414.5999755859375,1421.9000244140625,1411.0125732421875,7158015
2025-07-11,INDUSINDBK.NS,852.0,867.7000122070312,849.5999755859375,858.8499755859375,858.8499755859375,3849544
2025-07-11,INFY.NS,1579.0999755859375,1607.0999755859375,1563.0,1594.9000244140625,1570.85205078125,11391755
2025-07-11,ITC.NS,417.0,418.04998779296875,415.5,416.79998779296875,408.2441711425781,8578844
2025-07-11,JSWSTEEL.NS,1043.0,1051.199951171875,1034.0999755859375,1037.199951171875,1037.199951171875,931901
2025-07-11,KOTAKBANK.NS,440.3599853515625,445.0,439.7200012207031,444.1199951171875,443.6085510253906,13395830
2025-07-11,LT.NS,3575.0,3586.60009765625,3535.5,3540.60009765625,3540.60009765625,1439747
2025-07-11,M&M.NS,3158.0,3162.39990234375,3062.39990234375,3073.199951171875,3073.199951171875,3041614
2025-07-11,MARUTI.NS,12640.0,12685.0,12521.0,12574.0,12439.3642578125,194420
2025-07-11,NESTLEIND.NS,1202.0,1214.3499755859375,1198.550048828125,1201.75,1195.29638671875,741064
2025-07-11,NTPC.NS,340.5,344.0,339.5,342.70001220703125,333.8883361816406,17234194
2025-07-11,POWERGRID.NS,299.25,300.8999938964844,296.95001220703125,298.54998779296875,289.1011962890625,7073217
2025-07-11,RELIANCE.NS,1512.0,1515.0,1490.300048828125,1495.199951171875,1489.2520751953125,7234991
2025-07-11,SBIN.NS,807.5499877929688,812.5499877929688,804.5499877929688,808.6500244140625,808.6500244140625,6202372
2025-07-11,SUNPHARMA.NS,1665.800048828125,1679.9000244140625,1662.199951171875,1672.0,1661.2091064453125,1298302
2025-07-11,TCS.NS,3299.89990234375,3335.0,3261.10009765625,3266.0,3184.9599609375,7635550
2025-07-11,TECHM.NS,1580.0,1607.0,1577.800048828125,1602.5,1585.8948974609375,2559235
2025-07-11,TITAN.NS,3408.0,3422.199951171875,3357.0,3361.60009765625,3361.60009765625,856956
2025-07-11,ULTRACEMCO.NS,12516.0,12637.0,12452.0,12495.0,12416.296875,240034
2025-07-11,WIPRO.NS,261.0,262.04998779296875,257.75,258.29998779296875,246.94190979003906,13109857
2025-07-14,ADANIPORTS.NS,1432.0,1446.5,1426.0999755859375,1433.0,1433.0,718442
2025-07-14,ASIANPAINT.NS,2431.10009765625,2448.60009765625,2391.0,2401.60009765625,2397.85791015625,891618
2025-07-14,AXISBANK.NS,1179.0,1179.9000244140625,1163.0,1172.699951171875,1172.699951171875,4772502
2025-07-14,BAJFINANCE.NS,932.0,932.0,911.2999877929688,918.8499755859375,918.8499755859375,6657978
2025-07-14,BHARTIARTL.NS,1915.0,1927.5,1900.199951171875,1920.9000244140625,1904.974609375,5269381
2025-07-14,GRASIM.NS,2774.0,2809.0,2755.10009765625,2784.39990234375,2774.3076171875,2913912
2025-07-14,HCLTECH.NS,1640.0,1642.4000244140625,1607.0,1619.800048828125,1583.0120849609375,3334703
2025-07-14,HDFCBANK.NS,991.5,994.3499755859375,985.2999877929688,991.5,989.0387573242188,13088850
2025-07-14,HINDUNILVR.NS,2500.0,2532.5,2490.0,2516.60009765625,2496.971435546875,2427712
2025-07-14,ICICIBANK.NS,1424.9000244140625,1424.9000244140625,1416.0999755859375,1423.0,1412.1041259765625,5846154
2025-07-14,INDUSINDBK.NS,858.7999877929688,873.5,857.4500122070312,867.5999755859375,867.5999755859375,3605770
2025-07-14,INFY.NS,1591.800048828125,1591.800048828125,1559.800048828125,1570.300048828125,1546.623046875,9173426
2025-07-14,ITC.NS,417.04998779296875,419.95001220703125,416.54998779296875,419.3999938964844,410.7908020019531,6896989
2025-07-14,JSWSTEEL.NS,1040.0,1044.9000244140625,1031.800048828125,1038.9000244140625,1038.9000244140625,1238524
2025-07-14,KOTAKBANK.NS,444.7799987792969,445.3999938964844,439.4599914550781,440.760009765625,440.2524108886719,11976685
2025-07-14,LT.NS,3540.60009765625,3548.699951171875,3488.0,3495.89990234375,3495.89990234375,1358844
2025-07-14,M&M.NS,3072.800048828125,3104.800048828125,3053.60009765625,3092.10009765625,3092.10009765625,2958843
2025-07-14,MARUTI.NS,12590.0,12616.0,12431.0,12514.0,12380.0068359375,246737
2025-07-14,NESTLEIND.NS,1202.6500244140625,1207.3499755859375,1188.5,1196.449951171875,1190.02490234375,942914
2025-07-14,NTPC.NS,343.04998779296875,345.0,339.95001220703125,342.1000061035156,333.30377197265625,11516965
2025-07-14,POWERGRID.NS,299.5,300.45001220703125,297.45001220703125,298.20001220703125,288.7623291015625,5484223
2025-07-14,RELIANCE.NS,1492.199951171875,1500.0,1479.0999755859375,1483.699951171875,1477.7977294921875,10311846
2025-07-14,SBIN.NS,809.7999877929688,815.5,808.0,808.8499755859375,808.8499755859375,6938635
2025-07-14,SUNPHARMA.NS,1680.4000244140625,1696.9000244140625,1675.5,1682.5999755859375,1671.74072265625,1309704
2025-07-14,TCS.NS,3266.0,3272.0,3200.0,3222.699951171875,3142.734375,3924009
2025-07-14,TECHM.NS,1598.0,1598.0,1564.0999755859375,1576.699951171875,1560.3621826171875,2068336
2025-07-14,TITAN.NS,3372.0,3410.0,3344.0,3404.699951171875,3404.699951171875,755781
2025-07-14,ULTRACEMCO.NS,12495.0,12579.0,12430.0,12516.0,12437.1640625,278918
2025-07-14,WIPRO.NS,258.29998779296875,259.54998779296875,251.64999389648438,254.25,243.07000732421875,10388421
2025-07-15,ADANIPORTS.NS,1434.4000244140625,1449.300048828125,1429.0,1445.0999755859375,1445.0999755859375,735108
2025-07-15,ASIANPAINT.NS,2409.89990234375,2415.0,2386.300048828125,2393.5,2389.770263671875,610228
2025-07-15,AXISBANK.NS,1174.0,1179.0,1162.300048828125,1165.9000244140625,1165.9000244140625,4776756
2025-07-15,BAJFINANCE.NS,919.0,930.5999755859375,918.0,928.4000244140625,928.4000244140625,3892075
2025-07-15,BHARTIARTL.NS,1924.800048828125,1943.0,1923.199951171875,1934.199951171875,1918.164306640625,4163140
2025-07-15,GRASIM.NS,2789.0,2812.10009765625,2762.800048828125,2778.60009765625,2768.52880859375,450965
2025-07-15,HCLTECH.NS,1590.0,1621.4000244140625,1550.0,1566.4000244140625,1530.824951171875,14685607
2025-07-15,HDFCBANK.NS,986.5,1001.7999877929688,986.5,997.75,995.2732543945312,14498168
2025-07-15,HINDUNILVR.NS,2520.699951171875,2529.89990234375,2510.0,2526.89990234375,2507.19091796875,1700294
2025-07-15,ICICIBANK.NS,1421.0999755859375,1433.800048828125,1419.0,1430.800048828125,1419.844482421875,6041457
2025-07-15,INDUSINDBK.NS,871.0,886.75,869.6500244140625,881.0,881.0,3532750
2025-07-15,INFY.NS,1565.0999755859375,1603.5999755859375,1564.0,1585.5999755859375,1561.6922607421875,7614807
2025-07-15,ITC.NS,420.8999938964844,422.3999938964844,419.0,422.1000061035156,413.4353942871094,8532755
2025-07-15,JSWSTEEL.NS,1044.699951171875,1044.699951171875,1028.199951171875,1035.0,1035.0,982842
2025-07-15,KOTAKBANK.NS,442.0,446.7200012207031,436.3800048828125,437.6199951171875,437.11602783203125,14870715
2025-07-15,LT.NS,3519.0,3521.0,3481.699951171875,3494.0,3494.0,1585193
2025-07-15,M&M.NS,3086.10009765625,3148.300048828125,3082.89990234375,3128.60009765625,3128.60009765625,2826720
2025-07-15,MARUTI.NS,12481.0,12598.0,12481.0,12536.0,12401.7705078125,147377
2025-07-15,NESTLEIND.NS,1196.449951171875,1210.0,1190.050048828125,1208.1500244140625,1201.662109375,1064608
2025-07-15,NTPC.NS,343.1499938964844,344.1000061035156,340.95001220703125,342.0,333.206298828125,8450777
2025-07-15,POWERGRID.NS,298.1000061035156,300.0,296.8500061035156,298.04998779296875,288.6170349121094,6173407
2025-07-15,RELIANCE.NS,1486.199951171875,1496.5,1482.4000244140625,1485.4000244140625,1479.4910888671875,8132454
2025-07-15,SBIN.NS,811.0,821.0,810.5,816.4500122070312,816.4500122070312,9297645
2025-07-15,SUNPHARMA.NS,1705.0,1730.9000244140625,1687.9000244140625,1727.5,1716.3509521484375,3332578
2025-07-15,TCS.NS,3206.0,3259.39990234375,3206.0,3252.300048828125,3171.599853515625,2590889
2025-07-15,TECHM.NS,1554.5999755859375,1594.9000244140625,1553.0,1579.0,1562.638427734375,2574760
2025-07-15,TITAN.NS,3418.0,3422.0,3387.699951171875,3415.0,3415.0,686088
2025-07-15,ULTRACEMCO.NS,12545.0,12545.0,12425.0,12502.0,12423.2529296875,154124
2025-07-15,WIPRO.NS,254.0,259.8500061035156,252.8000030517578,257.3999938964844,246.0814971923828,8750149
2025-07-16,ADANIPORTS.NS,1447.5,1474.0,1442.9000244140625,1456.699951171875,1456.699951171875,2488981
2025-07-16,ASIANPAINT.NS,2381.0,2422.39990234375,2371.0,2410.5,2406.743896484375,1200909
2025-07-16,AXISBANK.NS,1164.9000244140625,1174.0,1157.0999755859375,1168.4000244140625,1168.4000244140625,4388279
2025-07-16,BAJFINANCE.NS,924.0,927.0,919.4000244140625,921.75,921.75,3952491
2025-07-16,BHARTIARTL.NS,1944.0,1944.0,1928.800048828125,1936.5999755859375,1920.54443359375,4211258
2025-07-16,GRASIM.NS,2784.0,2784.0,2758.0,2762.39990234375,2752.38720703125,372782
2025-07-16,HCLTECH.NS,1566.4000244140625,1574.0,1560.0,1562.800048828125,1527.306640625,5218099
2025-07-16,HDFCBANK.NS,1009.0,1011.3499755859375,996.2999877929688,998.1500244140625,995.6722412109375,17994612
2025-07-16,HINDUNILVR.NS,2526.300048828125,2532.89990234375,2507.5,2517.60009765625,2497.963623046875,1284379
2025-07-16,ICICIBANK.NS,1426.0,1429.199951171875,1419.0999755859375,1426.4000244140625,1415.4781494140625,5649093
2025-07-16,INDUSINDBK.NS,876.0,888.9500122070312,876.0,879.75,879.75,2863446
2025-07-16,INFY.NS,1579.0,1612.0,1578.5,1607.9000244140625,1583.6561279296875,6223491
2025-07-16,ITC.NS,422.1000061035156,425.45001220703125,420.29998779296875,424.6000061035156,415.8840637207031,9780773
2025-07-16,JSWSTEEL.NS,1034.0,1035.0,1020.5,1029.800048828125,1029.800048828125,1099243
2025-07-16,KOTAKBANK.NS,436.82000732421875,438.0,431.20001220703125,435.8800048828125,435.3780212402344,11438515
2025-07-16,LT.NS,3504.0,3516.0,3477.0,3503.800048828125,3503.800048828125,1266964
2025-07-16,M&M.NS,3128.60009765625,3210.0,3082.39990234375,3196.5,3196.5,2892812
2025-07-16,MARUTI.NS,12536.0,12571.0,12439.0,12564.0,12429.470703125,204480
2025-07-16,NESTLEIND.NS,1208.0,1245.0,1203.699951171875,1230.0,1223.394775390625,2810630
2025-07-16,NTPC.NS,342.0,343.79998779296875,340.79998779296875,342.45001220703125,333.6447448730469,6001484
2025-07-16,POWERGRID.NS,298.95001220703125,298.95001220703125,295.70001220703125,297.04998779296875,287.6486511230469,8144630
2025-07-16,RELIANCE.NS,1473.0,1491.0,1471.5,1485.5999755859375,1479.690185546875,10409983
2025-07-16,SBIN.NS,816.0,834.2000122070312,815.2999877929688,831.7000122070312,831.7000122070312,16458920
2025-07-16,SUNPHARMA.NS,1730.0,1731.300048828125,1698.0,1701.0,1690.02197265625,2285143
2025-07-16,TCS.NS,3227.0,3244.89990234375,3220.60009765625,3233.10009765625,3163.576171875,2540733
2025-07-16,TECHM.NS,1580.0,1611.0,1577.300048828125,1607.9000244140625,1591.239013671875,2207039
2025-07-16,TITAN.NS,3417.0,3422.199951171875,3388.5,3417.300048828125,3417.300048828125,669532
2025-07-16,ULTRACEMCO.NS,12504.0,12515.0,12398.0,12453.0,12374.5615234375,156311
2025-07-16,WIPRO.NS,257.3999938964844,264.0,256.04998779296875,262.79998779296875,251.24403381347656,12179338
2025-07-17,ADANIPORTS.NS,1455.0,1464.0,1448.9000244140625,1452.5,1452.5,1168071
2025-07-17,ASIANPAINT.NS,2404.10009765625,2414.0,2394.0,2398.89990234375,2395.161865234375,526163
2025-07-17,AXISBANK.NS,1170.0,1172.9000244140625,1154.800048828125,1159.800048828125,1159.800048828125,5694428
2025-07-17,BAJFINANCE.NS,925.9500122070312,926.25,916.0,923.2999877929688,923.2999877929688,4583882
2025-07-17,BHARTIARTL.NS,1943.699951171875,1944.9000244140625,1927.5999755859375,1929.9000244140625,1913.9000244140625,6256455
2025-07-17,GRASIM.NS,2762.0,2777.699951171875,2742.300048828125,2766.300048828125,2756.273193359375,720281
2025-07-17,HCLTECH.NS,1563.5999755859375,1566.800048828125,1542.4000244140625,1543.9000244140625,1508.8358154296875,4966082
2025-07-17,HDFCBANK.NS,1002.0,1002.4000244140625,991.3499755859375,993.4500122070312,990.98388671875,22529158
2025-07-17,HINDUNILVR.NS,2513.0,2525.39990234375,2506.199951171875,2509.800048828125,2490.224365234375,807474
2025-07-17,ICICIBANK.NS,1421.0,1423.199951171875,1409.5,1418.699951171875,1407.8370361328125,12927394
2025-07-17,INDUSINDBK.NS,879.75,890.9000244140625,862.75,865.0999755859375,865.0999755859375,4185118
2025-07-17,INFY.NS,1598.0,1610.0,1580.0999755859375,1583.5,1559.6240234375,7374814
2025-07-17,ITC.NS,425.79998779296875,425.8999938964844,423.0,423.95001220703125,415.2474060058594,7240795
2025-07-17,JSWSTEEL.NS,1030.5,1041.699951171875,1023.5,1034.199951171875,1034.199951171875,1553977
2025-07-17,KOTAKBANK.NS,435.0,438.3399963378906,433.3399963378906,434.1600036621094,433.6600036621094,10897805
2025-07-17,LT.NS,3515.0,3515.0,3467.5,3474.0,3474.0,2217275
2025-07-17,M&M.NS,3186.300048828125,3238.0,3171.0,3195.0,3195.0,3267180
2025-07-17,MARUTI.NS,12569.0,12627.0,12463.0,12476.0,12342.4130859375,189207
2025-07-17,NESTLEIND.NS,1229.0,1235.0,1223.050048828125,1224.550048828125,1217.9739990234375,546708
2025-07-17,NTPC.NS,344.20001220703125,344.5,342.0,342.6499938964844,333.839599609375,7562006
2025-07-17,POWERGRID.NS,297.54998779296875,298.20001220703125,295.79998779296875,296.6000061035156,287.21295166015625,8318287
2025-07-17,RELIANCE.NS,1487.4000244140625,1489.5999755859375,1473.9000244140625,1476.4000244140625,1470.52685546875,11854613
2025-07-17,SBIN.NS,838.4000244140625,842.5,826.3499755859375,829.0,829.0,23073718
2025-07-17,SUNPHARMA.NS,1704.0,1717.0,1696.0,1703.4000244140625,1692.406494140625,1461039
2025-07-17,TCS.NS,3224.10009765625,3242.0,3204.10009765625,3209.199951171875,3140.18994140625,2947640
2025-07-17,TECHM.NS,1583.4000244140625,1603.9000244140625,1560.9000244140625,1563.699951171875,1547.4969482421875,7617296
2025-07-17,TITAN.NS,3418.39990234375,3448.0,3416.5,3433.300048828125,3433.300048828125,559482
2025-07-17,ULTRACEMCO.NS,12465.0,12548.0,12432.0,12495.0,12416.296875,166142
2025-07-17,WIPRO.NS,263.8500061035156,264.3500061035156,258.0,260.6000061035156,249.1407928466797,7484171
2025-07-18,ADANIPORTS.NS,1452.4000244140625,1456.5,1429.0999755859375,1443.0999755859375,1443.0999755859375,1147990
2025-07-18,ASIANPAINT.NS,2400.60009765625,2405.0,2372.300048828125,2382.39990234375,2378.6875,599552
2025-07-18,AXISBANK.NS,1090.0,1115.9000244140625,1086.0,1099.300048828125,1099.300048828125,38053695
2025-07-18,BAJFINANCE.NS,920.5,944.9000244140625,920.0,942.0,942.0,7893820
2025-07-18,BHARTIARTL.NS,1915.0999755859375,1916.0,1891.800048828125,1901.0,1901.0,4643961
2025-07-18,GRASIM.NS,2771.0,2774.0,2716.5,2728.5,2718.6103515625,797380
2025-07-18,HCLTECH.NS,1544.0,1550.0,1530.0,1548.800048828125,1525.4814453125,3902458
2025-07-18,HDFCBANK.NS,993.4500122070312,998.5,976.5,978.7000122070312,976.2705078125,16129446
2025-07-18,HINDUNILVR.NS,2514.89990234375,2514.89990234375,2481.5,2489.60009765625,2470.181884765625,771112
2025-07-18,ICICIBANK.NS,1415.800048828125,1429.0,1408.5,1425.800048828125,1414.8826904296875,11297246
2025-07-18,INDUSINDBK.NS,866.0,876.4500122070312,861.25,870.0499877929688,870.0499877929688,2622714
2025-07-18,INFY.NS,1592.0999755859375,1599.300048828125,1580.0,1586.0999755859375,1562.1846923828125,5161833
2025-07-18,ITC.NS,425.20001220703125,425.20001220703125,420.1000061035156,422.75,414.072021484375,6730256
2025-07-18,JSWSTEEL.NS,1039.0,1053.5,1027.0,1034.4000244140625,1034.4000244140625,1694015
2025-07-18,KOTAKBANK.NS,433.5199890136719,433.6000061035156,426.20001220703125,428.1000061035156,428.1000061035156,12832715
2025-07-18,LT.NS,3489.0,3499.0,3450.0,3464.800048828125,3464.800048828125,1818696
2025-07-18,M&M.NS,3208.0,3252.0,3176.699951171875,3192.39990234375,3192.39990234375,2040381
2025-07-18,MARUTI.NS,12525.0,12527.0,12370.0,12419.0,12286.0234375,124068
2025-07-18,NESTLEIND.NS,1229.5,1238.449951171875,1215.5,1236.0999755859375,1229.4619140625,899652
2025-07-18,NTPC.NS,343.0,343.8999938964844,340.6499938964844,342.1000061035156,333.30377197265625,6370338
2025-07-18,POWERGRID.NS,296.5,301.5,293.5,294.1499938964844,284.8404541015625,8702106
2025-07-18,RELIANCE.NS,1484.800048828125,1484.800048828125,1469.0999755859375,1476.0,1470.12841796875,10296318
2025-07-18,SBIN.NS,832.0,832.6500244140625,820.25,823.3499755859375,823.3499755859375,15387801
2025-07-18,SUNPHARMA.NS,1709.0,1709.4000244140625,1686.699951171875,1693.5999755859375,1682.669677734375,1253929
2025-07-18,TCS.NS,3225.0,3228.800048828125,3187.0,3189.89990234375,3121.304931640625,3432645
2025-07-18,TECHM.NS,1573.0,1574.0,1538.0,1548.9000244140625,1532.850341796875,3619191
2025-07-18,TITAN.NS,3444.0,3444.0,3392.0,3402.89990234375,3402.89990234375,293360
2025-07-18,ULTRACEMCO.NS,12520.0,12558.0,12441.0,12498.0,12419.2783203125,98339
2025-07-18,WIPRO.NS,268.6000061035156,271.8999938964844,265.6000061035156,266.95001220703125,255.21157836914062,30319126
2025-07-21,ADANIPORTS.NS,1442.0999755859375,1453.0999755859375,1430.0,1450.5,1450.5,815780
2025-07-21,ASIANPAINT.NS,2382.39990234375,2408.0,2360.800048828125,2375.39990234375,2371.698486328125,390931
2025-07-21,AXISBANK.NS,1086.0,1101.5,1071.9000244140625,1099.5999755859375,1099.5999755859375,15905500
2025-07-21,BAJFINANCE.NS,938.9000244140625,951.0,937.3499755859375,948.4500122070312,948.4500122070312,4660232
2025-07-21,BHARTIARTL.NS,1894.800048828125,1919.9000244140625,1892.5999755859375,1909.199951171875,1909.199951171875,5109654
2025-07-21,GRASIM.NS,2728.0,2751.5,2713.199951171875,2741.89990234375,2731.961669921875,616378
2025-07-21,HCLTECH.NS,1548.800048828125,1550.699951171875,1526.0,1530.4000244140625,1507.3585205078125,3368842
2025-07-21,HDFCBANK.NS,989.0999755859375,1001.0,988.25,1000.25,997.7670288085938,22309078
2025-07-21,HINDUNILVR.NS,2490.89990234375,2493.60009765625,2455.39990234375,2464.89990234375,2445.674560546875,1169960
2025-07-21,ICICIBANK.NS,1448.0,1467.699951171875,1437.0,1465.800048828125,1454.576416015625,13867136
2025-07-21,INDUSINDBK.NS,870.0499877929688,870.0499877929688,830.5999755859375,858.7999877929688,858.7999877929688,6765856
2025-07-21,INFY.NS,1580.0,1589.0,1566.800048828125,1584.300048828125,1560.4119873046875,3682661
2025-07-21,ITC.NS,422.0,422.75,418.3999938964844,420.1000061035156,411.4764404296875,4822343
2025-07-21,JSWSTEEL.NS,1051.0,1053.5,1018.2999877929688,1034.800048828125,1034.800048828125,2771028
2025-07-21,KOTAKBANK.NS,427.6199951171875,433.5199890136719,426.0400085449219,433.0400085449219,433.0400085449219,9135495
2025-07-21,LT.NS,3467.60009765625,3508.10009765625,3444.89990234375,3502.800048828125,3502.800048828125,1521623
2025-07-21,M&M.NS,3177.0,3253.60009765625,3152.800048828125,3246.699951171875,3246.699951171875,2436535
2025-07-21,MARUTI.NS,12431.0,12478.0,12342.0,12405.0,12272.173828125,232066
2025-07-21,NESTLEIND.NS,1236.449951171875,1239.199951171875,1222.5,1236.300048828125,1229.660888671875,957974
2025-07-21,NTPC.NS,342.1000061035156,342.79998779296875,339.29998779296875,341.54998779296875,332.76788330078125,4463318
2025-07-21,POWERGRID.NS,294.0,297.25,292.25,297.0,287.6002502441406,5298012
2025-07-21,RELIANCE.NS,1465.0,1476.0,1423.0999755859375,1428.5999755859375,1422.9169921875,22442744
2025-07-21,SBIN.NS,823.0,827.3499755859375,817.9500122070312,824.2000122070312,824.2000122070312,8852594
2025-07-21,SUNPHARMA.NS,1681.0999755859375,1701.4000244140625,1677.5,1692.300048828125,1681.378173828125,2390289
2025-07-21,TCS.NS,3190.0,3197.60009765625,3152.0,3158.199951171875,3090.28662109375,3844346
2025-07-21,TECHM.NS,1551.0,1553.4000244140625,1531.300048828125,1543.800048828125,1527.80322265625,988104
2025-07-21,TITAN.NS,3391.0,3439.10009765625,3365.199951171875,3433.0,3433.0,561799
2025-07-21,ULTRACEMCO.NS,12560.0,12714.0,12374.0,12577.0,12497.7802734375,512521
2025-07-21,WIPRO.NS,266.95001220703125,267.1499938964844,259.20001220703125,260.3500061035156,248.90179443359375,12190000
2025-07-22,ADANIPORTS.NS,1454.5,1454.5,1417.0999755859375,1420.699951171875,1420.699951171875,976668
2025-07-22,ASIANPAINT.NS,2375.39990234375,2380.800048828125,2361.300048828125,2365.199951171875,2361.514404296875,411317
2025-07-22,AXISBANK.NS,1102.0,1110.5999755859375,1095.0,1098.0,1098.0,9999957
2025-07-22,BAJFINANCE.NS,955.0,962.0,940.0,952.5499877929688,952.5499877929688,6237382
2025-07-22,BHARTIARTL.NS,1909.199951171875,1911.300048828125,1883.0,1906.800048828125,1906.800048828125,4513541
2025-07-22,GRASIM.NS,2752.89990234375,2759.0,2717.5,2722.699951171875,2712.831298828125,664321
2025-07-22,HCLTECH.NS,1533.0999755859375,1539.800048828125,1518.300048828125,1520.0999755859375,1497.2135009765625,3218227
2025-07-22,HDFCBANK.NS,1006.5499877929688,1009.0,1001.5,1003.5499877929688,1001.058837890625,14836814
2025-07-22,HINDUNILVR.NS,2470.0,2485.0,2452.60009765625,2479.699951171875,2460.359130859375,861632
2025-07-22,ICICIBANK.NS,1474.0999755859375,1482.0,1469.699951171875,1473.5999755859375,1462.316650390625,8930165
2025-07-22,INDUSINDBK.NS,880.0,884.6500244140625,841.0999755859375,843.2000122070312,843.2000122070312,7686762
2025-07-22,INFY.NS,1565.0,1585.800048828125,1565.0,1570.9000244140625,1547.2139892578125,8473741
2025-07-22,ITC.NS,420.1000061035156,420.3999938964844,415.20001220703125,416.0,407.4606018066406,9869507
2025-07-22,JSWSTEEL.NS,1038.5999755859375,1043.199951171875,1028.5999755859375,1030.699951171875,1030.699951171875,1237568
2025-07-22,KOTAKBANK.NS,434.3999938964844,435.0,429.0,432.0400085449219,432.0400085449219,7822810
2025-07-22,LT.NS,3502.0,3507.60009765625,3454.10009765625,3464.60009765625,3464.60009765625,2586522
2025-07-22,M&M.NS,3246.699951171875,3271.89990234375,3210.5,3257.199951171875,3257.199951171875,1854072
2025-07-22,MARUTI.NS,12449.0,12530.0,12319.0,12492.0,12358.2421875,169006
2025-07-22,NESTLEIND.NS,1236.4000244140625,1238.75,1219.0,1221.75,1215.1890869140625,774548
2025-07-22,NTPC.NS,341.54998779296875,342.6000061035156,340.04998779296875,340.8500061035156,332.0859069824219,4728372
2025-07-22,POWERGRID.NS,297.1000061035156,298.8500061035156,294.54998779296875,297.79998779296875,288.37493896484375,7775653
2025-07-22,RELIANCE.NS,1427.4000244140625,1431.9000244140625,1410.699951171875,1412.800048828125,1407.179931640625,20396320
2025-07-22,SBIN.NS,827.5,828.0499877929688,814.0,815.0,815.0,7851163
2025-07-22,SUNPHARMA.NS,1686.0999755859375,1693.0999755859375,1672.800048828125,1678.0,1667.17041015625,1244491
2025-07-22,TCS.NS,3159.60009765625,3180.10009765625,3154.60009765625,3159.60009765625,3091.65673828125,3198036
2025-07-22,TECHM.NS,1550.0,1552.800048828125,1541.199951171875,1547.199951171875,1531.16796875,1404790
2025-07-22,TITAN.NS,3450.0,3490.0,3430.300048828125,3472.39990234375,3472.39990234375,1752275
2025-07-22,ULTRACEMCO.NS,12649.0,12699.0,12295.0,12452.0,12373.5673828125,533617
2025-07-22,WIPRO.NS,261.70001220703125,262.1499938964844,258.75,259.70001220703125,248.28036499023438,6724044
2025-07-23,ADANIPORTS.NS,1430.0,1438.5,1419.0,1420.800048828125,1420.800048828125,740816
2025-07-23,ASIANPAINT.NS,2363.0,2384.699951171875,2352.60009765625,2375.39990234375,2371.698486328125,368999
2025-07-23,AXISBANK.NS,1099.5,1110.5,1098.0999755859375,1104.800048828125,1104.800048828125,6633979
2025-07-23,BAJFINANCE.NS,954.0,970.9500122070312,953.6500244140625,968.2999877929688,968.2999877929688,9694991
2025-07-23,BHARTIARTL.NS,1920.0,1949.0,1907.300048828125,1943.800048828125,1943.800048828125,5194282
2025-07-23,GRASIM.NS,2735.60009765625,2736.0,2701.5,2709.10009765625,2699.28076171875,373864
2025-07-23,HCLTECH.NS,1524.0999755859375,1536.0,1518.0,1529.800048828125,1506.7674560546875,3471536
2025-07-23,HDFCBANK.NS,1005.5,1014.9000244140625,1001.5,1012.1500244140625,1009.6375122070312,13634916
2025-07-23,HINDUNILVR.NS,2481.0,2487.0,2442.0,2450.39990234375,2431.28759765625,1320795
2025-07-23,ICICIBANK.NS,1482.9000244140625,1490.0,1472.5999755859375,1488.5999755859375,1477.2017822265625,11974174
2025-07-23,INDUSINDBK.NS,849.0,854.0,841.7999877929688,851.1500244140625,851.1500244140625,2623940
2025-07-23,INFY.NS,1576.300048828125,1591.9000244140625,1550.0,1574.5,1550.7596435546875,8035026
2025-07-23,ITC.NS,417.1000061035156,417.8999938964844,414.0,414.95001220703125,406.4321594238281,12196187
2025-07-23,JSWSTEEL.NS,1034.0,1037.800048828125,1025.0,1033.800048828125,1033.800048828125,1192492
2025-07-23,KOTAKBANK.NS,434.20001220703125,435.9599914550781,431.239990234375,434.0799865722656,434.0799865722656,13952705
2025-07-23,LT.NS,3476.199951171875,3490.0,3458.60009765625,3484.89990234375,3484.89990234375,1192261
2025-07-23,M&M.NS,3260.0,3303.0,3248.0,3268.800048828125,3268.800048828125,2159800
2025-07-23,MARUTI.NS,12540.0,12719.0,12540.0,12627.0,12491.796875,342005
2025-07-23,NESTLEIND.NS,1230.0,1234.5,1216.800048828125,1226.25,1219.6649169921875,720228
2025-07-23,NTPC.NS,341.79998779296875,344.0,340.95001220703125,343.04998779296875,334.22930908203125,5058422
2025-07-23,POWERGRID.NS,298.8500061035156,299.6499938964844,297.1000061035156,299.25,289.7790832519531,5310964
2025-07-23,RELIANCE.NS,1426.0,1426.0,1414.4000244140625,1424.5999755859375,1418.932861328125,8354596
2025-07-23,SBIN.NS,812.5,825.2000122070312,811.5,820.6500244140625,820.6500244140625,15470390
2025-07-23,SUNPHARMA.NS,1678.5,1689.5999755859375,1671.4000244140625,1682.5,1671.641357421875,1229173
2025-07-23,TCS.NS,3159.60009765625,3182.0,3157.60009765625,3179.10009765625,3110.7373046875,1922875
2025-07-23,TECHM.NS,1551.0,1552.9000244140625,1534.5,1546.5999755859375,1530.5740966796875,2887100
2025-07-23,TITAN.NS,3472.39990234375,3481.89990234375,3444.0,3471.39990234375,3471.39990234375,584590
2025-07-23,ULTRACEMCO.NS,12460.0,12515.0,12358.0,12372.0,12294.0712890625,189617
2025-07-23,WIPRO.NS,260.25,261.75,258.1499938964844,261.3999938964844,249.9055938720703,6510321
2025-07-24,ADANIPORTS.NS,1423.199951171875,1426.0,1405.0,1411.5999755859375,1411.5999755859375,598011
2025-07-24,ASIANPAINT.NS,2375.39990234375,2380.0,2341.0,2352.10009765625,2348.43505859375,506960
2025-07-24,AXISBANK.NS,1104.0,1105.0,1089.4000244140625,1095.0999755859375,1095.0999755859375,9901209
2025-07-24,BAJFINANCE.NS,970.0,970.0,954.0,958.9500122070312,958.9500122070312,5189112
2025-07-24,BHARTIARTL.NS,1943.800048828125,1970.4000244140625,1933.699951171875,1936.0999755859375,1936.0999755859375,4150685
2025-07-24,GRASIM.NS,2709.10009765625,2743.300048828125,2667.300048828125,2735.89990234375,2725.9833984375,997645
2025-07-24,HCLTECH.NS,1530.0,1537.9000244140625,1501.5999755859375,1507.199951171875,1484.5076904296875,4654421
2025-07-24,HDFCBANK.NS,1018.8499755859375,1018.8499755859375,1004.2000122070312,1007.0999755859375,1004.5999755859375,19107176
2025-07-24,HINDUNILVR.NS,2455.89990234375,2466.0,2421.0,2437.800048828125,2418.785888671875,693984
2025-07-24,ICICIBANK.NS,1487.699951171875,1488.699951171875,1478.0999755859375,1483.4000244140625,1472.0416259765625,6700578
2025-07-24,INDUSINDBK.NS,855.25,860.7999877929688,845.0,847.9000244140625,847.9000244140625,2006984
2025-07-24,INFY.NS,1580.0,1582.0,1548.199951171875,1552.5,1529.0914306640625,14169664
2025-07-24,ITC.NS,415.8500061035156,415.8500061035156,409.45001220703125,409.95001220703125,401.5347900390625,9005157
2025-07-24,JSWSTEEL.NS,1039.0,1048.800048828125,1031.800048828125,1033.800048828125,1033.800048828125,1462398
2025-07-24,KOTAKBANK.NS,433.0799865722656,434.3599853515625,428.0,428.4200134277344,428.4200134277344,10292000
2025-07-24,LT.NS,3484.89990234375,3493.39990234375,3461.0,3477.5,3477.5,1083671
2025-07-24,M&M.NS,3255.0,3286.5,3243.699951171875,3260.89990234375,3260.89990234375,1469406
2025-07-24,MARUTI.NS,12648.0,12661.0,12519.0,12557.0,12422.5458984375,157163
2025-07-24,NESTLEIND.NS,1226.4000244140625,1237.5,1155.0,1161.050048828125,1154.8150634765625,5372012
2025-07-24,NTPC.NS,343.6000061035156,343.6000061035156,336.5,338.8999938964844,330.18603515625,9098453
2025-07-24,POWERGRID.NS,299.8500061035156,301.3500061035156,296.5,299.3500061035156,289.87591552734375,6294709
2025-07-24,RELIANCE.NS,1419.199951171875,1423.0,1396.0,1402.9000244140625,1397.3192138671875,14740507
2025-07-24,SBIN.NS,820.0,821.9500122070312,810.6500244140625,815.7000122070312,815.7000122070312,10118309
2025-07-24,SUNPHARMA.NS,1682.5,1696.0,1680.0999755859375,1692.0,1681.080078125,1079045
2025-07-24,TCS.NS,3165.10009765625,3173.699951171875,3140.0,3148.0,3080.30615234375,2934778
2025-07-24,TECHM.NS,1554.0,1554.0,1495.5,1498.5999755859375,1483.071533203125,2207437
2025-07-24,TITAN.NS,3467.39990234375,3489.800048828125,3458.0,3484.39990234375,3484.39990234375,630718
2025-07-24,ULTRACEMCO.NS,12372.0,12399.0,12230.0,12304.0,12226.5,180080
2025-07-24,WIPRO.NS,262.0,263.3999938964844,260.25,261.8500061035156,250.33583068847656,8139900
2025-07-25,ADANIPORTS.NS,1411.699951171875,1416.699951171875,1390.0,1396.300048828125,1396.300048828125,744410
2025-07-25,ASIANPAINT.NS,2340.0,2350.5,2325.800048828125,2336.199951171875,2332.5595703125,383636
2025-07-25,AXISBANK.NS,1086.0999755859375,1101.0,1076.199951171875,1086.0999755859375,1086.0999755859375,11779887
2025-07-25,BAJFINANCE.NS,906.4000244140625,924.9000244140625,898.0,913.75,913.75,24415481
2025-07-25,BHARTIARTL.NS,1936.0999755859375,1952.699951171875,1925.0,1937.9000244140625,1937.9000244140625,3896884
2025-07-25,GRASIM.NS,2735.0,2735.89990234375,2694.199951171875,2708.60009765625,2698.782470703125,360857
2025-07-25,HCLTECH.NS,1501.0999755859375,1512.199951171875,1486.5999755859375,1490.0999755859375,1467.6651611328125,2733655
2025-07-25,HDFCBANK.NS,1007.5,1007.5,999.5,1002.2999877929688,1002.2999877929688,9306598
2025-07-25,HINDUNILVR.NS,2426.10009765625,2428.60009765625,2405.39990234375,2415.39990234375,2396.560546875,769388
2025-07-25,ICICIBANK.NS,1500.0,1500.0,1473.5999755859375,1477.0999755859375,1465.789794921875,8696077
2025-07-25,INDUSINDBK.NS,846.4000244140625,848.4000244140625,821.4000244140625,823.7000122070312,823.7000122070312,2805230
2025-07-25,INFY.NS,1543.4000244140625,1549.5,1511.300048828125,1515.699951171875,1492.84619140625,10851259
2025-07-25,ITC.NS,410.0,410.25,407.75,409.3999938964844,400.9960632324219,5824089
2025-07-25,JSWSTEEL.NS,1033.800048828125,1035.0,1020.0999755859375,1026.9000244140625,1026.9000244140625,912255
2025-07-25,KOTAKBANK.NS,427.82000732421875,429.9800109863281,423.6600036621094,424.9200134277344,424.9200134277344,8727375
2025-07-25,LT.NS,3470.0,3477.0,3437.39990234375,3442.89990234375,3442.89990234375,1338744
2025-07-25,M&M.NS,3256.0,3259.0,3214.0,3246.39990234375,3246.39990234375,1475856
2025-07-25,MARUTI.NS,12545.0,12557.0,12357.0,12404.0,12271.1845703125,260700
2025-07-25,NESTLEIND.NS,1157.449951171875,1157.449951171875,1133.0,1137.300048828125,1131.192626953125,3178714
2025-07-25,NTPC.NS,338.8999938964844,339.8999938964844,332.54998779296875,333.20001220703125,324.6325988769531,7790739
2025-07-25,POWERGRID.NS,297.1499938964844,297.75,290.8999938964844,292.1000061035156,282.8553466796875,8202572
2025-07-25,RELIANCE.NS,1398.9000244140625,1401.0,1384.0999755859375,1391.699951171875,1386.1636962890625,11854722
2025-07-25,SBIN.NS,815.0,819.2000122070312,805.5,806.5499877929688,806.5499877929688,6734439
2025-07-25,SUNPHARMA.NS,1690.0,1702.0,1682.199951171875,1699.0,1688.034912109375,1088592
2025-07-25,TCS.NS,3140.0,3156.89990234375,3125.60009765625,3135.800048828125,3068.368408203125,2568917
2025-07-25,TECHM.NS,1490.0999755859375,1501.300048828125,1455.699951171875,1461.9000244140625,1446.7518310546875,1179664
2025-07-25,TITAN.NS,3476.39990234375,3480.0,3447.0,3462.800048828125,3462.800048828125,624410
2025-07-25,ULTRACEMCO.NS,12245.0,12345.0,12193.0,12250.0,12250.0,290381
2025-07-25,WIPRO.NS,261.79998779296875,262.04998779296875,256.04998779296875,259.20001220703125,247.8023681640625,8427780
2025-07-28,ADANIPORTS.NS,1396.300048828125,1404.0999755859375,1373.5,1376.0,1376.0,790020
2025-07-28,ASIANPAINT.NS,2336.199951171875,2366.39990234375,2320.0,2359.60009765625,2355.92333984375,650364
2025-07-28,AXISBANK.NS,1080.9000244140625,1092.199951171875,1067.4000244140625,1073.5999755859375,1073.5999755859375,9029557
2025-07-28,BAJFINANCE.NS,909.25,913.75,879.0,880.5,880.5,14011284
2025-07-28,BHARTIARTL.NS,1930.0,1930.0,1885.0,1890.300048828125,1890.300048828125,3575044
2025-07-28,GRASIM.NS,2704.10009765625,2754.5,2697.0,2727.199951171875,2717.31494140625,547126
2025-07-28,HCLTECH.NS,1490.0999755859375,1494.199951171875,1463.5,1466.0999755859375,1444.0264892578125,4404841
2025-07-28,HDFCBANK.NS,1001.5,1010.7000122070312,1000.25,1004.25,1004.25,12059580
2025-07-28,HINDUNILVR.NS,2415.39990234375,2448.300048828125,2412.300048828125,2441.60009765625,2422.556396484375,987995
2025-07-28,ICICIBANK.NS,1477.0999755859375,1493.800048828125,1477.0999755859375,1488.4000244140625,1477.00341796875,7507479
2025-07-28,INDUSINDBK.NS,825.0,828.75,798.0,802.0499877929688,802.0499877929688,5922408
2025-07-28,INFY.NS,1513.9000244140625,1519.300048828125,1482.5,1516.0,1493.1417236328125,6439855
2025-07-28,ITC.NS,410.79998779296875,410.8500061035156,408.6000061035156,409.8999938964844,401.4858093261719,8123337
2025-07-28,JSWSTEEL.NS,1029.0,1034.0,1017.4000244140625,1028.800048828125,1028.800048828125,1839488
2025-07-28,KOTAKBANK.NS,405.05999755859375,411.05999755859375,392.0,393.32000732421875,393.32000732421875,69123495
2025-07-28,LT.NS,3430.10009765625,3446.10009765625,3405.10009765625,3422.199951171875,3422.199951171875,2256080
2025-07-28,M&M.NS,3246.39990234375,3256.89990234375,3199.199951171875,3209.800048828125,3209.800048828125,1939520
2025-07-28,MARUTI.NS,12371.0,12535.0,12302.0,12340.0,12207.869140625,292879
2025-07-28,NESTLEIND.NS,1137.3499755859375,1149.949951171875,1111.050048828125,1114.6500244140625,1108.6641845703125,1879938
2025-07-28,NTPC.NS,333.45001220703125,336.6000061035156,330.3500061035156,332.95001220703125,324.3890380859375,4605823
2025-07-28,POWERGRID.NS,292.0,295.25,290.75,291.8999938964844,282.66168212890625,7037396
2025-07-28,RELIANCE.NS,1392.300048828125,1407.800048828125,1385.0,1387.5999755859375,1382.080078125,7748361
2025-07-28,SBIN.NS,806.5499877929688,808.9500122070312,796.0,797.1500244140625,797.1500244140625,7734158
2025-07-28,SUNPHARMA.NS,1702.0999755859375,1710.0999755859375,1693.9000244140625,1702.199951171875,1691.214111328125,2168507
2025-07-28,TCS.NS,3110.0,3118.0,3069.89990234375,3079.300048828125,3013.083251953125,3374473
2025-07-28,TECHM.NS,1462.0,1466.0,1445.0999755859375,1450.5999755859375,1435.56884765625,1070496
2025-07-28,TITAN.NS,3453.0,3462.60009765625,3382.0,3393.0,3393.0,603916
2025-07-28,ULTRACEMCO.NS,12274.0,12368.0,12210.0,12240.0,12240.0,214107
2025-07-28,WIPRO.NS,254.0,254.0,249.0,250.0500030517578,243.75680541992188,8998911
2025-07-29,ADANIPORTS.NS,1376.0,1398.699951171875,1373.5999755859375,1395.9000244140625,1395.9000244140625,782760
2025-07-29,ASIANPAINT.NS,2359.0,2418.300048828125,2325.0,2401.5,2397.7578125,1742815
2025-07-29,AXISBANK.NS,1070.9000244140625,1078.699951171875,1055.4000244140625,1064.199951171875,1064.199951171875,15599773
2025-07-29,BAJFINANCE.NS,875.0499877929688,894.0,873.5,886.5499877929688,886.5499877929688,11323854
2025-07-29,BHARTIARTL.NS,1880.0,1923.5999755859375,1880.0,1918.300048828125,1918.300048828125,3748040
2025-07-29,GRASIM.NS,2727.199951171875,2750.0,2705.0,2743.0,2733.0576171875,743512
2025-07-29,HCLTECH.NS,1466.0999755859375,1477.5,1461.0,1472.4000244140625,1450.231689453125,6223556
2025-07-29,HDFCBANK.NS,999.9500122070312,1013.25,998.1500244140625,1010.7999877929688,1010.7999877929688,19895696
2025-07-29,HINDUNILVR.NS,2444.800048828125,2457.5,2429.699951171875,2453.60009765625,2434.462890625,732282
2025-07-29,ICICIBANK.NS,1479.9000244140625,1489.800048828125,1475.4000244140625,1486.199951171875,1474.8201904296875,9776027
2025-07-29,INDUSINDBK.NS,800.0,818.8499755859375,790.0,808.2000122070312,808.2000122070312,16766666
2025-07-29,INFY.NS,1512.9000244140625,1517.199951171875,1496.0999755859375,1513.699951171875,1490.8763427734375,7070448
2025-07-29,ITC.NS,410.0,411.3999938964844,408.0,408.45001220703125,400.0655822753906,6811772
2025-07-29,JSWSTEEL.NS,1023.7999877929688,1051.300048828125,1023.7999877929688,1034.9000244140625,1034.9000244140625,2215340
2025-07-29,KOTAKBANK.NS,393.3999938964844,395.94000244140625,390.6000061035156,394.5400085449219,394.5400085449219,25219670
2025-07-29,LT.NS,3418.0,3504.300048828125,3406.5,3495.60009765625,3495.60009765625,1241060
2025-07-29,M&M.NS,3203.0,3225.89990234375,3186.60009765625,3199.39990234375,3199.39990234375,1824673
2025-07-29,MARUTI.NS,12340.0,12507.0,12268.0,12469.0,12335.48828125,285115
2025-07-29,NESTLEIND.NS,1115.0,1129.050048828125,1109.949951171875,1111.8499755859375,1105.879150390625,1801922
2025-07-29,NTPC.NS,332.0,335.5,328.5,334.6000061035156,325.9966125488281,7551356
2025-07-29,POWERGRID.NS,290.5,293.8999938964844,289.79998779296875,293.1000061035156,283.8236999511719,6586034
2025-07-29,RELIANCE.NS,1383.0,1420.199951171875,1383.0,1417.0999755859375,1411.4627685546875,10750072
2025-07-29,SBIN.NS,796.2000122070312,800.0,793.0999755859375,799.2000122070312,799.2000122070312,7833759
2025-07-29,SUNPHARMA.NS,1698.0,1718.0,1697.0999755859375,1710.5,1699.460693359375,1325544
2025-07-29,TCS.NS,3060.0,3074.0,3041.199951171875,3056.0,2990.284423828125,4785312
2025-07-29,TECHM.NS,1450.5999755859375,1459.0999755859375,1436.4000244140625,1453.800048828125,1438.73583984375,1458817
2025-07-29,TITAN.NS,3390.0,3397.0,3355.60009765625,3379.199951171875,3379.199951171875,511042
2025-07-29,ULTRACEMCO.NS,12200.0,12262.0,12122.0,12221.0,12221.0,208446
2025-07-29,WIPRO.NS,249.1999969482422,252.6999969482422,247.25,251.8000030517578,245.46275329589844,12923128
2025-07-30,ADANIPORTS.NS,1398.800048828125,1403.0999755859375,1391.5,1394.0,1394.0,627316
2025-07-30,ASIANPAINT.NS,2409.0,2443.800048828125,2366.5,2415.800048828125,2412.03564453125,1685818
2025-07-30,AXISBANK.NS,1070.5,1080.5999755859375,1062.0,1073.300048828125,1073.300048828125,8247433
2025-07-30,BAJFINANCE.NS,890.9500122070312,892.5999755859375,875.0,884.8499755859375,884.8499755859375,5054496
2025-07-30,BHARTIARTL.NS,1934.0,1939.199951171875,1922.0999755859375,1932.5999755859375,1932.5999755859375,5044683
2025-07-30,GRASIM.NS,2740.0,2794.0,2733.10009765625,2758.60009765625,2748.601318359375,772901
2025-07-30,HCLTECH.NS,1480.5,1484.300048828125,1468.800048828125,1476.5,1454.2698974609375,1642426
2025-07-30,HDFCBANK.NS,1014.0,1016.2999877929688,1008.5,1012.9000244140625,1012.9000244140625,15154036
2025-07-30,HINDUNILVR.NS,2442.0,2452.89990234375,2398.5,2437.39990234375,2418.388916015625,1224146
2025-07-30,ICICIBANK.NS,1487.699951171875,1488.5,1477.300048828125,1482.4000244140625,1471.04931640625,7238625
2025-07-30,INDUSINDBK.NS,811.0,814.7999877929688,795.5499877929688,801.9000244140625,801.9000244140625,3218643
2025-07-30,INFY.NS,1519.9000244140625,1521.699951171875,1506.0,1519.0,1496.0965576171875,5719051
2025-07-30,ITC.NS,409.0,409.29998779296875,405.75,407.6000061035156,399.2330322265625,10915863
2025-07-30,JSWSTEEL.NS,1046.4000244140625,1052.300048828125,1031.699951171875,1037.9000244140625,1037.9000244140625,1781038
2025-07-30,KOTAKBANK.NS,393.2200012207031,396.17999267578125,391.3999938964844,391.94000244140625,391.94000244140625,17949955
2025-07-30,LT.NS,3622.0,3685.300048828125,3590.0,3665.10009765625,3665.10009765625,8760659
2025-07-30,M&M.NS,3195.0,3241.60009765625,3151.89990234375,3208.89990234375,3208.89990234375,2199654
2025-07-30,MARUTI.NS,12431.0,12643.0,12420.0,12618.0,12482.892578125,203847
2025-07-30,NESTLEIND.NS,1115.0,1119.75,1110.8499755859375,1115.75,1109.75830078125,929698
2025-07-30,NTPC.NS,335.0,342.29998779296875,332.5,338.79998779296875,330.08856201171875,12537358
2025-07-30,POWERGRID.NS,293.0,296.5,286.6000061035156,288.95001220703125,279.8050842285156,10515572
2025-07-30,RELIANCE.NS,1418.0999755859375,1423.300048828125,1401.300048828125,1410.0999755859375,1404.4906005859375,7209849
2025-07-30,SBIN.NS,798.9500122070312,803.4000244140625,796.2000122070312,801.6500244140625,801.6500244140625,8743723
2025-07-30,SUNPHARMA.NS,1720.0,1740.5,1712.0999755859375,1733.800048828125,1722.6103515625,2318723
2025-07-30,TCS.NS,3060.0,3069.0,3047.199951171875,3053.60009765625,2987.93603515625,2880121
2025-07-30,TECHM.NS,1451.300048828125,1466.0999755859375,1448.5999755859375,1463.199951171875,1448.038330078125,1299448
2025-07-30,TITAN.NS,3380.0,3393.5,3345.300048828125,3376.5,3376.5,443735
2025-07-30,ULTRACEMCO.NS,12205.0,12381.0,12201.0,12268.0,12268.0,185681
2025-07-30,WIPRO.NS,251.4499969482422,252.5,249.1999969482422,250.1999969482422,243.90301513671875,6057152
2025-07-31,ADANIPORTS.NS,1382.0999755859375,1395.800048828125,1370.300048828125,1373.0999755859375,1373.0999755859375,1412892
2025-07-31,ASIANPAINT.NS,2401.39990234375,2417.199951171875,2373.5,2396.10009765625,2392.366455078125,1274735
2025-07-31,AXISBANK.NS,1066.0,1081.300048828125,1063.9000244140625,1068.4000244140625,1068.4000244140625,7634413
2025-07-31,BAJFINANCE.NS,872.0,887.8499755859375,868.0,881.2000122070312,881.2000122070312,6999179
2025-07-31,BHARTIARTL.NS,1913.0,1926.5,1895.5999755859375,1914.300048828125,1914.300048828125,4674966
2025-07-31,GRASIM.NS,2735.0,2771.800048828125,2727.699951171875,2746.39990234375,2736.4453125,581498
2025-07-31,HCLTECH.NS,1465.0,1482.699951171875,1459.5,1467.9000244140625,1445.7994384765625,2306285
2025-07-31,HDFCBANK.NS,1007.2999877929688,1015.7000122070312,1004.0,1009.0999755859375,1009.0999755859375,22183032
2025-07-31,HINDUNILVR.NS,2420.10009765625,2549.0,2420.10009765625,2521.199951171875,2501.535400390625,5505507
2025-07-31,ICICIBANK.NS,1469.9000244140625,1494.5,1464.0,1481.4000244140625,1470.0570068359375,12406146
2025-07-31,INDUSINDBK.NS,795.5999755859375,806.0,789.0999755859375,798.9000244140625,798.9000244140625,4480429
2025-07-31,INFY.NS,1509.699951171875,1527.0999755859375,1497.0,1509.0,1486.247314453125,6851407
2025-07-31,ITC.NS,405.95001220703125,414.0,405.54998779296875,411.95001220703125,403.4937438964844,19364174
2025-07-31,JSWSTEEL.NS,1018.0,1058.5999755859375,1018.0,1048.300048828125,1048.300048828125,3144726
2025-07-31,KOTAKBANK.NS,388.239990234375,399.7200012207031,387.0,395.7200012207031,395.7200012207031,21519590
2025-07-31,LT.NS,3625.0,3662.89990234375,3621.0,3636.5,3636.5,1927627
2025-07-31,M&M.NS,3225.0,3238.199951171875,3135.60009765625,3203.10009765625,3203.10009765625,4465859
2025-07-31,MARUTI.NS,12506.0,12760.0,12464.0,12608.0,12473.0,709783
2025-07-31,NESTLEIND.NS,1112.5,1132.949951171875,1110.5,1123.8499755859375,1117.814697265625,1346218
2025-07-31,NTPC.NS,336.04998779296875,340.1000061035156,333.0,334.25,325.65557861328125,8935384
2025-07-31,POWERGRID.NS,284.95001220703125,294.29998779296875,284.95001220703125,291.0,281.7901611328125,14283621
2025-07-31,RELIANCE.NS,1388.0999755859375,1402.5999755859375,1382.199951171875,1390.199951171875,1384.669677734375,17065827
2025-07-31,SBIN.NS,795.0999755859375,803.7999877929688,792.5499877929688,796.5499877929688,796.5499877929688,11359112
2025-07-31,SUNPHARMA.NS,1715.5,1748.0,1694.0,1706.699951171875,1695.6851806640625,3233087
2025-07-31,TCS.NS,3041.699951171875,3059.800048828125,3015.0,3036.800048828125,2971.497314453125,2968371
2025-07-31,TECHM.NS,1450.0,1473.300048828125,1447.199951171875,1463.699951171875,1448.5330810546875,1382994
2025-07-31,TITAN.NS,3340.0,3364.5,3315.5,3347.300048828125,3347.300048828125,553157
2025-07-31,ULTRACEMCO.NS,12201.0,12329.0,12155.0,12249.0,12249.0,150379
2025-07-31,WIPRO.NS,248.10000610351562,250.14999389648438,246.0500030517578,248.3000030517578,242.05084228515625,7338764
2025-08-01,ADANIPORTS.NS,1371.0,1375.9000244140625,1342.800048828125,1347.0999755859375,1347.0999755859375,1239941
2025-08-01,ASIANPAINT.NS,2378.0,2472.0,2378.0,2431.0,2427.2119140625,2225293
2025-08-01,AXISBANK.NS,1065.0,1070.9000244140625,1060.0,1062.4000244140625,1062.4000244140625,5545447
2025-08-01,BAJFINANCE.NS,884.7999877929688,895.8499755859375,873.0,875.5999755859375,875.5999755859375,5300299
2025-08-01,BHARTIARTL.NS,1914.0,1919.699951171875,1878.0,1884.4000244140625,1884.4000244140625,5192594
2025-08-01,GRASIM.NS,2748.0,2766.5,2716.0,2722.199951171875,2712.3330078125,329586
2025-08-01,HCLTECH.NS,1465.0,1466.9000244140625,1450.0,1452.0999755859375,1430.2373046875,2152783
2025-08-01,HDFCBANK.NS,1007.0,1014.1500244140625,1004.6500244140625,1006.0999755859375,1006.0999755859375,11317258
2025-08-01,HINDUNILVR.NS,2550.0,2727.5,2536.89990234375,2553.699951171875,2533.781982421875,4259653
2025-08-01,ICICIBANK.NS,1480.4000244140625,1485.0999755859375,1469.800048828125,1471.5999755859375,1460.3319091796875,4416771
2025-08-01,INDUSINDBK.NS,792.5,798.6500244140625,779.7000122070312,783.7000122070312,783.7000122070312,4739250
2025-08-01,INFY.NS,1493.9000244140625,1498.699951171875,1465.5,1469.5999755859375,1447.4412841796875,8702978
2025-08-01,ITC.NS,412.3999938964844,419.3500061035156,411.79998779296875,416.45001220703125,407.9013671875,14324065
2025-08-01,JSWSTEEL.NS,1054.0,1054.0,1023.5999755859375,1027.800048828125,1027.800048828125,1604653
2025-08-01,KOTAKBANK.NS,396.6000061035156,401.3999938964844,394.4200134277344,398.4800109863281,398.4800109863281,13361865
2025-08-01,LT.NS,3636.0,3636.0,3578.10009765625,3587.300048828125,3587.300048828125,1205945
2025-08-01,M&M.NS,3205.0,3205.0,3116.699951171875,3159.300048828125,3159.300048828125,3781457
2025-08-01,MARUTI.NS,12521.0,12779.0,12273.0,12302.0,12302.0,346024
2025-08-01,NESTLEIND.NS,1123.8499755859375,1143.8499755859375,1121.550048828125,1138.25,1132.137451171875,1410024
2025-08-01,NTPC.NS,333.0,334.75,330.20001220703125,330.8999938964844,322.3917236328125,7107542
2025-08-01,POWERGRID.NS,291.6499938964844,292.79998779296875,286.29998779296875,291.25,282.0322265625,6697683
2025-08-01,RELIANCE.NS,1386.9000244140625,1405.9000244140625,1384.300048828125,1393.699951171875,1388.15576171875,10321171
2025-08-01,SBIN.NS,795.7000122070312,801.0,792.0,794.0,794.0,15468391
2025-08-01,SUNPHARMA.NS,1690.0,1695.0,1608.0,1629.699951171875,1619.18212890625,8774548
2025-08-01,TCS.NS,3029.89990234375,3036.800048828125,3000.0,3003.0,2938.424072265625,2053847
2025-08-01,TECHM.NS,1456.5999755859375,1459.800048828125,1432.4000244140625,1438.800048828125,1423.8912353515625,1620011
2025-08-01,TITAN.NS,3340.0,3347.300048828125,3307.0,3316.0,3316.0,422977
2025-08-01,ULTRACEMCO.NS,12181.0,12289.0,12075.0,12113.0,12113.0,212570
2025-08-01,WIPRO.NS,246.5,246.89999389648438,242.1999969482422,242.75,236.64051818847656,7436999
2025-08-04,ADANIPORTS.NS,1349.800048828125,1397.0,1345.199951171875,1388.9000244140625,1388.9000244140625,1368323
2025-08-04,ASIANPAINT.NS,2443.199951171875,2467.0,2439.60009765625,2449.800048828125,2445.982666015625,1165898
2025-08-04,AXISBANK.NS,1064.4000244140625,1070.0,1059.0,1068.5999755859375,1068.5999755859375,4465845
2025-08-04,BAJFINANCE.NS,874.0,886.75,873.7000122070312,885.2999877929688,885.2999877929688,3969985
2025-08-04,BHARTIARTL.NS,1892.0,1919.9000244140625,1878.5,1914.5999755859375,1914.5999755859375,3074380
2025-08-04,GRASIM.NS,2730.0,2792.300048828125,2720.800048828125,2787.800048828125,2777.6953125,570201
2025-08-04,HCLTECH.NS,1452.0999755859375,1475.4000244140625,1440.5999755859375,1474.4000244140625,1452.2015380859375,2384774
2025-08-04,HDFCBANK.NS,1005.0499877929688,1009.25,994.0499877929688,996.0,996.0,13933946
2025-08-04,HINDUNILVR.NS,2547.0,2583.199951171875,2535.10009765625,2543.699951171875,2523.85986328125,1293028
2025-08-04,ICICIBANK.NS,1476.800048828125,1478.800048828125,1461.300048828125,1463.199951171875,1451.9962158203125,6140054
2025-08-04,INDUSINDBK.NS,783.0,805.5999755859375,781.0,804.0499877929688,804.0499877929688,2980888
2025-08-04,INFY.NS,1461.5,1482.800048828125,1451.0,1480.5,1458.177001953125,8610216
2025-08-04,ITC.NS,420.20001220703125,422.5,415.1000061035156,416.8500061035156,408.29315185546875,18352458
2025-08-04,JSWSTEEL.NS,1029.699951171875,1058.9000244140625,1026.4000244140625,1055.9000244140625,1055.9000244140625,1835680
2025-08-04,KOTAKBANK.NS,397.3999938964844,401.3999938964844,396.4200134277344,399.3999938964844,399.3999938964844,7716305
2025-08-04,LT.NS,3595.199951171875,3636.800048828125,3577.0,3631.10009765625,3631.10009765625,1033049
2025-08-04,M&M.NS,3170.0,3223.0,3160.0,3200.199951171875,3200.199951171875,2684012
2025-08-04,MARUTI.NS,12326.0,12425.0,12225.0,12365.0,12365.0,255693
2025-08-04,NESTLEIND.NS,1143.0,1143.300048828125,1129.0,1138.699951171875,1132.5849609375,812794
2025-08-04,NTPC.NS,330.8999938964844,333.29998779296875,327.20001220703125,332.0,323.46343994140625,8193399
2025-08-04,POWERGRID.NS,291.20001220703125,291.54998779296875,285.70001220703125,287.95001220703125,278.8367004394531,10397121
2025-08-04,RELIANCE.NS,1395.0999755859375,1416.0999755859375,1391.699951171875,1411.5,1405.885009765625,6312820
2025-08-04,SBIN.NS,794.5,797.2000122070312,786.5499877929688,795.7000122070312,795.7000122070312,8820724
2025-08-04,SUNPHARMA.NS,1629.800048828125,1647.4000244140625,1613.5999755859375,1641.5999755859375,1631.0052490234375,1898762
2025-08-04,TCS.NS,3009.10009765625,3079.39990234375,2991.60009765625,3074.39990234375,3008.28857421875,2519252
2025-08-04,TECHM.NS,1435.0,1477.0,1419.0999755859375,1475.0,1459.716064453125,1581473
2025-08-04,TITAN.NS,3315.0,3365.0,3308.10009765625,3356.300048828125,3356.300048828125,450434
2025-08-04,ULTRACEMCO.NS,12158.0,12290.0,12132.0,12257.0,12257.0,207875
2025-08-04,WIPRO.NS,242.75,246.4199981689453,241.10000610351562,246.0500030517578,239.8574676513672,5234393
2025-08-05,ADANIPORTS.NS,1392.0,1394.199951171875,1346.0,1358.0999755859375,1358.0999755859375,3000067
2025-08-05,ASIANPAINT.NS,2461.89990234375,2463.699951171875,2409.10009765625,2436.800048828125,2433.0029296875,659094
2025-08-05,AXISBANK.NS,1068.0,1079.9000244140625,1062.5,1070.800048828125,1070.800048828125,5318081
2025-08-05,BAJFINANCE.NS,889.0,893.5999755859375,882.4000244140625,891.9000244140625,891.9000244140625,4446791
2025-08-05,BHARTIARTL.NS,1920.0,1937.5999755859375,1912.0999755859375,1931.800048828125,1931.800048828125,5167672
2025-08-05,GRASIM.NS,2799.0,2824.89990234375,2784.699951171875,2797.199951171875,2787.061279296875,782631
2025-08-05,HCLTECH.NS,1479.9000244140625,1485.4000244140625,1471.199951171875,1482.699951171875,1460.3765869140625,2614394
2025-08-05,HDFCBANK.NS,993.25,997.2000122070312,982.75,988.7999877929688,988.7999877929688,23978058
2025-08-05,HINDUNILVR.NS,2537.5,2553.0,2517.300048828125,2534.699951171875,2514.93017578125,756361
2025-08-05,ICICIBANK.NS,1453.0,1461.5,1441.0,1444.4000244140625,1433.3402099609375,14799343
2025-08-05,INDUSINDBK.NS,820.0,848.7000122070312,810.0499877929688,819.1500244140625,819.1500244140625,18982770
2025-08-05,INFY.NS,1478.699951171875,1478.699951171875,1455.0,1460.300048828125,1438.2816162109375,10213323
2025-08-05,ITC.NS,417.20001220703125,417.95001220703125,413.0,414.1499938964844,405.6485595703125,8495104
2025-08-05,JSWSTEEL.NS,1059.0,1063.4000244140625,1048.699951171875,1053.4000244140625,1053.4000244140625,1524968
2025-08-05,KOTAKBANK.NS,401.6000061035156,401.6000061035156,398.9599914550781,400.6000061035156,400.6000061035156,12106660
2025-08-05,LT.NS,3630.0,3657.699951171875,3608.300048828125,3652.60009765625,3652.60009765625,1158433
2025-08-05,M&M.NS,3195.0,3222.0,3170.10009765625,3212.199951171875,3212.199951171875,1805644
2025-08-05,MARUTI.NS,12400.0,12577.0,12370.0,12537.0,12537.0,233560
2025-08-05,NESTLEIND.NS,1139.8499755859375,1141.199951171875,1125.050048828125,1133.6500244140625,1127.5621337890625,1135934
2025-08-05,NTPC.NS,332.45001220703125,334.3500061035156,331.29998779296875,333.6000061035156,325.0223083496094,9855535
2025-08-05,POWERGRID.NS,287.1000061035156,288.6499938964844,285.1000061035156,286.0,276.9483947753906,15561914
2025-08-05,RELIANCE.NS,1411.0,1411.0,1388.0999755859375,1391.699951171875,1386.1636962890625,9315972
2025-08-05,SBIN.NS,798.0,804.0499877929688,796.2999877929688,800.5999755859375,800.5999755859375,7381537
2025-08-05,SUNPHARMA.NS,1640.9000244140625,1644.5999755859375,1620.0999755859375,1632.0999755859375,1621.566650390625,1622897
2025-08-05,TCS.NS,3074.39990234375,3077.5,3042.0,3063.89990234375,2998.014404296875,1927996
2025-08-05,TECHM.NS,1470.0999755859375,1487.800048828125,1461.199951171875,1485.4000244140625,1470.00830078125,2929677
2025-08-05,TITAN.NS,3356.300048828125,3443.0,3348.0,3418.199951171875,3418.199951171875,837335
2025-08-05,ULTRACEMCO.NS,12330.0,12378.0,12262.0,12298.0,12298.0,267535
2025-08-05,WIPRO.NS,246.0500030517578,246.9499969482422,244.52999877929688,245.91000366210938,239.7209930419922,7383968
2025-08-06,ADANIPORTS.NS,1374.0,1386.9000244140625,1358.0999755859375,1367.0999755859375,1367.0999755859375,2293293
2025-08-06,ASIANPAINT.NS,2440.0,2505.60009765625,2440.0,2491.199951171875,2487.318115234375,2019109
2025-08-06,AXISBANK.NS,1074.0,1077.699951171875,1065.5999755859375,1071.0,1071.0,4216651
2025-08-06,BAJFINANCE.NS,888.0,895.5,874.5999755859375,876.6500244140625,876.6500244140625,4212648
2025-08-06,BHARTIARTL.NS,1930.0,1964.800048828125,1921.5999755859375,1929.699951171875,1929.699951171875,5461349
2025-08-06,GRASIM.NS,2800.0,2800.0,2758.0,2765.800048828125,2755.775146484375,393906
2025-08-06,HCLTECH.NS,1480.9000244140625,1483.699951171875,1456.4000244140625,1463.199951171875,1441.170166015625,1735697
2025-08-06,HDFCBANK.NS,985.5499877929688,994.0,985.0,992.6500244140625,992.6500244140625,14080204
2025-08-06,HINDUNILVR.NS,2538.699951171875,2563.10009765625,2526.60009765625,2535.60009765625,2515.8232421875,885487
2025-08-06,ICICIBANK.NS,1442.300048828125,1454.0,1441.5999755859375,1443.5999755859375,1432.54638671875,7805252
2025-08-06,INDUSINDBK.NS,822.0,822.0,795.4000244140625,803.3499755859375,803.3499755859375,5249912
2025-08-06,INFY.NS,1452.0,1456.0999755859375,1430.300048828125,1436.699951171875,1415.037353515625,10566934
2025-08-06,ITC.NS,414.1499938964844,415.0,410.5,412.0,403.5426940917969,9080543
2025-08-06,JSWSTEEL.NS,1059.0,1061.5,1045.800048828125,1052.5999755859375,1052.5999755859375,1797515
2025-08-06,KOTAKBANK.NS,400.6000061035156,405.1199951171875,398.5400085449219,400.4800109863281,400.4800109863281,13311395
2025-08-06,LT.NS,3650.0,3671.0,3622.199951171875,3628.39990234375,3628.39990234375,931383
2025-08-06,M&M.NS,3212.199951171875,3240.10009765625,3178.60009765625,3227.5,3227.5,1866321
2025-08-06,MARUTI.NS,12570.0,12619.0,12483.0,12524.0,12524.0,151608
2025-08-06,NESTLEIND.NS,1135.0,1136.199951171875,1113.050048828125,1116.6500244140625,1110.6534423828125,1127544
2025-08-06,NTPC.NS,333.6000061035156,335.3999938964844,331.6000061035156,332.1000061035156,323.5609130859375,13872826
2025-08-06,POWERGRID.NS,287.6000061035156,288.3999938964844,284.04998779296875,284.79998779296875,275.786376953125,12985269
2025-08-06,RELIANCE.NS,1391.9000244140625,1395.9000244140625,1383.300048828125,1392.800048828125,1387.259521484375,5834312
2025-08-06,SBIN.NS,800.9500122070312,810.2000122070312,799.0,805.1500244140625,805.1500244140625,7409396
2025-08-06,SUNPHARMA.NS,1629.699951171875,1629.699951171875,1591.0,1595.199951171875,1584.90478515625,2376257
2025-08-06,TCS.NS,3063.0,3066.800048828125,3026.0,3032.300048828125,2967.093994140625,1487081
2025-08-06,TECHM.NS,1480.0999755859375,1481.5,1453.300048828125,1459.0,1443.8818359375,1039973
2025-08-06,TITAN.NS,3437.0,3462.39990234375,3400.0,3417.699951171875,3417.699951171875,635456
2025-08-06,ULTRACEMCO.NS,12298.0,12390.0,12208.0,12226.0,12226.0,192086
2025-08-06,WIPRO.NS,246.0,246.0,239.30999755859375,239.9600067138672,233.92074584960938,7700190
2025-08-07,ADANIPORTS.NS,1351.0,1357.9000244140625,1315.0,1345.4000244140625,1345.4000244140625,2857406
2025-08-07,ASIANPAINT.NS,2484.10009765625,2510.0,2466.89990234375,2506.5,2502.59423828125,1502806
2025-08-07,AXISBANK.NS,1067.800048828125,1079.699951171875,1064.5,1076.199951171875,1076.199951171875,5321131
2025-08-07,BAJFINANCE.NS,871.0,882.0,867.25,879.0999755859375,879.0999755859375,5998002
2025-08-07,BHARTIARTL.NS,1928.0999755859375,1933.300048828125,1909.0999755859375,1922.5999755859375,1922.5999755859375,4268534
2025-08-07,GRASIM.NS,2764.0,2772.699951171875,2718.800048828125,2743.699951171875,2733.755126953125,591589
2025-08-07,HCLTECH.NS,1458.0,1479.199951171875,1451.0,1475.5,1453.2850341796875,1495363
2025-08-07,HDFCBANK.NS,990.0499877929688,1000.7999877929688,988.4000244140625,997.7000122070312,997.7000122070312,13081186
2025-08-07,HINDUNILVR.NS,2535.699951171875,2544.0,2495.0,2517.5,2497.8642578125,847151
2025-08-07,ICICIBANK.NS,1441.0999755859375,1447.9000244140625,1429.0999755859375,1440.300048828125,1429.271728515625,7432535
2025-08-07,INDUSINDBK.NS,801.8499755859375,810.0,789.0999755859375,807.3499755859375,807.3499755859375,2553303
2025-08-07,INFY.NS,1430.0,1442.0,1414.199951171875,1436.9000244140625,1415.234375,9892020
2025-08-07,ITC.NS,412.0,414.75,411.6499938964844,413.6000061035156,405.10986328125,11514878
2025-08-07,JSWSTEEL.NS,1052.5999755859375,1074.9000244140625,1046.0,1064.800048828125,1064.800048828125,1837589
2025-08-07,KOTAKBANK.NS,396.20001220703125,399.1000061035156,393.0,398.4200134277344,398.4200134277344,72760995
2025-08-07,LT.NS,3610.300048828125,3649.0,3599.199951171875,3641.60009765625,3641.60009765625,1211790
2025-08-07,M&M.NS,3198.0,3229.60009765625,3161.10009765625,3211.10009765625,3211.10009765625,2374621
2025-08-07,MARUTI.NS,12525.0,12654.0,12429.0,12632.0,12632.0,173393
2025-08-07,NESTLEIND.NS,1118.0,1123.199951171875,1107.5,1117.300048828125,1111.300048828125,1014230
2025-08-07,NTPC.NS,332.1000061035156,332.45001220703125,328.6499938964844,329.75,321.27130126953125,8731389
2025-08-07,POWERGRID.NS,284.5,286.29998779296875,283.3999938964844,285.54998779296875,276.51263427734375,8893659
2025-08-07,RELIANCE.NS,1387.699951171875,1393.699951171875,1366.0,1389.4000244140625,1383.8729248046875,9976705
2025-08-07,SBIN.NS,801.0999755859375,806.6500244140625,793.4000244140625,805.1500244140625,805.1500244140625,7091392
2025-08-07,SUNPHARMA.NS,1581.0,1605.4000244140625,1571.0,1598.4000244140625,1588.0841064453125,3435674
2025-08-07,TCS.NS,3016.0,3051.60009765625,3010.89990234375,3047.0,2981.47802734375,2543076
2025-08-07,TECHM.NS,1455.0,1492.0,1450.0,1482.0,1466.6435546875,1587489
2025-08-07,TITAN.NS,3380.0,3437.0,3377.699951171875,3415.699951171875,3415.699951171875,509599
2025-08-07,ULTRACEMCO.NS,12204.0,12309.0,12125.0,12273.0,12273.0,202031
2025-08-07,WIPRO.NS,239.11000061035156,243.17999267578125,238.61000061035156,242.32000732421875,236.2213592529297,6190830
2025-08-08,ADANIPORTS.NS,1345.4000244140625,1356.9000244140625,1317.699951171875,1325.0,1325.0,1561061
2025-08-08,ASIANPAINT.NS,2506.5,2511.699951171875,2468.5,2475.60009765625,2471.742431640625,1178226
2025-08-08,AXISBANK.NS,1073.0,1080.4000244140625,1054.199951171875,1058.0999755859375,1058.0999755859375,5084903
2025-08-08,BAJFINANCE.NS,877.0,888.2999877929688,876.0,877.1500244140625,877.1500244140625,3736916
2025-08-08,BHARTIARTL.NS,1886.300048828125,1893.800048828125,1856.0,1858.5999755859375,1858.5999755859375,93801105
2025-08-08,GRASIM.NS,2743.699951171875,2748.89990234375,2672.60009765625,2691.60009765625,2681.843994140625,1162918
2025-08-08,HCLTECH.NS,1474.800048828125,1482.199951171875,1459.0,1475.699951171875,1453.48193359375,2815614
2025-08-08,HDFCBANK.NS,993.5499877929688,996.4000244140625,985.0,986.9500122070312,986.9500122070312,13895264
2025-08-08,HINDUNILVR.NS,2516.0,2529.89990234375,2486.60009765625,2498.60009765625,2479.11181640625,839794
2025-08-08,ICICIBANK.NS,1445.9000244140625,1447.5999755859375,1432.0,1435.9000244140625,1424.9053955078125,5415511
2025-08-08,INDUSINDBK.NS,806.5999755859375,808.5,779.0,782.4500122070312,782.4500122070312,2490574
2025-08-08,INFY.NS,1425.0,1433.199951171875,1417.0999755859375,1423.0999755859375,1401.6424560546875,10048009
2025-08-08,ITC.NS,413.8999938964844,415.3500061035156,412.95001220703125,414.5,405.99139404296875,9814361
2025-08-08,JSWSTEEL.NS,1070.0,1071.4000244140625,1041.699951171875,1049.199951171875,1049.199951171875,2234463
2025-08-08,KOTAKBANK.NS,398.7799987792969,399.8999938964844,389.6400146484375,390.5400085449219,390.5400085449219,10928645
2025-08-08,LT.NS,3641.60009765625,3662.300048828125,3600.0,3607.60009765625,3607.60009765625,1337067
2025-08-08,M&M.NS,3207.0,3214.89990234375,3135.60009765625,3144.199951171875,3144.199951171875,1721037
2025-08-08,MARUTI.NS,12630.0,12725.0,12564.0,12590.0,12590.0,247048
2025-08-08,NESTLEIND.NS,1122.0,1126.4000244140625,1093.4000244140625,1096.5,1090.6116943359375,1242852
2025-08-08,NTPC.NS,330.0,337.5,329.6499938964844,334.75,326.1427001953125,11247218
2025-08-08,POWERGRID.NS,284.79998779296875,286.25,283.6000061035156,284.8500061035156,275.8348083496094,6172968
2025-08-08,RELIANCE.NS,1385.0,1397.199951171875,1365.0,1367.800048828125,1362.35888671875,8793606
2025-08-08,SBIN.NS,805.0,807.7999877929688,790.0,804.2999877929688,804.2999877929688,15708181
2025-08-08,SUNPHARMA.NS,1590.0,1602.0,1580.9000244140625,1586.9000244140625,1576.6583251953125,1654424
2025-08-08,TCS.NS,3048.10009765625,3059.800048828125,3025.0,3036.39990234375,2971.105712890625,2762140
2025-08-08,TECHM.NS,1473.800048828125,1496.0,1473.800048828125,1480.4000244140625,1465.0601806640625,1371665
2025-08-08,TITAN.NS,3450.10009765625,3489.800048828125,3403.10009765625,3460.199951171875,3460.199951171875,2184271
2025-08-08,ULTRACEMCO.NS,12285.0,12315.0,12135.0,12157.0,12157.0,201770
2025-08-08,WIPRO.NS,242.39999389648438,243.25,238.39999389648438,239.0500030517578,233.0336456298828,8922847
2025-08-11,ADANIPORTS.NS,1325.0,1348.300048828125,1313.699951171875,1339.4000244140625,1339.4000244140625,2053173
2025-08-11,ASIANPAINT.NS,2463.89990234375,2504.199951171875,2452.0,2489.10009765625,2485.221435546875,721135
2025-08-11,AXISBANK.NS,1058.0999755859375,1075.4000244140625,1052.5999755859375,1073.300048828125,1073.300048828125,5452775
2025-08-11,BAJFINANCE.NS,877.1500244140625,888.2999877929688,872.75,877.7999877929688,877.7999877929688,5367926
2025-08-11,BHARTIARTL.NS,1863.0,1866.0,1845.699951171875,1857.4000244140625,1857.4000244140625,5266532
2025-08-11,GRASIM.NS,2726.0,2795.0,2720.0,2758.89990234375,2748.89990234375,1236332
2025-08-11,HCLTECH.NS,1475.0,1531.0,1465.5999755859375,1488.0,1465.5968017578125,2374556
2025-08-11,HDFCBANK.NS,987.9500122070312,998.7999877929688,986.5499877929688,997.7999877929688,997.7999877929688,9105854
2025-08-11,HINDUNILVR.NS,2490.10009765625,2524.5,2478.5,2518.39990234375,2498.757080078125,992436
2025-08-11,ICICIBANK.NS,1427.9000244140625,1438.4000244140625,1420.4000244140625,1436.5999755859375,1425.5999755859375,8492484
2025-08-11,INDUSINDBK.NS,784.5,790.0999755859375,777.8499755859375,783.25,783.25,1629229
2025-08-11,INFY.NS,1419.9000244140625,1433.4000244140625,1414.0,1428.199951171875,1406.66552734375,6625368
2025-08-11,ITC.NS,414.5,417.0,414.0,416.8500061035156,408.29315185546875,8514272
2025-08-11,JSWSTEEL.NS,1049.199951171875,1065.0,1046.300048828125,1052.699951171875,1052.699951171875,1492814
2025-08-11,KOTAKBANK.NS,392.79998779296875,404.79998779296875,391.2799987792969,395.17999267578125,395.17999267578125,11012565
2025-08-11,LT.NS,3610.0,3676.89990234375,3600.0,3668.39990234375,3668.39990234375,1822410
2025-08-11,M&M.NS,3150.89990234375,3230.0,3130.300048828125,3186.199951171875,3186.199951171875,2046761
2025-08-11,MARUTI.NS,12585.0,12734.0,12482.0,12597.0,12597.0,187230
2025-08-11,NESTLEIND.NS,1097.0,1108.9000244140625,1087.0,1105.0,1099.0660400390625,1038967
2025-08-11,NTPC.NS,335.0,339.1000061035156,333.95001220703125,336.1499938964844,327.5067443847656,11993280
2025-08-11,POWERGRID.NS,284.8500061035156,286.3999938964844,283.29998779296875,284.8500061035156,275.8348083496094,8755499
2025-08-11,RELIANCE.NS,1370.0,1388.0,1361.199951171875,1386.199951171875,1380.6856689453125,9997486
2025-08-11,SBIN.NS,808.0,825.0,808.0,823.4500122070312,823.4500122070312,15236297
2025-08-11,SUNPHARMA.NS,1586.9000244140625,1660.0,1584.199951171875,1608.4000244140625,1598.0196533203125,1140902
2025-08-11,TCS.NS,3036.39990234375,3049.89990234375,3021.300048828125,3040.800048828125,2975.411376953125,1884215
2025-08-11,TECHM.NS,1480.4000244140625,1522.699951171875,1469.699951171875,1481.0999755859375,1465.7528076171875,888886
2025-08-11,TITAN.NS,3473.0,3487.300048828125,3402.800048828125,3467.89990234375,3467.89990234375,563586
2025-08-11,ULTRACEMCO.NS,12161.0,12425.0,12161.0,12405.0,12405.0,218605
2025-08-11,WIPRO.NS,239.0500030517578,244.75,238.6199951171875,241.6199951171875,235.53895568847656,3047287
2025-08-12,ADANIPORTS.NS,1342.0,1349.5999755859375,1328.199951171875,1330.5,1330.5,1260241
2025-08-12,ASIANPAINT.NS,2489.10009765625,2502.800048828125,2474.0,2478.300048828125,2474.438232421875,608984
2025-08-12,AXISBANK.NS,1071.0999755859375,1076.5999755859375,1066.300048828125,1070.0,1070.0,4573025
2025-08-12,BAJFINANCE.NS,877.2000122070312,884.9000244140625,851.5,853.0,853.0,8257312
2025-08-12,BHARTIARTL.NS,1857.4000244140625,1865.0,1847.0999755859375,1850.300048828125,1850.300048828125,4645011
2025-08-12,GRASIM.NS,2757.0,2761.89990234375,2705.10009765625,2740.39990234375,2740.39990234375,553341
2025-08-12,HCLTECH.NS,1490.0,1509.9000244140625,1489.0,1499.0999755859375,1476.5296630859375,3422656
2025-08-12,HDFCBANK.NS,995.9500122070312,998.0,983.75,984.9500122070312,984.9500122070312,12937802
2025-08-12,HINDUNILVR.NS,2518.0,2536.60009765625,2480.10009765625,2483.800048828125,2464.42724609375,1406211
2025-08-12,ICICIBANK.NS,1431.0,1433.800048828125,1420.0999755859375,1422.0,1422.0,5913947
2025-08-12,INDUSINDBK.NS,784.0499877929688,791.3499755859375,780.7999877929688,783.0499877929688,783.0499877929688,1462522
2025-08-12,INFY.NS,1428.199951171875,1441.0,1421.0,1424.0999755859375,1402.62744140625,9899184
2025-08-12,ITC.NS,417.0,419.79998779296875,415.29998779296875,416.3500061035156,407.80340576171875,13635738
2025-08-12,JSWSTEEL.NS,1054.800048828125,1059.9000244140625,1045.5999755859375,1048.199951171875,1048.199951171875,1231299
2025-08-12,KOTAKBANK.NS,395.0,397.17999267578125,391.2799987792969,391.79998779296875,391.79998779296875,7889120
2025-08-12,LT.NS,3680.0,3727.89990234375,3673.10009765625,3686.10009765625,3686.10009765625,2280103
2025-08-12,M&M.NS,3186.10009765625,3253.0,3185.10009765625,3236.5,3236.5,3315978
2025-08-12,MARUTI.NS,12620.0,12959.0,12606.0,12840.0,12840.0,504476
2025-08-12,NESTLEIND.NS,1108.0,1109.5999755859375,1089.0,1091.0999755859375,1085.2406005859375,758197
2025-08-12,NTPC.NS,336.25,341.8500061035156,335.75,340.1000061035156,331.3551940917969,7221182
2025-08-12,POWERGRID.NS,284.3999938964844,287.54998779296875,284.0,284.6499938964844,275.64111328125,13184438
2025-08-12,RELIANCE.NS,1381.9000244140625,1401.9000244140625,1375.199951171875,1380.4000244140625,1374.9088134765625,12244664
2025-08-12,SBIN.NS,824.9500122070312,825.5,820.0,820.5999755859375,820.5999755859375,7986728
2025-08-12,SUNPHARMA.NS,1611.699951171875,1636.699951171875,1610.0999755859375,1622.199951171875,1611.73046875,1679088
2025-08-12,TCS.NS,3041.0,3096.39990234375,3026.89990234375,3035.39990234375,2970.127197265625,3358232
2025-08-12,TECHM.NS,1482.5999755859375,1517.4000244140625,1481.0,1509.300048828125,1493.6607666015625,2532937
2025-08-12,TITAN.NS,3467.89990234375,3534.0,3460.10009765625,3486.800048828125,3486.800048828125,929276
2025-08-12,ULTRACEMCO.NS,12447.0,12530.0,12397.0,12449.0,12449.0,334100
2025-08-12,WIPRO.NS,242.6999969482422,246.2899932861328,241.10000610351562,241.72000122070312,235.63644409179688,8101435
2025-08-13,ADANIPORTS.NS,1335.199951171875,1339.300048828125,1316.5999755859375,1319.5999755859375,1319.5999755859375,1205658
2025-08-13,ASIANPAINT.NS,2479.800048828125,2504.39990234375,2461.199951171875,2500.199951171875,2496.303955078125,350844
2025-08-13,AXISBANK.NS,1071.0999755859375,1072.800048828125,1063.199951171875,1066.0,1066.0,4966778
2025-08-13,BAJFINANCE.NS,854.5499877929688,864.0,849.0,860.0,860.0,10117225
2025-08-13,BHARTIARTL.NS,1853.0,1872.5,1851.800048828125,1867.4000244140625,1867.4000244140625,6697206
2025-08-13,GRASIM.NS,2760.0,2766.0,2725.5,2745.89990234375,2745.89990234375,479944
2025-08-13,HCLTECH.NS,1500.0,1507.5,1489.0,1501.0999755859375,1478.49951171875,2916128
2025-08-13,HDFCBANK.NS,997.0,997.0,984.5499877929688,990.1500244140625,990.1500244140625,13577396
2025-08-13,HINDUNILVR.NS,2485.0,2501.5,2473.39990234375,2495.10009765625,2475.63916015625,969803
2025-08-13,ICICIBANK.NS,1424.5999755859375,1427.699951171875,1415.199951171875,1420.800048828125,1420.800048828125,9009465
2025-08-13,INDUSINDBK.NS,787.0,787.7999877929688,766.7000122070312,773.4500122070312,773.4500122070312,4114205
2025-08-13,INFY.NS,1425.0,1434.0,1422.4000244140625,1426.5999755859375,1405.0897216796875,10318063
2025-08-13,ITC.NS,417.20001220703125,417.5,413.6000061035156,414.1000061035156,405.599609375,10874910
2025-08-13,JSWSTEEL.NS,1052.199951171875,1059.5999755859375,1050.300048828125,1053.699951171875,1053.699951171875,1125769
2025-08-13,KOTAKBANK.NS,393.6000061035156,399.260009765625,392.44000244140625,397.5400085449219,397.5400085449219,13733665
2025-08-13,LT.NS,3696.0,3716.0,3681.300048828125,3693.699951171875,3693.699951171875,1227196
2025-08-13,M&M.NS,3255.0,3300.0,3238.699951171875,3282.199951171875,3282.199951171875,2436029
2025-08-13,MARUTI.NS,12840.0,12925.0,12752.0,12834.0,12834.0,252065
2025-08-13,NESTLEIND.NS,1091.0999755859375,1100.800048828125,1086.5999755859375,1096.9000244140625,1091.009521484375,813725
2025-08-13,NTPC.NS,340.29998779296875,343.0,339.1499938964844,339.95001220703125,331.2090148925781,5417151
2025-08-13,POWERGRID.NS,287.0,289.3999938964844,286.04998779296875,288.20001220703125,279.07879638671875,9928283
2025-08-13,RELIANCE.NS,1388.0,1391.800048828125,1377.5,1382.5999755859375,1377.0999755859375,7457021
2025-08-13,SBIN.NS,822.6500244140625,824.9500122070312,820.6500244140625,821.8499755859375,821.8499755859375,4447508
2025-08-13,SUNPHARMA.NS,1624.199951171875,1643.5,1617.300048828125,1639.800048828125,1629.217041015625,1313668
2025-08-13,TCS.NS,3036.10009765625,3044.39990234375,3028.60009765625,3036.199951171875,2970.91015625,2148166
2025-08-13,TECHM.NS,1515.0,1518.699951171875,1499.300048828125,1506.300048828125,1490.6917724609375,1815196
2025-08-13,TITAN.NS,3486.800048828125,3494.89990234375,3463.199951171875,3466.800048828125,3466.800048828125,360474
2025-08-13,ULTRACEMCO.NS,12485.0,12517.0,12388.0,12401.0,12401.0,207359
2025-08-13,WIPRO.NS,242.88999938964844,242.88999938964844,240.1199951171875,241.64999389648438,235.56820678710938,5820844
2025-08-14,ADANIPORTS.NS,1324.800048828125,1329.0,1290.5,1300.300048828125,1300.300048828125,2298528
2025-08-14,ASIANPAINT.NS,2505.0,2534.89990234375,2497.699951171875,2528.699951171875,2524.759521484375,1088550
2025-08-14,AXISBANK.NS,1067.0,1072.4000244140625,1062.0,1068.199951171875,1068.199951171875,6761305
2025-08-14,BAJFINANCE.NS,860.0,866.9000244140625,855.4500122070312,861.4500122070312,861.4500122070312,5379250
2025-08-14,BHARTIARTL.NS,1873.0,1883.0,1866.800048828125,1873.800048828125,1873.800048828125,3958631
2025-08-14,GRASIM.NS,2745.89990234375,2770.0,2731.10009765625,2764.89990234375,2764.89990234375,618912
2025-08-14,HCLTECH.NS,1501.0,1516.199951171875,1485.800048828125,1489.800048828125,1467.3697509765625,4227538
2025-08-14,HDFCBANK.NS,989.0,998.0,985.5999755859375,995.5499877929688,995.5499877929688,17511716
2025-08-14,HINDUNILVR.NS,2498.89990234375,2509.0,2473.199951171875,2480.60009765625,2461.252197265625,1104362
2025-08-14,ICICIBANK.NS,1412.0,1431.0999755859375,1412.0,1427.300048828125,1427.300048828125,7577793
2025-08-14,INDUSINDBK.NS,773.4500122070312,779.7999877929688,765.7000122070312,769.75,769.75,1859573
2025-08-14,INFY.NS,1426.199951171875,1470.0,1426.199951171875,1447.699951171875,1425.8714599609375,12902347
2025-08-14,ITC.NS,414.25,415.04998779296875,411.0,411.45001220703125,403.0039978027344,9580361
2025-08-14,JSWSTEEL.NS,1055.0,1058.0999755859375,1038.9000244140625,1045.5,1045.5,870899
2025-08-14,KOTAKBANK.NS,397.6000061035156,398.70001220703125,395.1000061035156,395.6400146484375,395.6400146484375,9922965
2025-08-14,LT.NS,3700.0,3708.5,3641.699951171875,3677.0,3677.0,1769702
2025-08-14,M&M.NS,3273.199951171875,3313.5,3262.0,3265.39990234375,3265.39990234375,1508721
2025-08-14,MARUTI.NS,12864.0,12956.0,12825.0,12936.0,12936.0,318580
2025-08-14,NESTLEIND.NS,1099.9000244140625,1103.0,1084.699951171875,1089.4000244140625,1083.5498046875,941698
2025-08-14,NTPC.NS,339.95001220703125,340.45001220703125,336.29998779296875,339.3500061035156,330.6244201660156,5689423
2025-08-14,POWERGRID.NS,289.04998779296875,290.1499938964844,287.1499938964844,288.70001220703125,279.56298828125,8464495
2025-08-14,RELIANCE.NS,1377.300048828125,1380.699951171875,1370.0999755859375,1373.800048828125,1373.800048828125,7126128
2025-08-14,SBIN.NS,822.0,828.0,819.0999755859375,826.5499877929688,826.5499877929688,7087573
2025-08-14,SUNPHARMA.NS,1639.800048828125,1651.0999755859375,1632.199951171875,1641.4000244140625,1630.806640625,1738094
2025-08-14,TCS.NS,3034.0,3055.89990234375,3019.10009765625,3022.300048828125,2957.30908203125,3342174
2025-08-14,TECHM.NS,1509.9000244140625,1529.9000244140625,1485.0,1486.699951171875,1471.2947998046875,1715172
2025-08-14,TITAN.NS,3476.5,3505.800048828125,3464.10009765625,3489.39990234375,3489.39990234375,597987
2025-08-14,ULTRACEMCO.NS,12413.0,12428.0,12225.0,12317.0,12317.0,235741
2025-08-14,WIPRO.NS,243.10000610351562,248.42999267578125,242.41000366210938,246.80999755859375,240.5983428955078,12857225
2025-08-18,ADANIPORTS.NS,1321.9000244140625,1332.0,1295.0,1327.199951171875,1327.199951171875,10225114
2025-08-18,ASIANPAINT.NS,2550.0,2595.0,2536.60009765625,2587.39990234375,2583.3681640625,1755615
2025-08-18,AXISBANK.NS,1080.0,1090.0,1079.4000244140625,1082.5999755859375,1082.5999755859375,7964987
2025-08-18,BAJFINANCE.NS,875.0,919.6500244140625,875.0,905.2000122070312,905.2000122070312,16277779
2025-08-18,BHARTIARTL.NS,1892.5,1912.5999755859375,1870.300048828125,1892.300048828125,1892.300048828125,7146376
2025-08-18,GRASIM.NS,2795.0,2865.39990234375,2776.5,2845.89990234375,2845.89990234375,1279195
2025-08-18,HCLTECH.NS,1498.0999755859375,1501.9000244140625,1475.9000244140625,1485.0,1462.64208984375,2795155
2025-08-18,HDFCBANK.NS,1005.0,1013.2999877929688,997.7999877929688,1001.7999877929688,1001.7999877929688,19284796
2025-08-18,HINDUNILVR.NS,2539.0,2597.0,2521.300048828125,2568.10009765625,2548.06982421875,3089136
2025-08-18,ICICIBANK.NS,1450.0,1452.4000244140625,1431.0,1434.5999755859375,1434.5999755859375,6908844
2025-08-18,INDUSINDBK.NS,777.5,795.9000244140625,777.5,788.6500244140625,788.6500244140625,3029689
2025-08-18,INFY.NS,1464.699951171875,1464.699951171875,1429.5999755859375,1435.800048828125,1414.1510009765625,7254561
2025-08-18,ITC.NS,413.0,413.70001220703125,404.8500061035156,406.29998779296875,397.9596862792969,30950814
2025-08-18,JSWSTEEL.NS,1060.0,1084.0,1050.0,1079.800048828125,1079.800048828125,3252940
2025-08-18,KOTAKBANK.NS,399.5799865722656,405.20001220703125,399.4200134277344,400.2799987792969,400.2799987792969,21519720
2025-08-18,LT.NS,3699.0,3701.5,3621.699951171875,3635.10009765625,3635.10009765625,1950151
2025-08-18,M&M.NS,3350.0,3432.0,3335.300048828125,3383.10009765625,3383.10009765625,5787481
2025-08-18,MARUTI.NS,13703.0,14125.0,13664.0,14068.0,14068.0,2154781
2025-08-18,NESTLEIND.NS,1120.5,1169.9000244140625,1120.5,1144.0999755859375,1137.9560546875,3478231
2025-08-18,NTPC.NS,341.45001220703125,341.79998779296875,335.45001220703125,336.04998779296875,327.4093017578125,6511340
2025-08-18,POWERGRID.NS,289.5,291.29998779296875,288.5,290.3500061035156,281.1607360839844,9836105
2025-08-18,RELIANCE.NS,1390.0,1394.9000244140625,1377.0,1381.699951171875,1381.699951171875,11785109
2025-08-18,SBIN.NS,836.0,838.0,825.1500244140625,827.6500244140625,827.6500244140625,6138124
2025-08-18,SUNPHARMA.NS,1649.5999755859375,1649.5999755859375,1625.4000244140625,1632.699951171875,1622.1627197265625,3080173
2025-08-18,TCS.NS,3046.5,3049.0,3003.39990234375,3011.199951171875,2946.44775390625,2945609
2025-08-18,TECHM.NS,1500.0,1500.0,1468.0999755859375,1471.199951171875,1455.9554443359375,1249405
2025-08-18,TITAN.NS,3496.0,3574.800048828125,3493.5,3554.800048828125,3554.800048828125,1253006
2025-08-18,ULTRACEMCO.NS,12628.0,12904.0,12556.0,12765.0,12765.0,808480
2025-08-18,WIPRO.NS,248.63999938964844,249.00999450683594,244.75999450683594,245.2100067138672,239.0386199951172,5789317
2025-08-19,ADANIPORTS.NS,1332.0,1371.699951171875,1325.0,1369.4000244140625,1369.4000244140625,3150673
2025-08-19,ASIANPAINT.NS,2587.39990234375,2595.0,2561.199951171875,2579.39990234375,2575.380615234375,698587
2025-08-19,AXISBANK.NS,1078.0,1095.0,1075.800048828125,1083.199951171875,1083.199951171875,5661531
2025-08-19,BAJFINANCE.NS,905.9500122070312,909.9000244140625,890.5,902.2999877929688,902.2999877929688,5764382
2025-08-19,BHARTIARTL.NS,1901.0999755859375,1931.800048828125,1900.0,1909.699951171875,1909.699951171875,5706265
2025-08-19,GRASIM.NS,2845.89990234375,2854.0,2803.199951171875,2828.300048828125,2828.300048828125,372899
2025-08-19,HCLTECH.NS,1476.300048828125,1482.5999755859375,1469.199951171875,1476.0999755859375,1453.8759765625,2515817
2025-08-19,HDFCBANK.NS,999.1500244140625,1003.0499877929688,993.3499755859375,995.5499877929688,995.5499877929688,12352438
2025-08-19,HINDUNILVR.NS,2572.199951171875,2615.0,2558.39990234375,2604.800048828125,2584.4833984375,1400717
2025-08-19,ICICIBANK.NS,1431.0999755859375,1438.5,1426.300048828125,1436.300048828125,1436.300048828125,6709554
2025-08-19,INDUSINDBK.NS,787.25,790.7000122070312,780.8499755859375,785.5,785.5,2807872
2025-08-19,INFY.NS,1432.699951171875,1449.4000244140625,1432.699951171875,1440.0,1418.2877197265625,3986094
2025-08-19,ITC.NS,406.3500061035156,409.3999938964844,404.5,409.1000061035156,400.7022399902344,16681331
2025-08-19,JSWSTEEL.NS,1080.0,1088.0,1070.699951171875,1073.4000244140625,1073.4000244140625,1867228
2025-08-19,KOTAKBANK.NS,398.79998779296875,406.5,398.5,405.9800109863281,405.9800109863281,15558845
2025-08-19,LT.NS,3648.89990234375,3654.0,3608.199951171875,3613.0,3613.0,1352944
2025-08-19,M&M.NS,3400.0,3403.89990234375,3338.10009765625,3354.0,3354.0,2596242
2025-08-19,MARUTI.NS,14070.0,14270.0,13979.0,14250.0,14250.0,906623
2025-08-19,NESTLEIND.NS,1149.5999755859375,1168.0,1130.199951171875,1161.4000244140625,1155.1630859375,1851158
2025-08-19,NTPC.NS,338.8999938964844,340.6499938964844,334.1499938964844,335.04998779296875,326.43499755859375,10316115
2025-08-19,POWERGRID.NS,290.0,290.1000061035156,286.54998779296875,288.0,280.0909118652344,7196772
2025-08-19,RELIANCE.NS,1390.0,1421.0,1389.0999755859375,1420.0999755859375,1420.0999755859375,14384719
2025-08-19,SBIN.NS,827.5,831.0,825.7999877929688,830.4000244140625,830.4000244140625,5076681
2025-08-19,SUNPHARMA.NS,1632.800048828125,1638.0,1619.0999755859375,1626.5999755859375,1616.10205078125,2656391
2025-08-19,TCS.NS,3011.199951171875,3025.0,3011.10009765625,3016.199951171875,2951.34033203125,2650784
2025-08-19,TECHM.NS,1472.0,1499.5999755859375,1464.4000244140625,1496.699951171875,1481.191162109375,1807647
2025-08-19,TITAN.NS,3555.0,3577.300048828125,3545.0,3568.10009765625,3568.10009765625,537433
2025-08-19,ULTRACEMCO.NS,12787.0,12880.0,12629.0,12863.0,12863.0,351252
2025-08-19,WIPRO.NS,245.4600067138672,247.5,244.77999877929688,246.9600067138672,240.7445831298828,4090961
2025-08-20,ADANIPORTS.NS,1369.4000244140625,1374.5999755859375,1358.0,1370.5999755859375,1370.5999755859375,1594619
2025-08-20,ASIANPAINT.NS,2578.0,2579.300048828125,2563.39990234375,2570.10009765625,2566.09521484375,308028
2025-08-20,AXISBANK.NS,1081.0,1083.699951171875,1077.800048828125,1080.199951171875,1080.199951171875,3034728
2025-08-20,BAJFINANCE.NS,900.5499877929688,902.0,886.0499877929688,887.7999877929688,887.7999877929688,5561646
2025-08-20,BHARTIARTL.NS,1937.0,1952.0,1926.0,1928.4000244140625,1928.4000244140625,6962619
2025-08-20,GRASIM.NS,2828.300048828125,2883.60009765625,2807.39990234375,2864.89990234375,2864.89990234375,930944
2025-08-20,HCLTECH.NS,1468.0,1500.300048828125,1458.0,1496.0,1473.476318359375,10219330
2025-08-20,HDFCBANK.NS,993.5,996.0,989.5,994.0999755859375,994.0999755859375,9950228
2025-08-20,HINDUNILVR.NS,2599.0,2680.0,2588.5,2669.800048828125,2648.9765625,3156954
2025-08-20,ICICIBANK.NS,1432.5999755859375,1435.9000244140625,1423.0,1430.5999755859375,1430.5999755859375,5817858
2025-08-20,INDUSINDBK.NS,786.4500122070312,790.2000122070312,777.0,778.2000122070312,778.2000122070312,2332155
2025-08-20,INFY.NS,1440.699951171875,1499.0,1440.699951171875,1496.199951171875,1473.6402587890625,10413061
2025-08-20,ITC.NS,409.1000061035156,410.25,405.45001220703125,406.04998779296875,397.7148132324219,18188129
2025-08-20,JSWSTEEL.NS,1072.0,1089.199951171875,1067.300048828125,1082.5999755859375,1082.5999755859375,1321114
2025-08-20,KOTAKBANK.NS,404.1000061035156,404.8399963378906,401.1000061035156,403.5,403.5,13134705
2025-08-20,LT.NS,3613.5,3619.89990234375,3580.0,3592.300048828125,3592.300048828125,1325096
2025-08-20,M&M.NS,3354.10009765625,3404.199951171875,3335.0,3395.60009765625,3395.60009765625,2957816
2025-08-20,MARUTI.NS,14362.0,14362.0,14200.0,14221.0,14221.0,391425
2025-08-20,NESTLEIND.NS,1165.0,1192.800048828125,1156.699951171875,1190.300048828125,1183.907958984375,1652532
2025-08-20,NTPC.NS,337.79998779296875,343.3999938964844,336.5,342.0,333.206298828125,10824544
2025-08-20,POWERGRID.NS,288.20001220703125,289.0,286.95001220703125,288.3999938964844,280.47991943359375,3106073
2025-08-20,RELIANCE.NS,1413.0,1424.9000244140625,1410.0,1413.0,1413.0,8725641
2025-08-20,SBIN.NS,828.7000122070312,831.9000244140625,827.4000244140625,828.9500122070312,828.9500122070312,4493888
2025-08-20,SUNPHARMA.NS,1634.0,1636.5,1616.0,1633.0999755859375,1622.5601806640625,1831706
2025-08-20,TCS.NS,3010.89990234375,3103.39990234375,3010.89990234375,3098.60009765625,3031.96826171875,4952358
2025-08-20,TECHM.NS,1488.0,1532.0,1487.4000244140625,1524.0999755859375,1508.3072509765625,2329633
2025-08-20,TITAN.NS,3560.0,3602.89990234375,3552.0,3595.0,3595.0,517031
2025-08-20,ULTRACEMCO.NS,12850.0,12930.0,12765.0,12874.0,12874.0,290957
2025-08-20,WIPRO.NS,245.3000030517578,252.88999938964844,245.3000030517578,250.83999633789062,244.52691650390625,10099384
2025-08-21,ADANIPORTS.NS,1371.0999755859375,1377.800048828125,1355.300048828125,1361.800048828125,1361.800048828125,1227167
2025-08-21,ASIANPAINT.NS,2574.89990234375,2576.0,2559.300048828125,2566.60009765625,2562.6005859375,781082
2025-08-21,AXISBANK.NS,1090.0,1090.0,1076.4000244140625,1078.9000244140625,1078.9000244140625,6459262
2025-08-21,BAJFINANCE.NS,888.0,901.2999877929688,884.0,895.5999755859375,895.5999755859375,6697533
2025-08-21,BHARTIARTL.NS,1930.0,1940.9000244140625,1927.699951171875,1929.9000244140625,1929.9000244140625,3376913
2025-08-21,GRASIM.NS,2880.0,2898.39990234375,2855.0,2881.199951171875,2881.199951171875,1138327
2025-08-21,HCLTECH.NS,1500.0,1505.0,1486.0999755859375,1493.5,1471.0140380859375,2157601
2025-08-21,HDFCBANK.NS,998.75,998.75,991.5999755859375,995.5999755859375,995.5999755859375,12439850
2025-08-21,HINDUNILVR.NS,2667.10009765625,2667.10009765625,2627.300048828125,2648.0,2627.346435546875,2235686
2025-08-21,ICICIBANK.NS,1440.0999755859375,1447.800048828125,1436.4000244140625,1446.0,1446.0,6238645
2025-08-21,INDUSINDBK.NS,781.0,781.8499755859375,766.5,767.4500122070312,767.4500122070312,3324022
2025-08-21,INFY.NS,1508.0,1508.0,1484.300048828125,1496.4000244140625,1473.8372802734375,6565539
2025-08-21,ITC.NS,406.04998779296875,406.8500061035156,403.3500061035156,405.54998779296875,397.22509765625,15028966
2025-08-21,JSWSTEEL.NS,1080.5999755859375,1086.0999755859375,1069.300048828125,1071.800048828125,1071.800048828125,2069244
2025-08-21,KOTAKBANK.NS,407.79998779296875,407.79998779296875,402.5799865722656,403.55999755859375,403.55999755859375,14493935
2025-08-21,LT.NS,3599.0,3648.0,3588.0,3612.60009765625,3612.60009765625,1624009
2025-08-21,M&M.NS,3410.0,3410.0,3370.0,3375.10009765625,3375.10009765625,1964795
2025-08-21,MARUTI.NS,14219.0,14401.0,14156.0,14280.0,14280.0,513460
2025-08-21,NESTLEIND.NS,1190.0,1190.300048828125,1168.800048828125,1179.4000244140625,1173.0665283203125,991563
2025-08-21,NTPC.NS,342.3500061035156,344.3500061035156,336.8999938964844,338.79998779296875,330.08856201171875,11135121
2025-08-21,POWERGRID.NS,288.3999938964844,289.54998779296875,283.6000061035156,284.0,276.2007751464844,7389271
2025-08-21,RELIANCE.NS,1425.0,1431.9000244140625,1420.300048828125,1424.800048828125,1424.800048828125,11021323
2025-08-21,SBIN.NS,828.9500122070312,833.25,824.0499877929688,825.7000122070312,825.7000122070312,4402511
2025-08-21,SUNPHARMA.NS,1630.800048828125,1652.5,1623.9000244140625,1640.199951171875,1629.6142578125,1727099
2025-08-21,TCS.NS,3130.0,3130.0,3083.10009765625,3102.60009765625,3035.882568359375,3230726
2025-08-21,TECHM.NS,1528.0,1531.699951171875,1509.0999755859375,1521.300048828125,1505.536376953125,1251760
2025-08-21,TITAN.NS,3595.0,3625.0,3588.199951171875,3616.300048828125,3616.300048828125,673486
2025-08-21,ULTRACEMCO.NS,12890.0,12906.0,12790.0,12870.0,12870.0,155457
2025-08-21,WIPRO.NS,252.74000549316406,252.74000549316406,249.61000061035156,249.91000366210938,243.62033081054688,7607486
2025-08-22,ADANIPORTS.NS,1364.0,1364.0,1338.199951171875,1341.199951171875,1341.199951171875,1210284
2025-08-22,ASIANPAINT.NS,2562.800048828125,2569.300048828125,2501.10009765625,2504.5,2500.597412109375,523774
2025-08-22,AXISBANK.NS,1076.0,1078.5,1069.5,1070.9000244140625,1070.9000244140625,3853718
2025-08-22,BAJFINANCE.NS,895.0,903.9000244140625,892.0,894.5,894.5,6424895
2025-08-22,BHARTIARTL.NS,1934.0,1947.699951171875,1917.4000244140625,1933.300048828125,1933.300048828125,3271920
2025-08-22,GRASIM.NS,2881.10009765625,2881.10009765625,2801.39990234375,2813.800048828125,2813.800048828125,671902
2025-08-22,HCLTECH.NS,1489.5999755859375,1491.5,1464.0,1466.300048828125,1444.2235107421875,2802805
2025-08-22,HDFCBANK.NS,994.9500122070312,998.0,978.5499877929688,982.2999877929688,982.2999877929688,19833502
2025-08-22,HINDUNILVR.NS,2647.0,2658.5,2619.0,2629.89990234375,2609.387451171875,1223445
2025-08-22,ICICIBANK.NS,1444.300048828125,1446.0,1429.4000244140625,1436.4000244140625,1436.4000244140625,6657207
2025-08-22,INDUSINDBK.NS,767.4500122070312,772.7000122070312,758.75,760.0999755859375,760.0999755859375,2483587
2025-08-22,INFY.NS,1498.0999755859375,1504.300048828125,1486.0999755859375,1487.5,1465.0714111328125,5543397
2025-08-22,ITC.NS,406.0,406.5,397.5,398.29998779296875,390.1239013671875,13087624
2025-08-22,JSWSTEEL.NS,1068.5,1071.4000244140625,1051.300048828125,1054.5999755859375,1054.5999755859375,1950366
2025-08-22,KOTAKBANK.NS,402.0400085449219,403.7200012207031,396.0400085449219,397.32000732421875,397.32000732421875,8958465
2025-08-22,LT.NS,3610.0,3634.5,3582.0,3595.800048828125,3595.800048828125,1060447
2025-08-22,M&M.NS,3380.0,3420.0,3375.39990234375,3403.0,3403.0,2509867
2025-08-22,MARUTI.NS,14349.0,14370.0,14230.0,14349.0,14349.0,458935
2025-08-22,NESTLEIND.NS,1175.0,1191.0,1158.0,1162.9000244140625,1156.655029296875,921658
2025-08-22,NTPC.NS,338.5,338.8999938964844,335.5,337.0,328.33489990234375,8534844
2025-08-22,POWERGRID.NS,284.0,284.54998779296875,281.79998779296875,283.3500061035156,275.5686340332031,6824793
2025-08-22,RELIANCE.NS,1420.0,1423.4000244140625,1407.9000244140625,1409.199951171875,1409.199951171875,5818868
2025-08-22,SBIN.NS,824.0,826.0,815.7000122070312,816.25,816.25,5097647
2025-08-22,SUNPHARMA.NS,1642.0,1651.4000244140625,1635.0999755859375,1641.800048828125,1631.2041015625,2098310
2025-08-22,TCS.NS,3086.0,3095.699951171875,3050.0,3054.0,2988.327392578125,1593791
2025-08-22,TECHM.NS,1529.5999755859375,1529.5999755859375,1499.0,1505.0,1489.4052734375,969599
2025-08-22,TITAN.NS,3616.300048828125,3641.39990234375,3607.699951171875,3621.0,3621.0,691835
2025-08-22,ULTRACEMCO.NS,12864.0,12864.0,12563.0,12589.0,12589.0,226948
2025-08-22,WIPRO.NS,252.0,253.0,247.61000061035156,248.63999938964844,242.38229370117188,13572686
2025-08-25,ADANIPORTS.NS,1341.300048828125,1348.9000244140625,1332.5,1340.4000244140625,1340.4000244140625,1214246
2025-08-25,ASIANPAINT.NS,2516.0,2522.5,2476.0,2492.89990234375,2489.015380859375,766497
2025-08-25,AXISBANK.NS,1073.0,1074.5,1068.199951171875,1070.0,1070.0,2711278
2025-08-25,BAJFINANCE.NS,902.0999755859375,908.0,898.1500244140625,900.7999877929688,900.7999877929688,5837876
2025-08-25,BHARTIARTL.NS,1940.0,1940.0999755859375,1913.199951171875,1930.699951171875,1930.699951171875,2451388
2025-08-25,GRASIM.NS,2825.699951171875,2832.699951171875,2791.60009765625,2811.39990234375,2811.39990234375,591824
2025-08-25,HCLTECH.NS,1480.0,1509.699951171875,1476.199951171875,1504.199951171875,1481.5528564453125,2764914
2025-08-25,HDFCBANK.NS,980.0999755859375,988.7000122070312,978.5,982.0499877929688,982.0499877929688,17518044
2025-08-25,HINDUNILVR.NS,2643.0,2643.0,2615.199951171875,2631.60009765625,2611.074462890625,667598
2025-08-25,ICICIBANK.NS,1435.9000244140625,1435.9000244140625,1424.0,1433.199951171875,1433.199951171875,6738427
2025-08-25,INDUSINDBK.NS,767.9500122070312,775.0,761.5,770.8499755859375,770.8499755859375,2790762
2025-08-25,INFY.NS,1506.699951171875,1539.0,1506.699951171875,1532.0999755859375,1508.9989013671875,10694531
2025-08-25,ITC.NS,399.0,400.54998779296875,396.25,399.3500061035156,391.1523742675781,10440286
2025-08-25,JSWSTEEL.NS,1059.5,1062.699951171875,1049.800048828125,1057.800048828125,1057.800048828125,1552036
2025-08-25,KOTAKBANK.NS,397.3999938964844,399.760009765625,395.3399963378906,396.6600036621094,396.6600036621094,11849075
2025-08-25,LT.NS,3616.0,3617.89990234375,3584.300048828125,3603.10009765625,3603.10009765625,980393
2025-08-25,M&M.NS,3428.0,3429.0,3381.800048828125,3398.89990234375,3398.89990234375,1859862
2025-08-25,MARUTI.NS,14401.0,14478.0,14280.0,14452.0,14452.0,357110
2025-08-25,NESTLEIND.NS,1162.9000244140625,1166.800048828125,1148.800048828125,1153.0,1146.8082275390625,931358
2025-08-25,NTPC.NS,337.04998779296875,341.3999938964844,337.04998779296875,337.8500061035156,329.16302490234375,7142387
2025-08-25,POWERGRID.NS,283.3500061035156,284.6000061035156,282.20001220703125,284.1499938964844,276.3466491699219,7426789
2025-08-25,RELIANCE.NS,1414.699951171875,1419.5,1405.699951171875,1412.5999755859375,1412.5999755859375,5979407
2025-08-25,SBIN.NS,817.4500122070312,820.5,814.2000122070312,816.4500122070312,816.4500122070312,5672898
2025-08-25,SUNPHARMA.NS,1649.199951171875,1660.5,1634.0,1656.699951171875,1646.0078125,1904984
2025-08-25,TCS.NS,3087.300048828125,3152.0,3077.10009765625,3140.60009765625,3073.065185546875,3448370
2025-08-25,TECHM.NS,1516.0,1539.699951171875,1505.0,1527.0999755859375,1511.2762451171875,1386218
2025-08-25,TITAN.NS,3629.699951171875,3669.60009765625,3615.5,3651.39990234375,3651.39990234375,700503
2025-08-25,ULTRACEMCO.NS,12648.0,12731.0,12556.0,12606.0,12606.0,199190
2025-08-25,WIPRO.NS,250.60000610351562,257.2900085449219,250.60000610351562,253.83999633789062,247.451416015625,16391069
2025-08-26,ADANIPORTS.NS,1335.199951171875,1339.9000244140625,1310.0,1315.4000244140625,1315.4000244140625,1652272
2025-08-26,ASIANPAINT.NS,2481.10009765625,2523.300048828125,2468.0,2481.39990234375,2477.533203125,7106393
2025-08-26,AXISBANK.NS,1068.0,1069.800048828125,1048.0,1050.0999755859375,1050.0999755859375,7197666
2025-08-26,BAJFINANCE.NS,899.9500122070312,901.9000244140625,873.5,876.25,876.25,6712926
2025-08-26,BHARTIARTL.NS,1922.0999755859375,1925.800048828125,1896.199951171875,1904.699951171875,1904.699951171875,5984656
2025-08-26,GRASIM.NS,2803.60009765625,2818.5,2780.39990234375,2796.199951171875,2796.199951171875,425619
2025-08-26,HCLTECH.NS,1501.9000244140625,1506.5,1485.0,1492.800048828125,1470.3245849609375,4092265
2025-08-26,HDFCBANK.NS,979.5,985.7000122070312,968.0,973.4000244140625,973.4000244140625,16917731
2025-08-26,HINDUNILVR.NS,2624.60009765625,2705.0,2624.60009765625,2692.60009765625,2671.5986328125,4348648
2025-08-26,ICICIBANK.NS,1427.9000244140625,1427.9000244140625,1413.0999755859375,1416.5999755859375,1416.5999755859375,8720155
2025-08-26,INDUSINDBK.NS,770.8499755859375,773.0,754.1500244140625,756.4000244140625,756.4000244140625,3306397
2025-08-26,INFY.NS,1523.0,1538.4000244140625,1518.5999755859375,1529.5999755859375,1506.53662109375,15994798
2025-08-26,ITC.NS,399.29998779296875,405.3999938964844,398.3999938964844,403.3500061035156,395.0702819824219,13715752
2025-08-26,JSWSTEEL.NS,1051.199951171875,1057.0,1044.699951171875,1047.0999755859375,1047.0999755859375,1758169
2025-08-26,KOTAKBANK.NS,395.6000061035156,396.7799987792969,392.239990234375,393.1400146484375,393.1400146484375,18550690
2025-08-26,LT.NS,3599.0,3600.0,3531.0,3541.300048828125,3541.300048828125,1787363
2025-08-26,M&M.NS,3395.0,3414.0,3318.10009765625,3330.800048828125,3330.800048828125,3122442
2025-08-26,MARUTI.NS,14452.0,14825.0,14391.0,14714.0,14714.0,962974
2025-08-26,NESTLEIND.NS,1149.0,1179.0,1149.0,1162.199951171875,1155.958740234375,3619892
2025-08-26,NTPC.NS,336.1499938964844,337.3999938964844,331.75,333.20001220703125,324.6325988769531,13113388
2025-08-26,POWERGRID.NS,283.0,283.79998779296875,278.8999938964844,279.8999938964844,272.2133483886719,22905910
2025-08-26,RELIANCE.NS,1408.0,1410.0,1381.5999755859375,1384.9000244140625,1384.9000244140625,12145259
2025-08-26,SBIN.NS,814.8499755859375,815.8499755859375,806.75,807.8499755859375,807.8499755859375,6997817
2025-08-26,SUNPHARMA.NS,1645.0,1647.4000244140625,1596.199951171875,1600.300048828125,1589.971923828125,4502371
2025-08-26,TCS.NS,3129.0,3162.0,3120.0,3157.199951171875,3089.308349609375,5522097
2025-08-26,TECHM.NS,1521.0,1526.5,1498.9000244140625,1502.199951171875,1486.6341552734375,1510822
2025-08-26,TITAN.NS,3662.800048828125,3672.800048828125,3589.10009765625,3594.0,3594.0,960778
2025-08-26,ULTRACEMCO.NS,12581.0,12770.0,12480.0,12610.0,12610.0,290322
2025-08-26,WIPRO.NS,253.0,254.82000732421875,251.30999755859375,252.02999877929688,245.6869659423828,15797327
2025-08-28,ADANIPORTS.NS,1316.9000244140625,1338.800048828125,1311.199951171875,1315.4000244140625,1315.4000244140625,1785681
2025-08-28,ASIANPAINT.NS,2465.0,2528.0,2465.0,2489.0,2485.12158203125,1485769
2025-08-28,AXISBANK.NS,1057.0,1059.5,1047.0,1051.9000244140625,1051.9000244140625,8564803
2025-08-28,BAJFINANCE.NS,870.2000122070312,884.5,869.7000122070312,876.8499755859375,876.8499755859375,8349342
2025-08-28,BHARTIARTL.NS,1893.0,1899.800048828125,1878.199951171875,1881.0999755859375,1881.0999755859375,5494113
2025-08-28,GRASIM.NS,2775.0,2806.0,2772.199951171875,2784.300048828125,2784.300048828125,528080
2025-08-28,HCLTECH.NS,1488.0,1488.0,1446.0,1449.800048828125,1427.971923828125,4367902
2025-08-28,HDFCBANK.NS,967.0,972.2000122070312,955.0,957.7999877929688,957.7999877929688,25438255
2025-08-28,HINDUNILVR.NS,2748.0,2748.0,2646.800048828125,2654.39990234375,2633.696533203125,3198743
2025-08-28,ICICIBANK.NS,1408.0,1411.800048828125,1396.300048828125,1399.0999755859375,1399.0999755859375,12990789
2025-08-28,INDUSINDBK.NS,756.4000244140625,762.4000244140625,744.8499755859375,746.5999755859375,746.5999755859375,3085661
2025-08-28,INFY.NS,1529.5999755859375,1529.5999755859375,1498.0,1500.0999755859375,1477.4814453125,5443364
2025-08-28,ITC.NS,404.5,404.5,400.0,400.8999938964844,392.6705627441406,12471719
2025-08-28,JSWSTEEL.NS,1047.0999755859375,1055.0999755859375,1033.9000244140625,1035.800048828125,1035.800048828125,1313061
2025-08-28,KOTAKBANK.NS,391.0,393.6000061035156,388.2200012207031,388.94000244140625,388.94000244140625,17989700
2025-08-28,LT.NS,3540.0,3576.89990234375,3537.199951171875,3560.10009765625,3560.10009765625,1695226
2025-08-28,M&M.NS,3375.0,3375.0,3287.300048828125,3295.300048828125,3295.300048828125,2936428
2025-08-28,MARUTI.NS,14895.0,14895.0,14625.0,14752.0,14752.0,666635
2025-08-28,NESTLEIND.NS,1165.5999755859375,1168.199951171875,1155.0,1162.4000244140625,1156.15771484375,1065888
2025-08-28,NTPC.NS,331.25,332.8999938964844,328.70001220703125,330.79998779296875,322.2942810058594,10486948
2025-08-28,POWERGRID.NS,282.0,282.0,273.6000061035156,274.45001220703125,266.9130554199219,12455072
2025-08-28,RELIANCE.NS,1389.9000244140625,1392.199951171875,1366.5,1385.9000244140625,1385.9000244140625,13161813
2025-08-28,SBIN.NS,807.25,811.0,800.6500244140625,801.9500122070312,801.9500122070312,7898436
2025-08-28,SUNPHARMA.NS,1593.0999755859375,1600.0,1567.5999755859375,1585.699951171875,1575.466064453125,4993739
2025-08-28,TCS.NS,3145.0,3146.5,3086.5,3093.699951171875,3027.173583984375,3116051
2025-08-28,TECHM.NS,1500.0,1509.199951171875,1482.5999755859375,1495.5999755859375,1480.1026611328125,1771867
2025-08-28,TITAN.NS,3552.10009765625,3650.89990234375,3552.10009765625,3637.699951171875,3637.699951171875,989246
2025-08-28,ULTRACEMCO.NS,12570.0,12648.0,12472.0,12521.0,12521.0,283677
2025-08-28,WIPRO.NS,252.02000427246094,252.35000610351562,249.0800018310547,250.64999389648438,244.34169006347656,5851451
2025-08-29,ADANIPORTS.NS,1318.0,1322.9000244140625,1303.0,1312.800048828125,1312.800048828125,1592903
2025-08-29,ASIANPAINT.NS,2491.0,2531.60009765625,2490.0,2518.60009765625,2514.675537109375,1798653
2025-08-29,AXISBANK.NS,1052.0999755859375,1063.0,1042.5,1045.199951171875,1045.199951171875,4718016
2025-08-29,BAJFINANCE.NS,870.8499755859375,888.0,870.8499755859375,877.8499755859375,877.8499755859375,5672446
2025-08-29,BHARTIARTL.NS,1872.5,1900.0999755859375,1872.5,1888.800048828125,1888.800048828125,4339042
2025-08-29,GRASIM.NS,2784.300048828125,2797.800048828125,2762.699951171875,2775.60009765625,2775.60009765625,542362
2025-08-29,HCLTECH.NS,1449.800048828125,1462.5999755859375,1439.199951171875,1454.800048828125,1432.896728515625,3404604
2025-08-29,HDFCBANK.NS,954.0,963.2999877929688,950.0999755859375,951.5999755859375,951.5999755859375,14823813
2025-08-29,HINDUNILVR.NS,2664.800048828125,2723.0,2641.39990234375,2659.800048828125,2639.054443359375,1972773
2025-08-29,ICICIBANK.NS,1392.0999755859375,1405.0,1392.0999755859375,1397.800048828125,1397.800048828125,8519507
2025-08-29,INDUSINDBK.NS,743.0,750.3499755859375,738.0,739.5,739.5,2538543
2025-08-29,INFY.NS,1501.9000244140625,1501.9000244140625,1467.699951171875,1469.5999755859375,1447.4412841796875,8169075
2025-08-29,ITC.NS,402.0,410.45001220703125,401.8999938964844,409.75,401.3388977050781,25255050
2025-08-29,JSWSTEEL.NS,1032.0,1038.300048828125,1022.2999877929688,1026.5999755859375,1026.5999755859375,1062037
2025-08-29,KOTAKBANK.NS,390.0400085449219,396.9800109863281,390.0400085449219,392.05999755859375,392.05999755859375,15371790
2025-08-29,LT.NS,3575.60009765625,3615.0,3540.199951171875,3601.0,3601.0,1678055
2025-08-29,M&M.NS,3271.0,3280.0,3187.0,3199.5,3199.5,3017625
2025-08-29,MARUTI.NS,14750.0,14850.0,14692.0,14791.0,14791.0,621560
2025-08-29,NESTLEIND.NS,1160.300048828125,1184.4000244140625,1150.0,1156.199951171875,1149.990966796875,1593255
2025-08-29,NTPC.NS,331.0,331.5,327.0,327.54998779296875,319.1278381347656,11813425
2025-08-29,POWERGRID.NS,273.6000061035156,276.1000061035156,272.25,275.25,267.6910705566406,12841075
2025-08-29,RELIANCE.NS,1381.0999755859375,1403.5,1350.0,1357.199951171875,1357.199951171875,18758842
2025-08-29,SBIN.NS,800.7000122070312,806.7000122070312,798.5,802.5,802.5,6861440
2025-08-29,SUNPHARMA.NS,1581.0,1601.699951171875,1575.800048828125,1594.5,1584.2093505859375,3176534
2025-08-29,TCS.NS,3093.0,3115.0,3077.199951171875,3084.699951171875,3018.3671875,2271789
2025-08-29,TECHM.NS,1498.800048828125,1504.699951171875,1478.699951171875,1481.4000244140625,1466.0498046875,2279980
2025-08-29,TITAN.NS,3637.699951171875,3642.0,3603.60009765625,3628.800048828125,3628.800048828125,660956
2025-08-29,ULTRACEMCO.NS,12521.0,12729.0,12521.0,12640.0,12640.0,177858
2025-08-29,WIPRO.NS,250.5,253.10000610351562,248.66000366210938,249.41000366210938,243.13291931152344,10117017
2025-09-01,ADANIPORTS.NS,1318.300048828125,1338.5,1316.0999755859375,1335.300048828125,1335.300048828125,983914
2025-09-01,ASIANPAINT.NS,2518.0,2577.800048828125,2515.10009765625,2570.199951171875,2566.195068359375,1314833
2025-09-01,AXISBANK.NS,1047.5999755859375,1064.0,1047.5999755859375,1061.5,1061.5,3190426
2025-09-01,BAJFINANCE.NS,877.8499755859375,894.7999877929688,877.8499755859375,889.3499755859375,889.3499755859375,4101526
2025-09-01,BHARTIARTL.NS,1889.0,1904.800048828125,1884.199951171875,1900.5999755859375,1900.5999755859375,3421488
2025-09-01,GRASIM.NS,2778.0,2816.800048828125,2773.39990234375,2803.89990234375,2803.89990234375,499161
2025-09-01,HCLTECH.NS,1446.0,1472.5,1446.0,1468.4000244140625,1446.2919921875,2105254
2025-09-01,HDFCBANK.NS,949.5999755859375,957.4500122070312,946.3499755859375,950.5999755859375,950.5999755859375,20178344
2025-09-01,HINDUNILVR.NS,2659.800048828125,2673.300048828125,2639.300048828125,2649.5,2628.834716796875,1096729
2025-09-01,ICICIBANK.NS,1398.0999755859375,1412.4000244140625,1398.0999755859375,1411.0,1411.0,4927348
2025-09-01,INDUSINDBK.NS,742.4000244140625,754.0,741.5,752.8499755859375,752.8499755859375,1436082
2025-09-01,INFY.NS,1476.699951171875,1503.4000244140625,1476.199951171875,1499.4000244140625,1476.7921142578125,4546057
2025-09-01,ITC.NS,409.75,410.20001220703125,405.0,405.8500061035156,397.5189514160156,12268090
2025-09-01,JSWSTEEL.NS,1026.5999755859375,1038.5999755859375,1026.0999755859375,1035.5,1035.5,624424
2025-09-01,KOTAKBANK.NS,392.05999755859375,394.55999755859375,391.0400085449219,393.7200012207031,393.7200012207031,7891610
2025-09-01,LT.NS,3601.0,3628.60009765625,3581.89990234375,3598.39990234375,3598.39990234375,1094155
2025-09-01,M&M.NS,3191.10009765625,3324.89990234375,3191.10009765625,3315.39990234375,3315.39990234375,3525726
2025-09-01,MARUTI.NS,14790.0,14938.0,14654.0,14887.0,14887.0,572927
2025-09-01,NESTLEIND.NS,1157.9000244140625,1176.0,1156.199951171875,1174.4000244140625,1168.0933837890625,643866
2025-09-01,NTPC.NS,328.0,331.6000061035156,328.0,330.70001220703125,322.1968688964844,6897558
2025-09-01,POWERGRID.NS,276.0,280.6000061035156,276.0,279.8500061035156,272.1647644042969,10820878
2025-09-01,RELIANCE.NS,1356.0,1363.199951171875,1340.5999755859375,1353.9000244140625,1353.9000244140625,11232238
2025-09-01,SBIN.NS,803.0999755859375,808.2999877929688,802.6500244140625,806.0499877929688,806.0499877929688,5619805
2025-09-01,SUNPHARMA.NS,1599.0,1600.199951171875,1556.199951171875,1563.300048828125,1553.210693359375,9366820
2025-09-01,TCS.NS,3090.0,3131.10009765625,3090.0,3112.60009765625,3045.667236328125,1246862
2025-09-01,TECHM.NS,1485.0,1509.9000244140625,1485.0,1505.5,1489.9000244140625,1241192
2025-09-01,TITAN.NS,3631.0,3653.39990234375,3610.39990234375,3618.60009765625,3618.60009765625,297533
2025-09-01,ULTRACEMCO.NS,12639.0,12852.0,12636.0,12826.0,12826.0,214241
2025-09-01,WIPRO.NS,249.4199981689453,252.99000549316406,249.39999389648438,250.36000061035156,244.0590057373047,3198345
2025-09-02,ADANIPORTS.NS,1340.9000244140625,1348.800048828125,1328.199951171875,1336.199951171875,1336.199951171875,1495993
2025-09-02,ASIANPAINT.NS,2569.0,2571.89990234375,2531.0,2540.0,2536.0419921875,1024054
2025-09-02,AXISBANK.NS,1061.5,1064.9000244140625,1049.0,1056.199951171875,1056.199951171875,4933541
2025-09-02,BAJFINANCE.NS,895.0,899.5499877929688,886.1500244140625,890.0999755859375,890.0999755859375,6103185
2025-09-02,BHARTIARTL.NS,1904.5,1917.5,1878.0,1887.199951171875,1887.199951171875,4423049
2025-09-02,GRASIM.NS,2815.0,2820.0,2773.699951171875,2779.800048828125,2779.800048828125,468533
2025-09-02,HCLTECH.NS,1469.0,1477.4000244140625,1459.699951171875,1465.699951171875,1443.632568359375,1295198
2025-09-02,HDFCBANK.NS,951.0,954.7999877929688,944.0,944.5,944.5,14196320
2025-09-02,HINDUNILVR.NS,2649.0,2692.39990234375,2645.10009765625,2677.0,2656.120361328125,1525106
2025-09-02,ICICIBANK.NS,1413.9000244140625,1413.9000244140625,1390.0,1394.199951171875,1394.199951171875,7163073
2025-09-02,INDUSINDBK.NS,753.0,758.75,747.5,751.2000122070312,751.2000122070312,1330606
2025-09-02,INFY.NS,1499.4000244140625,1512.800048828125,1486.300048828125,1498.699951171875,1476.1025390625,5218763
2025-09-02,ITC.NS,406.54998779296875,407.8500061035156,404.45001220703125,406.75,398.4004821777344,19808255
2025-09-02,JSWSTEEL.NS,1035.5999755859375,1049.5,1031.199951171875,1044.0,1044.0,1071341
2025-09-02,KOTAKBANK.NS,393.20001220703125,395.0400085449219,388.0799865722656,388.5,388.5,12917095
2025-09-02,LT.NS,3598.39990234375,3619.89990234375,3560.0,3574.89990234375,3574.89990234375,1230950
2025-09-02,M&M.NS,3325.0,3330.0,3223.0,3234.5,3234.5,3073407
2025-09-02,MARUTI.NS,14859.0,14934.0,14783.0,14842.0,14842.0,379167
2025-09-02,NESTLEIND.NS,1174.4000244140625,1202.5,1172.4000244140625,1200.9000244140625,1194.4510498046875,1773623
2025-09-02,NTPC.NS,331.1000061035156,338.25,331.1000061035156,336.29998779296875,327.6528625488281,9224639
2025-09-02,POWERGRID.NS,280.20001220703125,287.8999938964844,279.8500061035156,286.70001220703125,278.8266296386719,16983677
2025-09-02,RELIANCE.NS,1354.800048828125,1384.5,1354.5,1366.5,1366.5,11517006
2025-09-02,SBIN.NS,806.2999877929688,810.5,802.6500244140625,803.9000244140625,803.9000244140625,5075460
2025-09-02,SUNPHARMA.NS,1566.0,1570.300048828125,1558.0,1565.199951171875,1555.098388671875,2855840
2025-09-02,TCS.NS,3121.10009765625,3155.0,3103.10009765625,3111.5,3044.5908203125,2185229
2025-09-02,TECHM.NS,1502.0,1519.9000244140625,1498.5999755859375,1512.800048828125,1497.12451171875,1137022
2025-09-02,TITAN.NS,3614.0,3655.800048828125,3606.10009765625,3620.60009765625,3620.60009765625,536300
2025-09-02,ULTRACEMCO.NS,12788.0,12848.0,12687.0,12730.0,12730.0,214101
2025-09-02,WIPRO.NS,250.36000061035156,253.14999389648438,249.60000610351562,250.92999267578125,244.61463928222656,5046939
2025-09-03,ADANIPORTS.NS,1338.0,1344.800048828125,1327.5999755859375,1332.4000244140625,1332.4000244140625,1774676
2025-09-03,ASIANPAINT.NS,2530.0,2565.10009765625,2527.300048828125,2553.89990234375,2549.92041015625,925847
2025-09-03,AXISBANK.NS,1056.199951171875,1064.9000244140625,1045.0,1054.699951171875,1054.699951171875,8303296
2025-09-03,BAJFINANCE.NS,892.7000122070312,898.8499755859375,880.0499877929688,896.2999877929688,896.2999877929688,5493809
2025-09-03,BHARTIARTL.NS,1891.0,1892.0999755859375,1870.0,1883.9000244140625,1883.9000244140625,3803044
2025-09-03,GRASIM.NS,2789.0,2809.199951171875,2770.5,2781.39990234375,2781.39990234375,500510
2025-09-03,HCLTECH.NS,1475.0,1475.0,1452.5999755859375,1466.0999755859375,1444.0264892578125,1800307
2025-09-03,HDFCBANK.NS,945.0,956.2999877929688,940.0,954.4500122070312,954.4500122070312,16083481
2025-09-03,HINDUNILVR.NS,2681.0,2686.89990234375,2658.300048828125,2664.699951171875,2643.916015625,1010692
2025-09-03,ICICIBANK.NS,1389.0,1400.0,1384.199951171875,1397.0,1397.0,9813382
2025-09-03,INDUSINDBK.NS,750.0,769.0,749.2000122070312,768.0999755859375,768.0999755859375,1933362
2025-09-03,INFY.NS,1500.0,1501.9000244140625,1473.0,1479.0999755859375,1456.798095703125,4623483
2025-09-03,ITC.NS,408.5,413.25,407.29998779296875,411.75,403.2978210449219,12936588
2025-09-03,JSWSTEEL.NS,1042.0,1079.9000244140625,1040.0,1072.199951171875,1072.199951171875,3357124
2025-09-03,KOTAKBANK.NS,388.79998779296875,392.760009765625,386.2200012207031,392.0400085449219,392.0400085449219,20037270
2025-09-03,LT.NS,3594.0,3606.300048828125,3560.0,3600.800048828125,3600.800048828125,1314831
2025-09-03,M&M.NS,3269.0,3293.699951171875,3232.800048828125,3286.0,3286.0,2672659
2025-09-03,MARUTI.NS,14875.0,14991.0,14750.0,14927.0,14927.0,561656
2025-09-03,NESTLEIND.NS,1206.5,1206.5,1191.300048828125,1194.800048828125,1188.3837890625,827824
2025-09-03,NTPC.NS,336.5,338.0,333.5,334.25,325.65557861328125,10778333
2025-09-03,POWERGRID.NS,289.0,289.20001220703125,285.6000061035156,286.04998779296875,278.1944580078125,30178885
2025-09-03,RELIANCE.NS,1369.699951171875,1376.5,1360.5,1372.5999755859375,1372.5999755859375,7847563
2025-09-03,SBIN.NS,804.2999877929688,813.2999877929688,803.0,812.1500244140625,812.1500244140625,4261589
2025-09-03,SUNPHARMA.NS,1562.0999755859375,1581.0999755859375,1558.300048828125,1578.699951171875,1568.51123046875,2091370
2025-09-03,TCS.NS,3129.89990234375,3141.89990234375,3088.0,3097.5,3030.891845703125,1799774
2025-09-03,TECHM.NS,1512.800048828125,1516.0999755859375,1497.300048828125,1508.199951171875,1492.572021484375,1431929
2025-09-03,TITAN.NS,3605.0,3697.89990234375,3590.0,3690.60009765625,3690.60009765625,791874
2025-09-03,ULTRACEMCO.NS,12700.0,12770.0,12657.0,12733.0,12733.0,140022
2025-09-03,WIPRO.NS,251.89999389648438,252.39999389648438,249.1199951171875,249.55999755859375,243.2791290283203,3862765
2025-09-04,ADANIPORTS.NS,1338.0,1348.0,1326.0,1328.199951171875,1328.199951171875,1350147
2025-09-04,ASIANPAINT.NS,2553.89990234375,2583.0,2553.0,2568.60009765625,2564.59765625,933071
2025-09-04,AXISBANK.NS,1058.199951171875,1062.199951171875,1047.300048828125,1050.4000244140625,1050.4000244140625,8088417
2025-09-04,BAJFINANCE.NS,915.0,948.0,912.25,934.75,934.75,21738706
2025-09-04,BHARTIARTL.NS,1899.0,1903.5,1876.5999755859375,1880.4000244140625,1880.4000244140625,5205333
2025-09-04,GRASIM.NS,2801.0,2865.199951171875,2801.0,2809.800048828125,2809.800048828125,1177036
2025-09-04,HCLTECH.NS,1465.0999755859375,1465.9000244140625,1440.9000244140625,1443.300048828125,1421.56982421875,2192155
2025-09-04,HDFCBANK.NS,960.2000122070312,965.7000122070312,956.25,961.25,961.25,17597657
2025-09-04,HINDUNILVR.NS,2750.0,2750.0,2655.5,2666.60009765625,2645.801513671875,2494678
2025-09-04,ICICIBANK.NS,1409.9000244140625,1415.0999755859375,1401.9000244140625,1405.5,1405.5,10564859
2025-09-04,INDUSINDBK.NS,771.7999877929688,773.4000244140625,752.8499755859375,754.8499755859375,754.8499755859375,1401421
2025-09-04,INFY.NS,1484.0,1484.0,1460.0999755859375,1463.0,1440.94091796875,5787724
2025-09-04,ITC.NS,423.95001220703125,427.0,415.0,415.8999938964844,407.3626403808594,27274123
2025-09-04,JSWSTEEL.NS,1075.0,1076.4000244140625,1066.0999755859375,1072.4000244140625,1072.4000244140625,922622
2025-09-04,KOTAKBANK.NS,392.20001220703125,394.3399963378906,389.29998779296875,389.94000244140625,389.94000244140625,9457295
2025-09-04,LT.NS,3622.89990234375,3624.89990234375,3572.5,3592.60009765625,3592.60009765625,1434998
2025-09-04,M&M.NS,3527.0,3550.0,3463.39990234375,3481.5,3481.5,7600320
2025-09-04,MARUTI.NS,15240.0,15240.0,14630.0,14662.0,14662.0,784369
2025-09-04,NESTLEIND.NS,1230.0,1238.199951171875,1208.0,1212.5999755859375,1206.088134765625,3346196
2025-09-04,NTPC.NS,333.5,334.8999938964844,329.29998779296875,330.04998779296875,324.8190612792969,7934237
2025-09-04,POWERGRID.NS,286.8500061035156,287.95001220703125,280.8999938964844,281.79998779296875,274.0611877441406,5946090
2025-09-04,RELIANCE.NS,1371.800048828125,1374.0,1357.0999755859375,1359.300048828125,1359.300048828125,13223177
2025-09-04,SBIN.NS,814.6500244140625,816.75,808.0,809.4000244140625,809.4000244140625,4471950
2025-09-04,SUNPHARMA.NS,1597.0,1597.0,1561.0,1582.300048828125,1572.088134765625,2298657
2025-09-04,TCS.NS,3116.0,3118.0,3090.800048828125,3095.699951171875,3029.130859375,1481391
2025-09-04,TECHM.NS,1506.0999755859375,1510.800048828125,1495.300048828125,1500.4000244140625,1484.8529052734375,1038934
2025-09-04,TITAN.NS,3740.0,3740.0,3676.800048828125,3691.10009765625,3691.10009765625,635811
2025-09-04,ULTRACEMCO.NS,13000.0,13097.0,12634.0,12651.0,12651.0,305040
2025-09-04,WIPRO.NS,249.5,250.33999633789062,244.44000244140625,244.97000122070312,238.80465698242188,5021036
2025-09-05,ADANIPORTS.NS,1330.0,1335.699951171875,1312.800048828125,1321.800048828125,1321.800048828125,1135666
2025-09-05,ASIANPAINT.NS,2565.0,2602.0,2565.0,2579.89990234375,2575.8798828125,1153436
2025-09-05,AXISBANK.NS,1056.5999755859375,1058.0,1047.800048828125,1055.9000244140625,1055.9000244140625,2849589
2025-09-05,BAJFINANCE.NS,942.0,942.3499755859375,932.0,937.5999755859375,937.5999755859375,5467260
2025-09-05,BHARTIARTL.NS,1887.0,1910.699951171875,1875.699951171875,1895.300048828125,1895.300048828125,2620140
2025-09-05,GRASIM.NS,2810.0,2837.5,2786.10009765625,2804.0,2804.0,495200
2025-09-05,HCLTECH.NS,1448.0,1452.300048828125,1402.800048828125,1419.0,1397.6356201171875,3895199
2025-09-05,HDFCBANK.NS,967.5,967.5,954.0499877929688,963.4000244140625,963.4000244140625,11602111
2025-09-05,HINDUNILVR.NS,2667.60009765625,2672.89990234375,2623.800048828125,2633.39990234375,2612.860107421875,944879
2025-09-05,ICICIBANK.NS,1411.0,1411.5,1387.699951171875,1402.800048828125,1402.800048828125,6621077
2025-09-05,INDUSINDBK.NS,756.3499755859375,759.5,750.0,757.0499877929688,757.0499877929688,2873689
2025-09-05,INFY.NS,1470.0,1472.699951171875,1433.0,1444.5999755859375,1422.8182373046875,5466487
2025-09-05,ITC.NS,416.8999938964844,417.0,404.3999938964844,407.3500061035156,398.9881591796875,16000675
2025-09-05,JSWSTEEL.NS,1069.0,1076.5999755859375,1063.0,1073.0999755859375,1073.0999755859375,748933
2025-09-05,KOTAKBANK.NS,389.94000244140625,391.4599914550781,387.4200134277344,389.1000061035156,389.1000061035156,9906260
2025-09-05,LT.NS,3592.800048828125,3609.10009765625,3549.10009765625,3553.60009765625,3553.60009765625,830812
2025-09-05,M&M.NS,3511.0,3577.800048828125,3481.5,3561.300048828125,3561.300048828125,3700943
2025-09-05,MARUTI.NS,14740.0,14957.0,14701.0,14895.0,14895.0,473806
2025-09-05,NESTLEIND.NS,1212.0,1216.4000244140625,1191.0,1208.5,1202.0101318359375,1434458
2025-09-05,NTPC.NS,330.04998779296875,331.79998779296875,325.95001220703125,328.70001220703125,323.4904479980469,5678244
2025-09-05,POWERGRID.NS,282.3500061035156,286.6499938964844,282.3500061035156,285.3500061035156,277.5137023925781,9695914
2025-09-05,RELIANCE.NS,1363.0,1381.0,1359.300048828125,1375.0,1375.0,5777575
2025-09-05,SBIN.NS,811.5,812.5,803.6500244140625,806.5999755859375,806.5999755859375,5194842
2025-09-05,SUNPHARMA.NS,1582.4000244140625,1599.300048828125,1575.5,1593.5999755859375,1583.3150634765625,1814479
2025-09-05,TCS.NS,3097.10009765625,3103.39990234375,3028.60009765625,3048.300048828125,2982.75,2802055
2025-09-05,TECHM.NS,1499.0,1507.4000244140625,1462.0999755859375,1477.9000244140625,1462.5860595703125,1875965
2025-09-05,TITAN.NS,3695.0,3700.0,3660.0,3665.300048828125,3665.300048828125,454120
2025-09-05,ULTRACEMCO.NS,12680.0,12738.0,12530.0,12601.0,12601.0,153774
2025-09-05,WIPRO.NS,246.10000610351562,247.32000732421875,241.27000427246094,243.6699981689453,237.53736877441406,6233782
2025-09-08,ADANIPORTS.NS,1321.9000244140625,1363.4000244140625,1321.9000244140625,1348.300048828125,1348.300048828125,1445628
2025-09-08,ASIANPAINT.NS,2579.89990234375,2589.60009765625,2526.39990234375,2530.800048828125,2526.8564453125,742880
2025-09-08,AXISBANK.NS,1055.9000244140625,1063.0,1054.0,1055.5,1055.5,2260147
2025-09-08,BAJFINANCE.NS,937.5999755859375,949.6500244140625,935.6500244140625,944.2999877929688,944.2999877929688,5657331
2025-09-08,BHARTIARTL.NS,1898.0,1899.0,1884.0999755859375,1887.699951171875,1887.699951171875,2547552
2025-09-08,GRASIM.NS,2795.10009765625,2823.89990234375,2795.10009765625,2804.10009765625,2804.10009765625,229922
2025-09-08,HCLTECH.NS,1423.9000244140625,1428.5999755859375,1401.0,1403.0,1381.8765869140625,2929976
2025-09-08,HDFCBANK.NS,969.0,973.1500244140625,960.4500122070312,966.0,966.0,11711307
2025-09-08,HINDUNILVR.NS,2630.0,2644.60009765625,2618.800048828125,2623.89990234375,2603.434326171875,903410
2025-09-08,ICICIBANK.NS,1402.199951171875,1410.5999755859375,1397.5999755859375,1402.699951171875,1402.699951171875,5880943
2025-09-08,INDUSINDBK.NS,759.5,760.5,746.5,750.75,750.75,2330647
2025-09-08,INFY.NS,1451.0,1458.0,1428.300048828125,1432.9000244140625,1411.2947998046875,3811567
2025-09-08,ITC.NS,407.45001220703125,410.54998779296875,406.79998779296875,407.54998779296875,399.1840515136719,7419022
2025-09-08,JSWSTEEL.NS,1080.0999755859375,1112.300048828125,1080.0999755859375,1101.4000244140625,1101.4000244140625,3219380
2025-09-08,KOTAKBANK.NS,388.5,392.29998779296875,386.29998779296875,390.0199890136719,390.0199890136719,12527790
2025-09-08,LT.NS,3570.0,3579.89990234375,3525.0,3529.60009765625,3529.60009765625,1039999
2025-09-08,M&M.NS,3561.300048828125,3561.300048828125,3561.300048828125,3561.300048828125,3561.300048828125,0
2025-09-08,MARUTI.NS,14921.0,15319.0,14850.0,15258.0,15258.0,691077
2025-09-08,NESTLEIND.NS,1208.5,1211.0,1185.199951171875,1187.699951171875,1181.32177734375,1112974
2025-09-08,NTPC.NS,328.75,330.95001220703125,326.3500061035156,326.70001220703125,321.52215576171875,5239184
2025-09-08,POWERGRID.NS,286.3999938964844,287.70001220703125,282.1000061035156,282.79998779296875,275.0337219238281,5186605
2025-09-08,RELIANCE.NS,1380.0,1386.0,1372.4000244140625,1378.5,1378.5,6986720
2025-09-08,SBIN.NS,808.0,813.8499755859375,806.7999877929688,808.7999877929688,808.7999877929688,4614227
2025-09-08,SUNPHARMA.NS,1597.5999755859375,1604.5,1578.199951171875,1581.0,1570.79638671875,1369139
2025-09-08,TCS.NS,3050.0,3064.89990234375,3016.0,3019.0,2954.080078125,2626187
2025-09-08,TECHM.NS,1482.4000244140625,1487.9000244140625,1459.0,1460.699951171875,1445.564208984375,1308412
2025-09-08,TITAN.NS,3653.0,3683.60009765625,3640.0,3658.0,3658.0,548987
2025-09-08,ULTRACEMCO.NS,12601.0,12743.0,12601.0,12664.0,12664.0,126448
2025-09-08,WIPRO.NS,244.36000061035156,246.99000549316406,242.1999969482422,242.52000427246094,236.41632080078125,6596932
2025-09-09,ADANIPORTS.NS,1354.699951171875,1385.0,1348.300048828125,1380.9000244140625,1380.9000244140625,3515252
2025-09-09,ASIANPAINT.NS,2540.0,2551.60009765625,2524.800048828125,2537.300048828125,2533.346435546875,702450
2025-09-09,AXISBANK.NS,1057.5,1059.0,1048.699951171875,1052.199951171875,1052.199951171875,4310419
2025-09-09,BAJFINANCE.NS,944.0,949.4000244140625,940.0,948.4000244140625,948.4000244140625,5417393
2025-09-09,BHARTIARTL.NS,1892.0,1904.0,1883.0,1893.699951171875,1893.699951171875,4517793
2025-09-09,GRASIM.NS,2804.10009765625,2823.699951171875,2786.5,2795.89990234375,2795.89990234375,388718
2025-09-09,HCLTECH.NS,1410.199951171875,1431.800048828125,1409.0999755859375,1427.0999755859375,1405.6136474609375,2906889
2025-09-09,HDFCBANK.NS,974.0,974.4000244140625,962.7000122070312,965.1500244140625,965.1500244140625,13985539
2025-09-09,HINDUNILVR.NS,2637.0,2646.199951171875,2611.300048828125,2642.0,2621.393310546875,1610956
2025-09-09,ICICIBANK.NS,1399.0,1407.5,1395.199951171875,1403.699951171875,1403.699951171875,6470679
2025-09-09,INDUSINDBK.NS,753.6500244140625,755.0999755859375,745.0999755859375,746.1500244140625,746.1500244140625,1347461
2025-09-09,INFY.NS,1481.0,1507.199951171875,1472.5,1504.300048828125,1481.6181640625,13072640
2025-09-09,ITC.NS,408.5,410.95001220703125,407.3999938964844,410.04998779296875,401.6327209472656,8825896
2025-09-09,JSWSTEEL.NS,1100.0,1110.0,1095.699951171875,1104.5,1104.5,1058374
2025-09-09,KOTAKBANK.NS,391.20001220703125,393.17999267578125,387.9599914550781,392.0799865722656,392.0799865722656,15873920
2025-09-09,LT.NS,3547.199951171875,3550.0,3516.39990234375,3525.0,3525.0,1522116
2025-09-09,M&M.NS,3702.199951171875,3723.800048828125,3673.10009765625,3696.300048828125,3696.300048828125,2879258
2025-09-09,MARUTI.NS,15249.0,15384.0,15201.0,15365.0,15365.0,605860
2025-09-09,NESTLEIND.NS,1195.199951171875,1204.0,1187.9000244140625,1202.199951171875,1195.7440185546875,1295618
2025-09-09,NTPC.NS,327.6000061035156,328.1499938964844,323.6499938964844,324.1000061035156,318.9633483886719,9735495
2025-09-09,POWERGRID.NS,283.04998779296875,284.3500061035156,281.70001220703125,283.8500061035156,276.0549011230469,7093190
2025-09-09,RELIANCE.NS,1376.5999755859375,1381.199951171875,1368.699951171875,1376.199951171875,1376.199951171875,9754452
2025-09-09,SBIN.NS,812.0,812.3499755859375,805.5999755859375,808.8499755859375,808.8499755859375,4567272
2025-09-09,SUNPHARMA.NS,1580.0,1597.0,1577.5,1591.699951171875,1581.4273681640625,1709406
2025-09-09,TCS.NS,3032.10009765625,3060.0,3030.800048828125,3049.39990234375,2983.826171875,2489301
2025-09-09,TECHM.NS,1466.5999755859375,1500.0,1465.699951171875,1498.199951171875,1482.6756591796875,1749566
2025-09-09,TITAN.NS,3667.800048828125,3667.800048828125,3619.199951171875,3630.10009765625,3630.10009765625,428367
2025-09-09,ULTRACEMCO.NS,12699.0,12708.0,12533.0,12572.0,12572.0,240234
2025-09-09,WIPRO.NS,245.0,249.85000610351562,245.0,249.14999389648438,242.8794403076172,12836972
2025-09-10,ADANIPORTS.NS,1400.0,1404.9000244140625,1385.0,1389.0999755859375,1389.0999755859375,2553605
2025-09-10,ASIANPAINT.NS,2537.300048828125,2555.0,2525.10009765625,2543.300048828125,2539.3369140625,520584
2025-09-10,AXISBANK.NS,1058.0,1074.0999755859375,1055.0999755859375,1070.0999755859375,1070.0999755859375,5241075
2025-09-10,BAJFINANCE.NS,951.0499877929688,969.6500244140625,947.7000122070312,967.9500122070312,967.9500122070312,6836239
2025-09-10,BHARTIARTL.NS,1904.0,1905.0,1883.0,1891.4000244140625,1891.4000244140625,3566139
2025-09-10,GRASIM.NS,2795.89990234375,2818.0,2775.60009765625,2785.800048828125,2785.800048828125,421783
2025-09-10,HCLTECH.NS,1434.9000244140625,1471.9000244140625,1432.0999755859375,1463.9000244140625,1441.8597412109375,3205017
2025-09-10,HDFCBANK.NS,973.9000244140625,973.9000244140625,961.7000122070312,965.9000244140625,965.9000244140625,18091100
2025-09-10,HINDUNILVR.NS,2642.0,2652.89990234375,2619.0,2643.5,2622.881591796875,1031486
2025-09-10,ICICIBANK.NS,1410.0,1413.699951171875,1402.0999755859375,1403.9000244140625,1403.9000244140625,7452347
2025-09-10,INDUSINDBK.NS,750.2000122070312,755.8499755859375,746.0999755859375,751.25,751.25,1350420
2025-09-10,INFY.NS,1510.0999755859375,1534.9000244140625,1509.300048828125,1532.5999755859375,1509.491455078125,7281071
2025-09-10,ITC.NS,411.0,413.70001220703125,408.95001220703125,413.04998779296875,404.5711364746094,9252397
2025-09-10,JSWSTEEL.NS,1108.0,1115.5,1097.300048828125,1101.199951171875,1101.199951171875,1305818
2025-09-10,KOTAKBANK.NS,396.9800109863281,397.7799987792969,393.1600036621094,394.6600036621094,394.6600036621094,42604510
2025-09-10,LT.NS,3559.0,3577.39990234375,3541.10009765625,3550.0,3550.0,1136732
2025-09-10,M&M.NS,3702.0,3708.89990234375,3591.39990234375,3604.39990234375,3604.39990234375,2298202
2025-09-10,MARUTI.NS,15366.0,15384.0,15072.0,15108.0,15108.0,489062
2025-09-10,NESTLEIND.NS,1208.199951171875,1219.199951171875,1201.699951171875,1217.5,1210.9619140625,1015673
2025-09-10,NTPC.NS,325.5,328.04998779296875,325.1499938964844,325.6499938964844,320.4888000488281,6509477
2025-09-10,POWERGRID.NS,284.70001220703125,286.45001220703125,282.5,282.95001220703125,275.17962646484375,7767863
2025-09-10,RELIANCE.NS,1383.9000244140625,1388.5,1374.0999755859375,1377.0,1377.0,7790815
2025-09-10,SBIN.NS,812.0,824.5999755859375,810.4000244140625,818.2000122070312,818.2000122070312,7285853
2025-09-10,SUNPHARMA.NS,1592.0999755859375,1601.5999755859375,1582.4000244140625,1593.4000244140625,1583.116455078125,2408379
2025-09-10,TCS.NS,3056.39990234375,3122.699951171875,3053.39990234375,3110.0,3043.123291015625,2079428
2025-09-10,TECHM.NS,1503.0,1536.0,1501.800048828125,1526.0,1510.1876220703125,1660976
2025-09-10,TITAN.NS,3632.0,3648.699951171875,3608.199951171875,3620.60009765625,3620.60009765625,408800
2025-09-10,ULTRACEMCO.NS,12625.0,12626.0,12420.0,12478.0,12478.0,175576
2025-09-10,WIPRO.NS,249.3000030517578,257.1700134277344,249.25,255.75,249.31333923339844,15261331
2025-09-11,ADANIPORTS.NS,1404.9000244140625,1423.0999755859375,1388.0,1393.0999755859375,1393.0999755859375,4041646
2025-09-11,ASIANPAINT.NS,2541.0,2559.5,2535.699951171875,2555.89990234375,2551.917236328125,423961
2025-09-11,AXISBANK.NS,1069.0,1093.0,1069.0,1087.4000244140625,1087.4000244140625,5227539
2025-09-11,BAJFINANCE.NS,968.0,975.9000244140625,965.5999755859375,970.25,970.25,5982627
2025-09-11,BHARTIARTL.NS,1884.0,1916.0,1882.0999755859375,1913.0,1913.0,4718266
2025-09-11,GRASIM.NS,2782.39990234375,2806.39990234375,2771.0,2799.0,2799.0,217951
2025-09-11,HCLTECH.NS,1463.9000244140625,1470.4000244140625,1458.300048828125,1467.699951171875,1445.6024169921875,1982922
2025-09-11,HDFCBANK.NS,960.2999877929688,969.25,959.9000244140625,967.7999877929688,967.7999877929688,15113633
2025-09-11,HINDUNILVR.NS,2643.800048828125,2657.699951171875,2614.0,2622.0,2601.54931640625,1212707
2025-09-11,ICICIBANK.NS,1398.0,1408.0,1396.0,1401.5999755859375,1401.5999755859375,10192026
2025-09-11,INDUSINDBK.NS,751.5,754.2999877929688,747.5,748.5999755859375,748.5999755859375,975314
2025-09-11,INFY.NS,1523.9000244140625,1527.5,1506.5,1509.699951171875,1486.9366455078125,8003662
2025-09-11,ITC.NS,413.04998779296875,416.70001220703125,412.45001220703125,415.04998779296875,406.53009033203125,8274406
2025-09-11,JSWSTEEL.NS,1101.199951171875,1108.0,1095.199951171875,1099.0,1099.0,852085
2025-09-11,KOTAKBANK.NS,395.3999938964844,397.0,392.6600036621094,394.4599914550781,394.4599914550781,11816335
2025-09-11,LT.NS,3548.0,3564.699951171875,3533.0,3539.699951171875,3539.699951171875,1177793
2025-09-11,M&M.NS,3620.0,3647.89990234375,3580.0,3595.699951171875,3595.699951171875,1949934
2025-09-11,MARUTI.NS,15111.0,15191.0,15038.0,15095.0,15095.0,657161
2025-09-11,NESTLEIND.NS,1212.0999755859375,1224.9000244140625,1212.0999755859375,1220.800048828125,1214.244140625,783400
2025-09-11,NTPC.NS,326.45001220703125,333.5,326.0,331.04998779296875,325.8031921386719,10309925
2025-09-11,POWERGRID.NS,282.54998779296875,288.70001220703125,282.54998779296875,286.79998779296875,278.92388916015625,7406625
2025-09-11,RELIANCE.NS,1376.0,1385.5,1375.0,1383.300048828125,1383.300048828125,9766072
2025-09-11,SBIN.NS,819.0999755859375,825.7000122070312,819.0,823.6500244140625,823.6500244140625,7425055
2025-09-11,SUNPHARMA.NS,1592.5,1617.0,1591.0,1609.699951171875,1599.3111572265625,1762484
2025-09-11,TCS.NS,3139.0,3139.0,3110.10009765625,3124.199951171875,3057.017822265625,2263446
2025-09-11,TECHM.NS,1526.0,1531.5,1505.699951171875,1521.199951171875,1505.4373779296875,896908
2025-09-11,TITAN.NS,3620.0,3644.0,3580.0,3584.199951171875,3584.199951171875,495417
2025-09-11,ULTRACEMCO.NS,12478.0,12517.0,12360.0,12392.0,12392.0,132660
2025-09-11,WIPRO.NS,255.6999969482422,255.6999969482422,252.1699981689453,253.91000366210938,247.5196533203125,5865301
2025-09-12,ADANIPORTS.NS,1395.5,1406.5,1391.0999755859375,1393.0999755859375,1393.0999755859375,1466190
2025-09-12,ASIANPAINT.NS,2560.0,2568.300048828125,2537.199951171875,2546.300048828125,2542.332275390625,547539
2025-09-12,AXISBANK.NS,1088.4000244140625,1108.699951171875,1088.4000244140625,1105.300048828125,1105.300048828125,6014850
2025-09-12,BAJFINANCE.NS,972.25,1004.5999755859375,970.8499755859375,1003.25,1003.25,11412561
2025-09-12,BHARTIARTL.NS,1925.0,1925.0,1901.5999755859375,1902.5999755859375,1902.5999755859375,3192824
2025-09-12,GRASIM.NS,2799.0,2818.0,2789.10009765625,2802.0,2802.0,168095
2025-09-12,HCLTECH.NS,1475.0,1480.0,1463.0,1467.199951171875,1445.10986328125,2110883
2025-09-12,HDFCBANK.NS,969.9000244140625,970.75,962.25,967.2999877929688,967.2999877929688,14363519
2025-09-12,HINDUNILVR.NS,2625.0,2628.89990234375,2569.0,2580.5,2560.372802734375,1368380
2025-09-12,ICICIBANK.NS,1405.0999755859375,1419.699951171875,1400.0999755859375,1417.699951171875,1417.699951171875,7770038
2025-09-12,INDUSINDBK.NS,753.0,754.3499755859375,739.25,740.5,740.5,1853165
2025-09-12,INFY.NS,1537.0,1542.9000244140625,1521.0999755859375,1525.5999755859375,1502.596923828125,12856963
2025-09-12,ITC.NS,415.3500061035156,417.04998779296875,412.8500061035156,413.75,405.25677490234375,7803379
2025-09-12,JSWSTEEL.NS,1099.0,1107.9000244140625,1093.0,1099.0,1099.0,1057815
2025-09-12,KOTAKBANK.NS,394.6400146484375,397.0,393.20001220703125,394.4599914550781,394.4599914550781,18077285
2025-09-12,LT.NS,3556.39990234375,3595.39990234375,3548.10009765625,3579.800048828125,3579.800048828125,1146873
2025-09-12,M&M.NS,3594.89990234375,3641.0,3582.0,3589.89990234375,3589.89990234375,2839264
2025-09-12,MARUTI.NS,15160.0,15373.0,15153.0,15325.0,15325.0,420101
2025-09-12,NESTLEIND.NS,1220.199951171875,1223.0,1209.5,1217.5999755859375,1211.061279296875,632659
2025-09-12,NTPC.NS,332.0,333.5,328.3999938964844,331.70001220703125,326.44293212890625,5257048
2025-09-12,POWERGRID.NS,287.25,288.6000061035156,285.1000061035156,287.6499938964844,279.75054931640625,7618852
2025-09-12,RELIANCE.NS,1383.300048828125,1396.300048828125,1380.5,1395.0,1395.0,7403368
2025-09-12,SBIN.NS,824.0999755859375,825.7999877929688,819.7999877929688,823.5499877929688,823.5499877929688,5078018
2025-09-12,SUNPHARMA.NS,1610.0,1622.5,1603.0999755859375,1616.5999755859375,1606.1666259765625,1878894
2025-09-12,TCS.NS,3144.0,3148.699951171875,3121.0,3133.39990234375,3066.02001953125,1447167
2025-09-12,TECHM.NS,1529.0,1530.0,1512.5,1525.5,1509.69287109375,770698
2025-09-12,TITAN.NS,3589.89990234375,3598.199951171875,3563.89990234375,3571.89990234375,3571.89990234375,275049
2025-09-12,ULTRACEMCO.NS,12396.0,12479.0,12343.0,12370.0,12370.0,153086
2025-09-12,WIPRO.NS,254.8800048828125,255.89999389648438,250.82000732421875,251.94000244140625,245.5992431640625,5345794
2025-09-15,ADANIPORTS.NS,1393.0999755859375,1409.0,1392.199951171875,1395.199951171875,1395.199951171875,1254831
2025-09-15,ASIANPAINT.NS,2535.10009765625,2543.5,2498.0,2502.60009765625,2498.700439453125,583051
2025-09-15,AXISBANK.NS,1105.0,1110.0,1100.0,1104.4000244140625,1104.4000244140625,3881807
2025-09-15,BAJFINANCE.NS,999.0,1025.699951171875,998.0999755859375,1009.8499755859375,1009.8499755859375,9989753
2025-09-15,BHARTIARTL.NS,1904.0,1913.0,1898.4000244140625,1904.5,1904.5,3553258
2025-09-15,GRASIM.NS,2795.0,2819.800048828125,2785.0,2802.39990234375,2802.39990234375,291664
2025-09-15,HCLTECH.NS,1467.199951171875,1468.300048828125,1452.0,1466.5,1444.4205322265625,1725617
2025-09-15,HDFCBANK.NS,969.5999755859375,972.3499755859375,965.0,967.0499877929688,967.0499877929688,14486377
2025-09-15,HINDUNILVR.NS,2580.5,2593.39990234375,2568.39990234375,2581.0,2560.868896484375,752745
2025-09-15,ICICIBANK.NS,1422.0,1426.800048828125,1416.300048828125,1419.4000244140625,1419.4000244140625,5845637
2025-09-15,INDUSINDBK.NS,741.0,744.4000244140625,738.0999755859375,739.9000244140625,739.9000244140625,1499071
2025-09-15,INFY.NS,1525.5999755859375,1527.5,1501.199951171875,1508.4000244140625,1485.6563720703125,6167414
2025-09-15,ITC.NS,413.04998779296875,414.29998779296875,411.75,412.6499938964844,404.1793518066406,5707331
2025-09-15,JSWSTEEL.NS,1100.0,1105.0,1090.5,1100.9000244140625,1100.9000244140625,565667
2025-09-15,KOTAKBANK.NS,393.6000061035156,396.32000732421875,392.9800109863281,394.1600036621094,394.1600036621094,13098130
2025-09-15,LT.NS,3581.0,3607.0,3575.5,3586.199951171875,3586.199951171875,1177076
2025-09-15,M&M.NS,3590.0,3603.39990234375,3526.60009765625,3530.300048828125,3530.300048828125,2550444
2025-09-15,MARUTI.NS,15350.0,15378.0,15249.0,15265.0,15265.0,170587
2025-09-15,NESTLEIND.NS,1212.199951171875,1220.0,1209.5999755859375,1212.5,1205.9886474609375,523120
2025-09-15,NTPC.NS,331.0,333.79998779296875,330.6499938964844,331.1000061035156,325.8524169921875,6566824
2025-09-15,POWERGRID.NS,288.29998779296875,288.79998779296875,285.75,286.25,278.38897705078125,5420800
2025-09-15,RELIANCE.NS,1393.0,1400.800048828125,1388.5999755859375,1399.300048828125,1399.300048828125,5396697
2025-09-15,SBIN.NS,823.5499877929688,827.7999877929688,821.0999755859375,824.75,824.75,3852494
2025-09-15,SUNPHARMA.NS,1616.5999755859375,1617.0999755859375,1595.4000244140625,1602.0,1591.660888671875,2005917
2025-09-15,TCS.NS,3134.0,3134.0,3096.0,3111.89990234375,3044.982177734375,1732539
2025-09-15,TECHM.NS,1527.9000244140625,1527.9000244140625,1505.5999755859375,1519.800048828125,1504.0518798828125,825515
2025-09-15,TITAN.NS,3556.0,3576.5,3515.0,3534.10009765625,3534.10009765625,362285
2025-09-15,ULTRACEMCO.NS,12370.0,12481.0,12324.0,12435.0,12435.0,179530
2025-09-15,WIPRO.NS,251.5,251.7899932861328,249.60000610351562,251.27999877929688,244.95584106445312,3700703
2025-09-16,ADANIPORTS.NS,1400.0,1412.5999755859375,1396.5999755859375,1408.199951171875,1408.199951171875,1636246
2025-09-16,ASIANPAINT.NS,2495.0,2509.89990234375,2474.5,2480.89990234375,2477.033935546875,760790
2025-09-16,AXISBANK.NS,1105.699951171875,1127.0999755859375,1104.0,1121.199951171875,1121.199951171875,7965606
2025-09-16,BAJFINANCE.NS,1005.8499755859375,1015.2999877929688,1000.0,1003.25,1003.25,7602155
2025-09-16,BHARTIARTL.NS,1903.300048828125,1942.0,1902.5,1939.5,1939.5,5427586
2025-09-16,GRASIM.NS,2811.89990234375,2848.5,2804.0,2843.0,2843.0,546549
2025-09-16,HCLTECH.NS,1463.9000244140625,1485.199951171875,1461.0999755859375,1483.0999755859375,1460.7705078125,1724524
2025-09-16,HDFCBANK.NS,961.2000122070312,969.3499755859375,961.2000122070312,966.8499755859375,966.8499755859375,18661794
2025-09-16,HINDUNILVR.NS,2588.199951171875,2590.0,2572.60009765625,2580.89990234375,2560.769775390625,1040928
2025-09-16,ICICIBANK.NS,1414.0,1424.9000244140625,1413.699951171875,1421.5999755859375,1421.5999755859375,8213151
2025-09-16,INDUSINDBK.NS,740.7000122070312,748.9500122070312,734.5999755859375,742.25,742.25,2892657
2025-09-16,INFY.NS,1508.4000244140625,1514.0,1503.5,1511.300048828125,1488.5126953125,8923112
2025-09-16,ITC.NS,413.20001220703125,414.3500061035156,412.0,413.1000061035156,404.6201171875,8239087
2025-09-16,JSWSTEEL.NS,1100.5,1117.9000244140625,1100.0,1115.199951171875,1115.199951171875,1644497
2025-09-16,KOTAKBANK.NS,395.2799987792969,406.1000061035156,394.6400146484375,404.3399963378906,404.3399963378906,20084385
2025-09-16,LT.NS,3603.89990234375,3674.0,3593.10009765625,3667.800048828125,3667.800048828125,2928060
2025-09-16,M&M.NS,3545.0,3619.89990234375,3528.89990234375,3608.0,3608.0,2465043
2025-09-16,MARUTI.NS,15300.0,15594.0,15284.0,15573.0,15573.0,381944
2025-09-16,NESTLEIND.NS,1212.0,1215.0,1201.199951171875,1204.199951171875,1197.7332763671875,1137133
2025-09-16,NTPC.NS,331.20001220703125,335.79998779296875,331.20001220703125,335.04998779296875,329.73980712890625,8784889
2025-09-16,POWERGRID.NS,286.54998779296875,289.70001220703125,286.3500061035156,288.3500061035156,280.43133544921875,8626429
2025-09-16,RELIANCE.NS,1404.699951171875,1408.0,1398.199951171875,1405.300048828125,1405.300048828125,8686961
2025-09-16,SBIN.NS,825.0999755859375,833.0,821.6500244140625,831.5499877929688,831.5499877929688,9467531
2025-09-16,SUNPHARMA.NS,1602.5,1615.0,1600.0,1610.5,1600.1060791015625,1480567
2025-09-16,TCS.NS,3128.0,3150.0,3109.10009765625,3145.699951171875,3078.0556640625,2573429
2025-09-16,TECHM.NS,1522.9000244140625,1534.0,1510.0,1531.5,1515.630615234375,1011289
2025-09-16,TITAN.NS,3525.0,3570.300048828125,3502.0,3556.800048828125,3556.800048828125,724742
2025-09-16,ULTRACEMCO.NS,12497.0,12599.0,12446.0,12578.0,12578.0,189043
2025-09-16,WIPRO.NS,252.0,254.5,250.1999969482422,254.00999450683594,247.61712646484375,7316998
2025-09-17,ADANIPORTS.NS,1410.0,1413.0999755859375,1396.199951171875,1406.0999755859375,1406.0999755859375,1062568
2025-09-17,ASIANPAINT.NS,2482.0,2496.89990234375,2480.800048828125,2493.60009765625,2489.71435546875,359627
2025-09-17,AXISBANK.NS,1121.300048828125,1128.5,1116.0999755859375,1126.0,1126.0,5590739
2025-09-17,BAJFINANCE.NS,1010.0,1011.7999877929688,1000.3499755859375,1007.5,1007.5,6995023
2025-09-17,BHARTIARTL.NS,1938.0999755859375,1950.0999755859375,1932.5999755859375,1941.300048828125,1941.300048828125,4234637
2025-09-17,GRASIM.NS,2855.0,2881.0,2850.0,2865.39990234375,2865.39990234375,785107
2025-09-17,HCLTECH.NS,1490.800048828125,1499.0,1475.300048828125,1481.5,1459.1947021484375,2656774
2025-09-17,HDFCBANK.NS,965.1500244140625,974.4000244140625,964.3499755859375,966.5,966.5,17361476
2025-09-17,HINDUNILVR.NS,2587.0,2591.10009765625,2566.5,2569.699951171875,2549.656982421875,970247
2025-09-17,ICICIBANK.NS,1420.0999755859375,1426.0999755859375,1416.4000244140625,1419.199951171875,1419.199951171875,7484283
2025-09-17,INDUSINDBK.NS,745.0,745.9000244140625,737.0499877929688,739.0499877929688,739.0499877929688,2280605
2025-09-17,INFY.NS,1516.9000244140625,1526.699951171875,1514.0,1522.4000244140625,1499.4453125,4795698
2025-09-17,ITC.NS,413.95001220703125,414.6000061035156,408.04998779296875,409.29998779296875,400.8981018066406,14113882
2025-09-17,JSWSTEEL.NS,1119.5,1122.5999755859375,1107.0999755859375,1111.0,1111.0,950577
2025-09-17,KOTAKBANK.NS,405.79998779296875,410.5400085449219,404.05999755859375,410.05999755859375,410.05999755859375,23917190
2025-09-17,LT.NS,3672.0,3704.0,3662.699951171875,3685.5,3685.5,1610471
2025-09-17,M&M.NS,3608.0,3644.89990234375,3593.10009765625,3633.199951171875,3633.199951171875,2237804
2025-09-17,MARUTI.NS,15592.0,15818.0,15570.0,15801.0,15801.0,624986
2025-09-17,NESTLEIND.NS,1207.0,1212.5999755859375,1195.5999755859375,1204.300048828125,1197.832763671875,1005661
2025-09-17,NTPC.NS,335.5,337.45001220703125,334.54998779296875,336.3999938964844,331.06842041015625,7936518
2025-09-17,POWERGRID.NS,289.0,289.20001220703125,285.95001220703125,287.1499938964844,279.2642822265625,19010126
2025-09-17,RELIANCE.NS,1407.0,1416.199951171875,1406.9000244140625,1413.800048828125,1413.800048828125,7519417
2025-09-17,SBIN.NS,834.2999877929688,858.1500244140625,831.0,857.1500244140625,857.1500244140625,17243938
2025-09-17,SUNPHARMA.NS,1612.5999755859375,1622.0999755859375,1607.4000244140625,1620.199951171875,1609.743408203125,2128406
2025-09-17,TCS.NS,3152.0,3182.39990234375,3142.39990234375,3172.800048828125,3104.57275390625,2418271
2025-09-17,TECHM.NS,1538.300048828125,1549.4000244140625,1525.5999755859375,1547.199951171875,1531.16796875,1946337
2025-09-17,TITAN.NS,3561.89990234375,3572.699951171875,3513.199951171875,3523.0,3523.0,659866
2025-09-17,ULTRACEMCO.NS,12678.0,12800.0,12614.0,12721.0,12721.0,264319
2025-09-17,WIPRO.NS,253.3000030517578,255.5,252.85000610351562,254.14999389648438,247.75360107421875,7339871
2025-09-18,ADANIPORTS.NS,1410.0,1415.0,1401.0,1412.800048828125,1412.800048828125,1416920
2025-09-18,ASIANPAINT.NS,2497.89990234375,2506.199951171875,2469.300048828125,2478.699951171875,2474.837646484375,400796
2025-09-18,AXISBANK.NS,1129.0,1134.4000244140625,1121.199951171875,1133.0,1133.0,5713032
2025-09-18,BAJFINANCE.NS,1007.0,1009.7999877929688,990.0,996.5,996.5,9738376
2025-09-18,BHARTIARTL.NS,1944.5,1949.800048828125,1920.5,1941.0999755859375,1941.0999755859375,5080814
2025-09-18,GRASIM.NS,2878.0,2883.0,2852.0,2878.800048828125,2878.800048828125,513800
2025-09-18,HCLTECH.NS,1492.5999755859375,1502.9000244140625,1486.0999755859375,1493.800048828125,1471.3095703125,2792406
2025-09-18,HDFCBANK.NS,973.2999877929688,979.6500244140625,969.25,976.9000244140625,976.9000244140625,17791598
2025-09-18,HINDUNILVR.NS,2570.89990234375,2609.89990234375,2570.89990234375,2586.800048828125,2566.623779296875,1550153
2025-09-18,ICICIBANK.NS,1431.0999755859375,1432.800048828125,1415.300048828125,1421.699951171875,1421.699951171875,8130537
2025-09-18,INDUSINDBK.NS,742.4500122070312,743.0,732.5,735.4500122070312,735.4500122070312,2280312
2025-09-18,INFY.NS,1550.0,1555.0,1538.5,1540.5999755859375,1517.370849609375,9331945
2025-09-18,ITC.NS,411.3500061035156,413.04998779296875,410.1000061035156,411.54998779296875,403.1019287109375,15647808
2025-09-18,JSWSTEEL.NS,1111.9000244140625,1122.9000244140625,1105.0,1121.0999755859375,1121.0999755859375,824725
2025-09-18,KOTAKBANK.NS,410.0,412.260009765625,408.44000244140625,410.9200134277344,410.9200134277344,17420580
2025-09-18,LT.NS,3691.0,3700.0,3672.5,3686.0,3686.0,1270148
2025-09-18,M&M.NS,3636.10009765625,3650.0,3603.300048828125,3642.199951171875,3642.199951171875,2480472
2025-09-18,MARUTI.NS,15916.0,15939.0,15703.0,15817.0,15817.0,642175
2025-09-18,NESTLEIND.NS,1205.0999755859375,1213.300048828125,1200.0,1209.0999755859375,1202.60693359375,1345158
2025-09-18,NTPC.NS,337.0,337.6000061035156,334.1000061035156,336.95001220703125,331.6097412109375,6497322
2025-09-18,POWERGRID.NS,287.0,289.8500061035156,286.1000061035156,289.1000061035156,281.1607360839844,16842964
2025-09-18,RELIANCE.NS,1420.4000244140625,1422.0,1410.699951171875,1415.0,1415.0,9332642
2025-09-18,SBIN.NS,858.6500244140625,860.7999877929688,851.0999755859375,854.3499755859375,854.3499755859375,10400847
2025-09-18,SUNPHARMA.NS,1635.0999755859375,1651.300048828125,1627.699951171875,1648.5999755859375,1637.9600830078125,1832386
2025-09-18,TCS.NS,3185.0,3203.0,3161.39990234375,3176.699951171875,3108.388916015625,2633138
2025-09-18,TECHM.NS,1556.0,1566.9000244140625,1541.800048828125,1550.699951171875,1534.631591796875,2246114
2025-09-18,TITAN.NS,3530.0,3546.0,3503.39990234375,3511.300048828125,3511.300048828125,829442
2025-09-18,ULTRACEMCO.NS,12730.0,12749.0,12562.0,12626.0,12626.0,190079
2025-09-18,WIPRO.NS,257.0,259.79998779296875,256.0,256.92999267578125,250.46363830566406,10498239
2025-09-19,ADANIPORTS.NS,1447.800048828125,1460.0,1425.0,1427.800048828125,1427.800048828125,8069167
2025-09-19,ASIANPAINT.NS,2475.0,2509.5,2468.5,2481.699951171875,2477.832763671875,3731525
2025-09-19,AXISBANK.NS,1133.0,1144.0999755859375,1126.5999755859375,1135.9000244140625,1135.9000244140625,8910732
2025-09-19,BAJFINANCE.NS,991.0,996.0,988.5999755859375,992.4500122070312,992.4500122070312,6736440
2025-09-19,BHARTIARTL.NS,1930.199951171875,1976.800048828125,1927.800048828125,1962.4000244140625,1962.4000244140625,11287603
2025-09-19,GRASIM.NS,2876.10009765625,2891.300048828125,2848.300048828125,2877.89990234375,2877.89990234375,790137
2025-09-19,HCLTECH.NS,1493.800048828125,1493.800048828125,1464.0,1467.4000244140625,1445.306884765625,3197957
2025-09-19,HDFCBANK.NS,974.9000244140625,976.7000122070312,962.0999755859375,966.9000244140625,966.9000244140625,31243267
2025-09-19,HINDUNILVR.NS,2600.0,2604.699951171875,2554.800048828125,2559.60009765625,2539.635986328125,2214708
2025-09-19,ICICIBANK.NS,1416.0999755859375,1418.0,1400.199951171875,1402.199951171875,1402.199951171875,13457344
2025-09-19,INDUSINDBK.NS,738.0,746.9500122070312,736.1500244140625,744.4000244140625,744.4000244140625,8190278
2025-09-19,INFY.NS,1544.5999755859375,1551.300048828125,1520.0999755859375,1540.199951171875,1516.976806640625,12988129
2025-09-19,ITC.NS,411.54998779296875,412.6000061035156,408.95001220703125,410.6499938964844,402.22039794921875,19505321
2025-09-19,JSWSTEEL.NS,1121.0999755859375,1126.0,1113.699951171875,1122.800048828125,1122.800048828125,1351221
2025-09-19,KOTAKBANK.NS,410.9200134277344,410.9200134277344,405.4800109863281,406.20001220703125,406.20001220703125,22431125
2025-09-19,LT.NS,3679.0,3705.0,3671.0,3675.39990234375,3675.39990234375,2227521
2025-09-19,M&M.NS,3601.0,3636.699951171875,3584.5,3592.10009765625,3592.10009765625,4018342
2025-09-19,MARUTI.NS,16000.0,16060.0,15811.0,15864.0,15864.0,652443
2025-09-19,NESTLEIND.NS,1212.0,1212.0,1191.0,1194.5,1188.0853271484375,2395784
2025-09-19,NTPC.NS,336.95001220703125,339.5,336.45001220703125,338.6499938964844,333.28277587890625,10646331
2025-09-19,POWERGRID.NS,290.0,290.20001220703125,284.8999938964844,286.20001220703125,278.3403625488281,14993879
2025-09-19,RELIANCE.NS,1414.9000244140625,1417.0,1403.5999755859375,1407.4000244140625,1407.4000244140625,13461373
2025-09-19,SBIN.NS,852.0,864.4500122070312,849.2999877929688,862.3499755859375,862.3499755859375,15206426
2025-09-19,SUNPHARMA.NS,1648.5999755859375,1668.0999755859375,1643.0999755859375,1656.0,1645.3123779296875,3191406
2025-09-19,TCS.NS,3170.0,3180.5,3144.0,3169.199951171875,3101.050048828125,4901694
2025-09-19,TECHM.NS,1551.0,1557.4000244140625,1541.5999755859375,1553.800048828125,1537.6995849609375,2621234
2025-09-19,TITAN.NS,3504.0,3511.300048828125,3460.0,3467.199951171875,3467.199951171875,2337255
2025-09-19,ULTRACEMCO.NS,12602.0,12644.0,12484.0,12508.0,12508.0,571670
2025-09-19,WIPRO.NS,257.0,257.6600036621094,254.6999969482422,255.8800048828125,249.44007873535156,10741757
2025-09-22,ADANIPORTS.NS,1433.0,1461.699951171875,1425.0,1444.199951171875,1444.199951171875,5490489
2025-09-22,ASIANPAINT.NS,2494.10009765625,2503.0,2474.10009765625,2482.699951171875,2478.831298828125,872806
2025-09-22,AXISBANK.NS,1136.0,1147.5999755859375,1131.199951171875,1144.4000244140625,1144.4000244140625,7689900
2025-09-22,BAJFINANCE.NS,989.9500122070312,1010.9000244140625,989.0,1006.5,1006.5,4250045
2025-09-22,BHARTIARTL.NS,1954.0,1966.0,1944.0,1956.199951171875,1956.199951171875,4469137
2025-09-22,GRASIM.NS,2860.0,2911.0,2848.800048828125,2854.10009765625,2854.10009765625,751168
2025-09-22,HCLTECH.NS,1423.0,1449.199951171875,1415.0,1439.9000244140625,1418.2210693359375,4457129
2025-09-22,HDFCBANK.NS,964.0,971.2000122070312,961.9500122070312,964.2000122070312,964.2000122070312,10854415
2025-09-22,HINDUNILVR.NS,2569.0,2587.199951171875,2560.199951171875,2572.199951171875,2552.1376953125,1174161
2025-09-22,ICICIBANK.NS,1403.9000244140625,1409.9000244140625,1397.199951171875,1401.5,1401.5,8847948
2025-09-22,INDUSINDBK.NS,744.4000244140625,748.2999877929688,733.4000244140625,734.2999877929688,734.2999877929688,1884250
2025-09-22,INFY.NS,1482.699951171875,1514.699951171875,1482.0,1499.5,1476.8905029296875,15655204
2025-09-22,ITC.NS,410.6499938964844,411.0,406.04998779296875,406.95001220703125,398.59637451171875,8930779
2025-09-22,JSWSTEEL.NS,1122.0,1126.800048828125,1111.5999755859375,1117.0,1117.0,786218
2025-09-22,KOTAKBANK.NS,406.3999938964844,407.9200134277344,403.4800109863281,404.3399963378906,404.3399963378906,13229910
2025-09-22,LT.NS,3693.60009765625,3693.60009765625,3633.89990234375,3644.5,3644.5,839430
2025-09-22,M&M.NS,3600.0,3616.60009765625,3569.300048828125,3584.800048828125,3584.800048828125,1664133
2025-09-22,MARUTI.NS,15879.0,16000.0,15779.0,15816.0,15816.0,302234
2025-09-22,NESTLEIND.NS,1198.9000244140625,1201.199951171875,1184.0,1188.300048828125,1181.918701171875,1107323
2025-09-22,NTPC.NS,339.1499938964844,340.3500061035156,336.8500061035156,339.20001220703125,333.8240661621094,6966213
2025-09-22,POWERGRID.NS,287.0,289.0,285.8999938964844,286.6499938964844,278.7779846191406,9456933
2025-09-22,RELIANCE.NS,1403.9000244140625,1410.699951171875,1388.0,1390.5999755859375,1390.5999755859375,7757970
2025-09-22,SBIN.NS,862.0,868.2000122070312,854.0,855.25,855.25,6594034
2025-09-22,SUNPHARMA.NS,1650.0,1657.9000244140625,1635.300048828125,1644.0,1633.389892578125,1785320
2025-09-22,TCS.NS,3095.0,3106.89990234375,3065.0,3073.800048828125,3007.70166015625,3634901
2025-09-22,TECHM.NS,1499.0,1510.0,1453.300048828125,1505.4000244140625,1489.8011474609375,5723501
2025-09-22,TITAN.NS,3458.199951171875,3477.0,3440.0,3457.5,3457.5,817833
2025-09-22,ULTRACEMCO.NS,12547.0,12706.0,12542.0,12650.0,12650.0,499548
2025-09-22,WIPRO.NS,248.5500030517578,251.77999877929688,247.2100067138672,250.3300018310547,244.02975463867188,15784007
2025-09-23,ADANIPORTS.NS,1453.0,1455.0,1423.0999755859375,1441.5999755859375,1441.5999755859375,2550337
2025-09-23,ASIANPAINT.NS,2472.10009765625,2483.800048828125,2428.0,2446.89990234375,2443.0869140625,1332111
2025-09-23,AXISBANK.NS,1146.0,1172.800048828125,1141.9000244140625,1170.800048828125,1170.800048828125,16079093
2025-09-23,BAJFINANCE.NS,999.0,1028.800048828125,999.0,1025.5,1025.5,10230040
2025-09-23,BHARTIARTL.NS,1950.0,1955.0,1930.0999755859375,1938.699951171875,1938.699951171875,4348633
2025-09-23,GRASIM.NS,2858.89990234375,2873.800048828125,2808.10009765625,2813.5,2813.5,702680
2025-09-23,HCLTECH.NS,1444.199951171875,1444.199951171875,1420.4000244140625,1429.800048828125,1408.273193359375,3106480
2025-09-23,HDFCBANK.NS,967.0,968.2000122070312,955.5,957.2000122070312,957.2000122070312,21022298
2025-09-23,HINDUNILVR.NS,2568.89990234375,2575.300048828125,2518.199951171875,2522.199951171875,2502.527587890625,1430474
2025-09-23,ICICIBANK.NS,1391.0,1403.300048828125,1391.0,1394.300048828125,1394.300048828125,12827524
2025-09-23,INDUSINDBK.NS,735.0,757.0,729.0499877929688,755.25,755.25,4501893
2025-09-23,INFY.NS,1493.0,1513.0,1493.0,1497.5,1474.920654296875,9832164
2025-09-23,ITC.NS,407.1000061035156,408.1000061035156,402.1000061035156,403.20001220703125,394.9233703613281,14936357
2025-09-23,JSWSTEEL.NS,1125.0,1148.0,1117.0999755859375,1138.4000244140625,1138.4000244140625,2075493
2025-09-23,KOTAKBANK.NS,404.6000061035156,410.6199951171875,401.67999267578125,409.5400085449219,409.5400085449219,25428240
2025-09-23,LT.NS,3646.89990234375,3673.5,3613.199951171875,3657.60009765625,3657.60009765625,1262120
2025-09-23,M&M.NS,3610.0,3679.199951171875,3606.800048828125,3614.60009765625,3614.60009765625,2523224
2025-09-23,MARUTI.NS,16120.0,16325.0,16031.0,16097.0,16097.0,873114
2025-09-23,NESTLEIND.NS,1189.800048828125,1194.5,1165.0,1168.4000244140625,1162.1256103515625,2114020
2025-09-23,NTPC.NS,339.45001220703125,344.1000061035156,338.1000061035156,343.0,337.5638427734375,10738268
2025-09-23,POWERGRID.NS,288.6499938964844,289.0,285.3999938964844,288.6000061035156,280.6744689941406,13619147
2025-09-23,RELIANCE.NS,1391.0,1395.0,1376.800048828125,1389.800048828125,1389.800048828125,14014702
2025-09-23,SBIN.NS,854.5999755859375,874.25,851.2000122070312,870.5999755859375,870.5999755859375,14357863
2025-09-23,SUNPHARMA.NS,1643.199951171875,1644.0,1625.0999755859375,1631.199951171875,1620.67236328125,1967731
2025-09-23,TCS.NS,3070.0,3080.699951171875,3052.0,3062.39990234375,2996.546630859375,3177741
2025-09-23,TECHM.NS,1511.699951171875,1511.699951171875,1468.199951171875,1471.9000244140625,1456.648193359375,1380054
2025-09-23,TITAN.NS,3465.199951171875,3465.300048828125,3405.0,3439.199951171875,3439.199951171875,1144975
2025-09-23,ULTRACEMCO.NS,12650.0,12698.0,12361.0,12401.0,12401.0,403638
2025-09-23,WIPRO.NS,250.22000122070312,252.0,248.75,249.6300048828125,243.34738159179688,8674114
2025-09-24,ADANIPORTS.NS,1445.0,1452.4000244140625,1429.0999755859375,1431.5999755859375,1431.5999755859375,2603193
2025-09-24,ASIANPAINT.NS,2446.0,2475.0,2443.199951171875,2457.199951171875,2453.37109375,637749
2025-09-24,AXISBANK.NS,1168.0,1172.800048828125,1154.0,1158.9000244140625,1158.9000244140625,12812055
2025-09-24,BAJFINANCE.NS,1021.5,1036.0,1020.4000244140625,1029.75,1029.75,6433184
2025-09-24,BHARTIARTL.NS,1926.0,1937.300048828125,1918.800048828125,1931.0999755859375,1931.0999755859375,5237977
2025-09-24,GRASIM.NS,2813.5,2838.699951171875,2797.89990234375,2807.39990234375,2807.39990234375,316532
2025-09-24,HCLTECH.NS,1425.0999755859375,1444.699951171875,1420.0,1442.300048828125,1420.5848388671875,2894044
2025-09-24,HDFCBANK.NS,952.2000122070312,956.4500122070312,943.0,951.0499877929688,951.0499877929688,15117220
2025-09-24,HINDUNILVR.NS,2522.199951171875,2576.0,2510.0,2549.5,2529.61474609375,1882881
2025-09-24,ICICIBANK.NS,1386.4000244140625,1390.9000244140625,1376.5,1382.699951171875,1382.699951171875,9735678
2025-09-24,INDUSINDBK.NS,755.25,758.9500122070312,738.9000244140625,740.75,740.75,2993982
2025-09-24,INFY.NS,1487.199951171875,1496.699951171875,1482.699951171875,1494.5999755859375,1472.0643310546875,4937004
2025-09-24,ITC.NS,403.20001220703125,404.6499938964844,400.70001220703125,401.0,392.76849365234375,12380865
2025-09-24,JSWSTEEL.NS,1138.4000244140625,1161.0,1133.0,1149.0999755859375,1149.0999755859375,2111388
2025-09-24,KOTAKBANK.NS,408.3999938964844,409.6199951171875,405.79998779296875,406.260009765625,406.260009765625,18394385
2025-09-24,LT.NS,3657.60009765625,3709.199951171875,3637.10009765625,3673.800048828125,3673.800048828125,1745130
2025-09-24,M&M.NS,3614.5,3626.300048828125,3568.0,3574.89990234375,3574.89990234375,1320014
2025-09-24,MARUTI.NS,16188.0,16375.0,16063.0,16249.0,16249.0,663647
2025-09-24,NESTLEIND.NS,1167.9000244140625,1185.199951171875,1161.4000244140625,1178.5999755859375,1172.270751953125,1395188
2025-09-24,NTPC.NS,343.29998779296875,350.3999938964844,342.25,347.6000061035156,342.0909423828125,14653575
2025-09-24,POWERGRID.NS,287.8999938964844,294.54998779296875,286.95001220703125,293.29998779296875,285.245361328125,14032389
2025-09-24,RELIANCE.NS,1385.300048828125,1396.0,1380.4000244140625,1383.0,1383.0,5922759
2025-09-24,SBIN.NS,876.0,880.5,864.4500122070312,866.2000122070312,866.2000122070312,12840160
2025-09-24,SUNPHARMA.NS,1630.0,1635.9000244140625,1625.0,1627.0999755859375,1616.598876953125,1131058
2025-09-24,TCS.NS,3050.0,3057.0,3033.0,3035.39990234375,2970.127197265625,1625714
2025-09-24,TECHM.NS,1470.0,1470.0,1439.0,1452.4000244140625,1437.350341796875,2122106
2025-09-24,TITAN.NS,3430.0,3437.39990234375,3411.0,3418.300048828125,3418.300048828125,690454
2025-09-24,ULTRACEMCO.NS,12427.0,12448.0,12200.0,12214.0,12214.0,166517
2025-09-24,WIPRO.NS,248.3300018310547,249.1199951171875,244.25,244.58999633789062,238.43421936035156,7888797
2025-09-25,ADANIPORTS.NS,1431.699951171875,1439.9000244140625,1404.0999755859375,1407.199951171875,1407.199951171875,1970560
2025-09-25,ASIANPAINT.NS,2458.5,2462.699951171875,2388.0,2404.0,2400.25390625,1518215
2025-09-25,AXISBANK.NS,1154.699951171875,1171.800048828125,1153.4000244140625,1166.5999755859375,1166.5999755859375,11188302
2025-09-25,BAJFINANCE.NS,1020.0,1031.0999755859375,1008.0,1012.75,1012.75,16731453
2025-09-25,BHARTIARTL.NS,1930.0,1950.0,1928.800048828125,1935.5999755859375,1935.5999755859375,7133365
2025-09-25,GRASIM.NS,2810.0,2833.199951171875,2771.199951171875,2778.60009765625,2778.60009765625,723479
2025-09-25,HCLTECH.NS,1440.199951171875,1442.5,1416.0,1423.800048828125,1402.3634033203125,2713246
2025-09-25,HDFCBANK.NS,952.5,958.0,947.4000244140625,949.8499755859375,949.8499755859375,31413279
2025-09-25,HINDUNILVR.NS,2546.0,2567.5,2531.800048828125,2538.300048828125,2518.502197265625,1624258
2025-09-25,ICICIBANK.NS,1377.0,1391.5,1371.800048828125,1375.800048828125,1375.800048828125,21613389
2025-09-25,INDUSINDBK.NS,740.9500122070312,745.5999755859375,735.4000244140625,740.75,740.75,3037406
2025-09-25,INFY.NS,1489.0,1502.699951171875,1476.5,1484.800048828125,1462.4122314453125,9491867
2025-09-25,ITC.NS,401.45001220703125,403.0,398.0,400.1000061035156,391.8869934082031,22006368
2025-09-25,JSWSTEEL.NS,1149.0999755859375,1157.5,1140.0,1148.5,1148.5,1581307
2025-09-25,KOTAKBANK.NS,406.4599914550781,407.5,402.0,402.70001220703125,402.70001220703125,20039275
2025-09-25,LT.NS,3684.0,3704.0,3635.699951171875,3644.39990234375,3644.39990234375,1999071
2025-09-25,M&M.NS,3579.89990234375,3584.10009765625,3521.800048828125,3530.0,3530.0,2106344
2025-09-25,MARUTI.NS,16249.0,16370.0,16067.0,16269.0,16269.0,490262
2025-09-25,NESTLEIND.NS,1184.5,1192.4000244140625,1171.5999755859375,1173.5,1167.1981201171875,1273981
2025-09-25,NTPC.NS,349.29998779296875,350.79998779296875,340.0,340.5,335.1034240722656,13228081
2025-09-25,POWERGRID.NS,294.0,294.8500061035156,283.6000061035156,284.3999938964844,276.58978271484375,16242837
2025-09-25,RELIANCE.NS,1381.300048828125,1384.5,1369.0,1372.4000244140625,1372.4000244140625,11411143
2025-09-25,SBIN.NS,866.5499877929688,870.1500244140625,859.9500122070312,861.1500244140625,861.1500244140625,8678821
2025-09-25,SUNPHARMA.NS,1627.9000244140625,1642.800048828125,1622.699951171875,1627.4000244140625,1616.89697265625,2762750
2025-09-25,TCS.NS,3022.0,3029.60009765625,2951.0,2957.39990234375,2893.804443359375,4974361
2025-09-25,TECHM.NS,1452.0,1460.199951171875,1437.0,1444.300048828125,1429.334228515625,1581629
2025-09-25,TITAN.NS,3408.0,3419.89990234375,3370.0,3378.5,3378.5,1139904
2025-09-25,ULTRACEMCO.NS,12210.0,12275.0,12120.0,12141.0,12141.0,272540
2025-09-25,WIPRO.NS,245.4499969482422,245.63999938964844,241.27999877929688,242.0,235.90940856933594,7957740
2025-09-26,ADANIPORTS.NS,1407.199951171875,1416.699951171875,1390.300048828125,1392.0,1392.0,1899079
2025-09-26,ASIANPAINT.NS,2397.5,2400.0,2339.0,2342.800048828125,2339.1494140625,1089446
2025-09-26,AXISBANK.NS,1161.5999755859375,1169.699951171875,1148.0,1154.0,1154.0,5618932
2025-09-26,BAJFINANCE.NS,1008.0499877929688,1010.5,981.0499877929688,985.0999755859375,985.0999755859375,9109737
2025-09-26,BHARTIARTL.NS,1931.0999755859375,1944.699951171875,1911.9000244140625,1916.5999755859375,1916.5999755859375,3239306
2025-09-26,GRASIM.NS,2775.0,2810.0,2736.199951171875,2746.800048828125,2746.800048828125,523045
2025-09-26,HCLTECH.NS,1420.0,1426.5,1392.0,1395.300048828125,1374.29248046875,2568054
2025-09-26,HDFCBANK.NS,945.0999755859375,951.4500122070312,941.2999877929688,945.0499877929688,945.0499877929688,14874656
2025-09-26,HINDUNILVR.NS,2535.0,2545.39990234375,2499.39990234375,2511.800048828125,2492.208740234375,885612
2025-09-26,ICICIBANK.NS,1368.0,1372.699951171875,1357.0,1359.5999755859375,1359.5999755859375,18342280
2025-09-26,INDUSINDBK.NS,742.0,742.6500244140625,710.5999755859375,712.75,712.75,5779485
2025-09-26,INFY.NS,1475.0,1478.699951171875,1441.199951171875,1448.9000244140625,1427.053466796875,8597058
2025-09-26,ITC.NS,400.1000061035156,405.8999938964844,399.79998779296875,405.1000061035156,396.7843322753906,14414044
2025-09-26,JSWSTEEL.NS,1155.0,1167.9000244140625,1127.9000244140625,1130.800048828125,1130.800048828125,2999892
2025-09-26,KOTAKBANK.NS,401.79998779296875,403.8399963378906,397.82000732421875,398.9599914550781,398.9599914550781,9595825
2025-09-26,LT.NS,3664.0,3794.89990234375,3661.0,3729.5,3729.5,5870301
2025-09-26,M&M.NS,3510.0,3547.5,3391.60009765625,3396.5,3396.5,3046760
2025-09-26,MARUTI.NS,16235.0,16435.0,16202.0,16286.0,16286.0,490957
2025-09-26,NESTLEIND.NS,1170.0,1179.0,1160.199951171875,1162.5999755859375,1156.356689453125,1011036
2025-09-26,NTPC.NS,340.5,340.75,336.45001220703125,337.8999938964844,332.54461669921875,6337702
2025-09-26,POWERGRID.NS,283.5,284.1499938964844,280.1000061035156,282.25,274.49884033203125,8959035
2025-09-26,RELIANCE.NS,1372.0,1382.699951171875,1366.0,1377.5999755859375,1377.5999755859375,9879109
2025-09-26,SBIN.NS,862.0,864.3499755859375,853.0,856.9500122070312,856.9500122070312,6959545
2025-09-26,SUNPHARMA.NS,1585.0,1602.9000244140625,1548.0,1586.699951171875,1576.4595947265625,7256759
2025-09-26,TCS.NS,2941.0,2954.800048828125,2891.300048828125,2899.10009765625,2836.758544921875,3934636
2025-09-26,TECHM.NS,1439.9000244140625,1441.5,1403.5,1407.699951171875,1393.1134033203125,1851067
2025-09-26,TITAN.NS,3387.699951171875,3402.0,3303.10009765625,3327.300048828125,3327.300048828125,7524068
2025-09-26,ULTRACEMCO.NS,12140.0,12199.0,11990.0,12070.0,12070.0,181541
2025-09-26,WIPRO.NS,241.4499969482422,241.5500030517578,235.00999450683594,235.75,229.8166961669922,16999628
2025-09-29,ADANIPORTS.NS,1393.5999755859375,1401.300048828125,1377.5999755859375,1383.199951171875,1383.199951171875,1978395
2025-09-29,ASIANPAINT.NS,2342.89990234375,2363.699951171875,2329.199951171875,2342.60009765625,2338.94970703125,950369
2025-09-29,AXISBANK.NS,1155.4000244140625,1158.300048828125,1126.699951171875,1132.199951171875,1132.199951171875,9693881
2025-09-29,BAJFINANCE.NS,990.0,997.7999877929688,981.0999755859375,990.9500122070312,990.9500122070312,5804877
2025-09-29,BHARTIARTL.NS,1928.0,1928.0,1897.5,1902.199951171875,1902.199951171875,5072608
2025-09-29,GRASIM.NS,2740.10009765625,2765.699951171875,2700.5,2746.89990234375,2746.89990234375,541455
2025-09-29,HCLTECH.NS,1397.0999755859375,1402.5999755859375,1383.0,1387.4000244140625,1366.511474609375,2990852
2025-09-29,HDFCBANK.NS,946.0499877929688,956.7999877929688,939.0999755859375,950.2999877929688,950.2999877929688,32398179
2025-09-29,HINDUNILVR.NS,2495.0,2517.39990234375,2443.0,2497.89990234375,2478.4169921875,2403556
2025-09-29,ICICIBANK.NS,1359.5999755859375,1366.5,1346.199951171875,1348.0999755859375,1348.0999755859375,20563163
2025-09-29,INDUSINDBK.NS,717.75,734.8499755859375,712.5499877929688,723.4000244140625,723.4000244140625,41100690
2025-09-29,INFY.NS,1460.0,1465.0,1436.5,1441.800048828125,1420.060546875,10513117
2025-09-29,ITC.NS,406.8999938964844,408.0,403.20001220703125,407.25,398.89019775390625,19717660
2025-09-29,JSWSTEEL.NS,1130.0,1143.9000244140625,1119.699951171875,1122.199951171875,1122.199951171875,2615670
2025-09-29,KOTAKBANK.NS,399.17999267578125,400.739990234375,394.05999755859375,398.32000732421875,398.32000732421875,26530510
2025-09-29,LT.NS,3738.0,3740.0,3679.60009765625,3688.39990234375,3688.39990234375,2599630
2025-09-29,M&M.NS,3419.0,3458.0,3405.0,3418.10009765625,3418.10009765625,3175716
2025-09-29,MARUTI.NS,16300.0,16340.0,15950.0,15984.0,15984.0,627326
2025-09-29,NESTLEIND.NS,1160.0,1162.0999755859375,1149.199951171875,1152.5,1146.3109130859375,2130382
2025-09-29,NTPC.NS,339.1000061035156,343.75,338.0,340.95001220703125,335.54632568359375,16922231
2025-09-29,POWERGRID.NS,283.8999938964844,286.1000061035156,279.95001220703125,280.6000061035156,272.8941650390625,14600560
2025-09-29,RELIANCE.NS,1381.5999755859375,1389.0,1368.0,1372.800048828125,1372.800048828125,14231999
2025-09-29,SBIN.NS,858.0499877929688,873.5,856.0,870.75,870.75,22641712
2025-09-29,SUNPHARMA.NS,1581.0,1618.9000244140625,1580.0,1589.300048828125,1579.04296875,4180922
2025-09-29,TCS.NS,2916.0,2929.300048828125,2894.0,2896.10009765625,2833.82275390625,3110035
2025-09-29,TECHM.NS,1415.0,1425.0,1391.9000244140625,1410.699951171875,1396.082275390625,2708118
2025-09-29,TITAN.NS,3327.0,3418.0,3327.0,3401.199951171875,3401.199951171875,1452636
2025-09-29,ULTRACEMCO.NS,12100.0,12146.0,11962.0,12041.0,12041.0,214806
2025-09-29,WIPRO.NS,236.8800048828125,240.7899932861328,236.2899932861328,239.63999938964844,233.60879516601562,8894412
2025-09-30,ADANIPORTS.NS,1389.699951171875,1408.0,1387.199951171875,1403.5,1403.5,1999250
2025-09-30,ASIANPAINT.NS,2352.0,2388.800048828125,2340.0,2350.0,2346.338134765625,778874
2025-09-30,AXISBANK.NS,1130.0,1137.0,1125.4000244140625,1131.5999755859375,1131.5999755859375,8165203
2025-09-30,BAJFINANCE.NS,990.0,1002.2999877929688,989.4500122070312,998.9000244140625,998.9000244140625,7182200
2025-09-30,BHARTIARTL.NS,1896.0,1907.5999755859375,1875.199951171875,1878.4000244140625,1878.4000244140625,5945625
2025-09-30,GRASIM.NS,2747.0,2769.0,2746.10009765625,2756.89990234375,2756.89990234375,440278
2025-09-30,HCLTECH.NS,1392.0999755859375,1405.0,1381.9000244140625,1385.0999755859375,1364.2459716796875,2782077
2025-09-30,HDFCBANK.NS,958.0499877929688,960.0,946.2999877929688,951.0,951.0,28296687
2025-09-30,HINDUNILVR.NS,2497.89990234375,2526.300048828125,2491.60009765625,2514.39990234375,2494.788330078125,1678088
2025-09-30,ICICIBANK.NS,1353.699951171875,1356.5999755859375,1342.5999755859375,1348.0,1348.0,20166871
2025-09-30,INDUSINDBK.NS,730.0,737.7000122070312,722.5499877929688,735.5499877929688,735.5499877929688,3965781
2025-09-30,INFY.NS,1443.0,1452.199951171875,1438.0999755859375,1441.800048828125,1420.060546875,7556305
2025-09-30,ITC.NS,406.75,406.75,400.3999938964844,401.54998779296875,393.30718994140625,9465490
2025-09-30,JSWSTEEL.NS,1128.800048828125,1149.9000244140625,1127.0999755859375,1142.699951171875,1142.699951171875,2771126
2025-09-30,KOTAKBANK.NS,400.79998779296875,403.0,397.2200012207031,398.5400085449219,398.5400085449219,29309685
2025-09-30,LT.NS,3695.0,3696.60009765625,3648.0,3659.0,3659.0,1676302
2025-09-30,M&M.NS,3420.0,3454.0,3393.10009765625,3427.0,3427.0,2611078
2025-09-30,MARUTI.NS,15985.0,16054.0,15921.0,16029.0,16029.0,390006
2025-09-30,NESTLEIND.NS,1155.5999755859375,1159.5999755859375,1146.4000244140625,1152.9000244140625,1146.708740234375,1409305
2025-09-30,NTPC.NS,341.1000061035156,343.04998779296875,339.1499938964844,340.45001220703125,335.05426025390625,8308029
2025-09-30,POWERGRID.NS,282.0,286.0,279.0,280.25,272.55377197265625,18772881
2025-09-30,RELIANCE.NS,1377.0999755859375,1377.0999755859375,1362.800048828125,1364.0,1364.0,14604684
2025-09-30,SBIN.NS,869.9500122070312,877.5999755859375,867.5999755859375,872.4500122070312,872.4500122070312,12831593
2025-09-30,SUNPHARMA.NS,1589.0999755859375,1604.300048828125,1586.0,1594.300048828125,1584.0106201171875,2257443
2025-09-30,TCS.NS,2911.0,2915.300048828125,2885.10009765625,2888.39990234375,2826.288330078125,2253458
2025-09-30,TECHM.NS,1408.0,1426.699951171875,1392.5,1400.300048828125,1385.7901611328125,2225340
2025-09-30,TITAN.NS,3452.0,3474.5,3355.0,3367.0,3367.0,1733728
2025-09-30,ULTRACEMCO.NS,12041.0,12261.0,12041.0,12222.0,12222.0,279155
2025-09-30,WIPRO.NS,239.92999267578125,241.5,239.0,239.3699951171875,233.3455810546875,5590909
2025-10-01,ADANIPORTS.NS,1406.0,1426.9000244140625,1392.699951171875,1422.699951171875,1422.699951171875,1602493
2025-10-01,ASIANPAINT.NS,2353.39990234375,2357.0,2321.199951171875,2335.800048828125,2332.160400390625,648279
2025-10-01,AXISBANK.NS,1132.5,1164.800048828125,1131.0,1159.5,1159.5,9655009
2025-10-01,BAJFINANCE.NS,991.5,1000.0,977.75,987.7000122070312,987.7000122070312,6932272
2025-10-01,BHARTIARTL.NS,1868.0,1877.0,1855.9000244140625,1867.5999755859375,1867.5999755859375,5675393
2025-10-01,GRASIM.NS,2767.89990234375,2796.199951171875,2732.0,2789.699951171875,2789.699951171875,353196
2025-10-01,HCLTECH.NS,1386.0999755859375,1396.800048828125,1382.0,1389.5,1368.579833984375,2253527
2025-10-01,HDFCBANK.NS,952.7000122070312,969.5999755859375,946.0,965.25,965.25,25350832
2025-10-01,HINDUNILVR.NS,2515.39990234375,2550.0,2497.89990234375,2536.199951171875,2516.41845703125,1483899
2025-10-01,ICICIBANK.NS,1348.0,1379.4000244140625,1347.0999755859375,1372.0,1372.0,20952632
2025-10-01,INDUSINDBK.NS,732.2000122070312,745.4500122070312,726.0,743.1500244140625,743.1500244140625,4127017
2025-10-01,INFY.NS,1446.0,1449.5,1427.4000244140625,1445.800048828125,1424.000244140625,6250692
2025-10-01,ITC.NS,402.3500061035156,406.0,399.75,405.6000061035156,397.2740783691406,17643039
2025-10-01,JSWSTEEL.NS,1145.0,1148.5999755859375,1132.199951171875,1146.0999755859375,1146.0999755859375,1129506
2025-10-01,KOTAKBANK.NS,397.20001220703125,414.3999938964844,397.20001220703125,412.6600036621094,412.6600036621094,30579755
2025-10-01,LT.NS,3658.89990234375,3688.0,3615.0,3670.300048828125,3670.300048828125,2005028
2025-10-01,M&M.NS,3419.199951171875,3501.0,3415.5,3463.39990234375,3463.39990234375,2364844
2025-10-01,MARUTI.NS,16026.0,16109.0,15850.0,15965.0,15965.0,426075
2025-10-01,NESTLEIND.NS,1157.9000244140625,1169.199951171875,1145.0,1166.4000244140625,1160.1363525390625,727804
2025-10-01,NTPC.NS,340.29998779296875,343.04998779296875,338.04998779296875,340.25,334.8573913574219,6022078
2025-10-01,POWERGRID.NS,281.0,282.8500061035156,279.8999938964844,280.6499938964844,272.9427795410156,11812449
2025-10-01,RELIANCE.NS,1367.0,1378.5999755859375,1362.699951171875,1368.699951171875,1368.699951171875,12045916
2025-10-01,SBIN.NS,872.2999877929688,876.4500122070312,862.7999877929688,864.0999755859375,864.0999755859375,10832384
2025-10-01,SUNPHARMA.NS,1611.9000244140625,1651.5,1611.9000244140625,1636.199951171875,1625.64013671875,3109095
2025-10-01,TCS.NS,2891.0,2924.800048828125,2866.60009765625,2914.199951171875,2851.53369140625,1952902
2025-10-01,TECHM.NS,1401.0,1423.5999755859375,1393.4000244140625,1416.0,1401.327392578125,1683484
2025-10-01,TITAN.NS,3370.0,3414.89990234375,3351.0,3408.300048828125,3408.300048828125,798754
2025-10-01,ULTRACEMCO.NS,12274.0,12274.0,12071.0,12095.0,12095.0,129528
2025-10-01,WIPRO.NS,240.0,243.57000732421875,237.83999633789062,241.07000732421875,235.0028076171875,9479378
2025-10-03,ADANIPORTS.NS,1413.0,1431.0,1412.5,1419.0999755859375,1419.0999755859375,1576970
2025-10-03,ASIANPAINT.NS,2342.199951171875,2362.699951171875,2336.10009765625,2357.800048828125,2354.1259765625,659872
2025-10-03,AXISBANK.NS,1171.0,1188.0,1169.5,1181.0,1181.0,11095015
2025-10-03,BAJFINANCE.NS,975.0,992.2000122070312,972.0,989.75,989.75,7692197
2025-10-03,BHARTIARTL.NS,1851.199951171875,1900.300048828125,1848.0999755859375,1896.699951171875,1896.699951171875,5828332
2025-10-03,GRASIM.NS,2800.0,2806.800048828125,2766.0,2791.39990234375,2791.39990234375,708063
2025-10-03,HCLTECH.NS,1396.5,1399.800048828125,1380.4000244140625,1393.5,1372.51953125,2793839
2025-10-03,HDFCBANK.NS,952.0,966.75,952.0,965.1500244140625,965.1500244140625,26658296
2025-10-03,HINDUNILVR.NS,2536.199951171875,2548.60009765625,2508.300048828125,2544.89990234375,2525.050537109375,1242611
2025-10-03,ICICIBANK.NS,1371.9000244140625,1371.9000244140625,1361.300048828125,1365.199951171875,1365.199951171875,12163695
2025-10-03,INDUSINDBK.NS,743.2000122070312,758.9500122070312,741.75,747.4000244140625,747.4000244140625,4112610
2025-10-03,INFY.NS,1439.0,1448.300048828125,1433.199951171875,1446.5999755859375,1424.7880859375,6877533
2025-10-03,ITC.NS,404.8999938964844,405.5,402.29998779296875,404.29998779296875,396.0007629394531,16987141
2025-10-03,JSWSTEEL.NS,1146.0999755859375,1175.800048828125,1145.9000244140625,1161.699951171875,1161.699951171875,2179883
2025-10-03,KOTAKBANK.NS,412.6600036621094,421.6000061035156,412.3999938964844,420.1000061035156,420.1000061035156,23679650
2025-10-03,LT.NS,3690.0,3746.0,3666.300048828125,3733.10009765625,3733.10009765625,1959124
2025-10-03,M&M.NS,3462.10009765625,3492.39990234375,3404.199951171875,3462.0,3462.0,2357702
2025-10-03,MARUTI.NS,15949.0,16025.0,15736.0,15806.0,15806.0,470216
2025-10-03,NESTLEIND.NS,1160.0,1171.300048828125,1154.4000244140625,1169.9000244140625,1163.6175537109375,1159975
2025-10-03,NTPC.NS,340.25,343.5,338.75,342.0,336.57965087890625,8506827
2025-10-03,POWERGRID.NS,283.3500061035156,290.0,281.04998779296875,289.70001220703125,281.7442626953125,19597461
2025-10-03,RELIANCE.NS,1363.199951171875,1371.5999755859375,1356.9000244140625,1363.4000244140625,1363.4000244140625,12842347
2025-10-03,SBIN.NS,865.1500244140625,873.0,863.7999877929688,867.2999877929688,867.2999877929688,8019442
2025-10-03,SUNPHARMA.NS,1600.0,1645.5,1600.0,1631.199951171875,1620.67236328125,4041865
2025-10-03,TCS.NS,2924.0,2924.0,2891.10009765625,2901.89990234375,2839.498046875,2899519
2025-10-03,TECHM.NS,1423.0,1423.800048828125,1397.300048828125,1400.5999755859375,1386.0870361328125,2568702
2025-10-03,TITAN.NS,3379.89990234375,3459.0,3378.0,3453.300048828125,3453.300048828125,1655328
2025-10-03,ULTRACEMCO.NS,12095.0,12139.0,11982.0,12019.0,12019.0,258411
2025-10-03,WIPRO.NS,240.97999572753906,241.39999389648438,238.05999755859375,240.97999572753906,234.91506958007812,10968346
2025-10-06,ADANIPORTS.NS,1419.0999755859375,1419.0999755859375,1395.0,1400.5,1400.5,1338654
2025-10-06,ASIANPAINT.NS,2355.0,2359.199951171875,2334.10009765625,2354.800048828125,2351.130615234375,362107
2025-10-06,AXISBANK.NS,1185.0,1215.199951171875,1182.0999755859375,1212.800048828125,1212.800048828125,20128505
2025-10-06,BAJFINANCE.NS,993.0,1023.0,992.0999755859375,1008.9000244140625,1008.9000244140625,9299635
2025-10-06,BHARTIARTL.NS,1892.5999755859375,1907.0,1887.5,1903.0999755859375,1903.0999755859375,2809218
2025-10-06,GRASIM.NS,2765.10009765625,2814.10009765625,2765.10009765625,2807.39990234375,2807.39990234375,298274
2025-10-06,HCLTECH.NS,1393.5,1421.0,1390.800048828125,1417.699951171875,1396.355224609375,1970901
2025-10-06,HDFCBANK.NS,971.9000244140625,977.4000244140625,962.0,973.4500122070312,973.4500122070312,18542683
2025-10-06,HINDUNILVR.NS,2535.199951171875,2549.60009765625,2520.199951171875,2541.800048828125,2521.974853515625,818923
2025-10-06,ICICIBANK.NS,1371.0,1372.5999755859375,1359.0999755859375,1363.4000244140625,1363.4000244140625,14314283
2025-10-06,INDUSINDBK.NS,742.0,755.5999755859375,734.0999755859375,739.2999877929688,739.2999877929688,5118797
2025-10-06,INFY.NS,1446.5999755859375,1478.800048828125,1442.300048828125,1476.0,1453.744873046875,4630590
2025-10-06,ITC.NS,403.0,403.8999938964844,399.79998779296875,400.75,392.52362060546875,13989077
2025-10-06,JSWSTEEL.NS,1161.699951171875,1164.9000244140625,1149.199951171875,1159.9000244140625,1159.9000244140625,1013304
2025-10-06,KOTAKBANK.NS,422.79998779296875,430.9200134277344,418.6000061035156,429.20001220703125,429.20001220703125,25764180
2025-10-06,LT.NS,3720.0,3767.0,3703.0,3737.0,3737.0,1581506
2025-10-06,M&M.NS,3462.0,3480.0,3425.10009765625,3472.0,3472.0,1156082
2025-10-06,MARUTI.NS,15840.0,16057.0,15708.0,15998.0,15998.0,268497
2025-10-06,NESTLEIND.NS,1163.5,1183.699951171875,1163.5,1181.699951171875,1175.35400390625,639965
2025-10-06,NTPC.NS,340.6000061035156,341.79998779296875,335.6499938964844,339.1000061035156,333.7256164550781,8436245
2025-10-06,POWERGRID.NS,288.3500061035156,288.6499938964844,284.54998779296875,286.8999938964844,279.0211486816406,11702722
2025-10-06,RELIANCE.NS,1360.0,1377.4000244140625,1359.0,1375.0,1375.0,12396580
2025-10-06,SBIN.NS,868.0,875.2999877929688,862.7999877929688,874.0499877929688,874.0499877929688,7820352
2025-10-06,SUNPHARMA.NS,1630.0,1659.699951171875,1620.0,1654.699951171875,1644.020751953125,1756916
2025-10-06,TCS.NS,2902.0,2993.60009765625,2895.60009765625,2988.39990234375,2924.137939453125,2112774
2025-10-06,TECHM.NS,1404.9000244140625,1442.0,1397.0999755859375,1439.300048828125,1424.3861083984375,3036770
2025-10-06,TITAN.NS,3453.300048828125,3459.300048828125,3401.0,3425.39990234375,3425.39990234375,1184781
2025-10-06,ULTRACEMCO.NS,12019.0,12100.0,11991.0,12055.0,12055.0,106362
2025-10-06,WIPRO.NS,240.0,242.9600067138672,239.32000732421875,242.1300048828125,236.0361328125,6064946
2025-10-07,ADANIPORTS.NS,1400.800048828125,1415.0,1397.300048828125,1399.5,1399.5,1608151
2025-10-07,ASIANPAINT.NS,2355.0,2371.39990234375,2346.0,2352.800048828125,2349.1337890625,498524
2025-10-07,AXISBANK.NS,1212.0,1212.0,1184.0,1186.800048828125,1186.800048828125,8620156
2025-10-07,BAJFINANCE.NS,1008.9000244140625,1029.5,1008.9000244140625,1016.5499877929688,1016.5499877929688,7991437
2025-10-07,BHARTIARTL.NS,1900.0,1946.0,1900.0,1929.0,1929.0,5713060
2025-10-07,GRASIM.NS,2800.0,2825.0,2790.300048828125,2808.0,2808.0,245369
2025-10-07,HCLTECH.NS,1422.0,1441.9000244140625,1417.199951171875,1433.4000244140625,1411.8189697265625,1592836
2025-10-07,HDFCBANK.NS,974.0,989.8499755859375,971.0,982.5,982.5,25535736
2025-10-07,HINDUNILVR.NS,2540.0,2559.39990234375,2508.300048828125,2517.199951171875,2497.566650390625,1291750
2025-10-07,ICICIBANK.NS,1363.5999755859375,1383.0999755859375,1363.5999755859375,1375.9000244140625,1375.9000244140625,16126464
2025-10-07,INDUSINDBK.NS,742.9500122070312,752.4000244140625,740.4500122070312,749.0,749.0,4348518
2025-10-07,INFY.NS,1477.699951171875,1482.9000244140625,1454.0,1458.5,1436.5086669921875,5570320
2025-10-07,ITC.NS,402.5,402.6000061035156,399.5,399.79998779296875,391.5931396484375,12298968
2025-10-07,JSWSTEEL.NS,1159.9000244140625,1173.0,1154.199951171875,1156.800048828125,1156.800048828125,1565661
2025-10-07,KOTAKBANK.NS,428.3999938964844,430.6199951171875,424.3399963378906,425.3800048828125,425.3800048828125,12364695
2025-10-07,LT.NS,3748.0,3766.0,3725.0,3729.699951171875,3729.699951171875,1673945
2025-10-07,M&M.NS,3468.10009765625,3521.39990234375,3465.10009765625,3492.800048828125,3492.800048828125,1508939
2025-10-07,MARUTI.NS,16014.0,16159.0,15977.0,16108.0,16108.0,330326
2025-10-07,NESTLEIND.NS,1181.699951171875,1192.199951171875,1175.0,1176.800048828125,1170.48046875,922441
2025-10-07,NTPC.NS,339.1000061035156,341.3999938964844,336.8500061035156,338.0,332.64306640625,16130172
2025-10-07,POWERGRID.NS,288.95001220703125,292.3500061035156,287.1000061035156,289.0,281.0634765625,11371062
2025-10-07,RELIANCE.NS,1376.0,1395.9000244140625,1375.9000244140625,1384.800048828125,1384.800048828125,11244040
2025-10-07,SBIN.NS,874.1500244140625,877.0,863.0,864.7000122070312,864.7000122070312,9242580
2025-10-07,SUNPHARMA.NS,1649.4000244140625,1663.0,1647.0,1653.0999755859375,1642.4310302734375,2174852
2025-10-07,TCS.NS,2995.0,3004.5,2955.5,2973.699951171875,2909.75390625,3062943
2025-10-07,TECHM.NS,1440.0,1445.800048828125,1426.5999755859375,1438.9000244140625,1423.990234375,1105550
2025-10-07,TITAN.NS,3425.0,3445.89990234375,3411.0,3418.199951171875,3418.199951171875,996165
2025-10-07,ULTRACEMCO.NS,12059.0,12210.0,12025.0,12184.0,12184.0,225472
2025-10-07,WIPRO.NS,242.89999389648438,245.0,242.13999938964844,243.52999877929688,237.40089416503906,6587728
2025-10-08,ADANIPORTS.NS,1399.4000244140625,1411.0999755859375,1386.0,1394.300048828125,1394.300048828125,1704405
2025-10-08,ASIANPAINT.NS,2360.0,2369.39990234375,2320.0,2328.5,2324.87158203125,701799
2025-10-08,AXISBANK.NS,1180.0999755859375,1194.800048828125,1174.0999755859375,1180.5999755859375,1180.5999755859375,5160430
2025-10-08,BAJFINANCE.NS,1012.0499877929688,1028.0,1012.0499877929688,1023.1500244140625,1023.1500244140625,4448915
2025-10-08,BHARTIARTL.NS,1929.0,1962.5999755859375,1927.5999755859375,1943.5,1943.5,4957406
2025-10-08,GRASIM.NS,2819.0,2823.39990234375,2764.699951171875,2778.199951171875,2778.199951171875,339604
2025-10-08,HCLTECH.NS,1433.199951171875,1458.699951171875,1427.199951171875,1453.199951171875,1431.3206787109375,1735807
2025-10-08,HDFCBANK.NS,976.0,985.9000244140625,974.5499877929688,978.7000122070312,978.7000122070312,15939710
2025-10-08,HINDUNILVR.NS,2511.0,2525.0,2486.10009765625,2500.10009765625,2480.60009765625,1225128
2025-10-08,ICICIBANK.NS,1372.300048828125,1381.5999755859375,1364.300048828125,1370.300048828125,1370.300048828125,8100832
2025-10-08,INDUSINDBK.NS,747.0499877929688,754.0999755859375,739.1500244140625,740.9500122070312,740.9500122070312,4238626
2025-10-08,INFY.NS,1457.0,1498.0,1455.0,1495.0,1472.4583740234375,4657192
2025-10-08,ITC.NS,400.0,401.75,398.0,399.75,391.5441589355469,8402463
2025-10-08,JSWSTEEL.NS,1158.0,1162.699951171875,1142.699951171875,1145.199951171875,1145.199951171875,737972
2025-10-08,KOTAKBANK.NS,425.29998779296875,426.5,422.44000244140625,423.55999755859375,423.55999755859375,4402475
2025-10-08,LT.NS,3730.0,3760.0,3715.0,3729.800048828125,3729.800048828125,1424633
2025-10-08,M&M.NS,3500.0,3509.699951171875,3422.60009765625,3426.5,3426.5,1444911
2025-10-08,MARUTI.NS,16108.0,16236.0,15979.0,16012.0,16012.0,306518
2025-10-08,NESTLEIND.NS,1170.0,1182.5,1158.5999755859375,1180.5,1174.1605224609375,893579
2025-10-08,NTPC.NS,339.25,339.25,332.29998779296875,333.79998779296875,328.5096435546875,13223442
2025-10-08,POWERGRID.NS,290.3500061035156,290.3500061035156,284.6499938964844,285.29998779296875,277.4650573730469,9989251
2025-10-08,RELIANCE.NS,1384.800048828125,1389.0,1364.5,1367.4000244140625,1367.4000244140625,8525081
2025-10-08,SBIN.NS,866.7999877929688,867.7999877929688,857.25,858.25,858.25,7156112
2025-10-08,SUNPHARMA.NS,1645.0,1655.0,1629.0,1631.5999755859375,1621.06982421875,1846507
2025-10-08,TCS.NS,2975.0,3043.0,2968.0,3027.199951171875,2962.103515625,4121889
2025-10-08,TECHM.NS,1432.0999755859375,1472.800048828125,1432.0999755859375,1458.199951171875,1443.090087890625,1154614
2025-10-08,TITAN.NS,3474.0,3580.0,3460.0,3565.60009765625,3565.60009765625,4531362
2025-10-08,ULTRACEMCO.NS,12150.0,12182.0,11940.0,11991.0,11991.0,173973
2025-10-08,WIPRO.NS,243.25,246.35000610351562,242.57000732421875,244.27000427246094,238.1222686767578,7360563
2025-10-09,ADANIPORTS.NS,1394.5,1399.800048828125,1388.4000244140625,1395.5999755859375,1395.5999755859375,1250770
2025-10-09,ASIANPAINT.NS,2328.5,2341.0,2323.800048828125,2336.39990234375,2332.75927734375,587567
2025-10-09,AXISBANK.NS,1178.0,1187.300048828125,1163.0999755859375,1167.4000244140625,1167.4000244140625,7194651
2025-10-09,BAJFINANCE.NS,1023.0,1029.0,1014.9500122070312,1024.0999755859375,1024.0999755859375,4444154
2025-10-09,BHARTIARTL.NS,1945.0,1948.800048828125,1931.300048828125,1942.0,1942.0,3945737
2025-10-09,GRASIM.NS,2781.39990234375,2817.300048828125,2778.199951171875,2810.60009765625,2810.60009765625,404859
2025-10-09,HCLTECH.NS,1453.199951171875,1491.0999755859375,1452.5,1486.5,1464.119384765625,2681316
2025-10-09,HDFCBANK.NS,974.5,979.0,970.1500244140625,977.0999755859375,977.0999755859375,15370950
2025-10-09,HINDUNILVR.NS,2501.0,2523.0,2498.300048828125,2517.60009765625,2497.963623046875,1259173
2025-10-09,ICICIBANK.NS,1369.800048828125,1378.699951171875,1365.0999755859375,1376.199951171875,1376.199951171875,7909575
2025-10-09,INDUSINDBK.NS,744.0,753.2999877929688,743.0,749.1500244140625,749.1500244140625,3506978
2025-10-09,INFY.NS,1502.0,1514.0,1487.0,1509.300048828125,1486.5428466796875,7028753
2025-10-09,ITC.NS,399.0,401.3999938964844,398.95001220703125,399.8999938964844,391.6910705566406,15656267
2025-10-09,JSWSTEEL.NS,1146.0,1178.800048828125,1146.0,1175.199951171875,1175.199951171875,2001612
2025-10-09,KOTAKBANK.NS,423.6000061035156,430.3999938964844,420.260009765625,428.9200134277344,428.9200134277344,15827485
2025-10-09,LT.NS,3735.5,3796.39990234375,3730.10009765625,3769.199951171875,3769.199951171875,1827249
2025-10-09,M&M.NS,3450.0,3475.0,3424.0,3442.89990234375,3442.89990234375,1997853
2025-10-09,MARUTI.NS,16070.0,16075.0,15853.0,15985.0,15985.0,300499
2025-10-09,NESTLEIND.NS,1175.0999755859375,1189.0999755859375,1172.9000244140625,1187.800048828125,1181.42138671875,922191
2025-10-09,NTPC.NS,333.79998779296875,336.3999938964844,331.20001220703125,335.8500061035156,330.52716064453125,6824759
2025-10-09,POWERGRID.NS,285.0,286.95001220703125,282.25,286.1499938964844,278.2917175292969,10714949
2025-10-09,RELIANCE.NS,1374.0,1380.0,1369.0999755859375,1377.800048828125,1377.800048828125,8826633
2025-10-09,SBIN.NS,861.5999755859375,865.7999877929688,858.0999755859375,862.0999755859375,862.0999755859375,7020501
2025-10-09,SUNPHARMA.NS,1645.0,1662.300048828125,1632.4000244140625,1658.5,1647.7962646484375,2197566
2025-10-09,TCS.NS,3034.0,3066.0,3020.0,3061.699951171875,2995.86181640625,3211304
2025-10-09,TECHM.NS,1458.199951171875,1475.4000244140625,1452.0,1466.5999755859375,1451.403076171875,1354036
2025-10-09,TITAN.NS,3559.800048828125,3561.699951171875,3526.39990234375,3550.60009765625,3550.60009765625,597739
2025-10-09,ULTRACEMCO.NS,11991.0,12211.0,11973.0,12192.0,12192.0,171737
2025-10-09,WIPRO.NS,243.99000549316406,246.8000030517578,243.16000366210938,246.39999389648438,240.1986541748047,4629760
2025-10-10,ADANIPORTS.NS,1400.5,1418.0,1395.699951171875,1409.4000244140625,1409.4000244140625,1359246
2025-10-10,ASIANPAINT.NS,2338.89990234375,2357.800048828125,2336.60009765625,2340.199951171875,2336.553466796875,1117236
2025-10-10,AXISBANK.NS,1168.0,1191.699951171875,1165.199951171875,1180.4000244140625,1180.4000244140625,6933035
2025-10-10,BAJFINANCE.NS,1018.0999755859375,1027.5,1017.0,1023.8499755859375,1023.8499755859375,3714548
2025-10-10,BHARTIARTL.NS,1937.0,1947.5999755859375,1935.4000244140625,1939.9000244140625,1939.9000244140625,2512581
2025-10-10,GRASIM.NS,2810.60009765625,2832.800048828125,2788.300048828125,2811.0,2811.0,582587
2025-10-10,HCLTECH.NS,1491.0,1498.5,1473.9000244140625,1495.5,1472.98388671875,2129445
2025-10-10,HDFCBANK.NS,979.0,986.2000122070312,978.0999755859375,980.9000244140625,980.9000244140625,13757080
2025-10-10,HINDUNILVR.NS,2510.0,2534.89990234375,2506.5,2528.89990234375,2509.17529296875,1018875
2025-10-10,ICICIBANK.NS,1370.300048828125,1385.0,1370.300048828125,1380.300048828125,1380.300048828125,7673816
2025-10-10,INDUSINDBK.NS,749.5999755859375,766.75,747.75,763.3499755859375,763.3499755859375,5386722
2025-10-10,INFY.NS,1510.0,1521.699951171875,1498.800048828125,1514.9000244140625,1492.058349609375,3738353
2025-10-10,ITC.NS,400.45001220703125,403.8500061035156,399.5,402.79998779296875,394.53155517578125,15085738
2025-10-10,JSWSTEEL.NS,1174.0,1175.0,1156.4000244140625,1167.800048828125,1167.800048828125,1457768
2025-10-10,KOTAKBANK.NS,429.0,431.55999755859375,427.32000732421875,430.0199890136719,430.0199890136719,9681210
2025-10-10,LT.NS,3765.0,3799.0,3760.0,3784.0,3784.0,1129678
2025-10-10,M&M.NS,3425.0,3473.89990234375,3395.699951171875,3454.89990234375,3454.89990234375,1416272
2025-10-10,MARUTI.NS,15980.0,16315.0,15911.0,16265.0,16265.0,423031
2025-10-10,NESTLEIND.NS,1186.4000244140625,1202.0,1184.4000244140625,1199.5,1193.0584716796875,1110822
2025-10-10,NTPC.NS,336.0,341.95001220703125,335.95001220703125,339.70001220703125,334.3161315917969,8970962
2025-10-10,POWERGRID.NS,285.25,291.25,285.25,289.1499938964844,281.2093505859375,10773268
2025-10-10,RELIANCE.NS,1377.800048828125,1388.0,1375.0999755859375,1381.699951171875,1381.699951171875,6373084
2025-10-10,SBIN.NS,862.0999755859375,883.75,861.2999877929688,880.6500244140625,880.6500244140625,13713015
2025-10-10,SUNPHARMA.NS,1655.0,1676.5999755859375,1649.0,1670.9000244140625,1660.1162109375,1454056
2025-10-10,TCS.NS,3050.0,3070.0,3006.89990234375,3028.300048828125,2963.179931640625,8817365
2025-10-10,TECHM.NS,1477.0,1477.699951171875,1450.0999755859375,1457.199951171875,1442.1004638671875,937053
2025-10-10,TITAN.NS,3548.89990234375,3571.699951171875,3523.300048828125,3531.89990234375,3531.89990234375,825274
2025-10-10,ULTRACEMCO.NS,12180.0,12324.0,12111.0,12281.0,12281.0,198464
2025-10-10,WIPRO.NS,248.0,251.25,246.25,248.6999969482422,242.44078063964844,7070200
2025-10-13,ADANIPORTS.NS,1400.800048828125,1441.9000244140625,1396.0,1437.800048828125,1437.800048828125,2245061
2025-10-13,ASIANPAINT.NS,2340.199951171875,2366.60009765625,2337.0,2342.5,2338.849853515625,667732
2025-10-13,AXISBANK.NS,1171.0,1193.5999755859375,1167.5,1189.5999755859375,1189.5999755859375,4138448
2025-10-13,BAJFINANCE.NS,1023.8499755859375,1040.0,1021.5,1036.75,1036.75,7684523
2025-10-13,BHARTIARTL.NS,1937.9000244140625,1965.9000244140625,1936.0,1954.9000244140625,1954.9000244140625,3672419
2025-10-13,GRASIM.NS,2791.10009765625,2812.0,2778.5,2798.0,2798.0,280622
2025-10-13,HCLTECH.NS,1490.0,1502.199951171875,1476.5,1494.699951171875,1472.1959228515625,1820492
2025-10-13,HDFCBANK.NS,974.2999877929688,981.0,972.0,977.0,977.0,18634254
2025-10-13,HINDUNILVR.NS,2519.199951171875,2531.60009765625,2485.39990234375,2492.800048828125,2473.35693359375,1114750
2025-10-13,ICICIBANK.NS,1373.0999755859375,1386.4000244140625,1373.0999755859375,1379.4000244140625,1379.4000244140625,8923018
2025-10-13,INDUSINDBK.NS,758.0,767.9500122070312,757.0499877929688,759.9000244140625,759.9000244140625,2906803
2025-10-13,INFY.NS,1497.0,1504.699951171875,1483.4000244140625,1493.199951171875,1470.6854248046875,5859355
2025-10-13,ITC.NS,400.0,400.95001220703125,398.54998779296875,399.25,391.0544128417969,9508594
2025-10-13,JSWSTEEL.NS,1160.9000244140625,1164.9000244140625,1153.5999755859375,1161.4000244140625,1161.4000244140625,488298
2025-10-13,KOTAKBANK.NS,427.20001220703125,431.20001220703125,426.760009765625,430.4200134277344,430.4200134277344,10600020
2025-10-13,LT.NS,3780.0,3784.0,3745.0,3769.5,3769.5,1191248
2025-10-13,M&M.NS,3432.0,3470.0,3432.0,3459.699951171875,3459.699951171875,1090517
2025-10-13,MARUTI.NS,16264.0,16432.0,16218.0,16323.0,16323.0,337617
2025-10-13,NESTLEIND.NS,1199.0,1200.800048828125,1181.9000244140625,1188.0999755859375,1181.7197265625,1062394
2025-10-13,NTPC.NS,337.95001220703125,342.1000061035156,336.20001220703125,341.70001220703125,336.284423828125,6663149
2025-10-13,POWERGRID.NS,287.75,288.20001220703125,284.8999938964844,286.1499938964844,278.2917175292969,8950161
2025-10-13,RELIANCE.NS,1376.9000244140625,1377.699951171875,1367.800048828125,1375.0,1375.0,7600682
2025-10-13,SBIN.NS,879.0,888.0999755859375,876.0,882.9500122070312,882.9500122070312,11923143
2025-10-13,SUNPHARMA.NS,1662.5,1675.0,1655.800048828125,1668.4000244140625,1657.63232421875,1375179
2025-10-13,TCS.NS,3027.0,3035.5,2998.199951171875,3007.199951171875,2942.533935546875,2866865
2025-10-13,TECHM.NS,1455.0,1461.5,1439.199951171875,1450.9000244140625,1435.8658447265625,1229414
2025-10-13,TITAN.NS,3518.0,3545.0,3509.5,3533.60009765625,3533.60009765625,606122
2025-10-13,ULTRACEMCO.NS,12225.0,12249.0,12150.0,12172.0,12172.0,87745
2025-10-13,WIPRO.NS,246.05999755859375,247.6999969482422,244.50999450683594,245.1300048828125,238.96063232421875,6717589
2025-10-14,ADANIPORTS.NS,1440.0,1442.199951171875,1422.0,1429.0,1429.0,2640234
2025-10-14,ASIANPAINT.NS,2342.39990234375,2355.0,2308.0,2318.10009765625,2314.488037109375,353345
2025-10-14,AXISBANK.NS,1191.800048828125,1191.800048828125,1166.5999755859375,1176.800048828125,1176.800048828125,5742538
2025-10-14,BAJFINANCE.NS,1040.0,1042.0999755859375,1011.3499755859375,1019.1500244140625,1019.1500244140625,7668358
2025-10-14,BHARTIARTL.NS,1964.0,1964.0,1939.199951171875,1946.5999755859375,1946.5999755859375,4454239
2025-10-14,GRASIM.NS,2798.0,2808.0,2757.89990234375,2775.800048828125,2775.800048828125,316183
2025-10-14,HCLTECH.NS,1515.4000244140625,1535.0,1490.199951171875,1495.4000244140625,1472.885498046875,5802489
2025-10-14,HDFCBANK.NS,970.0,980.4500122070312,967.0,977.1500244140625,977.1500244140625,22934382
2025-10-14,HINDUNILVR.NS,2493.0,2509.199951171875,2482.300048828125,2502.300048828125,2482.782958984375,1461017
2025-10-14,ICICIBANK.NS,1389.0,1389.0,1375.0999755859375,1384.0999755859375,1384.0999755859375,10610855
2025-10-14,INDUSINDBK.NS,758.0,763.0499877929688,743.2999877929688,750.4000244140625,750.4000244140625,1833516
2025-10-14,INFY.NS,1499.0,1514.4000244140625,1486.5,1489.9000244140625,1467.435302734375,5600789
2025-10-14,ITC.NS,400.0,400.8500061035156,396.20001220703125,396.79998779296875,388.6546936035156,10291102
2025-10-14,JSWSTEEL.NS,1165.0,1169.5999755859375,1139.4000244140625,1147.800048828125,1147.800048828125,1408990
2025-10-14,KOTAKBANK.NS,429.79998779296875,433.0,428.32000732421875,430.3599853515625,430.3599853515625,8022815
2025-10-14,LT.NS,3775.0,3786.800048828125,3730.199951171875,3744.300048828125,3744.300048828125,1364583
2025-10-14,M&M.NS,3469.89990234375,3487.10009765625,3428.0,3459.800048828125,3459.800048828125,1518505
2025-10-14,MARUTI.NS,16350.0,16350.0,16121.0,16261.0,16261.0,307925
2025-10-14,NESTLEIND.NS,1190.0999755859375,1194.300048828125,1171.0,1175.5,1169.1873779296875,1293553
2025-10-14,NTPC.NS,342.0,343.0,335.20001220703125,336.6499938964844,331.314453125,7545848
2025-10-14,POWERGRID.NS,286.5,287.8999938964844,285.3999938964844,287.5,279.6046447753906,7667654
2025-10-14,RELIANCE.NS,1380.0,1388.0,1370.0999755859375,1375.9000244140625,1375.9000244140625,9768174
2025-10-14,SBIN.NS,883.0,884.1500244140625,872.0999755859375,876.9500122070312,876.9500122070312,7681973
2025-10-14,SUNPHARMA.NS,1667.5999755859375,1669.9000244140625,1646.199951171875,1654.4000244140625,1643.7227783203125,2108287
2025-10-14,TCS.NS,3021.0,3027.199951171875,2955.5,2960.300048828125,2896.642333984375,3611416
2025-10-14,TECHM.NS,1460.0,1479.800048828125,1457.9000244140625,1468.0,1452.78857421875,1430713
2025-10-14,TITAN.NS,3533.0,3549.39990234375,3506.5,3537.39990234375,3537.39990234375,925998
2025-10-14,ULTRACEMCO.NS,12172.0,12251.0,12026.0,12070.0,12070.0,129196
2025-10-14,WIPRO.NS,245.8000030517578,250.14999389648438,245.11000061035156,248.4199981689453,242.16781616210938,7888607
2025-10-15,ADANIPORTS.NS,1430.0,1456.300048828125,1430.0,1450.699951171875,1450.699951171875,2675240
2025-10-15,ASIANPAINT.NS,2330.0,2384.0,2325.0,2375.10009765625,2371.399169921875,753640
2025-10-15,AXISBANK.NS,1180.0,1181.699951171875,1164.0,1169.5999755859375,1169.5999755859375,6328142
2025-10-15,BAJFINANCE.NS,1026.0,1063.0,1018.4000244140625,1059.9000244140625,1059.9000244140625,10205158
2025-10-15,BHARTIARTL.NS,1957.199951171875,1976.0,1951.5999755859375,1968.5,1968.5,3447352
2025-10-15,GRASIM.NS,2780.0,2824.89990234375,2774.199951171875,2816.800048828125,2816.800048828125,459912
2025-10-15,HCLTECH.NS,1497.9000244140625,1509.4000244140625,1486.0999755859375,1495.699951171875,1473.1807861328125,1710696
2025-10-15,HDFCBANK.NS,975.0,984.9000244140625,973.3499755859375,978.25,978.25,23310447
2025-10-15,HINDUNILVR.NS,2502.60009765625,2531.800048828125,2502.60009765625,2519.0,2499.3525390625,881070
2025-10-15,ICICIBANK.NS,1386.5,1400.4000244140625,1385.5,1398.4000244140625,1398.4000244140625,8988550
2025-10-15,INDUSINDBK.NS,752.3499755859375,753.0,733.2000122070312,740.0999755859375,740.0999755859375,2333738
2025-10-15,INFY.NS,1483.9000244140625,1488.5999755859375,1467.5,1474.4000244140625,1452.1690673828125,6986098
2025-10-15,ITC.NS,398.0,400.8500061035156,397.25,399.8999938964844,391.6910705566406,16043867
2025-10-15,JSWSTEEL.NS,1147.800048828125,1163.699951171875,1145.0,1160.800048828125,1160.800048828125,1284749
2025-10-15,KOTAKBANK.NS,431.0,433.17999267578125,428.239990234375,429.9200134277344,429.9200134277344,11540535
2025-10-15,LT.NS,3747.0,3843.89990234375,3744.300048828125,3828.699951171875,3828.699951171875,2575918
2025-10-15,M&M.NS,3461.0,3500.0,3460.0,3497.199951171875,3497.199951171875,1319445
2025-10-15,MARUTI.NS,16300.0,16380.0,16200.0,16212.0,16212.0,266435
2025-10-15,NESTLEIND.NS,1175.5,1225.0,1175.5,1221.4000244140625,1214.8409423828125,2283392
2025-10-15,NTPC.NS,336.95001220703125,341.75,336.75,339.25,333.8732604980469,8121744
2025-10-15,POWERGRID.NS,287.1499938964844,293.25,287.04998779296875,290.95001220703125,282.9599304199219,8125514
2025-10-15,RELIANCE.NS,1383.0,1384.0,1372.699951171875,1374.300048828125,1374.300048828125,10882743
2025-10-15,SBIN.NS,878.0999755859375,887.5,877.0499877929688,886.0999755859375,886.0999755859375,8269225
2025-10-15,SUNPHARMA.NS,1652.5,1668.699951171875,1650.0999755859375,1655.0999755859375,1644.418212890625,2088737
2025-10-15,TCS.NS,2971.0,2979.699951171875,2951.0,2969.800048828125,2916.7763671875,4282226
2025-10-15,TECHM.NS,1470.0,1479.0,1440.4000244140625,1459.0,1443.8818359375,2810322
2025-10-15,TITAN.NS,3532.89990234375,3561.89990234375,3511.0,3549.0,3549.0,1005045
2025-10-15,ULTRACEMCO.NS,12085.0,12325.0,12085.0,12311.0,12311.0,142328
2025-10-15,WIPRO.NS,250.0,252.1300048828125,248.5399932861328,250.2100067138672,243.91278076171875,13278925
2025-10-16,ADANIPORTS.NS,1454.0,1490.5,1453.0,1479.5,1479.5,6512312
2025-10-16,ASIANPAINT.NS,2377.0,2420.800048828125,2366.89990234375,2409.699951171875,2405.945068359375,715890
2025-10-16,AXISBANK.NS,1216.4000244140625,1216.9000244140625,1185.300048828125,1196.300048828125,1196.300048828125,17747171
2025-10-16,BAJFINANCE.NS,1062.0,1081.0999755859375,1058.8499755859375,1065.75,1065.75,9901992
2025-10-16,BHARTIARTL.NS,1962.300048828125,1986.9000244140625,1962.0,1967.4000244140625,1967.4000244140625,3700674
2025-10-16,GRASIM.NS,2825.699951171875,2875.0,2817.10009765625,2859.800048828125,2859.800048828125,517682
2025-10-16,HCLTECH.NS,1499.9000244140625,1519.9000244140625,1498.0,1515.0,1492.1903076171875,2021043
2025-10-16,HDFCBANK.NS,982.6500244140625,996.5999755859375,981.5,994.3499755859375,994.3499755859375,22936566
2025-10-16,HINDUNILVR.NS,2517.800048828125,2568.5,2507.10009765625,2561.5,2541.52099609375,1446646
2025-10-16,ICICIBANK.NS,1401.0,1418.9000244140625,1399.4000244140625,1417.300048828125,1417.300048828125,12185032
2025-10-16,INDUSINDBK.NS,742.9000244140625,744.8499755859375,735.0,739.5,739.5,3056360
2025-10-16,INFY.NS,1473.9000244140625,1474.5,1460.5,1471.5,1449.312744140625,8005748
2025-10-16,ITC.NS,401.0,406.0,399.54998779296875,405.1499938964844,396.83331298828125,22962049
2025-10-16,JSWSTEEL.NS,1165.0,1173.5,1158.5999755859375,1172.0999755859375,1172.0999755859375,655759
2025-10-16,KOTAKBANK.NS,430.5799865722656,442.9200134277344,430.44000244140625,441.0799865722656,441.0799865722656,33692100
2025-10-16,LT.NS,3830.300048828125,3885.89990234375,3830.0,3861.800048828125,3861.800048828125,2330283
2025-10-16,M&M.NS,3503.0,3573.199951171875,3498.300048828125,3560.800048828125,3560.800048828125,2125552
2025-10-16,MARUTI.NS,16246.0,16332.0,16200.0,16298.0,16298.0,265727
2025-10-16,NESTLEIND.NS,1221.4000244140625,1286.5,1216.5,1276.5999755859375,1269.7445068359375,6927367
2025-10-16,NTPC.NS,340.20001220703125,342.6000061035156,339.6499938964844,341.5,336.08758544921875,6788416
2025-10-16,POWERGRID.NS,292.3999938964844,293.25,290.6000061035156,291.8500061035156,283.835205078125,7824732
2025-10-16,RELIANCE.NS,1375.0999755859375,1400.5,1375.0,1398.300048828125,1398.300048828125,12315932
2025-10-16,SBIN.NS,888.2999877929688,891.8499755859375,882.4500122070312,886.9500122070312,886.9500122070312,8493686
2025-10-16,SUNPHARMA.NS,1654.0,1662.9000244140625,1643.199951171875,1659.0,1648.29296875,2895957
2025-10-16,TCS.NS,2969.89990234375,2975.0,2943.10009765625,2970.699951171875,2917.66015625,3251495
2025-10-16,TECHM.NS,1466.0,1466.699951171875,1447.9000244140625,1463.800048828125,1448.6322021484375,1619438
2025-10-16,TITAN.NS,3549.0,3652.0,3540.0,3640.300048828125,3640.300048828125,1528118
2025-10-16,ULTRACEMCO.NS,12306.0,12405.0,12268.0,12358.0,12358.0,129372
2025-10-16,WIPRO.NS,250.39999389648438,254.07000732421875,248.8000030517578,253.80999755859375,247.4221649169922,10661302
2025-10-17,ADANIPORTS.NS,1479.5,1489.0,1462.5,1479.4000244140625,1479.4000244140625,3290072
2025-10-17,ASIANPAINT.NS,2421.0,2544.0,2421.0,2507.800048828125,2503.892333984375,3719960
2025-10-17,AXISBANK.NS,1196.300048828125,1212.9000244140625,1191.5999755859375,1200.199951171875,1200.199951171875,6404414
2025-10-17,BAJFINANCE.NS,1056.0999755859375,1076.449951171875,1056.0999755859375,1070.0999755859375,1070.0999755859375,5761670
2025-10-17,BHARTIARTL.NS,1973.5999755859375,2034.300048828125,1970.300048828125,2012.0,2012.0,6743801
2025-10-17,GRASIM.NS,2862.0,2886.0,2826.300048828125,2836.199951171875,2836.199951171875,334522
2025-10-17,HCLTECH.NS,1499.0,1501.300048828125,1479.199951171875,1486.199951171875,1475.5111083984375,3210161
2025-10-17,HDFCBANK.NS,993.9500122070312,1009.0,986.0,1002.5499877929688,1002.5499877929688,25210511
2025-10-17,HINDUNILVR.NS,2565.5,2615.0,2560.0,2603.699951171875,2583.391845703125,2050690
2025-10-17,ICICIBANK.NS,1412.0,1439.5999755859375,1410.9000244140625,1436.5999755859375,1436.5999755859375,17037215
2025-10-17,INDUSINDBK.NS,740.0,761.0,734.5,751.0,751.0,4770012
2025-10-17,INFY.NS,1454.9000244140625,1458.4000244140625,1434.0,1441.0999755859375,1419.37109375,16959378
2025-10-17,ITC.NS,405.3500061035156,413.8500061035156,405.25,412.1499938964844,403.6896057128906,21071344
2025-10-17,JSWSTEEL.NS,1175.0,1178.0,1149.5999755859375,1163.300048828125,1163.300048828125,2207267
2025-10-17,KOTAKBANK.NS,440.7799987792969,441.9800109863281,438.0799865722656,441.1600036621094,441.1600036621094,16706510
2025-10-17,LT.NS,3860.0,3869.5,3830.10009765625,3839.39990234375,3839.39990234375,1337364
2025-10-17,M&M.NS,3561.0,3656.0,3560.10009765625,3647.199951171875,3647.199951171875,3339579
2025-10-17,MARUTI.NS,16298.0,16549.0,16298.0,16401.0,16401.0,411608
2025-10-17,NESTLEIND.NS,1263.9000244140625,1311.5999755859375,1261.300048828125,1289.5,1282.5751953125,3171952
2025-10-17,NTPC.NS,341.5,344.20001220703125,340.1499938964844,341.0,335.59552001953125,7032129
2025-10-17,POWERGRID.NS,291.0,291.5,288.0,289.75,281.7928771972656,14275188
2025-10-17,RELIANCE.NS,1401.0,1423.300048828125,1399.0999755859375,1416.800048828125,1416.800048828125,19335561
2025-10-17,SBIN.NS,887.5,894.75,883.0,889.1500244140625,889.1500244140625,8511854
2025-10-17,SUNPHARMA.NS,1658.199951171875,1692.0,1656.699951171875,1679.0999755859375,1668.2633056640625,1594147
2025-10-17,TCS.NS,2970.0,2988.800048828125,2955.39990234375,2962.199951171875,2909.311767578125,4374683
2025-10-17,TECHM.NS,1465.0,1465.0,1440.0999755859375,1447.5999755859375,1432.5999755859375,1433539
2025-10-17,TITAN.NS,3635.0,3715.0,3633.0,3674.800048828125,3674.800048828125,1123500
2025-10-17,ULTRACEMCO.NS,12300.0,12390.0,12259.0,12370.0,12370.0,182242
2025-10-17,WIPRO.NS,250.0,250.0,239.11000061035156,240.89999389648438,234.8370819091797,43802251
2025-10-20,ADANIPORTS.NS,1488.0,1489.0,1459.0999755859375,1467.0,1467.0,2660484
2025-10-20,ASIANPAINT.NS,2507.800048828125,2537.10009765625,2500.699951171875,2516.0,2512.079345703125,714986
2025-10-20,AXISBANK.NS,1207.9000244140625,1231.699951171875,1207.0,1226.0,1226.0,7418616
2025-10-20,BAJFINANCE.NS,1081.5,1086.5,1072.199951171875,1081.0,1081.0,5700858
2025-10-20,BHARTIARTL.NS,2026.0,2057.0,2019.699951171875,2051.5,2051.5,7387180
2025-10-20,GRASIM.NS,2849.0,2874.0,2838.0,2854.0,2854.0,374581
2025-10-20,HCLTECH.NS,1489.9000244140625,1509.9000244140625,1489.0999755859375,1495.4000244140625,1484.64501953125,2354881
2025-10-20,HDFCBANK.NS,997.0,1020.0,997.0,1002.9500122070312,1002.9500122070312,22195202
2025-10-20,HINDUNILVR.NS,2609.0,2624.699951171875,2585.60009765625,2594.39990234375,2574.164306640625,1011485
2025-10-20,ICICIBANK.NS,1442.0,1445.0,1389.199951171875,1390.300048828125,1390.300048828125,23330227
2025-10-20,INDUSINDBK.NS,743.0,770.6500244140625,726.2999877929688,759.75,759.75,9184006
2025-10-20,INFY.NS,1453.699951171875,1467.0,1450.0,1460.9000244140625,1438.87255859375,6994246
2025-10-20,ITC.NS,412.54998779296875,414.8500061035156,411.29998779296875,413.04998779296875,404.5711364746094,13083621
2025-10-20,JSWSTEEL.NS,1174.5999755859375,1174.5999755859375,1139.4000244140625,1145.199951171875,1145.199951171875,1214428
2025-10-20,KOTAKBANK.NS,442.79998779296875,453.20001220703125,440.0400085449219,442.760009765625,442.760009765625,15207085
2025-10-20,LT.NS,3862.0,3887.60009765625,3845.39990234375,3872.699951171875,3872.699951171875,1223232
2025-10-20,M&M.NS,3674.0,3676.0,3593.0,3599.10009765625,3599.10009765625,2827250
2025-10-20,MARUTI.NS,16500.0,16518.0,16380.0,16424.0,16424.0,374246
2025-10-20,NESTLEIND.NS,1289.5,1305.5999755859375,1280.800048828125,1285.4000244140625,1278.4971923828125,1246633
2025-10-20,NTPC.NS,341.3999938964844,344.45001220703125,340.29998779296875,341.95001220703125,336.53045654296875,6896835
2025-10-20,POWERGRID.NS,290.1499938964844,292.1000061035156,287.1000061035156,288.20001220703125,280.28546142578125,13536721
2025-10-20,RELIANCE.NS,1440.0,1473.800048828125,1433.300048828125,1466.800048828125,1466.800048828125,24721978
2025-10-20,SBIN.NS,894.5999755859375,913.6500244140625,891.0499877929688,907.5,907.5,13546463
2025-10-20,SUNPHARMA.NS,1684.9000244140625,1696.9000244140625,1682.800048828125,1688.5999755859375,1677.7020263671875,1647622
2025-10-20,TCS.NS,2985.5,3023.0,2978.5,3015.199951171875,2961.365478515625,3133039
2025-10-20,TECHM.NS,1440.0,1455.0,1439.0,1444.4000244140625,1444.4000244140625,1800507
2025-10-20,TITAN.NS,3680.0,3749.89990234375,3676.199951171875,3737.199951171875,3737.199951171875,707974
2025-10-20,ULTRACEMCO.NS,12420.0,12448.0,12175.0,12346.0,12346.0,393365
2025-10-20,WIPRO.NS,240.89999389648438,241.94000244140625,239.27000427246094,241.24000549316406,235.1685333251953,9871824
2025-10-21,ADANIPORTS.NS,1477.0,1481.5,1470.0,1473.5,1473.5,394024
2025-10-21,ASIANPAINT.NS,2513.0,2519.199951171875,2484.0,2504.60009765625,2500.697265625,107942
2025-10-21,AXISBANK.NS,1225.800048828125,1238.800048828125,1222.0,1237.300048828125,1237.300048828125,1940248
2025-10-21,BAJFINANCE.NS,1084.9000244140625,1089.0,1081.0,1086.5,1086.5,911624
2025-10-21,BHARTIARTL.NS,2051.800048828125,2058.5,2038.5,2043.5,2043.5,240850
2025-10-21,GRASIM.NS,2875.89990234375,2875.89990234375,2861.5,2870.699951171875,2870.699951171875,48792
2025-10-21,HCLTECH.NS,1502.699951171875,1503.0,1481.0,1486.0,1475.3126220703125,274400
2025-10-21,HDFCBANK.NS,1006.0,1010.0,1004.0,1007.7000122070312,1007.7000122070312,3471600
2025-10-21,HINDUNILVR.NS,2594.0,2606.699951171875,2585.10009765625,2591.699951171875,2571.485595703125,82020
2025-10-21,ICICIBANK.NS,1384.5,1387.5999755859375,1375.9000244140625,1382.0,1382.0,3415560
2025-10-21,INDUSINDBK.NS,761.9500122070312,762.9000244140625,756.0,758.4500122070312,758.4500122070312,350896
2025-10-21,INFY.NS,1478.0,1486.0,1470.0,1472.4000244140625,1450.19921875,1698704
2025-10-21,ITC.NS,413.5,413.95001220703125,412.3500061035156,412.8500061035156,404.3752746582031,1142130
2025-10-21,JSWSTEEL.NS,1150.0,1154.699951171875,1148.5999755859375,1152.5,1152.5,115719
2025-10-21,KOTAKBANK.NS,442.760009765625,443.9599914550781,437.3800048828125,439.3999938964844,439.3999938964844,1134020
2025-10-21,LT.NS,3892.0,3895.0,3877.199951171875,3888.199951171875,3888.199951171875,260327
2025-10-21,M&M.NS,3608.199951171875,3628.10009765625,3604.300048828125,3621.199951171875,3621.199951171875,286950
2025-10-21,MARUTI.NS,16453.0,16476.0,16330.0,16396.0,16396.0,28990
2025-10-21,NESTLEIND.NS,1280.0,1292.0,1277.300048828125,1287.300048828125,1280.3870849609375,245138
2025-10-21,NTPC.NS,342.95001220703125,343.5,341.04998779296875,342.0,336.57965087890625,346988
2025-10-21,POWERGRID.NS,288.29998779296875,289.6000061035156,288.20001220703125,288.6000061035156,280.6744689941406,398291
2025-10-21,RELIANCE.NS,1468.0,1474.0,1460.0,1465.199951171875,1465.199951171875,2066169
2025-10-21,SBIN.NS,908.0,910.0,906.4000244140625,907.8499755859375,907.8499755859375,1783576
2025-10-21,SUNPHARMA.NS,1690.0,1696.0,1684.0,1690.5,1679.5897216796875,74296
2025-10-21,TCS.NS,3031.10009765625,3031.800048828125,2996.0,3006.699951171875,2953.017333984375,310644
2025-10-21,TECHM.NS,1450.0,1457.300048828125,1442.0,1448.699951171875,1448.699951171875,114229
2025-10-21,TITAN.NS,3737.199951171875,3746.0,3719.0,3729.0,3729.0,156306
2025-10-21,ULTRACEMCO.NS,12371.0,12417.0,12271.0,12342.0,12342.0,14465
2025-10-21,WIPRO.NS,241.0,242.16000366210938,240.36000061035156,241.36000061035156,235.28550720214844,2082336
2025-10-23,ADANIPORTS.NS,1478.800048828125,1483.5,1450.300048828125,1453.0999755859375,1453.0999755859375,2999137
2025-10-23,ASIANPAINT.NS,2518.89990234375,2546.0,2496.800048828125,2502.39990234375,2498.50048828125,811738
2025-10-23,AXISBANK.NS,1246.0,1276.0999755859375,1241.300048828125,1258.800048828125,1258.800048828125,14611221
2025-10-23,BAJFINANCE.NS,1090.0,1102.5,1083.9000244140625,1094.1500244140625,1094.1500244140625,11143407
2025-10-23,BHARTIARTL.NS,2063.89990234375,2067.0,2003.5999755859375,2007.9000244140625,2007.9000244140625,8790128
2025-10-23,GRASIM.NS,2884.0,2914.5,2856.0,2864.60009765625,2864.60009765625,511585
2025-10-23,HCLTECH.NS,1510.0,1547.5,1505.5,1523.9000244140625,1512.9400634765625,5011470
2025-10-23,HDFCBANK.NS,1016.0,1020.5,1006.0,1008.7999877929688,1008.7999877929688,43526526
2025-10-23,HINDUNILVR.NS,2601.0,2667.199951171875,2596.10009765625,2601.60009765625,2581.308349609375,3386744
2025-10-23,ICICIBANK.NS,1385.0,1389.800048828125,1360.0999755859375,1363.699951171875,1363.699951171875,21124942
2025-10-23,INDUSINDBK.NS,759.0,766.0,751.7999877929688,759.5999755859375,759.5999755859375,5363491
2025-10-23,INFY.NS,1510.0,1546.0,1506.0,1528.5,1505.4532470703125,20358624
2025-10-23,ITC.NS,416.0,420.45001220703125,413.54998779296875,415.95001220703125,407.41162109375,24305990
2025-10-23,JSWSTEEL.NS,1161.0,1162.5,1135.0999755859375,1138.199951171875,1138.199951171875,1740322
2025-10-23,KOTAKBANK.NS,445.0,448.8800048828125,442.20001220703125,445.1199951171875,445.1199951171875,21496105
2025-10-23,LT.NS,3890.0,3966.199951171875,3890.0,3918.699951171875,3918.699951171875,2815778
2025-10-23,M&M.NS,3632.10009765625,3650.0,3600.0,3623.60009765625,3623.60009765625,3724956
2025-10-23,MARUTI.NS,16660.0,16660.0,16340.0,16393.0,16393.0,481753
2025-10-23,NESTLEIND.NS,1287.0,1303.800048828125,1270.800048828125,1272.800048828125,1265.9649658203125,1751448
2025-10-23,NTPC.NS,343.79998779296875,345.20001220703125,341.04998779296875,342.6499938964844,337.2193603515625,8710859
2025-10-23,POWERGRID.NS,288.95001220703125,291.1499938964844,288.0,289.6499938964844,281.69561767578125,21031287
2025-10-23,RELIANCE.NS,1475.0,1482.9000244140625,1444.5999755859375,1448.4000244140625,1448.4000244140625,18707090
2025-10-23,SBIN.NS,912.0,918.0,904.7999877929688,911.5499877929688,911.5499877929688,13382769
2025-10-23,SUNPHARMA.NS,1705.0,1712.0,1682.199951171875,1689.9000244140625,1678.99365234375,2687094
2025-10-23,TCS.NS,3055.0,3098.0,3036.10009765625,3073.199951171875,3018.330078125,5564758
2025-10-23,TECHM.NS,1465.0,1487.5,1460.9000244140625,1463.4000244140625,1463.4000244140625,3244860
2025-10-23,TITAN.NS,3765.0,3800.0,3738.300048828125,3772.300048828125,3772.300048828125,1622402
2025-10-23,ULTRACEMCO.NS,12390.0,12415.0,12112.0,12145.0,12145.0,370812
2025-10-23,WIPRO.NS,244.8000030517578,247.8000030517578,243.3699951171875,244.3000030517578,238.15151977539062,18964626
2025-10-24,ADANIPORTS.NS,1463.0,1463.5,1422.300048828125,1429.0,1429.0,1907383
2025-10-24,ASIANPAINT.NS,2495.0,2506.699951171875,2486.300048828125,2501.60009765625,2497.701904296875,327596
2025-10-24,AXISBANK.NS,1254.199951171875,1256.0,1240.0999755859375,1241.9000244140625,1241.9000244140625,4882046
2025-10-24,BAJFINANCE.NS,1093.5,1098.5999755859375,1087.4000244140625,1089.75,1089.75,6440277
2025-10-24,BHARTIARTL.NS,2008.0,2033.0,2006.9000244140625,2029.300048828125,2029.300048828125,3236799
2025-10-24,GRASIM.NS,2864.60009765625,2877.0,2823.0,2841.300048828125,2841.300048828125,456226
2025-10-24,HCLTECH.NS,1525.0,1532.5999755859375,1516.4000244140625,1523.800048828125,1512.8408203125,1491451
2025-10-24,HDFCBANK.NS,1011.0,1011.9500122070312,991.2999877929688,994.75,994.75,17707768
2025-10-24,HINDUNILVR.NS,2584.0,2584.0,2474.5,2516.39990234375,2496.772705078125,3110800
2025-10-24,ICICIBANK.NS,1368.0999755859375,1381.5999755859375,1368.0999755859375,1377.699951171875,1377.699951171875,10570263
2025-10-24,INDUSINDBK.NS,759.9500122070312,759.9500122070312,750.8499755859375,755.0499877929688,755.0499877929688,2001556
2025-10-24,INFY.NS,1539.5,1543.0,1518.0,1525.4000244140625,1502.4000244140625,8652257
2025-10-24,ITC.NS,415.95001220703125,417.95001220703125,413.45001220703125,416.79998779296875,408.2441711425781,14935678
2025-10-24,JSWSTEEL.NS,1140.0,1151.0,1131.5,1141.4000244140625,1141.4000244140625,1320560
2025-10-24,KOTAKBANK.NS,447.6000061035156,447.6000061035156,433.6400146484375,437.3999938964844,437.3999938964844,16293685
2025-10-24,LT.NS,3929.300048828125,3939.89990234375,3897.5,3904.89990234375,3904.89990234375,1146636
2025-10-24,M&M.NS,3630.0,3655.300048828125,3615.10009765625,3625.0,3625.0,1654500
2025-10-24,MARUTI.NS,16392.0,16423.0,16200.0,16274.0,16274.0,208520
2025-10-24,NESTLEIND.NS,1274.4000244140625,1284.5,1259.4000244140625,1282.0,1275.115478515625,1433533
2025-10-24,NTPC.NS,342.45001220703125,343.25,338.1499938964844,339.6000061035156,334.2177429199219,7584711
2025-10-24,POWERGRID.NS,289.6499938964844,290.75,286.54998779296875,288.5,280.57720947265625,16350189
2025-10-24,RELIANCE.NS,1450.0,1459.800048828125,1441.0,1451.5999755859375,1451.5999755859375,9700837
2025-10-24,SBIN.NS,910.9500122070312,914.0999755859375,900.9500122070312,904.5,904.5,5313227
2025-10-24,SUNPHARMA.NS,1690.0,1701.9000244140625,1686.0,1699.0,1688.034912109375,994307
2025-10-24,TCS.NS,3080.0,3090.0,3058.300048828125,3063.199951171875,3008.508544921875,2684318
2025-10-24,TECHM.NS,1465.4000244140625,1468.0,1450.0,1453.699951171875,1453.699951171875,969361
2025-10-24,TITAN.NS,3775.0,3781.0,3706.10009765625,3714.89990234375,3714.89990234375,563296
2025-10-24,ULTRACEMCO.NS,12149.0,12174.0,11876.0,11918.0,11918.0,318840
2025-10-24,WIPRO.NS,245.0,245.8800048828125,242.16000366210938,242.97999572753906,236.86473083496094,6803979
2025-10-27,ADANIPORTS.NS,1429.0,1429.800048828125,1410.0,1420.5999755859375,1420.5999755859375,2280976
2025-10-27,ASIANPAINT.NS,2501.60009765625,2530.0,2499.60009765625,2518.800048828125,2514.875244140625,550089
2025-10-27,AXISBANK.NS,1243.4000244140625,1258.5,1242.5999755859375,1254.0999755859375,1254.0999755859375,6185072
2025-10-27,BAJFINANCE.NS,1090.949951171875,1094.0,1075.75,1084.4000244140625,1084.4000244140625,7366175
2025-10-27,BHARTIARTL.NS,2030.0,2094.0,2030.0,2080.10009765625,2080.10009765625,5796831
2025-10-27,GRASIM.NS,2859.0,2934.0,2847.60009765625,2923.89990234375,2923.89990234375,764132
2025-10-27,HCLTECH.NS,1531.4000244140625,1549.5,1526.800048828125,1533.5,1522.470947265625,1394846
2025-10-27,HDFCBANK.NS,996.5,1009.0499877929688,996.2000122070312,1002.9500122070312,1002.9500122070312,15700796
2025-10-27,HINDUNILVR.NS,2516.39990234375,2525.0,2506.0,2511.800048828125,2492.208740234375,2127832
2025-10-27,ICICIBANK.NS,1382.0999755859375,1386.800048828125,1374.0,1377.5999755859375,1377.5999755859375,11499836
2025-10-27,INDUSINDBK.NS,755.7000122070312,772.0,753.1500244140625,770.0499877929688,770.0499877929688,3590863
2025-10-27,INFY.NS,1510.0,1515.300048828125,1498.0999755859375,1504.5,1504.5,7273211
2025-10-27,ITC.NS,417.0,422.70001220703125,416.6000061035156,420.6499938964844,412.01513671875,11603679
2025-10-27,JSWSTEEL.NS,1147.800048828125,1156.699951171875,1143.199951171875,1150.5999755859375,1150.5999755859375,1275776
2025-10-27,KOTAKBANK.NS,434.44000244140625,437.20001220703125,424.3999938964844,429.7200012207031,429.7200012207031,18599700
2025-10-27,LT.NS,3912.0,3948.0,3907.0,3923.800048828125,3923.800048828125,1057688
2025-10-27,M&M.NS,3626.800048828125,3635.300048828125,3593.0,3611.60009765625,3611.60009765625,1440893
2025-10-27,MARUTI.NS,16350.0,16410.0,16275.0,16388.0,16388.0,209829
2025-10-27,NESTLEIND.NS,1282.0,1292.199951171875,1275.800048828125,1283.0,1276.110107421875,1107997
2025-10-27,NTPC.NS,340.70001220703125,342.8999938964844,340.45001220703125,341.75,336.3336181640625,6752390
2025-10-27,POWERGRID.NS,289.0,292.79998779296875,288.20001220703125,291.04998779296875,283.0571594238281,13396182
2025-10-27,RELIANCE.NS,1463.0,1485.0,1458.0,1484.0999755859375,1484.0999755859375,14113867
2025-10-27,SBIN.NS,906.9500122070312,928.0,906.0,922.75,922.75,9150761
2025-10-27,SUNPHARMA.NS,1701.0,1708.5,1690.0,1693.5999755859375,1682.669677734375,2067904
2025-10-27,TCS.NS,3066.5,3094.199951171875,3060.199951171875,3084.89990234375,3029.821044921875,1946312
2025-10-27,TECHM.NS,1457.9000244140625,1475.5999755859375,1457.0,1462.800048828125,1462.800048828125,1036807
2025-10-27,TITAN.NS,3714.0,3753.89990234375,3710.0,3739.800048828125,3739.800048828125,856124
2025-10-27,ULTRACEMCO.NS,11922.0,12049.0,11920.0,12015.0,12015.0,408073
2025-10-27,WIPRO.NS,243.2899932861328,245.72999572753906,243.05999755859375,243.91000366210938,237.77133178710938,9550336
2025-10-28,ADANIPORTS.NS,1425.9000244140625,1435.0,1410.0,1417.9000244140625,1417.9000244140625,2068057
2025-10-28,ASIANPAINT.NS,2515.0,2528.60009765625,2492.0,2509.300048828125,2505.389892578125,1103957
2025-10-28,AXISBANK.NS,1249.0,1258.9000244140625,1236.5999755859375,1246.300048828125,1246.300048828125,8146777
2025-10-28,BAJFINANCE.NS,1078.0,1092.4000244140625,1063.050048828125,1072.75,1072.75,12324341
2025-10-28,BHARTIARTL.NS,2092.0,2102.60009765625,2071.699951171875,2090.199951171875,2090.199951171875,9891522
2025-10-28,GRASIM.NS,2932.699951171875,2959.60009765625,2914.10009765625,2932.89990234375,2932.89990234375,1056504
2025-10-28,HCLTECH.NS,1535.0,1542.0,1512.0,1522.0999755859375,1511.1529541015625,1936466
2025-10-28,HDFCBANK.NS,997.6500244140625,1008.0,995.0,1003.5499877929688,1003.5499877929688,33904289
2025-10-28,HINDUNILVR.NS,2519.0,2526.0,2481.89990234375,2497.10009765625,2477.62353515625,2294976
2025-10-28,ICICIBANK.NS,1373.0,1375.800048828125,1356.199951171875,1363.0999755859375,1363.0999755859375,26477914
2025-10-28,INDUSINDBK.NS,773.9000244140625,801.9500122070312,772.4500122070312,799.75,799.75,8948361
2025-10-28,INFY.NS,1499.699951171875,1506.5,1490.5,1500.199951171875,1500.199951171875,8211019
2025-10-28,ITC.NS,420.5,421.6499938964844,415.8999938964844,417.8999938964844,409.32159423828125,17163147
2025-10-28,JSWSTEEL.NS,1145.5999755859375,1186.4000244140625,1145.0,1184.199951171875,1184.199951171875,3451230
2025-10-28,KOTAKBANK.NS,428.3999938964844,433.6199951171875,428.3999938964844,432.1600036621094,432.1600036621094,23304345
2025-10-28,LT.NS,3922.10009765625,3986.0,3917.300048828125,3972.800048828125,3972.800048828125,3391806
2025-10-28,M&M.NS,3605.0,3624.89990234375,3562.0,3579.10009765625,3579.10009765625,2851093
2025-10-28,MARUTI.NS,16399.0,16495.0,16261.0,16311.0,16311.0,383383
2025-10-28,NESTLEIND.NS,1283.800048828125,1288.9000244140625,1263.699951171875,1271.0,1264.174560546875,1343829
2025-10-28,NTPC.NS,342.3999938964844,342.8999938964844,337.29998779296875,339.1499938964844,333.77484130859375,13186584
2025-10-28,POWERGRID.NS,290.54998779296875,292.6000061035156,286.79998779296875,288.25,280.3340759277344,13543174
2025-10-28,RELIANCE.NS,1484.0999755859375,1492.0,1477.5999755859375,1486.9000244140625,1486.9000244140625,17631577
2025-10-28,SBIN.NS,927.0999755859375,935.8499755859375,917.7000122070312,930.25,930.25,22066289
2025-10-28,SUNPHARMA.NS,1692.0,1702.699951171875,1679.199951171875,1687.0,1676.1123046875,2440939
2025-10-28,TCS.NS,3076.0,3090.199951171875,3040.199951171875,3057.89990234375,3003.30322265625,3470737
2025-10-28,TECHM.NS,1469.0,1469.5999755859375,1435.300048828125,1447.4000244140625,1447.4000244140625,1432913
2025-10-28,TITAN.NS,3750.0,3770.0,3688.10009765625,3717.0,3717.0,1482961
2025-10-28,ULTRACEMCO.NS,12025.0,12048.0,11866.0,11931.0,11931.0,513095
2025-10-28,WIPRO.NS,243.66000366210938,244.6999969482422,241.39999389648438,242.3800048828125,236.27984619140625,8780789
2025-10-29,ADANIPORTS.NS,1424.0999755859375,1464.800048828125,1421.5999755859375,1454.800048828125,1454.800048828125,3578596
2025-10-29,ASIANPAINT.NS,2520.0,2550.800048828125,2512.5,2538.699951171875,2534.744140625,615292
2025-10-29,AXISBANK.NS,1246.9000244140625,1251.0,1239.199951171875,1248.800048828125,1248.800048828125,4578825
2025-10-29,BAJFINANCE.NS,1072.0,1079.1500244140625,1061.25,1062.949951171875,1062.949951171875,5386803
2025-10-29,BHARTIARTL.NS,2083.0,2110.39990234375,2081.60009765625,2100.60009765625,2100.60009765625,2742750
2025-10-29,GRASIM.NS,2945.89990234375,2977.800048828125,2940.0,2958.699951171875,2958.699951171875,711559
2025-10-29,HCLTECH.NS,1530.0,1559.0,1522.0,1557.300048828125,1546.099853515625,2596355
2025-10-29,HDFCBANK.NS,1004.9000244140625,1012.5,1000.0,1007.8499755859375,1007.8499755859375,17769445
2025-10-29,HINDUNILVR.NS,2512.60009765625,2513.60009765625,2484.0,2488.10009765625,2468.693603515625,1870143
2025-10-29,ICICIBANK.NS,1364.5999755859375,1371.699951171875,1358.4000244140625,1370.4000244140625,1370.4000244140625,16129382
2025-10-29,INDUSINDBK.NS,804.0,810.0499877929688,793.7999877929688,807.4500122070312,807.4500122070312,4077629
2025-10-29,INFY.NS,1500.199951171875,1520.199951171875,1496.9000244140625,1510.4000244140625,1510.4000244140625,4884976
2025-10-29,ITC.NS,418.20001220703125,422.20001220703125,416.04998779296875,421.6000061035156,412.9456481933594,11470661
2025-10-29,JSWSTEEL.NS,1189.199951171875,1223.9000244140625,1185.5,1207.9000244140625,1207.9000244140625,3819737
2025-10-29,KOTAKBANK.NS,434.0,434.8599853515625,429.3800048828125,430.1000061035156,430.1000061035156,7088915
2025-10-29,LT.NS,3988.0,4016.699951171875,3920.0,3958.10009765625,3958.10009765625,2563641
2025-10-29,M&M.NS,3580.0,3583.5,3522.10009765625,3534.699951171875,3534.699951171875,2526473
2025-10-29,MARUTI.NS,16360.0,16428.0,16046.0,16138.0,16138.0,232815
2025-10-29,NESTLEIND.NS,1275.0,1281.0,1266.5,1273.0,1266.163818359375,836932
2025-10-29,NTPC.NS,339.25,350.0,339.1499938964844,347.5,341.99249267578125,15423201
2025-10-29,POWERGRID.NS,289.0,296.6499938964844,288.75,295.3500061035156,287.2391052246094,14608714
2025-10-29,RELIANCE.NS,1490.0,1508.300048828125,1488.0999755859375,1504.199951171875,1504.199951171875,11884745
2025-10-29,SBIN.NS,933.9000244140625,942.0499877929688,930.25,939.75,939.75,12314222
2025-10-29,SUNPHARMA.NS,1690.0,1722.0,1687.300048828125,1715.9000244140625,1704.8258056640625,1016738
2025-10-29,TCS.NS,3057.89990234375,3076.0,3046.10009765625,3057.60009765625,3003.0087890625,2895420
2025-10-29,TECHM.NS,1453.0,1461.199951171875,1442.5999755859375,1452.199951171875,1452.199951171875,1311858
2025-10-29,TITAN.NS,3734.199951171875,3753.5,3714.199951171875,3748.300048828125,3748.300048828125,789557
2025-10-29,ULTRACEMCO.NS,11940.0,12060.0,11899.0,11999.0,11999.0,394272
2025-10-29,WIPRO.NS,243.60000610351562,243.60000610351562,241.63999938964844,242.27999877929688,236.18235778808594,8776917
2025-10-30,ADANIPORTS.NS,1458.0,1463.0,1449.5999755859375,1457.9000244140625,1457.9000244140625,1380931
2025-10-30,ASIANPAINT.NS,2535.5,2538.699951171875,2513.300048828125,2523.5,2519.56787109375,736486
2025-10-30,AXISBANK.NS,1243.0,1248.0,1235.0,1238.5999755859375,1238.5999755859375,4017532
2025-10-30,BAJFINANCE.NS,1063.0,1066.800048828125,1045.0,1052.300048828125,1052.300048828125,4271927
2025-10-30,BHARTIARTL.NS,2070.0,2088.0,2058.60009765625,2066.300048828125,2066.300048828125,4222189
2025-10-30,GRASIM.NS,2960.0,2965.89990234375,2922.60009765625,2950.39990234375,2950.39990234375,446894
2025-10-30,HCLTECH.NS,1557.699951171875,1559.9000244140625,1538.0999755859375,1549.800048828125,1538.65380859375,2183395
2025-10-30,HDFCBANK.NS,1000.0,1009.5,997.0999755859375,998.1500244140625,998.1500244140625,19962917
2025-10-30,HINDUNILVR.NS,2491.0,2497.0,2454.89990234375,2469.60009765625,2450.337890625,1195631
2025-10-30,ICICIBANK.NS,1362.4000244140625,1370.199951171875,1361.300048828125,1362.4000244140625,1362.4000244140625,9324401
2025-10-30,INDUSINDBK.NS,807.0,810.0,797.25,800.9500122070312,800.9500122070312,4103276
2025-10-30,INFY.NS,1507.0,1508.199951171875,1489.0999755859375,1493.800048828125,1493.800048828125,5608867
2025-10-30,ITC.NS,421.6000061035156,421.70001220703125,416.1499938964844,418.75,410.1541442871094,12938674
2025-10-30,JSWSTEEL.NS,1207.9000244140625,1211.5999755859375,1199.4000244140625,1210.0,1210.0,1273913
2025-10-30,KOTAKBANK.NS,430.0,430.6000061035156,425.2799987792969,427.44000244140625,427.44000244140625,12438465
2025-10-30,LT.NS,3980.0,4062.60009765625,3975.60009765625,3987.5,3987.5,4959400
2025-10-30,M&M.NS,3540.0,3550.0,3496.0,3502.10009765625,3502.10009765625,2103351
2025-10-30,MARUTI.NS,16190.0,16275.0,16077.0,16206.0,16206.0,230383
2025-10-30,NESTLEIND.NS,1278.0,1281.4000244140625,1267.699951171875,1279.9000244140625,1273.0267333984375,728703
2025-10-30,NTPC.NS,349.0,349.0,343.45001220703125,345.1499938964844,339.6797180175781,6721032
2025-10-30,POWERGRID.NS,296.29998779296875,296.45001220703125,290.95001220703125,291.5,283.49481201171875,10329750
2025-10-30,RELIANCE.NS,1500.0,1503.0999755859375,1484.0,1488.5,1488.5,9318663
2025-10-30,SBIN.NS,939.4500122070312,944.9000244140625,933.0499877929688,934.3499755859375,934.3499755859375,13044473
2025-10-30,SUNPHARMA.NS,1715.800048828125,1716.9000244140625,1680.0999755859375,1703.4000244140625,1692.406494140625,1986233
2025-10-30,TCS.NS,3049.10009765625,3063.800048828125,3032.800048828125,3035.300048828125,2981.106689453125,2241536
2025-10-30,TECHM.NS,1453.199951171875,1458.0999755859375,1432.5,1433.800048828125,1433.800048828125,1797868
2025-10-30,TITAN.NS,3745.0,3773.89990234375,3720.10009765625,3750.699951171875,3750.699951171875,544151
2025-10-30,ULTRACEMCO.NS,12040.0,12084.0,11950.0,12053.0,12053.0,159943
2025-10-30,WIPRO.NS,242.88999938964844,244.77000427246094,240.5,241.9199981689453,235.83140563964844,8344622
2025-10-31,ADANIPORTS.NS,1457.9000244140625,1461.699951171875,1443.0,1451.5,1451.5,1141853
2025-10-31,ASIANPAINT.NS,2523.39990234375,2530.0,2505.300048828125,2510.800048828125,2506.8876953125,609128
2025-10-31,AXISBANK.NS,1243.0,1245.4000244140625,1231.0,1232.800048828125,1232.800048828125,4106607
2025-10-31,BAJFINANCE.NS,1052.0,1069.449951171875,1041.4000244140625,1042.800048828125,1042.800048828125,5315632
2025-10-31,BHARTIARTL.NS,2056.0,2073.800048828125,2051.699951171875,2054.5,2054.5,4659723
2025-10-31,GRASIM.NS,2950.39990234375,2954.39990234375,2880.0,2891.699951171875,2891.699951171875,576935
2025-10-31,HCLTECH.NS,1549.800048828125,1558.199951171875,1537.5999755859375,1541.5,1530.4134521484375,1723467
2025-10-31,HDFCBANK.NS,994.0,1004.4500122070312,981.1500244140625,987.2999877929688,987.2999877929688,23221330
2025-10-31,HINDUNILVR.NS,2469.0,2479.5,2452.89990234375,2465.5,2446.269775390625,1401937
2025-10-31,ICICIBANK.NS,1357.0,1362.0,1343.300048828125,1345.300048828125,1345.300048828125,15926798
2025-10-31,INDUSINDBK.NS,800.9500122070312,806.5,792.0,794.7999877929688,794.7999877929688,3511425
2025-10-31,INFY.NS,1490.0,1497.0999755859375,1480.699951171875,1482.300048828125,1482.300048828125,4819814
2025-10-31,ITC.NS,420.5,426.3999938964844,418.20001220703125,420.3500061035156,411.7213134765625,18599864
2025-10-31,JSWSTEEL.NS,1210.0,1216.0,1199.0,1206.0,1206.0,1337807
2025-10-31,KOTAKBANK.NS,429.3800048828125,429.3800048828125,420.0,420.44000244140625,420.44000244140625,18931270
2025-10-31,LT.NS,4001.10009765625,4045.89990234375,3980.199951171875,4030.89990234375,4030.89990234375,2328183
2025-10-31,M&M.NS,3516.10009765625,3526.699951171875,3483.699951171875,3487.199951171875,3487.199951171875,1915577
2025-10-31,MARUTI.NS,16204.0,16516.0,15949.0,16186.0,16186.0,719402
2025-10-31,NESTLEIND.NS,1279.9000244140625,1284.0,1269.5999755859375,1271.5999755859375,1264.7713623046875,943037
2025-10-31,NTPC.NS,345.0,345.0,335.6000061035156,336.95001220703125,331.6097412109375,18651312
2025-10-31,POWERGRID.NS,292.0,292.0,287.0,288.1499938964844,280.23681640625,10088802
2025-10-31,RELIANCE.NS,1490.4000244140625,1497.5,1482.300048828125,1486.4000244140625,1486.4000244140625,8758053
2025-10-31,SBIN.NS,934.9000244140625,946.7000122070312,930.25,937.0,937.0,12078252
2025-10-31,SUNPHARMA.NS,1700.0,1705.0,1686.800048828125,1690.699951171875,1679.788330078125,1560918
2025-10-31,TCS.NS,3035.0,3067.39990234375,3025.10009765625,3058.0,3003.4013671875,1868085
2025-10-31,TECHM.NS,1433.800048828125,1437.5,1420.300048828125,1424.4000244140625,1424.4000244140625,1757591
2025-10-31,TITAN.NS,3758.89990234375,3783.0,3739.5,3746.699951171875,3746.699951171875,900994
2025-10-31,ULTRACEMCO.NS,12053.0,12102.0,11917.0,11947.0,11947.0,175191
2025-10-31,WIPRO.NS,242.11000061035156,243.19000244140625,240.5,240.6699981689453,234.6128692626953,5659566
2025-11-03,ADANIPORTS.NS,1451.5,1457.4000244140625,1435.300048828125,1444.699951171875,1444.699951171875,1059573
2025-11-03,ASIANPAINT.NS,2496.199951171875,2515.300048828125,2495.0,2512.199951171875,2508.285400390625,425210
2025-11-03,AXISBANK.NS,1226.0,1241.0,1222.300048828125,1233.699951171875,1233.699951171875,6118907
2025-11-03,BAJFINANCE.NS,1037.0,1048.0,1031.0,1043.0999755859375,1043.0999755859375,4135617
2025-11-03,BHARTIARTL.NS,2055.0,2081.0,2047.199951171875,2074.0,2074.0,2979629
2025-11-03,GRASIM.NS,2896.0,2919.89990234375,2872.5,2899.89990234375,2899.89990234375,297012
2025-11-03,HCLTECH.NS,1540.0999755859375,1549.699951171875,1528.199951171875,1543.5,1532.3990478515625,2252136
2025-11-03,HDFCBANK.NS,985.0,994.5499877929688,983.2999877929688,992.6500244140625,992.6500244140625,16607180
2025-11-03,HINDUNILVR.NS,2456.10009765625,2474.89990234375,2440.300048828125,2460.0,2440.812744140625,1049185
2025-11-03,ICICIBANK.NS,1340.5,1351.5999755859375,1337.9000244140625,1346.4000244140625,1346.4000244140625,11071450
2025-11-03,INDUSINDBK.NS,794.7999877929688,803.7000122070312,791.1500244140625,796.9000244140625,796.9000244140625,2640561
2025-11-03,INFY.NS,1482.300048828125,1491.4000244140625,1474.199951171875,1485.5,1485.5,5470600
2025-11-03,ITC.NS,419.95001220703125,421.6499938964844,413.29998779296875,413.95001220703125,405.45269775390625,7635440
2025-11-03,JSWSTEEL.NS,1213.9000244140625,1217.5,1190.0,1195.0,1195.0,1486643
2025-11-03,KOTAKBANK.NS,420.44000244140625,423.8399963378906,417.5799865722656,422.70001220703125,422.70001220703125,7657265
2025-11-03,LT.NS,4030.0,4041.0,3974.89990234375,3980.5,3980.5,1154072
2025-11-03,M&M.NS,3511.0,3590.0,3511.0,3548.89990234375,3548.89990234375,1776510
2025-11-03,MARUTI.NS,16016.0,16100.0,15530.0,15651.0,15651.0,942850
2025-11-03,NESTLEIND.NS,1269.5999755859375,1269.9000244140625,1255.5,1266.699951171875,1259.8975830078125,847050
2025-11-03,NTPC.NS,336.8500061035156,337.5,333.3999938964844,335.20001220703125,329.887451171875,10242245
2025-11-03,POWERGRID.NS,289.0,290.1499938964844,287.1499938964844,288.0,280.0909118652344,8578207
2025-11-03,RELIANCE.NS,1486.0,1495.0,1479.300048828125,1484.699951171875,1484.699951171875,8452085
2025-11-03,SBIN.NS,938.75,953.4000244140625,937.5,949.7000122070312,949.7000122070312,11744735
2025-11-03,SUNPHARMA.NS,1688.199951171875,1712.800048828125,1681.199951171875,1706.4000244140625,1695.3870849609375,1099955
2025-11-03,TCS.NS,3046.89990234375,3058.0,3010.0,3016.800048828125,2962.93701171875,2194877
2025-11-03,TECHM.NS,1419.0999755859375,1424.0,1414.0,1419.800048828125,1419.800048828125,2136091
2025-11-03,TITAN.NS,3730.0,3762.0,3667.300048828125,3724.5,3724.5,1119367
2025-11-03,ULTRACEMCO.NS,11927.0,11984.0,11885.0,11950.0,11950.0,98394
2025-11-03,WIPRO.NS,240.6699981689453,241.2899932861328,239.5,240.5,234.44715881347656,4902693
2025-11-04,ADANIPORTS.NS,1449.5999755859375,1466.300048828125,1432.0,1444.4000244140625,1444.4000244140625,3554714
2025-11-04,ASIANPAINT.NS,2510.0,2521.0,2479.699951171875,2486.699951171875,2482.824951171875,527087
2025-11-04,AXISBANK.NS,1230.0999755859375,1235.9000244140625,1222.800048828125,1226.5999755859375,1226.5999755859375,3299345
2025-11-04,BAJFINANCE.NS,1040.0,1060.4000244140625,1035.0,1057.0,1057.0,6202540
2025-11-04,BHARTIARTL.NS,2107.0,2135.60009765625,2103.5,2113.300048828125,2113.300048828125,12263078
2025-11-04,GRASIM.NS,2908.89990234375,2909.89990234375,2872.0,2882.0,2882.0,229856
2025-11-04,HCLTECH.NS,1536.4000244140625,1541.9000244140625,1525.0,1529.0999755859375,1518.1025390625,1666863
2025-11-04,HDFCBANK.NS,987.0,997.0,983.7000122070312,985.25,985.25,20024544
2025-11-04,HINDUNILVR.NS,2460.0,2463.300048828125,2441.300048828125,2445.699951171875,2426.624267578125,1251588
2025-11-04,ICICIBANK.NS,1342.5999755859375,1349.800048828125,1333.199951171875,1336.9000244140625,1336.9000244140625,15211183
2025-11-04,INDUSINDBK.NS,797.0499877929688,799.25,785.0999755859375,790.2000122070312,790.2000122070312,3505823
2025-11-04,INFY.NS,1479.699951171875,1481.9000244140625,1462.9000244140625,1467.9000244140625,1467.9000244140625,8691330
2025-11-04,ITC.NS,414.0,414.5,408.3500061035156,408.8999938964844,400.5063171386719,10085404
2025-11-04,JSWSTEEL.NS,1202.5999755859375,1202.5999755859375,1175.199951171875,1181.4000244140625,1181.4000244140625,1110884
2025-11-04,KOTAKBANK.NS,423.3399963378906,424.2200012207031,418.6000061035156,419.32000732421875,419.32000732421875,9581885
2025-11-04,LT.NS,3985.0,3990.0,3916.800048828125,3924.39990234375,3924.39990234375,2042881
2025-11-04,M&M.NS,3548.60009765625,3632.800048828125,3537.199951171875,3581.199951171875,3581.199951171875,3494428
2025-11-04,MARUTI.NS,15607.0,15633.0,15355.0,15374.0,15374.0,748848
2025-11-04,NESTLEIND.NS,1266.0,1269.0,1250.699951171875,1265.0,1258.206787109375,770668
2025-11-04,NTPC.NS,335.3999938964844,336.0,329.70001220703125,330.6000061035156,325.3603515625,11887651
2025-11-04,POWERGRID.NS,284.5,284.95001220703125,278.1000061035156,279.04998779296875,271.3866882324219,26098629
2025-11-04,RELIANCE.NS,1483.9000244140625,1492.800048828125,1470.0999755859375,1473.0999755859375,1473.0999755859375,10007806
2025-11-04,SBIN.NS,951.0,959.2999877929688,941.5,957.5999755859375,957.5999755859375,19154518
2025-11-04,SUNPHARMA.NS,1707.0,1711.199951171875,1682.199951171875,1690.0,1679.093017578125,1597993
2025-11-04,TCS.NS,3019.60009765625,3029.300048828125,2976.0,2990.199951171875,2936.81201171875,2670720
2025-11-04,TECHM.NS,1419.9000244140625,1425.300048828125,1405.5999755859375,1409.199951171875,1409.199951171875,1191278
2025-11-04,TITAN.NS,3724.5,3827.0,3715.0,3813.5,3813.5,2524600
2025-11-04,ULTRACEMCO.NS,11960.0,11960.0,11785.0,11819.0,11819.0,199364
2025-11-04,WIPRO.NS,240.5,240.83999633789062,237.52000427246094,237.9199981689453,231.9320831298828,6848284
2025-11-06,ADANIPORTS.NS,1452.0999755859375,1466.300048828125,1434.300048828125,1436.800048828125,1436.800048828125,2745063
2025-11-06,ASIANPAINT.NS,2560.10009765625,2631.0,2560.10009765625,2602.89990234375,2598.843994140625,4448622
2025-11-06,AXISBANK.NS,1225.0,1239.5999755859375,1225.0,1228.5,1228.5,3733721
2025-11-06,BAJFINANCE.NS,1037.0,1052.800048828125,1035.0,1041.9000244140625,1041.9000244140625,5776277
2025-11-06,BHARTIARTL.NS,2115.0,2123.300048828125,2080.5,2094.89990234375,2094.89990234375,9546299
2025-11-06,GRASIM.NS,2797.10009765625,2800.0,2692.0,2700.10009765625,2700.10009765625,1986853
2025-11-06,HCLTECH.NS,1529.0999755859375,1531.9000244140625,1514.300048828125,1526.4000244140625,1515.4219970703125,2474769
2025-11-06,HDFCBANK.NS,981.0,991.0499877929688,974.0,984.6500244140625,984.6500244140625,22279516
2025-11-06,HINDUNILVR.NS,2463.89990234375,2463.89990234375,2432.60009765625,2436.0,2417.0,1329256
2025-11-06,ICICIBANK.NS,1330.0,1342.199951171875,1317.4000244140625,1320.4000244140625,1320.4000244140625,24221853
2025-11-06,INDUSINDBK.NS,791.0,797.5,777.3499755859375,786.2000122070312,786.2000122070312,2640541
2025-11-06,INFY.NS,1478.5999755859375,1483.0,1461.9000244140625,1466.699951171875,1466.699951171875,7944752
2025-11-06,ITC.NS,410.0,413.29998779296875,406.54998779296875,407.5,399.13507080078125,10095563
2025-11-06,JSWSTEEL.NS,1181.4000244140625,1183.5,1161.5999755859375,1168.800048828125,1168.800048828125,1304994
2025-11-06,KOTAKBANK.NS,414.6000061035156,420.760009765625,414.4200134277344,416.6400146484375,416.6400146484375,11902845
2025-11-06,LT.NS,3945.0,3978.0,3872.10009765625,3881.60009765625,3881.60009765625,1749063
2025-11-06,M&M.NS,3625.0,3674.699951171875,3586.300048828125,3618.5,3618.5,4535984
2025-11-06,MARUTI.NS,15534.0,15534.0,15309.0,15452.0,15452.0,429800
2025-11-06,NESTLEIND.NS,1265.0,1278.9000244140625,1260.0999755859375,1266.0999755859375,1259.30078125,1171263
2025-11-06,NTPC.NS,332.04998779296875,332.95001220703125,324.6000061035156,326.6499938964844,321.47296142578125,11587302
2025-11-06,POWERGRID.NS,278.0,278.5,269.8500061035156,270.20001220703125,262.77978515625,21919591
2025-11-06,RELIANCE.NS,1484.0,1501.5999755859375,1476.199951171875,1496.0999755859375,1496.0999755859375,16772678
2025-11-06,SBIN.NS,969.6500244140625,971.4000244140625,955.2999877929688,960.75,960.75,23088096
2025-11-06,SUNPHARMA.NS,1699.0,1723.9000244140625,1667.0,1685.9000244140625,1675.0194091796875,3389867
2025-11-06,TCS.NS,2990.10009765625,3024.0,2990.0,3010.89990234375,2957.142333984375,2542721
2025-11-06,TECHM.NS,1412.0,1420.9000244140625,1410.0,1413.5999755859375,1413.5999755859375,2502412
2025-11-06,TITAN.NS,3780.0,3837.699951171875,3761.60009765625,3774.39990234375,3774.39990234375,927231
2025-11-06,ULTRACEMCO.NS,11800.0,11985.0,11798.0,11910.0,11910.0,189652
2025-11-06,WIPRO.NS,240.0,240.6199951171875,238.3699951171875,240.0500030517578,234.00848388671875,7141517
2025-11-07,ADANIPORTS.NS,1435.0,1464.0,1425.0,1448.300048828125,1448.300048828125,2184538
2025-11-07,ASIANPAINT.NS,2602.89990234375,2618.89990234375,2585.0,2613.800048828125,2609.72705078125,791663
2025-11-07,AXISBANK.NS,1227.0,1228.800048828125,1217.0,1222.800048828125,1222.800048828125,3461466
2025-11-07,BAJFINANCE.NS,1039.0,1076.9000244140625,1034.199951171875,1066.5999755859375,1066.5999755859375,6940923
2025-11-07,BHARTIARTL.NS,2048.0,2048.0,1995.5999755859375,2001.199951171875,2001.199951171875,70392750
2025-11-07,GRASIM.NS,2700.0,2738.0,2675.699951171875,2724.60009765625,2724.60009765625,1101889
2025-11-07,HCLTECH.NS,1515.0999755859375,1518.800048828125,1490.5,1512.4000244140625,1501.522705078125,2238714
2025-11-07,HDFCBANK.NS,980.0,984.9000244140625,974.75,982.2999877929688,982.2999877929688,15004568
2025-11-07,HINDUNILVR.NS,2417.0,2425.0,2400.60009765625,2414.0,2414.0,817896
2025-11-07,ICICIBANK.NS,1320.4000244140625,1344.300048828125,1318.5999755859375,1343.0,1343.0,7719245
2025-11-07,INDUSINDBK.NS,782.1500244140625,801.9500122070312,779.0999755859375,797.25,797.25,2079256
2025-11-07,INFY.NS,1470.0,1480.9000244140625,1449.0999755859375,1476.800048828125,1476.800048828125,8765759
2025-11-07,ITC.NS,406.04998779296875,409.1000061035156,403.1000061035156,404.04998779296875,395.7558898925781,8411611
2025-11-07,JSWSTEEL.NS,1160.0999755859375,1182.9000244140625,1151.199951171875,1171.699951171875,1171.699951171875,845047
2025-11-07,KOTAKBANK.NS,415.739990234375,419.8599853515625,411.8399963378906,417.6600036621094,417.6600036621094,7000945
2025-11-07,LT.NS,3877.10009765625,3892.89990234375,3831.10009765625,3882.5,3882.5,1577294
2025-11-07,M&M.NS,3615.60009765625,3718.0,3566.800048828125,3690.199951171875,3690.199951171875,2595934
2025-11-07,MARUTI.NS,15459.0,15499.0,15260.0,15479.0,15479.0,227247
2025-11-07,NESTLEIND.NS,1264.0,1270.9000244140625,1256.4000244140625,1262.699951171875,1255.9190673828125,596683
2025-11-07,NTPC.NS,324.3999938964844,327.1000061035156,320.8500061035156,326.1000061035156,323.6564636230469,8578167
2025-11-07,POWERGRID.NS,270.20001220703125,272.79998779296875,268.75,272.0,264.53033447265625,11379131
2025-11-07,RELIANCE.NS,1494.5999755859375,1498.4000244140625,1475.9000244140625,1478.0,1478.0,7821765
2025-11-07,SBIN.NS,958.75,964.8499755859375,944.0,955.8499755859375,955.8499755859375,13371323
2025-11-07,SUNPHARMA.NS,1694.0,1710.0,1683.0999755859375,1691.4000244140625,1680.48388671875,1512908
2025-11-07,TCS.NS,3001.0,3004.0,2960.5,2991.800048828125,2938.383544921875,1830520
2025-11-07,TECHM.NS,1400.0999755859375,1409.800048828125,1385.0,1386.699951171875,1386.699951171875,1209479
2025-11-07,TITAN.NS,3766.0,3792.0,3736.0,3769.300048828125,3769.300048828125,728998
2025-11-07,ULTRACEMCO.NS,11871.0,11951.0,11834.0,11849.0,11849.0,148161
2025-11-07,WIPRO.NS,238.6999969482422,239.25,236.0,236.49000549316406,230.5380859375,5520619
2025-11-10,ADANIPORTS.NS,1452.199951171875,1463.9000244140625,1441.0,1444.9000244140625,1444.9000244140625,1161695
2025-11-10,ASIANPAINT.NS,2613.800048828125,2666.800048828125,2611.10009765625,2650.39990234375,2646.27001953125,1706880
2025-11-10,AXISBANK.NS,1222.0,1232.800048828125,1215.5,1217.0,1217.0,4140568
2025-11-10,BAJFINANCE.NS,1066.5999755859375,1088.0,1062.9000244140625,1085.0,1085.0,5692236
2025-11-10,BHARTIARTL.NS,1995.0,2028.800048828125,1992.199951171875,2019.800048828125,2019.800048828125,7457061
2025-11-10,GRASIM.NS,2738.0,2789.0,2728.699951171875,2762.89990234375,2762.89990234375,489522
2025-11-10,HCLTECH.NS,1518.0,1544.9000244140625,1511.4000244140625,1540.5,1529.420654296875,1558896
2025-11-10,HDFCBANK.NS,982.2999877929688,990.9500122070312,980.2000122070312,984.5,984.5,15988262
2025-11-10,HINDUNILVR.NS,2405.0,2429.300048828125,2404.0,2408.800048828125,2408.800048828125,780558
2025-11-10,ICICIBANK.NS,1342.9000244140625,1349.5999755859375,1341.0,1348.0,1348.0,8542340
2025-11-10,INDUSINDBK.NS,791.0,807.7999877929688,791.0,799.3499755859375,799.3499755859375,1894738
2025-11-10,INFY.NS,1490.0999755859375,1520.0,1490.0,1513.5,1513.5,9787975
2025-11-10,ITC.NS,404.04998779296875,407.1000061035156,403.6499938964844,405.54998779296875,397.22509765625,6650003
2025-11-10,JSWSTEEL.NS,1174.0,1185.0,1172.0,1179.300048828125,1179.300048828125,740226
2025-11-10,KOTAKBANK.NS,416.20001220703125,420.9599914550781,416.20001220703125,418.5400085449219,418.5400085449219,10866480
2025-11-10,LT.NS,3895.0,3943.800048828125,3894.0,3918.5,3918.5,1397176
2025-11-10,M&M.NS,3690.199951171875,3715.800048828125,3645.10009765625,3663.89990234375,3663.89990234375,1620889
2025-11-10,MARUTI.NS,15380.0,15647.0,15380.0,15583.0,15583.0,274191
2025-11-10,NESTLEIND.NS,1263.0999755859375,1273.199951171875,1260.199951171875,1262.9000244140625,1256.1180419921875,737986
2025-11-10,NTPC.NS,326.1000061035156,328.25,324.0,325.45001220703125,323.0113525390625,5246998
2025-11-10,POWERGRID.NS,268.6000061035156,270.54998779296875,266.54998779296875,268.20001220703125,265.2225646972656,10717941
2025-11-10,RELIANCE.NS,1477.9000244140625,1501.0,1475.5,1489.300048828125,1489.300048828125,7068438
2025-11-10,SBIN.NS,956.0,963.2000122070312,949.0999755859375,951.1500244140625,951.1500244140625,7343249
2025-11-10,SUNPHARMA.NS,1697.5,1703.0999755859375,1685.800048828125,1697.800048828125,1686.8426513671875,1235665
2025-11-10,TCS.NS,2993.0,3047.89990234375,2992.0,3025.199951171875,2971.18701171875,1556656
2025-11-10,TECHM.NS,1386.699951171875,1404.300048828125,1383.5999755859375,1397.800048828125,1397.800048828125,2883323
2025-11-10,TITAN.NS,3788.0,3815.0,3769.300048828125,3803.0,3803.0,599567
2025-11-10,ULTRACEMCO.NS,11851.0,11890.0,11701.0,11728.0,11728.0,197085
2025-11-10,WIPRO.NS,237.44000244140625,241.5500030517578,237.02000427246094,239.83999633789062,233.8037567138672,8566758
2025-11-11,ADANIPORTS.NS,1453.0,1476.0,1437.800048828125,1474.4000244140625,1474.4000244140625,2258827
2025-11-11,ASIANPAINT.NS,2650.39990234375,2664.89990234375,2633.39990234375,2657.199951171875,2653.059326171875,776404
2025-11-11,AXISBANK.NS,1218.0999755859375,1225.0,1209.4000244140625,1222.5,1222.5,5615453
2025-11-11,BAJFINANCE.NS,1043.699951171875,1043.699951171875,997.0,1005.2000122070312,1005.2000122070312,23762890
2025-11-11,BHARTIARTL.NS,2020.0999755859375,2056.89990234375,2017.4000244140625,2042.300048828125,2042.300048828125,14825625
2025-11-11,GRASIM.NS,2775.0,2780.10009765625,2737.5,2775.800048828125,2775.800048828125,399693
2025-11-11,HCLTECH.NS,1547.800048828125,1572.5,1541.199951171875,1570.0,1558.70849609375,2270763
2025-11-11,HDFCBANK.NS,983.5,993.5,978.0,991.7000122070312,991.7000122070312,10200530
2025-11-11,HINDUNILVR.NS,2422.199951171875,2433.699951171875,2403.10009765625,2427.5,2427.5,1422399
2025-11-11,ICICIBANK.NS,1349.0,1360.4000244140625,1346.199951171875,1358.300048828125,1358.300048828125,8305184
2025-11-11,INDUSINDBK.NS,799.7000122070312,828.2000122070312,792.7999877929688,826.0999755859375,826.0999755859375,7150449
2025-11-11,INFY.NS,1525.0,1533.4000244140625,1511.0999755859375,1530.300048828125,1530.300048828125,13692989
2025-11-11,ITC.NS,406.0,408.04998779296875,404.6000061035156,406.8500061035156,398.4984130859375,12005318
2025-11-11,JSWSTEEL.NS,1187.0,1206.699951171875,1166.0999755859375,1191.5,1191.5,1588730
2025-11-11,KOTAKBANK.NS,420.0,420.6000061035156,414.9800109863281,417.3800048828125,417.3800048828125,10814210
2025-11-11,LT.NS,3929.0,3966.800048828125,3897.0,3955.0,3955.0,1775462
2025-11-11,M&M.NS,3699.89990234375,3759.0,3670.0,3749.10009765625,3749.10009765625,3044040
2025-11-11,MARUTI.NS,15640.0,15680.0,15512.0,15645.0,15645.0,181524
2025-11-11,NESTLEIND.NS,1268.0,1270.199951171875,1255.0,1268.0999755859375,1261.2901611328125,729912
2025-11-11,NTPC.NS,325.95001220703125,327.45001220703125,322.8500061035156,326.6499938964844,324.20233154296875,6103758
2025-11-11,POWERGRID.NS,268.25,269.1499938964844,264.6499938964844,267.6499938964844,264.67864990234375,11154806
2025-11-11,RELIANCE.NS,1497.0,1498.800048828125,1480.199951171875,1493.4000244140625,1493.4000244140625,7127506
2025-11-11,SBIN.NS,953.5999755859375,954.9500122070312,945.0499877929688,953.2999877929688,953.2999877929688,8648917
2025-11-11,SUNPHARMA.NS,1701.5999755859375,1719.0,1695.0,1716.0999755859375,1705.0245361328125,1315353
2025-11-11,TCS.NS,3045.0,3055.699951171875,3018.0,3047.0,2992.597900390625,2806868
2025-11-11,TECHM.NS,1405.0,1410.4000244140625,1392.199951171875,1408.0,1408.0,2488036
2025-11-11,TITAN.NS,3810.5,3820.0,3752.10009765625,3812.39990234375,3812.39990234375,668789
2025-11-11,ULTRACEMCO.NS,11750.0,11849.0,11720.0,11825.0,11825.0,125847
2025-11-11,WIPRO.NS,241.10000610351562,242.0500030517578,238.80999755859375,241.69000244140625,235.60720825195312,8831094
2025-11-12,ADANIPORTS.NS,1477.0,1515.0,1475.5,1506.9000244140625,1506.9000244140625,4641466
2025-11-12,ASIANPAINT.NS,2660.0,2838.699951171875,2642.10009765625,2769.800048828125,2765.484130859375,2859196
2025-11-12,AXISBANK.NS,1227.9000244140625,1232.699951171875,1216.5,1221.5999755859375,1221.5999755859375,6782513
2025-11-12,BAJFINANCE.NS,1011.0,1018.4000244140625,1008.7999877929688,1013.2000122070312,1013.2000122070312,11131278
2025-11-12,BHARTIARTL.NS,2060.0,2079.800048828125,2054.89990234375,2073.800048828125,2073.800048828125,8210277
2025-11-12,GRASIM.NS,2788.39990234375,2793.699951171875,2755.0,2767.39990234375,2767.39990234375,531304
2025-11-12,HCLTECH.NS,1575.0,1600.0,1573.5,1594.0,1582.535888671875,2331564
2025-11-12,HDFCBANK.NS,998.7999877929688,999.0,987.7000122070312,989.5,989.5,13137263
2025-11-12,HINDUNILVR.NS,2430.60009765625,2434.800048828125,2416.199951171875,2424.5,2424.5,1680827
2025-11-12,ICICIBANK.NS,1370.0,1370.0,1355.4000244140625,1358.9000244140625,1358.9000244140625,9736761
2025-11-12,INDUSINDBK.NS,830.0499877929688,873.0,827.0,864.4000244140625,864.4000244140625,11714519
2025-11-12,INFY.NS,1540.0,1559.199951171875,1538.0999755859375,1551.699951171875,1551.699951171875,14635417
2025-11-12,ITC.NS,408.0,408.1000061035156,405.54998779296875,407.0,398.64532470703125,7987236
2025-11-12,JSWSTEEL.NS,1192.0,1194.9000244140625,1178.0,1181.800048828125,1181.800048828125,976290
2025-11-12,KOTAKBANK.NS,420.0199890136719,420.0199890136719,416.0,416.8999938964844,416.8999938964844,9035425
2025-11-12,LT.NS,3970.0,3973.800048828125,3936.89990234375,3954.60009765625,3954.60009765625,981350
2025-11-12,M&M.NS,3761.0,3781.0,3740.0,3754.300048828125,3754.300048828125,1984901
2025-11-12,MARUTI.NS,15674.0,15731.0,15555.0,15696.0,15696.0,244015
2025-11-12,NESTLEIND.NS,1270.0,1286.9000244140625,1261.5999755859375,1278.199951171875,1271.3358154296875,824792
2025-11-12,NTPC.NS,327.5,328.25,325.54998779296875,327.1499938964844,324.6986083984375,6850550
2025-11-12,POWERGRID.NS,269.0,270.25,266.5,267.1000061035156,264.134765625,16444701
2025-11-12,RELIANCE.NS,1505.0,1524.699951171875,1500.0,1511.5,1511.5,12384459
2025-11-12,SBIN.NS,957.7000122070312,961.5499877929688,951.4000244140625,957.1500244140625,957.1500244140625,7043323
2025-11-12,SUNPHARMA.NS,1721.4000244140625,1744.0999755859375,1710.199951171875,1732.0999755859375,1720.9212646484375,1833097
2025-11-12,TCS.NS,3060.0,3136.39990234375,3057.10009765625,3131.800048828125,3075.8837890625,4460315
2025-11-12,TECHM.NS,1415.0,1460.199951171875,1414.0,1456.0999755859375,1456.0999755859375,2958869
2025-11-12,TITAN.NS,3838.0,3877.0,3804.199951171875,3851.10009765625,3851.10009765625,805025
2025-11-12,ULTRACEMCO.NS,11861.0,11949.0,11831.0,11921.0,11921.0,184542
2025-11-12,WIPRO.NS,242.75,246.3000030517578,242.10000610351562,245.22000122070312,239.04835510253906,13152546
2025-11-13,ADANIPORTS.NS,1515.0,1515.0,1487.800048828125,1499.0,1499.0,2304918
2025-11-13,ASIANPAINT.NS,2858.89990234375,2897.10009765625,2840.0,2879.39990234375,2874.9130859375,5933630
2025-11-13,AXISBANK.NS,1219.0,1234.800048828125,1213.199951171875,1225.199951171875,1225.199951171875,3345231
2025-11-13,BAJFINANCE.NS,1012.5,1019.4000244140625,1003.5,1005.4000244140625,1005.4000244140625,8503994
2025-11-13,BHARTIARTL.NS,2099.89990234375,2107.0,2079.0,2091.800048828125,2091.800048828125,5958875
2025-11-13,GRASIM.NS,2766.60009765625,2785.0,2746.199951171875,2777.800048828125,2777.800048828125,687031
2025-11-13,HCLTECH.NS,1599.4000244140625,1605.0,1580.0,1598.5,1587.00341796875,1944022
2025-11-13,HDFCBANK.NS,984.0,990.0999755859375,982.5999755859375,986.6500244140625,986.6500244140625,14124839
2025-11-13,HINDUNILVR.NS,2429.0,2431.0,2405.0,2407.60009765625,2407.60009765625,1256059
2025-11-13,ICICIBANK.NS,1358.9000244140625,1390.4000244140625,1358.5,1385.9000244140625,1385.9000244140625,18296626
2025-11-13,INDUSINDBK.NS,862.0,892.3499755859375,859.0499877929688,863.4500122070312,863.4500122070312,9325204
2025-11-13,INFY.NS,1557.0999755859375,1557.5,1530.300048828125,1541.800048828125,1541.800048828125,19655689
2025-11-13,ITC.NS,407.0,407.5,404.5,405.70001220703125,397.3720397949219,6617185
2025-11-13,JSWSTEEL.NS,1191.699951171875,1200.4000244140625,1178.0999755859375,1183.9000244140625,1183.9000244140625,1427189
2025-11-13,KOTAKBANK.NS,417.8999938964844,417.8999938964844,412.9200134277344,415.0400085449219,415.0400085449219,10711530
2025-11-13,LT.NS,3954.60009765625,4022.89990234375,3925.60009765625,4002.5,4002.5,1834962
2025-11-13,M&M.NS,3748.199951171875,3754.10009765625,3690.199951171875,3699.5,3699.5,1599079
2025-11-13,MARUTI.NS,15661.0,15800.0,15660.0,15749.0,15749.0,250711
2025-11-13,NESTLEIND.NS,1280.0,1289.300048828125,1270.300048828125,1275.199951171875,1268.3519287109375,691337
2025-11-13,NTPC.NS,327.1499938964844,329.95001220703125,325.54998779296875,326.95001220703125,324.5001220703125,7276001
2025-11-13,POWERGRID.NS,267.1000061035156,270.45001220703125,265.6499938964844,269.8500061035156,266.854248046875,12573141
2025-11-13,RELIANCE.NS,1515.0,1522.0999755859375,1506.800048828125,1510.9000244140625,1510.9000244140625,7196443
2025-11-13,SBIN.NS,954.25,963.9500122070312,952.4500122070312,954.0,954.0,8894441
2025-11-13,SUNPHARMA.NS,1734.5,1747.800048828125,1725.4000244140625,1737.4000244140625,1726.18701171875,1727602
2025-11-13,TCS.NS,3131.800048828125,3131.89990234375,3102.0,3105.699951171875,3050.249755859375,1740435
2025-11-13,TECHM.NS,1463.0,1463.800048828125,1442.300048828125,1451.4000244140625,1451.4000244140625,1178211
2025-11-13,TITAN.NS,3860.0,3867.89990234375,3817.0,3839.199951171875,3839.199951171875,668623
2025-11-13,ULTRACEMCO.NS,11921.0,12016.0,11907.0,11934.0,11934.0,174415
2025-11-13,WIPRO.NS,246.0,246.0,244.0,245.3300018310547,239.1555938720703,6211124
2025-11-14,ADANIPORTS.NS,1500.0,1523.5999755859375,1497.0,1512.699951171875,1512.699951171875,2345593
2025-11-14,ASIANPAINT.NS,2865.10009765625,2909.89990234375,2862.0,2906.39990234375,2901.87109375,2494076
2025-11-14,AXISBANK.NS,1224.0,1246.0,1222.0,1241.5999755859375,1241.5999755859375,5197740
2025-11-14,BAJFINANCE.NS,1004.9000244140625,1019.9000244140625,1002.5999755859375,1018.5,1018.5,4381122
2025-11-14,BHARTIARTL.NS,2090.0,2107.89990234375,2081.89990234375,2100.699951171875,2100.699951171875,6312655
2025-11-14,GRASIM.NS,2777.199951171875,2790.0,2761.0,2783.39990234375,2783.39990234375,510972
2025-11-14,HCLTECH.NS,1590.0,1598.0,1574.0999755859375,1594.5999755859375,1583.1314697265625,2543918
2025-11-14,HDFCBANK.NS,976.0499877929688,991.6500244140625,976.0499877929688,989.5999755859375,989.5999755859375,21386965
2025-11-14,HINDUNILVR.NS,2405.10009765625,2430.199951171875,2392.0,2427.699951171875,2427.699951171875,975973
2025-11-14,ICICIBANK.NS,1374.0,1381.199951171875,1363.199951171875,1373.0,1373.0,9694498
2025-11-14,INDUSINDBK.NS,864.0,872.0,845.8499755859375,848.25,848.25,4460991
2025-11-14,INFY.NS,1520.0,1530.0,1488.800048828125,1502.800048828125,1502.800048828125,9739549
2025-11-14,ITC.NS,404.70001220703125,408.75,400.1000061035156,408.1499938964844,399.771728515625,64020258
2025-11-14,JSWSTEEL.NS,1182.0999755859375,1182.9000244140625,1159.0,1167.800048828125,1167.800048828125,1059030
2025-11-14,KOTAKBANK.NS,413.20001220703125,417.1000061035156,412.6000061035156,415.94000244140625,415.94000244140625,12202755
2025-11-14,LT.NS,4002.0,4011.5,3971.60009765625,4004.39990234375,4004.39990234375,1916910
2025-11-14,M&M.NS,3700.0,3716.800048828125,3660.5,3698.60009765625,3698.60009765625,1847028
2025-11-14,MARUTI.NS,15725.0,15735.0,15572.0,15684.0,15684.0,253698
2025-11-14,NESTLEIND.NS,1275.199951171875,1279.0,1262.4000244140625,1271.5999755859375,1264.7713623046875,675047
2025-11-14,NTPC.NS,327.0,329.8999938964844,326.20001220703125,328.45001220703125,325.9888610839844,9169855
2025-11-14,POWERGRID.NS,270.3500061035156,272.29998779296875,269.5,271.29998779296875,268.2881164550781,10308317
2025-11-14,RELIANCE.NS,1505.5,1520.9000244140625,1505.5,1518.9000244140625,1518.9000244140625,7682823
2025-11-14,SBIN.NS,952.9500122070312,969.0499877929688,952.0,967.8499755859375,967.8499755859375,11032927
2025-11-14,SUNPHARMA.NS,1737.4000244140625,1760.0999755859375,1734.699951171875,1757.0999755859375,1745.7598876953125,1667322
2025-11-14,TCS.NS,3090.0,3113.10009765625,3077.300048828125,3106.0,3050.54443359375,2210794
2025-11-14,TECHM.NS,1444.199951171875,1445.800048828125,1422.9000244140625,1439.199951171875,1439.199951171875,1220596
2025-11-14,TITAN.NS,3839.199951171875,3854.699951171875,3800.0,3829.199951171875,3829.199951171875,575050
2025-11-14,ULTRACEMCO.NS,11941.0,11941.0,11786.0,11874.0,11874.0,161315
2025-11-14,WIPRO.NS,243.9199981689453,245.89999389648438,242.14999389648438,244.3699951171875,238.21974182128906,6841554
2025-11-17,ADANIPORTS.NS,1518.9000244140625,1519.0,1503.0,1507.5999755859375,1507.5999755859375,1750560
2025-11-17,ASIANPAINT.NS,2906.39990234375,2926.89990234375,2880.0,2887.89990234375,2883.39990234375,1230683
2025-11-17,AXISBANK.NS,1243.9000244140625,1261.0,1240.4000244140625,1249.5999755859375,1249.5999755859375,4088026
2025-11-17,BAJFINANCE.NS,1021.0,1033.0,1017.0,1026.800048828125,1026.800048828125,6011603
2025-11-17,BHARTIARTL.NS,2112.0,2122.0,2100.89990234375,2112.199951171875,2112.199951171875,5998770
2025-11-17,GRASIM.NS,2790.0,2799.0,2771.10009765625,2790.300048828125,2790.300048828125,459047
2025-11-17,HCLTECH.NS,1594.0,1607.699951171875,1585.5,1606.4000244140625,1594.8466796875,2000978
2025-11-17,HDFCBANK.NS,991.25,997.9500122070312,985.5999755859375,996.5499877929688,996.5499877929688,18396408
2025-11-17,HINDUNILVR.NS,2431.39990234375,2438.39990234375,2416.0,2425.0,2425.0,920038
2025-11-17,ICICIBANK.NS,1375.0999755859375,1382.5,1373.5999755859375,1379.0,1379.0,7660717
2025-11-17,INDUSINDBK.NS,852.0,861.75,838.5,854.0499877929688,854.0499877929688,4019335
2025-11-17,INFY.NS,1496.0,1510.199951171875,1492.5,1507.5999755859375,1507.5999755859375,7910354
2025-11-17,ITC.NS,409.75,412.0,406.0,407.1000061035156,398.7432861328125,7855399
2025-11-17,JSWSTEEL.NS,1173.9000244140625,1178.0,1165.4000244140625,1175.5,1175.5,1102752
2025-11-17,KOTAKBANK.NS,419.0,423.9800109863281,418.4800109863281,420.5799865722656,420.5799865722656,25151640
2025-11-17,LT.NS,4004.39990234375,4030.0,4000.10009765625,4027.699951171875,4027.699951171875,1206133
2025-11-17,M&M.NS,3710.0,3754.5,3682.300048828125,3734.89990234375,3734.89990234375,2094008
2025-11-17,MARUTI.NS,15689.0,15892.0,15655.0,15878.0,15878.0,301069
2025-11-17,NESTLEIND.NS,1272.0,1278.0,1264.0999755859375,1270.300048828125,1263.4783935546875,774802
2025-11-17,NTPC.NS,329.0,331.45001220703125,328.54998779296875,330.20001220703125,327.72576904296875,6283156
2025-11-17,POWERGRID.NS,272.1000061035156,273.95001220703125,270.0,273.54998779296875,270.5131530761719,9884392
2025-11-17,RELIANCE.NS,1520.9000244140625,1523.699951171875,1511.5,1518.300048828125,1518.300048828125,5871416
2025-11-17,SBIN.NS,971.0,976.0,968.5,973.3499755859375,973.3499755859375,7415026
2025-11-17,SUNPHARMA.NS,1765.800048828125,1768.0,1747.699951171875,1763.9000244140625,1752.5159912109375,1430618
2025-11-17,TCS.NS,3106.0,3123.5,3086.60009765625,3102.199951171875,3046.812255859375,2232853
2025-11-17,TECHM.NS,1440.0,1455.9000244140625,1438.300048828125,1452.800048828125,1452.800048828125,999416
2025-11-17,TITAN.NS,3848.0,3874.300048828125,3821.5,3868.60009765625,3868.60009765625,504928
2025-11-17,ULTRACEMCO.NS,11810.0,11855.0,11745.0,11778.0,11778.0,194379
2025-11-17,WIPRO.NS,243.97000122070312,244.77999877929688,242.69000244140625,244.0500030517578,237.90780639648438,6559062
2025-11-18,ADANIPORTS.NS,1518.9000244140625,1518.9000244140625,1490.199951171875,1495.0,1495.0,1818617
2025-11-18,ASIANPAINT.NS,2886.0,2916.0,2862.10009765625,2906.0,2906.0,1819066
2025-11-18,AXISBANK.NS,1250.0,1273.5,1247.5999755859375,1265.4000244140625,1265.4000244140625,10175969
2025-11-18,BAJFINANCE.NS,1021.2000122070312,1024.0999755859375,1011.7000122070312,1013.5999755859375,1013.5999755859375,4562185
2025-11-18,BHARTIARTL.NS,2122.0,2159.0,2110.300048828125,2149.199951171875,2149.199951171875,10972556
2025-11-18,GRASIM.NS,2788.0,2790.300048828125,2750.0,2762.0,2762.0,437943
2025-11-18,HCLTECH.NS,1604.0,1604.0,1590.0999755859375,1595.199951171875,1583.7271728515625,1640123
2025-11-18,HDFCBANK.NS,997.6500244140625,999.0,990.0,992.4500122070312,992.4500122070312,20002640
2025-11-18,HINDUNILVR.NS,2415.800048828125,2422.89990234375,2401.89990234375,2404.0,2404.0,1229034
2025-11-18,ICICIBANK.NS,1380.199951171875,1382.800048828125,1369.0999755859375,1373.4000244140625,1373.4000244140625,9529560
2025-11-18,INDUSINDBK.NS,854.0499877929688,858.5,845.0499877929688,847.9500122070312,847.9500122070312,1958051
2025-11-18,INFY.NS,1506.0,1506.0,1483.199951171875,1486.4000244140625,1486.4000244140625,7525119
2025-11-18,ITC.NS,408.25,409.79998779296875,404.54998779296875,405.8500061035156,397.5189514160156,7661681
2025-11-18,JSWSTEEL.NS,1179.9000244140625,1179.9000244140625,1152.9000244140625,1163.0,1163.0,1912105
2025-11-18,KOTAKBANK.NS,418.1199951171875,421.3999938964844,416.0,418.6199951171875,418.6199951171875,10300340
2025-11-18,LT.NS,4020.0,4026.800048828125,3978.89990234375,3999.60009765625,3999.60009765625,1748928
2025-11-18,M&M.NS,3718.5,3732.699951171875,3688.0,3694.800048828125,3694.800048828125,2613743
2025-11-18,MARUTI.NS,15878.0,15999.0,15750.0,15930.0,15930.0,392903
2025-11-18,NESTLEIND.NS,1262.0999755859375,1269.9000244140625,1252.5999755859375,1265.0999755859375,1258.30615234375,810387
2025-11-18,NTPC.NS,329.04998779296875,329.75,327.1499938964844,328.45001220703125,325.9888610839844,6776200
2025-11-18,POWERGRID.NS,274.0,276.79998779296875,272.29998779296875,274.20001220703125,271.15594482421875,16434280
2025-11-18,RELIANCE.NS,1521.699951171875,1527.800048828125,1510.5,1519.4000244140625,1519.4000244140625,11045042
2025-11-18,SBIN.NS,975.5999755859375,976.7000122070312,968.8499755859375,972.4500122070312,972.4500122070312,6594686
2025-11-18,SUNPHARMA.NS,1764.0,1764.5,1750.0,1758.800048828125,1747.448974609375,1429522
2025-11-18,TCS.NS,3102.0,3105.0,3078.0,3087.10009765625,3031.98193359375,2548350
2025-11-18,TECHM.NS,1444.0,1451.0999755859375,1419.5,1422.0,1422.0,1553597
2025-11-18,TITAN.NS,3865.0,3900.0,3841.60009765625,3879.199951171875,3879.199951171875,849966
2025-11-18,ULTRACEMCO.NS,11888.0,11888.0,11688.0,11707.0,11707.0,318116
2025-11-18,WIPRO.NS,242.92999267578125,244.0,240.3000030517578,240.89999389648438,234.8370819091797,4730012
2025-11-19,ADANIPORTS.NS,1499.0,1499.5,1478.0,1484.199951171875,1484.199951171875,1746304
2025-11-19,ASIANPAINT.NS,2914.0,2916.0,2887.199951171875,2893.699951171875,2893.699951171875,1387906
2025-11-19,AXISBANK.NS,1268.0,1273.0,1257.800048828125,1270.4000244140625,1270.4000244140625,4101288
2025-11-19,BAJFINANCE.NS,1009.0,1016.0999755859375,1004.5999755859375,1005.5999755859375,1005.5999755859375,5158832
2025-11-19,BHARTIARTL.NS,2155.0,2166.199951171875,2146.699951171875,2159.800048828125,2159.800048828125,7419461
2025-11-19,GRASIM.NS,2770.0,2774.0,2739.10009765625,2744.699951171875,2744.699951171875,468941
2025-11-19,HCLTECH.NS,1595.300048828125,1669.5,1588.5999755859375,1662.5999755859375,1650.6424560546875,6342672
2025-11-19,HDFCBANK.NS,990.0,996.5499877929688,984.0,994.5999755859375,994.5999755859375,19813847
2025-11-19,HINDUNILVR.NS,2412.0,2450.699951171875,2411.0,2441.60009765625,2441.60009765625,1465143
2025-11-19,ICICIBANK.NS,1373.5,1384.0,1371.5999755859375,1383.0999755859375,1383.0999755859375,10393918
2025-11-19,INDUSINDBK.NS,850.0,850.2999877929688,836.2999877929688,839.5999755859375,839.5999755859375,2317710
2025-11-19,INFY.NS,1490.5,1543.0,1490.5,1541.0999755859375,1541.0999755859375,10981126
2025-11-19,ITC.NS,404.8500061035156,405.54998779296875,402.79998779296875,403.54998779296875,395.2661437988281,7882450
2025-11-19,JSWSTEEL.NS,1167.5,1170.9000244140625,1157.5999755859375,1164.9000244140625,1164.9000244140625,522344
2025-11-19,KOTAKBANK.NS,419.8999938964844,422.0,417.8999938964844,421.17999267578125,421.17999267578125,12464500
2025-11-19,LT.NS,4007.0,4026.5,3980.300048828125,4019.60009765625,4019.60009765625,923032
2025-11-19,M&M.NS,3695.0,3746.5,3667.800048828125,3722.5,3722.5,1626043
2025-11-19,MARUTI.NS,15950.0,15950.0,15715.0,15768.0,15768.0,286434
2025-11-19,NESTLEIND.NS,1267.9000244140625,1280.0,1263.0,1279.0,1272.131591796875,726287
2025-11-19,NTPC.NS,328.95001220703125,328.95001220703125,325.04998779296875,326.6000061035156,324.1527404785156,6935056
2025-11-19,POWERGRID.NS,275.95001220703125,276.0,272.5,275.1499938964844,272.09539794921875,15765235
2025-11-19,RELIANCE.NS,1517.4000244140625,1522.300048828125,1512.0,1518.9000244140625,1518.9000244140625,5692366
2025-11-19,SBIN.NS,972.4500122070312,984.4500122070312,968.7999877929688,982.75,982.75,8291226
2025-11-19,SUNPHARMA.NS,1762.0,1790.300048828125,1751.0999755859375,1784.0999755859375,1772.5855712890625,2131124
2025-11-19,TCS.NS,3097.0,3155.0,3083.5,3147.699951171875,3091.499755859375,3151053
2025-11-19,TECHM.NS,1427.5,1443.5,1417.800048828125,1433.9000244140625,1433.9000244140625,5777445
2025-11-19,TITAN.NS,3882.89990234375,3940.5,3862.39990234375,3933.10009765625,3933.10009765625,1578123
2025-11-19,ULTRACEMCO.NS,11707.0,11754.0,11638.0,11666.0,11666.0,271396
2025-11-19,WIPRO.NS,241.1999969482422,246.85000610351562,240.5399932861328,246.07000732421875,239.87696838378906,13298452
2025-11-20,ADANIPORTS.NS,1500.0,1505.0,1487.5999755859375,1491.0999755859375,1491.0999755859375,1459401
2025-11-20,ASIANPAINT.NS,2897.39990234375,2906.10009765625,2852.5,2859.800048828125,2859.800048828125,1062883
2025-11-20,AXISBANK.NS,1275.0,1287.300048828125,1262.5999755859375,1285.199951171875,1285.199951171875,4617594
2025-11-20,BAJFINANCE.NS,1015.0,1031.699951171875,1007.2999877929688,1028.5999755859375,1028.5999755859375,5459073
2025-11-20,BHARTIARTL.NS,2153.10009765625,2169.300048828125,2149.89990234375,2158.300048828125,2158.300048828125,7452899
2025-11-20,GRASIM.NS,2760.0,2764.300048828125,2745.0,2748.60009765625,2748.60009765625,519341
2025-11-20,HCLTECH.NS,1662.5999755859375,1668.4000244140625,1642.5999755859375,1645.4000244140625,1633.566162109375,2724035
2025-11-20,HDFCBANK.NS,995.2999877929688,1011.5999755859375,992.4500122070312,1008.8499755859375,1008.8499755859375,19850865
2025-11-20,HINDUNILVR.NS,2445.10009765625,2459.0,2425.0,2428.39990234375,2428.39990234375,1396929
2025-11-20,ICICIBANK.NS,1380.0999755859375,1388.300048828125,1375.4000244140625,1383.0,1383.0,10131863
2025-11-20,INDUSINDBK.NS,844.0,844.0,827.5,829.4000244140625,829.4000244140625,5136903
2025-11-20,INFY.NS,1555.0,1555.0,1534.0,1536.5,1536.5,7387584
2025-11-20,ITC.NS,403.54998779296875,407.0,403.25,405.45001220703125,397.1271667480469,6693410
2025-11-20,JSWSTEEL.NS,1170.5999755859375,1174.9000244140625,1161.0,1170.0,1170.0,908758
2025-11-20,KOTAKBANK.NS,422.9599914550781,422.9599914550781,418.6400146484375,419.739990234375,419.739990234375,36702845
2025-11-20,LT.NS,4035.0,4048.0,4007.699951171875,4037.39990234375,4037.39990234375,1463574
2025-11-20,M&M.NS,3744.800048828125,3759.0,3711.10009765625,3716.699951171875,3716.699951171875,1815617
2025-11-20,MARUTI.NS,15810.0,15823.0,15618.0,15801.0,15801.0,249492
2025-11-20,NESTLEIND.NS,1288.0,1288.5999755859375,1275.199951171875,1279.199951171875,1272.3304443359375,796864
2025-11-20,NTPC.NS,328.0,330.0,326.20001220703125,326.6000061035156,324.1527404785156,5155775
2025-11-20,POWERGRID.NS,275.25,279.04998779296875,274.5,277.20001220703125,274.1226501464844,15337345
2025-11-20,RELIANCE.NS,1530.0,1550.9000244140625,1526.699951171875,1549.0999755859375,1549.0999755859375,18171724
2025-11-20,SBIN.NS,986.0,986.5999755859375,979.3499755859375,981.5499877929688,981.5499877929688,6440857
2025-11-20,SUNPHARMA.NS,1790.0,1792.0,1773.0999755859375,1777.4000244140625,1765.928955078125,1513894
2025-11-20,TCS.NS,3148.0,3164.5,3138.10009765625,3144.800048828125,3088.65185546875,2700767
2025-11-20,TECHM.NS,1445.300048828125,1464.699951171875,1430.699951171875,1456.0,1456.0,2818268
2025-11-20,TITAN.NS,3950.0,3956.0,3895.0,3902.39990234375,3902.39990234375,762391
2025-11-20,ULTRACEMCO.NS,11720.0,11773.0,11661.0,11753.0,11753.0,185397
2025-11-20,WIPRO.NS,247.5,247.8000030517578,245.7100067138672,246.25999450683594,240.0621795654297,6705862
2025-11-21,ADANIPORTS.NS,1492.0,1492.300048828125,1467.0999755859375,1479.800048828125,1479.800048828125,1165365
2025-11-21,ASIANPAINT.NS,2869.0,2895.60009765625,2854.10009765625,2876.60009765625,2876.60009765625,857340
2025-11-21,AXISBANK.NS,1284.0,1284.5,1273.0,1275.800048828125,1275.800048828125,6363593
2025-11-21,BAJFINANCE.NS,1020.0,1027.5999755859375,1001.5,1004.0999755859375,1004.0999755859375,6304584
2025-11-21,BHARTIARTL.NS,2150.10009765625,2174.5,2148.60009765625,2162.699951171875,2162.699951171875,6720938
2025-11-21,GRASIM.NS,2750.0,2756.89990234375,2723.0,2734.800048828125,2734.800048828125,471626
2025-11-21,HCLTECH.NS,1636.0,1643.5,1606.0,1608.0,1596.4351806640625,2958835
2025-11-21,HDFCBANK.NS,1003.0999755859375,1008.2999877929688,996.5499877929688,998.0499877929688,998.0499877929688,17499897
2025-11-21,HINDUNILVR.NS,2436.199951171875,2443.199951171875,2413.0,2433.699951171875,2433.699951171875,1840712
2025-11-21,ICICIBANK.NS,1373.0,1376.0,1364.5999755859375,1369.5,1369.5,11483595
2025-11-21,INDUSINDBK.NS,832.2000122070312,856.7999877929688,830.5499877929688,846.5499877929688,846.5499877929688,7304707
2025-11-21,INFY.NS,1531.0,1551.5,1526.300048828125,1545.0,1545.0,9186302
2025-11-21,ITC.NS,405.0,408.5,404.70001220703125,407.8500061035156,399.4779052734375,5808131
2025-11-21,JSWSTEEL.NS,1166.0,1166.9000244140625,1133.0999755859375,1140.300048828125,1140.300048828125,1045627
2025-11-21,KOTAKBANK.NS,420.0,422.29998779296875,415.70001220703125,417.55999755859375,417.55999755859375,39194210
2025-11-21,LT.NS,4026.0,4057.0,4015.199951171875,4024.89990234375,4024.89990234375,1241149
2025-11-21,M&M.NS,3730.0,3779.0,3726.0,3749.60009765625,3749.60009765625,3184145
2025-11-21,MARUTI.NS,15790.0,16150.0,15737.0,15977.0,15977.0,586351
2025-11-21,NESTLEIND.NS,1275.0,1288.9000244140625,1273.0,1280.699951171875,1273.8223876953125,673231
2025-11-21,NTPC.NS,326.8500061035156,328.3999938964844,325.0,326.6499938964844,324.20233154296875,6142545
2025-11-21,POWERGRID.NS,277.20001220703125,279.0,275.3999938964844,277.6000061035156,274.5181884765625,12941485
2025-11-21,RELIANCE.NS,1541.0,1557.800048828125,1540.0999755859375,1546.5999755859375,1546.5999755859375,9615271
2025-11-21,SBIN.NS,979.7000122070312,980.5999755859375,971.0499877929688,972.5999755859375,972.5999755859375,5377241
2025-11-21,SUNPHARMA.NS,1778.0,1787.4000244140625,1773.699951171875,1779.699951171875,1768.2139892578125,2199311
2025-11-21,TCS.NS,3144.800048828125,3170.0,3135.199951171875,3150.60009765625,3094.34814453125,4177037
2025-11-21,TECHM.NS,1455.0,1469.0,1440.0,1461.5,1461.5,2615232
2025-11-21,TITAN.NS,3901.0,3925.0,3882.10009765625,3904.199951171875,3904.199951171875,383311
2025-11-21,ULTRACEMCO.NS,11758.0,11788.0,11691.0,11729.0,11729.0,192051
2025-11-21,WIPRO.NS,245.0,247.25,243.61000061035156,244.49000549316406,238.3367462158203,5516450
2025-11-24,ADANIPORTS.NS,1482.0,1490.199951171875,1471.300048828125,1485.9000244140625,1485.9000244140625,2485518
2025-11-24,ASIANPAINT.NS,2876.0,2896.5,2864.5,2879.199951171875,2879.199951171875,5404326
2025-11-24,AXISBANK.NS,1279.199951171875,1290.9000244140625,1266.5999755859375,1269.0,1269.0,10491953
2025-11-24,BAJFINANCE.NS,1005.0,1009.2999877929688,990.0,994.0,994.0,9574900
2025-11-24,BHARTIARTL.NS,2162.10009765625,2165.800048828125,2140.39990234375,2152.10009765625,2152.10009765625,9686848
2025-11-24,GRASIM.NS,2734.89990234375,2740.300048828125,2679.39990234375,2688.699951171875,2688.699951171875,917195
2025-11-24,HCLTECH.NS,1614.300048828125,1640.0,1602.9000244140625,1610.4000244140625,1598.81787109375,6392688
2025-11-24,HDFCBANK.NS,1000.0,1011.4500122070312,993.5999755859375,999.1500244140625,999.1500244140625,32204053
2025-11-24,HINDUNILVR.NS,2441.89990234375,2444.89990234375,2413.0,2424.199951171875,2424.199951171875,4092327
2025-11-24,ICICIBANK.NS,1373.300048828125,1377.0,1361.5,1368.4000244140625,1368.4000244140625,15896003
2025-11-24,INDUSINDBK.NS,847.0999755859375,857.5,832.5499877929688,836.0499877929688,836.0499877929688,5082933
2025-11-24,INFY.NS,1563.5999755859375,1585.0,1541.0,1548.0,1548.0,19270381
2025-11-24,ITC.NS,408.3999938964844,408.79998779296875,402.8500061035156,403.54998779296875,395.2661437988281,11037491
2025-11-24,JSWSTEEL.NS,1142.0,1145.0,1104.300048828125,1106.0,1106.0,2209717
2025-11-24,KOTAKBANK.NS,419.0,420.79998779296875,415.4800109863281,417.4599914550781,417.4599914550781,24922845
2025-11-24,LT.NS,4025.0,4038.0,4003.699951171875,4013.300048828125,4013.300048828125,1584741
2025-11-24,M&M.NS,3745.10009765625,3749.5,3677.199951171875,3690.800048828125,3690.800048828125,4059935
2025-11-24,MARUTI.NS,16005.0,16085.0,15911.0,15958.0,15958.0,525788
2025-11-24,NESTLEIND.NS,1285.0,1285.800048828125,1259.5,1269.199951171875,1262.3841552734375,2636542
2025-11-24,NTPC.NS,326.70001220703125,327.1000061035156,322.04998779296875,323.45001220703125,321.0263366699219,13719726
2025-11-24,POWERGRID.NS,278.0,279.04998779296875,272.5,275.79998779296875,272.7381591796875,49791096
2025-11-24,RELIANCE.NS,1550.0,1550.0,1531.800048828125,1535.9000244140625,1535.9000244140625,18433951
2025-11-24,SBIN.NS,975.5499877929688,977.7000122070312,968.0499877929688,970.5999755859375,970.5999755859375,9901946
2025-11-24,SUNPHARMA.NS,1785.9000244140625,1785.9000244140625,1771.800048828125,1780.800048828125,1769.3070068359375,3434492
2025-11-24,TCS.NS,3158.0,3178.89990234375,3131.0,3141.199951171875,3085.115966796875,6703764
2025-11-24,TECHM.NS,1470.0,1513.800048828125,1461.800048828125,1494.699951171875,1494.699951171875,6808658
2025-11-24,TITAN.NS,3915.5,3937.199951171875,3865.0,3874.300048828125,3874.300048828125,1258036
2025-11-24,ULTRACEMCO.NS,11738.0,11738.0,11561.0,11584.0,11584.0,407297
2025-11-24,WIPRO.NS,245.02000427246094,249.3800048828125,245.02000427246094,247.27000427246094,241.04676818847656,19711070
2025-11-25,ADANIPORTS.NS,1490.0,1492.4000244140625,1474.5,1483.9000244140625,1483.9000244140625,1355333
2025-11-25,ASIANPAINT.NS,2899.89990234375,2908.5,2869.0,2875.800048828125,2875.800048828125,972417
2025-11-25,AXISBANK.NS,1269.0999755859375,1276.699951171875,1263.699951171875,1266.300048828125,1266.300048828125,5290156
2025-11-25,BAJFINANCE.NS,995.0,996.9000244140625,984.5,986.2000122070312,986.2000122070312,6376983
2025-11-25,BHARTIARTL.NS,2159.0,2170.699951171875,2138.699951171875,2161.60009765625,2161.60009765625,7102592
2025-11-25,GRASIM.NS,2688.10009765625,2712.0,2680.0,2686.800048828125,2686.800048828125,558631
2025-11-25,HCLTECH.NS,1618.300048828125,1618.9000244140625,1592.5999755859375,1601.0999755859375,1589.584716796875,2285950
2025-11-25,HDFCBANK.NS,1004.0,1006.0999755859375,988.4000244140625,989.7999877929688,989.7999877929688,24989383
2025-11-25,HINDUNILVR.NS,2422.0,2424.199951171875,2406.0,2414.10009765625,2414.10009765625,1240672
2025-11-25,ICICIBANK.NS,1365.0,1376.9000244140625,1354.300048828125,1357.800048828125,1357.800048828125,12235000
2025-11-25,INDUSINDBK.NS,836.0499877929688,844.9000244140625,829.0499877929688,839.9000244140625,839.9000244140625,3021941
2025-11-25,INFY.NS,1549.0,1550.5999755859375,1525.9000244140625,1530.5999755859375,1530.5999755859375,8107952
2025-11-25,ITC.NS,403.54998779296875,404.5,400.1000061035156,400.79998779296875,392.5726013183594,8199785
2025-11-25,JSWSTEEL.NS,1107.300048828125,1123.9000244140625,1107.300048828125,1112.0,1112.0,1394051
2025-11-25,KOTAKBANK.NS,418.8599853515625,418.8599853515625,413.3399963378906,413.9800109863281,413.9800109863281,15164895
2025-11-25,LT.NS,4013.0,4055.5,3981.60009765625,3996.699951171875,3996.699951171875,1749083
2025-11-25,M&M.NS,3687.0,3695.800048828125,3653.0,3669.300048828125,3669.300048828125,1714176
2025-11-25,MARUTI.NS,15958.0,16050.0,15842.0,15889.0,15889.0,214525
2025-11-25,NESTLEIND.NS,1267.4000244140625,1270.9000244140625,1250.800048828125,1263.199951171875,1256.4163818359375,1065974
2025-11-25,NTPC.NS,323.45001220703125,325.6000061035156,322.5,323.70001220703125,321.27447509765625,8074651
2025-11-25,POWERGRID.NS,275.0,276.8999938964844,272.6499938964844,273.45001220703125,270.4142761230469,12114606
2025-11-25,RELIANCE.NS,1535.9000244140625,1559.5999755859375,1525.0999755859375,1539.699951171875,1539.699951171875,15033482
2025-11-25,SBIN.NS,975.5499877929688,988.9500122070312,971.3499755859375,983.5999755859375,983.5999755859375,9140201
2025-11-25,SUNPHARMA.NS,1785.0,1792.0999755859375,1766.0999755859375,1776.800048828125,1765.332763671875,1848114
2025-11-25,TCS.NS,3145.300048828125,3149.800048828125,3115.0,3119.199951171875,3063.5087890625,2737920
2025-11-25,TECHM.NS,1501.199951171875,1502.0,1483.5,1494.699951171875,1494.699951171875,1675981
2025-11-25,TITAN.NS,3874.39990234375,3908.39990234375,3845.0,3855.10009765625,3855.10009765625,680366
2025-11-25,ULTRACEMCO.NS,11600.0,11647.0,11538.0,11580.0,11580.0,200149
2025-11-25,WIPRO.NS,248.0,248.0,244.0,245.63999938964844,239.45779418945312,8188793
2025-11-26,ADANIPORTS.NS,1484.300048828125,1523.0,1484.300048828125,1506.199951171875,1506.199951171875,3986754
2025-11-26,ASIANPAINT.NS,2880.0,2896.199951171875,2857.60009765625,2874.0,2874.0,570376
2025-11-26,AXISBANK.NS,1271.9000244140625,1292.800048828125,1269.300048828125,1290.199951171875,1290.199951171875,4842021
2025-11-26,BAJFINANCE.NS,986.2000122070312,1012.7999877929688,981.2999877929688,1010.7000122070312,1010.7000122070312,9772235
2025-11-26,BHARTIARTL.NS,2104.0,2134.89990234375,2097.5,2126.800048828125,2126.800048828125,43174047
2025-11-26,GRASIM.NS,2686.800048828125,2746.60009765625,2686.800048828125,2744.0,2744.0,444974
2025-11-26,HCLTECH.NS,1601.0999755859375,1627.5,1601.0999755859375,1617.9000244140625,1606.263916015625,1243303
2025-11-26,HDFCBANK.NS,981.2999877929688,1006.9500122070312,981.2999877929688,1003.9000244140625,1003.9000244140625,19494356
2025-11-26,HINDUNILVR.NS,2412.0,2427.699951171875,2409.0,2425.199951171875,2425.199951171875,1242683
2025-11-26,ICICIBANK.NS,1360.0,1377.0,1359.9000244140625,1375.0,1375.0,9659004
2025-11-26,INDUSINDBK.NS,844.9000244140625,858.7000122070312,841.0,850.7000122070312,850.7000122070312,2939823
2025-11-26,INFY.NS,1532.0999755859375,1560.300048828125,1532.0999755859375,1557.9000244140625,1557.9000244140625,7575038
2025-11-26,ITC.NS,401.0,403.95001220703125,400.95001220703125,402.29998779296875,394.04180908203125,11443953
2025-11-26,JSWSTEEL.NS,1112.0,1157.0,1112.0,1154.4000244140625,1154.4000244140625,2167703
2025-11-26,KOTAKBANK.NS,415.0,422.0,414.82000732421875,420.760009765625,420.760009765625,14896715
2025-11-26,LT.NS,3999.0,4074.60009765625,3998.0,4062.0,4062.0,2058237
2025-11-26,M&M.NS,3681.0,3708.0,3669.300048828125,3686.39990234375,3686.39990234375,2116524
2025-11-26,MARUTI.NS,15950.0,16210.0,15950.0,16156.0,16156.0,314946
2025-11-26,NESTLEIND.NS,1257.0999755859375,1282.699951171875,1257.0999755859375,1276.800048828125,1269.9434814453125,810809
2025-11-26,NTPC.NS,324.29998779296875,327.79998779296875,324.0,326.1000061035156,323.6564636230469,7101095
2025-11-26,POWERGRID.NS,274.0,276.95001220703125,273.5,275.04998779296875,271.9964904785156,8352869
2025-11-26,RELIANCE.NS,1542.300048828125,1571.5999755859375,1540.5,1569.9000244140625,1569.9000244140625,14054299
2025-11-26,SBIN.NS,986.5999755859375,999.0,982.1500244140625,983.9000244140625,983.9000244140625,13943490
2025-11-26,SUNPHARMA.NS,1775.5,1806.9000244140625,1773.5999755859375,1804.9000244140625,1793.25146484375,1158948
2025-11-26,TCS.NS,3118.800048828125,3178.0,3117.0,3162.89990234375,3106.428466796875,2508527
2025-11-26,TECHM.NS,1498.0,1522.699951171875,1496.199951171875,1520.4000244140625,1520.4000244140625,1592891
2025-11-26,TITAN.NS,3845.0,3914.5,3843.5,3897.699951171875,3897.699951171875,364592
2025-11-26,ULTRACEMCO.NS,11589.0,11773.0,11585.0,11759.0,11759.0,187481
2025-11-26,WIPRO.NS,246.0,250.5500030517578,245.6199951171875,250.19000244140625,243.89328002929688,8202096
2025-11-27,ADANIPORTS.NS,1511.800048828125,1513.9000244140625,1501.0,1509.0999755859375,1509.0999755859375,861910
2025-11-27,ASIANPAINT.NS,2880.0,2914.5,2871.39990234375,2879.10009765625,2879.10009765625,1158685
2025-11-27,AXISBANK.NS,1297.0,1304.0,1281.0,1287.300048828125,1287.300048828125,5924706
2025-11-27,BAJFINANCE.NS,1015.5999755859375,1044.9000244140625,1010.9000244140625,1033.800048828125,1033.800048828125,12076038
2025-11-27,BHARTIARTL.NS,2132.0,2136.89990234375,2103.800048828125,2115.60009765625,2115.60009765625,4444877
2025-11-27,GRASIM.NS,2748.0,2748.5,2712.0,2740.0,2740.0,399328
2025-11-27,HCLTECH.NS,1619.0999755859375,1633.199951171875,1614.0,1629.0,1617.2840576171875,2106176
2025-11-27,HDFCBANK.NS,1002.0999755859375,1016.7999877929688,1001.0,1009.5,1009.5,25536848
2025-11-27,HINDUNILVR.NS,2426.10009765625,2459.699951171875,2425.0,2451.699951171875,2451.699951171875,1872248
2025-11-27,ICICIBANK.NS,1379.0,1394.0,1375.699951171875,1392.199951171875,1392.199951171875,15158741
2025-11-27,INDUSINDBK.NS,853.0,863.75,846.5499877929688,857.4500122070312,857.4500122070312,3016014
2025-11-27,INFY.NS,1564.0,1574.300048828125,1552.199951171875,1566.4000244140625,1566.4000244140625,7552252
2025-11-27,ITC.NS,403.5,405.95001220703125,402.1000061035156,404.29998779296875,396.0007629394531,8679529
2025-11-27,JSWSTEEL.NS,1159.0,1163.0,1136.300048828125,1160.5999755859375,1160.5999755859375,2342042
2025-11-27,KOTAKBANK.NS,420.79998779296875,426.1000061035156,418.2799987792969,422.0400085449219,422.0400085449219,20148975
2025-11-27,LT.NS,4071.0,4140.0,4059.60009765625,4081.300048828125,4081.300048828125,2225064
2025-11-27,M&M.NS,3701.5,3717.60009765625,3665.0,3681.199951171875,3681.199951171875,1993274
2025-11-27,MARUTI.NS,16166.0,16171.0,15875.0,15903.0,15903.0,339986
2025-11-27,NESTLEIND.NS,1276.0,1279.5,1260.5,1266.4000244140625,1259.5992431640625,708607
2025-11-27,NTPC.NS,327.1499938964844,328.75,325.0,327.3500061035156,324.8970947265625,6755179
2025-11-27,POWERGRID.NS,277.0,277.0,273.29998779296875,273.70001220703125,270.6614990234375,9865039
2025-11-27,RELIANCE.NS,1575.0,1575.5,1556.0,1563.4000244140625,1563.4000244140625,9794643
2025-11-27,SBIN.NS,986.7000122070312,988.5499877929688,968.9000244140625,972.8499755859375,972.8499755859375,11909168
2025-11-27,SUNPHARMA.NS,1802.0999755859375,1814.9000244140625,1802.0999755859375,1810.300048828125,1798.6165771484375,2902053
2025-11-27,TCS.NS,3180.0,3180.0,3125.0,3136.60009765625,3080.59814453125,2836233
2025-11-27,TECHM.NS,1523.0,1532.0,1505.0,1509.800048828125,1509.800048828125,1426194
2025-11-27,TITAN.NS,3900.60009765625,3927.0,3875.10009765625,3903.300048828125,3903.300048828125,542241
2025-11-27,ULTRACEMCO.NS,11776.0,11787.0,11599.0,11617.0,11617.0,275290
2025-11-27,WIPRO.NS,250.39999389648438,251.9199981689453,247.69000244140625,249.55999755859375,243.2791290283203,5268129
2025-11-28,ADANIPORTS.NS,1510.0,1534.300048828125,1503.0999755859375,1516.9000244140625,1516.9000244140625,2612938
2025-11-28,ASIANPAINT.NS,2880.0,2889.89990234375,2855.800048828125,2874.39990234375,2874.39990234375,748446
2025-11-28,AXISBANK.NS,1287.300048828125,1289.0,1275.0,1279.699951171875,1279.699951171875,3093636
2025-11-28,BAJFINANCE.NS,1038.0,1043.5,1031.0,1037.5,1037.5,4983147
2025-11-28,BHARTIARTL.NS,2118.0,2129.5,2096.39990234375,2101.60009765625,2101.60009765625,6263457
2025-11-28,GRASIM.NS,2747.199951171875,2748.0,2727.5,2739.39990234375,2739.39990234375,297155
2025-11-28,HCLTECH.NS,1629.0,1636.9000244140625,1619.0,1624.199951171875,1612.5185546875,1841289
2025-11-28,HDFCBANK.NS,1007.0,1012.0499877929688,1004.2000122070312,1007.5999755859375,1007.5999755859375,15988807
2025-11-28,HINDUNILVR.NS,2450.0,2470.0,2447.199951171875,2466.60009765625,2466.60009765625,973225
2025-11-28,ICICIBANK.NS,1392.0,1398.5,1385.5999755859375,1388.800048828125,1388.800048828125,7683986
2025-11-28,INDUSINDBK.NS,859.6500244140625,863.0,851.5,858.5499877929688,858.5499877929688,2901007
2025-11-28,INFY.NS,1565.0,1568.4000244140625,1557.0,1560.0999755859375,1560.0999755859375,4453221
2025-11-28,ITC.NS,404.29998779296875,405.0,402.5,404.25,395.9517822265625,6883500
2025-11-28,JSWSTEEL.NS,1160.0,1172.5999755859375,1153.300048828125,1160.300048828125,1160.300048828125,1243394
2025-11-28,KOTAKBANK.NS,423.79998779296875,428.3599853515625,420.44000244140625,424.8800048828125,424.8800048828125,15840785
2025-11-28,LT.NS,4085.0,4104.2001953125,4054.699951171875,4069.60009765625,4069.60009765625,1318133
2025-11-28,M&M.NS,3692.0,3768.89990234375,3690.10009765625,3757.300048828125,3757.300048828125,2944457
2025-11-28,MARUTI.NS,15906.0,16049.0,15850.0,15900.0,15900.0,352340
2025-11-28,NESTLEIND.NS,1266.300048828125,1269.699951171875,1258.199951171875,1261.0999755859375,1254.32763671875,626947
2025-11-28,NTPC.NS,328.0,328.1499938964844,324.25,326.45001220703125,324.00384521484375,8930988
2025-11-28,POWERGRID.NS,273.79998779296875,274.3500061035156,269.45001220703125,269.95001220703125,266.953125,12580231
2025-11-28,RELIANCE.NS,1568.0,1581.300048828125,1563.0,1567.5,1567.5,8959508
2025-11-28,SBIN.NS,976.7999877929688,983.0,973.0499877929688,979.0,979.0,8117842
2025-11-28,SUNPHARMA.NS,1810.300048828125,1833.0,1807.5,1831.5999755859375,1819.779052734375,1623103
2025-11-28,TCS.NS,3140.0,3147.300048828125,3125.0,3137.5,3081.48193359375,1616690
2025-11-28,TECHM.NS,1515.800048828125,1525.300048828125,1503.699951171875,1517.300048828125,1517.300048828125,1247146
2025-11-28,TITAN.NS,3906.199951171875,3934.89990234375,3896.5,3907.699951171875,3907.699951171875,574817
2025-11-28,ULTRACEMCO.NS,11620.0,11640.0,11557.0,11600.0,11600.0,159990
2025-11-28,WIPRO.NS,251.0,251.99000549316406,248.60000610351562,249.52999877929688,243.24989318847656,7049965
2025-12-01,ADANIPORTS.NS,1530.0,1549.0,1523.0,1530.5,1530.5,4059126
2025-12-01,ASIANPAINT.NS,2877.699951171875,2887.5,2848.0,2867.60009765625,2867.60009765625,499153
2025-12-01,AXISBANK.NS,1288.0,1289.0,1268.5,1275.699951171875,1275.699951171875,4098016
2025-12-01,BAJFINANCE.NS,1041.9000244140625,1042.0,1018.7999877929688,1021.0999755859375,1021.0999755859375,6459837
2025-12-01,BHARTIARTL.NS,2114.699951171875,2119.0,2083.10009765625,2089.699951171875,2089.699951171875,5058900
2025-12-01,GRASIM.NS,2750.0,2753.10009765625,2700.0,2731.5,2731.5,288096
2025-12-01,HCLTECH.NS,1630.0,1646.5,1628.0,1642.9000244140625,1631.0841064453125,2034350
2025-12-01,HDFCBANK.NS,1017.5,1017.5,999.2999877929688,1002.0999755859375,1002.0999755859375,16746566
2025-12-01,HINDUNILVR.NS,2466.60009765625,2488.0,2458.800048828125,2464.5,2464.5,1924828
2025-12-01,ICICIBANK.NS,1394.0,1400.0,1385.4000244140625,1390.0999755859375,1390.0999755859375,8867593
2025-12-01,INDUSINDBK.NS,860.0,862.4000244140625,842.6500244140625,847.1500244140625,847.1500244140625,3019328
2025-12-01,INFY.NS,1562.5,1574.0,1556.0,1564.0,1564.0,5341800
2025-12-01,ITC.NS,402.79998779296875,405.5,398.20001220703125,404.25,395.9517822265625,13442658
2025-12-01,JSWSTEEL.NS,1164.9000244140625,1185.0,1157.300048828125,1168.4000244140625,1168.4000244140625,3039396
2025-12-01,KOTAKBANK.NS,426.79998779296875,432.6000061035156,425.6199951171875,429.5199890136719,429.5199890136719,16310160
2025-12-01,LT.NS,4087.0,4103.39990234375,4050.0,4073.199951171875,4073.199951171875,1251770
2025-12-01,M&M.NS,3790.0,3795.0,3730.0,3741.60009765625,3741.60009765625,1830158
2025-12-01,MARUTI.NS,15975.0,16177.0,15851.0,16097.0,16097.0,434052
2025-12-01,NESTLEIND.NS,1260.5999755859375,1264.0,1251.5999755859375,1260.5999755859375,1253.830322265625,644563
2025-12-01,NTPC.NS,327.1000061035156,328.25,325.45001220703125,327.1000061035156,324.64898681640625,6936186
2025-12-01,POWERGRID.NS,272.45001220703125,272.45001220703125,268.75,269.6499938964844,266.65643310546875,10428760
2025-12-01,RELIANCE.NS,1575.0,1577.5,1563.5999755859375,1566.0999755859375,1566.0999755859375,8920233
2025-12-01,SBIN.NS,985.4500122070312,991.2000122070312,969.8499755859375,973.0999755859375,973.0999755859375,8808306
2025-12-01,SUNPHARMA.NS,1841.0,1849.0,1801.0,1807.4000244140625,1795.7353515625,1869293
2025-12-01,TCS.NS,3137.89990234375,3154.0,3122.199951171875,3133.39990234375,3077.455078125,1747647
2025-12-01,TECHM.NS,1515.300048828125,1532.0,1509.699951171875,1529.5,1529.5,1527101
2025-12-01,TITAN.NS,3907.699951171875,3910.699951171875,3861.300048828125,3894.89990234375,3894.89990234375,603073
2025-12-01,ULTRACEMCO.NS,11620.0,12021.0,11556.0,11662.0,11662.0,228729
2025-12-01,WIPRO.NS,250.10000610351562,250.75,248.86000061035156,250.27999877929688,243.98101806640625,3865446
2025-12-02,ADANIPORTS.NS,1528.0999755859375,1530.0,1510.0,1518.0999755859375,1518.0999755859375,1974536
2025-12-02,ASIANPAINT.NS,2867.0,2962.0,2861.199951171875,2954.39990234375,2954.39990234375,2102147
2025-12-02,AXISBANK.NS,1270.699951171875,1281.0,1255.0999755859375,1258.0,1258.0,8115347
2025-12-02,BAJFINANCE.NS,1014.5,1036.0,1013.9000244140625,1025.5,1025.5,6706145
2025-12-02,BHARTIARTL.NS,2089.800048828125,2114.800048828125,2087.10009765625,2104.0,2104.0,6591396
2025-12-02,GRASIM.NS,2717.10009765625,2741.10009765625,2717.10009765625,2735.0,2735.0,388195
2025-12-02,HCLTECH.NS,1651.0,1652.9000244140625,1624.0,1635.5,1623.7373046875,2326220
2025-12-02,HDFCBANK.NS,988.0,994.4000244140625,985.0,989.7999877929688,989.7999877929688,27316662
2025-12-02,HINDUNILVR.NS,2471.0,2484.39990234375,2460.0,2477.800048828125,2477.800048828125,2179406
2025-12-02,ICICIBANK.NS,1381.800048828125,1381.800048828125,1370.5999755859375,1373.0,1373.0,12126396
2025-12-02,INDUSINDBK.NS,847.1500244140625,860.5,845.4000244140625,850.2999877929688,850.2999877929688,2674933
2025-12-02,INFY.NS,1567.0,1579.9000244140625,1556.0999755859375,1561.0,1561.0,6335969
2025-12-02,ITC.NS,404.25,405.5,400.5,400.95001220703125,392.71954345703125,8093808
2025-12-02,JSWSTEEL.NS,1168.4000244140625,1172.800048828125,1159.300048828125,1162.0,1162.0,2834317
2025-12-02,KOTAKBANK.NS,428.0,432.0,427.8800048828125,428.4800109863281,428.4800109863281,18294165
2025-12-02,LT.NS,4066.5,4088.60009765625,4023.800048828125,4030.5,4030.5,1490917
2025-12-02,M&M.NS,3722.800048828125,3748.0,3705.5,3716.5,3716.5,2285922
2025-12-02,MARUTI.NS,16127.0,16261.0,16095.0,16239.0,16239.0,383165
2025-12-02,NESTLEIND.NS,1251.0,1261.800048828125,1251.0,1258.9000244140625,1252.1395263671875,911551
2025-12-02,NTPC.NS,327.45001220703125,329.95001220703125,326.75,328.6000061035156,326.13775634765625,5806943
2025-12-02,POWERGRID.NS,269.0,270.6499938964844,266.8999938964844,267.45001220703125,264.48089599609375,11029817
2025-12-02,RELIANCE.NS,1561.0999755859375,1567.5,1542.0,1546.300048828125,1546.300048828125,11389150
2025-12-02,SBIN.NS,976.0,980.4500122070312,964.9000244140625,967.2999877929688,967.2999877929688,13444314
2025-12-02,SUNPHARMA.NS,1804.0,1814.9000244140625,1788.5999755859375,1799.5,1787.88623046875,2948688
2025-12-02,TCS.NS,3131.0,3144.0,3120.39990234375,3135.699951171875,3079.714111328125,2512003
2025-12-02,TECHM.NS,1523.0999755859375,1539.0,1520.0,1536.699951171875,1536.699951171875,1754978
2025-12-02,TITAN.NS,3875.0,3899.60009765625,3867.5,3885.800048828125,3885.800048828125,661018
2025-12-02,ULTRACEMCO.NS,11702.0,11713.0,11590.0,11666.0,11666.0,190930
2025-12-02,WIPRO.NS,250.0,251.4499969482422,248.8699951171875,250.1699981689453,243.873779296875,8535708
2025-12-03,ADANIPORTS.NS,1514.0,1524.0,1488.5999755859375,1497.699951171875,1497.699951171875,1958074
2025-12-03,ASIANPAINT.NS,2969.0,2969.199951171875,2932.60009765625,2953.5,2953.5,1252456
2025-12-03,AXISBANK.NS,1255.0,1272.9000244140625,1255.0,1270.699951171875,1270.699951171875,3582794
2025-12-03,BAJFINANCE.NS,1021.0,1026.300048828125,1014.2000122070312,1021.4000244140625,1021.4000244140625,5895670
2025-12-03,BHARTIARTL.NS,2100.10009765625,2109.89990234375,2081.60009765625,2086.0,2086.0,4357641
2025-12-03,GRASIM.NS,2744.0,2744.0,2707.199951171875,2720.300048828125,2720.300048828125,435124
2025-12-03,HCLTECH.NS,1635.5,1654.5999755859375,1628.800048828125,1640.5,1628.701416015625,2371611
2025-12-03,HDFCBANK.NS,986.0,1002.2999877929688,986.0,1000.5,1000.5,15448777
2025-12-03,HINDUNILVR.NS,2478.199951171875,2484.89990234375,2403.10009765625,2448.0,2448.0,3535932
2025-12-03,ICICIBANK.NS,1367.0,1394.199951171875,1367.0,1391.5,1391.5,7955933
2025-12-03,INDUSINDBK.NS,854.0,856.2999877929688,841.3499755859375,846.9000244140625,846.9000244140625,2063761
2025-12-03,INFY.NS,1555.0999755859375,1586.0,1554.0999755859375,1578.699951171875,1578.699951171875,12895312
2025-12-03,ITC.NS,401.70001220703125,402.20001220703125,398.8500061035156,400.5,392.2787780761719,10772192
2025-12-03,JSWSTEEL.NS,1162.0,1171.199951171875,1104.9000244140625,1143.5999755859375,1143.5999755859375,6026786
2025-12-03,KOTAKBANK.NS,427.0199890136719,430.3399963378906,423.82000732421875,429.2200012207031,429.2200012207031,14031015
2025-12-03,LT.NS,4032.0,4046.89990234375,3970.10009765625,3988.0,3988.0,1123990
2025-12-03,M&M.NS,3736.0,3740.0,3640.0,3649.39990234375,3649.39990234375,2002476
2025-12-03,MARUTI.NS,16219.0,16248.0,16010.0,16082.0,16082.0,264397
2025-12-03,NESTLEIND.NS,1257.0,1258.0,1236.0999755859375,1241.9000244140625,1235.2308349609375,642993
2025-12-03,NTPC.NS,329.0,329.0,321.29998779296875,322.95001220703125,320.53009033203125,8546132
2025-12-03,POWERGRID.NS,267.45001220703125,269.0,264.5,268.45001220703125,265.46978759765625,9063557
2025-12-03,RELIANCE.NS,1545.199951171875,1552.4000244140625,1533.0,1538.800048828125,1538.800048828125,6090883
2025-12-03,SBIN.NS,970.4500122070312,972.5499877929688,947.5499877929688,951.0499877929688,951.0499877929688,14051968
2025-12-03,SUNPHARMA.NS,1805.0,1816.0,1782.5,1806.699951171875,1795.039794921875,2114510
2025-12-03,TCS.NS,3140.0,3211.89990234375,3139.0,3180.0,3123.22314453125,3952112
2025-12-03,TECHM.NS,1537.9000244140625,1550.800048828125,1530.300048828125,1541.699951171875,1541.699951171875,2142830
2025-12-03,TITAN.NS,3870.0,3880.0,3785.89990234375,3817.800048828125,3817.800048828125,770638
2025-12-03,ULTRACEMCO.NS,11700.0,11702.0,11520.0,11591.0,11591.0,206293
2025-12-03,WIPRO.NS,250.60000610351562,257.1300048828125,250.5500030517578,254.69000244140625,248.280029296875,17215454
2025-12-04,ADANIPORTS.NS,1497.699951171875,1509.0999755859375,1490.199951171875,1505.5999755859375,1505.5999755859375,1591805
2025-12-04,ASIANPAINT.NS,2950.0,2985.699951171875,2934.0,2957.199951171875,2957.199951171875,1466098
2025-12-04,AXISBANK.NS,1270.699951171875,1282.800048828125,1269.4000244140625,1280.0,1280.0,3216108
2025-12-04,BAJFINANCE.NS,1018.0,1032.300048828125,1016.0,1029.0999755859375,1029.0999755859375,5404918
2025-12-04,BHARTIARTL.NS,2094.800048828125,2108.5,2074.10009765625,2103.800048828125,2103.800048828125,4611819
2025-12-04,GRASIM.NS,2720.300048828125,2742.5,2710.0,2730.39990234375,2730.39990234375,276879
2025-12-04,HCLTECH.NS,1650.0,1672.0,1645.0999755859375,1654.5999755859375,1642.699951171875,3935708
2025-12-04,HDFCBANK.NS,1000.0,1004.7000122070312,993.0,997.2000122070312,997.2000122070312,14528169
2025-12-04,HINDUNILVR.NS,2440.0,2483.0,2423.199951171875,2462.199951171875,2462.199951171875,2587753
2025-12-04,ICICIBANK.NS,1387.0,1391.5999755859375,1379.9000244140625,1386.699951171875,1386.699951171875,7373909
2025-12-04,INDUSINDBK.NS,846.0,873.0,842.9000244140625,863.0,863.0,4259999
2025-12-04,INFY.NS,1568.0,1599.0,1568.0,1597.5999755859375,1597.5999755859375,12609619
2025-12-04,ITC.NS,400.1000061035156,403.54998779296875,399.04998779296875,403.04998779296875,394.7763977050781,8057989
2025-12-04,JSWSTEEL.NS,1159.0,1165.0,1143.0999755859375,1150.5999755859375,1150.5999755859375,2285777
2025-12-04,KOTAKBANK.NS,429.2200012207031,429.3599853515625,424.29998779296875,427.0799865722656,427.0799865722656,12871640
2025-12-04,LT.NS,3990.0,4009.199951171875,3961.699951171875,3983.60009765625,3983.60009765625,1026968
2025-12-04,M&M.NS,3675.0,3678.199951171875,3620.199951171875,3671.60009765625,3671.60009765625,1984001
2025-12-04,MARUTI.NS,16058.0,16135.0,15887.0,15994.0,15994.0,248812
2025-12-04,NESTLEIND.NS,1241.9000244140625,1245.0,1233.199951171875,1242.4000244140625,1235.7281494140625,664641
2025-12-04,NTPC.NS,322.8999938964844,324.29998779296875,321.1000061035156,322.95001220703125,320.53009033203125,5965357
2025-12-04,POWERGRID.NS,266.54998779296875,270.20001220703125,265.6000061035156,269.1000061035156,266.1125793457031,5103204
2025-12-04,RELIANCE.NS,1536.0,1560.5,1517.5999755859375,1535.5999755859375,1535.5999755859375,11867930
2025-12-04,SBIN.NS,951.0499877929688,952.5499877929688,944.4500122070312,948.0999755859375,948.0999755859375,13622724
2025-12-04,SUNPHARMA.NS,1808.4000244140625,1823.199951171875,1798.300048828125,1818.300048828125,1806.56494140625,1713961
2025-12-04,TCS.NS,3194.0,3250.0,3187.39990234375,3229.199951171875,3171.544677734375,5025905
2025-12-04,TECHM.NS,1545.0999755859375,1577.9000244140625,1541.0999755859375,1562.300048828125,1562.300048828125,2422663
2025-12-04,TITAN.NS,3805.0,3830.0,3778.0,3800.39990234375,3800.39990234375,776693
2025-12-04,ULTRACEMCO.NS,11580.0,11631.0,11524.0,11608.0,11608.0,159687
2025-12-04,WIPRO.NS,256.0,258.79998779296875,255.5,256.92999267578125,250.46363830566406,10687381
2025-12-05,ADANIPORTS.NS,1504.5999755859375,1514.0,1493.300048828125,1509.4000244140625,1509.4000244140625,1141428
2025-12-05,ASIANPAINT.NS,2955.0,2973.5,2941.0,2968.5,2968.5,944978
2025-12-05,AXISBANK.NS,1275.199951171875,1285.0,1267.300048828125,1282.5,1282.5,2728214
2025-12-05,BAJFINANCE.NS,1028.9000244140625,1061.0,1026.5,1048.0,1048.0,13123572
2025-12-05,BHARTIARTL.NS,2092.60009765625,2111.89990234375,2090.0,2108.800048828125,2108.800048828125,2938290
2025-12-05,GRASIM.NS,2730.5,2750.39990234375,2716.89990234375,2747.0,2747.0,173909
2025-12-05,HCLTECH.NS,1662.699951171875,1691.0,1651.0,1683.0,1670.895751953125,3391204
2025-12-05,HDFCBANK.NS,992.0,1008.0,990.2000122070312,1003.2999877929688,1003.2999877929688,12843366
2025-12-05,HINDUNILVR.NS,2422.0,2422.0,2286.699951171875,2338.60009765625,2338.60009765625,4008271
2025-12-05,ICICIBANK.NS,1381.0,1395.300048828125,1381.0,1392.5,1392.5,4942638
2025-12-05,INDUSINDBK.NS,863.6500244140625,874.4000244140625,856.0999755859375,870.0999755859375,870.0999755859375,3377823
2025-12-05,INFY.NS,1610.0,1631.800048828125,1600.0,1616.199951171875,1616.199951171875,10344725
2025-12-05,ITC.NS,403.04998779296875,405.3500061035156,402.0,404.95001220703125,396.6374206542969,4419747
2025-12-05,JSWSTEEL.NS,1150.0,1170.0,1143.4000244140625,1162.199951171875,1162.199951171875,2326439
2025-12-05,KOTAKBANK.NS,427.0,433.20001220703125,426.3999938964844,430.9800109863281,430.9800109863281,9658475
2025-12-05,LT.NS,3999.0,4048.0,3975.10009765625,4038.199951171875,4038.199951171875,1073758
2025-12-05,M&M.NS,3659.300048828125,3721.5,3642.5,3717.10009765625,3717.10009765625,2393280
2025-12-05,MARUTI.NS,16000.0,16338.0,15979.0,16282.0,16282.0,332032
2025-12-05,NESTLEIND.NS,1237.5,1249.0,1234.199951171875,1246.9000244140625,1240.2039794921875,911699
2025-12-05,NTPC.NS,322.25,324.1499938964844,320.95001220703125,323.29998779296875,320.87744140625,6574010
2025-12-05,POWERGRID.NS,268.20001220703125,271.5,267.79998779296875,269.79998779296875,266.8047790527344,5535798
2025-12-05,RELIANCE.NS,1530.4000244140625,1545.800048828125,1520.5999755859375,1540.5999755859375,1540.5999755859375,10183266
2025-12-05,SBIN.NS,948.8499755859375,973.2999877929688,946.7000122070312,971.5,971.5,17347847
2025-12-05,SUNPHARMA.NS,1819.0,1820.199951171875,1800.199951171875,1805.300048828125,1793.64892578125,1777401
2025-12-05,TCS.NS,3230.0,3271.60009765625,3222.39990234375,3238.199951171875,3180.384033203125,5244013
2025-12-05,TECHM.NS,1567.0999755859375,1583.0,1556.5999755859375,1570.800048828125,1570.800048828125,2223397
2025-12-05,TITAN.NS,3777.0,3828.0,3777.0,3813.300048828125,3813.300048828125,508448
2025-12-05,ULTRACEMCO.NS,11630.0,11665.0,11561.0,11597.0,11597.0,226572
2025-12-05,WIPRO.NS,258.20001220703125,261.1000061035156,257.70001220703125,259.9100036621094,253.36865234375,7886562
2025-12-08,ADANIPORTS.NS,1509.4000244140625,1510.9000244140625,1472.5999755859375,1480.5,1480.5,1070689
2025-12-08,ASIANPAINT.NS,2970.0,2974.5,2914.800048828125,2928.300048828125,2928.300048828125,983544
2025-12-08,AXISBANK.NS,1284.0,1288.800048828125,1265.0999755859375,1273.800048828125,1273.800048828125,2969478
2025-12-08,BAJFINANCE.NS,1048.0,1049.800048828125,1023.0,1026.4000244140625,1026.4000244140625,5189635
2025-12-08,BHARTIARTL.NS,2114.39990234375,2114.39990234375,2078.89990234375,2086.199951171875,2086.199951171875,4327091
2025-12-08,GRASIM.NS,2747.0,2769.89990234375,2730.0,2744.199951171875,2744.199951171875,715725
2025-12-08,HCLTECH.NS,1683.0,1695.4000244140625,1676.9000244140625,1688.5999755859375,1676.4554443359375,2702407
2025-12-08,HDFCBANK.NS,1000.0,1006.5,997.5,1003.0999755859375,1003.0999755859375,12901022
2025-12-08,HINDUNILVR.NS,2350.10009765625,2355.10009765625,2302.0,2314.0,2314.0,1898154
2025-12-08,ICICIBANK.NS,1387.0,1394.9000244140625,1383.300048828125,1389.5999755859375,1389.5999755859375,7826227
2025-12-08,INDUSINDBK.NS,870.0999755859375,873.5999755859375,834.5,841.4000244140625,841.4000244140625,2015558
2025-12-08,INFY.NS,1617.0999755859375,1630.0,1600.199951171875,1610.800048828125,1610.800048828125,7550413
2025-12-08,ITC.NS,404.95001220703125,405.25,400.54998779296875,402.29998779296875,394.04180908203125,6056866
2025-12-08,JSWSTEEL.NS,1164.9000244140625,1168.0,1114.800048828125,1119.0999755859375,1119.0999755859375,1727184
2025-12-08,KOTAKBANK.NS,431.739990234375,431.7799987792969,425.20001220703125,426.32000732421875,426.32000732421875,14960235
2025-12-08,LT.NS,4047.0,4047.89990234375,3976.89990234375,3996.699951171875,3996.699951171875,1127841
2025-12-08,M&M.NS,3720.0,3725.0,3671.60009765625,3681.699951171875,3681.699951171875,1500195
2025-12-08,MARUTI.NS,16200.0,16256.0,16094.0,16187.0,16187.0,220513
2025-12-08,NESTLEIND.NS,1246.9000244140625,1248.0,1212.800048828125,1214.800048828125,1208.2763671875,1534927
2025-12-08,NTPC.NS,323.20001220703125,323.20001220703125,317.8500061035156,319.5,317.1059265136719,7906928
2025-12-08,POWERGRID.NS,268.79998779296875,269.3999938964844,264.75,265.20001220703125,262.255859375,10203843
2025-12-08,RELIANCE.NS,1539.199951171875,1551.0,1535.0,1543.0,1543.0,11301491
2025-12-08,SBIN.NS,970.8499755859375,972.5,951.7000122070312,956.4000244140625,956.4000244140625,15386438
2025-12-08,SUNPHARMA.NS,1805.300048828125,1806.0,1785.699951171875,1796.199951171875,1784.6075439453125,2410074
2025-12-08,TCS.NS,3243.0,3259.89990234375,3208.60009765625,3236.5,3178.71435546875,2544725
2025-12-08,TECHM.NS,1581.0,1595.699951171875,1572.699951171875,1591.800048828125,1591.800048828125,2833786
2025-12-08,TITAN.NS,3796.300048828125,3825.0,3758.10009765625,3767.0,3767.0,545864
2025-12-08,ULTRACEMCO.NS,11610.0,11632.0,11490.0,11540.0,11540.0,148186
2025-12-08,WIPRO.NS,260.010009765625,263.07000732421875,259.7099914550781,261.3800048828125,254.80165100097656,9684253
2025-12-09,ADANIPORTS.NS,1476.9000244140625,1499.199951171875,1460.9000244140625,1497.199951171875,1497.199951171875,1327921
2025-12-09,ASIANPAINT.NS,2910.0,2913.5,2788.5,2796.0,2796.0,1839391
2025-12-09,AXISBANK.NS,1272.0,1281.4000244140625,1263.199951171875,1275.9000244140625,1275.9000244140625,4239279
2025-12-09,BAJFINANCE.NS,1025.0,1026.0,1013.7000122070312,1016.7000122070312,1016.7000122070312,5968501
2025-12-09,BHARTIARTL.NS,2086.800048828125,2100.39990234375,2080.39990234375,2089.699951171875,2089.699951171875,5139229
2025-12-09,GRASIM.NS,2740.0,2779.60009765625,2726.5,2746.0,2746.0,419760
2025-12-09,HCLTECH.NS,1687.0,1687.0,1656.4000244140625,1657.5999755859375,1645.6783447265625,2817704
2025-12-09,HDFCBANK.NS,994.9000244140625,1002.7999877929688,994.0,997.0999755859375,997.0999755859375,15294322
2025-12-09,HINDUNILVR.NS,2318.0,2330.39990234375,2298.10009765625,2306.5,2306.5,1471488
2025-12-09,ICICIBANK.NS,1379.9000244140625,1384.300048828125,1373.4000244140625,1375.199951171875,1375.199951171875,10492030
2025-12-09,INDUSINDBK.NS,841.4500122070312,848.7000122070312,832.1500244140625,844.3499755859375,844.3499755859375,3015385
2025-12-09,INFY.NS,1601.199951171875,1606.9000244140625,1582.4000244140625,1599.0,1599.0,6957599
2025-12-09,ITC.NS,402.0,404.5,400.0,401.04998779296875,392.8174743652344,9426717
2025-12-09,JSWSTEEL.NS,1118.0,1120.5999755859375,1099.300048828125,1107.800048828125,1107.800048828125,1947088
2025-12-09,KOTAKBANK.NS,424.0,426.67999267578125,421.7799987792969,425.5400085449219,425.5400085449219,16037550
2025-12-09,LT.NS,3990.0,4019.89990234375,3949.10009765625,3997.5,3997.5,1788464
2025-12-09,M&M.NS,3658.0,3674.39990234375,3604.5,3635.89990234375,3635.89990234375,3901255
2025-12-09,MARUTI.NS,16051.0,16226.0,15985.0,16020.0,16020.0,276388
2025-12-09,NESTLEIND.NS,1214.9000244140625,1221.5,1207.300048828125,1215.800048828125,1209.27099609375,810028
2025-12-09,NTPC.NS,317.45001220703125,321.3999938964844,315.54998779296875,319.8500061035156,317.45330810546875,7152584
2025-12-09,POWERGRID.NS,264.1000061035156,265.75,262.8999938964844,264.54998779296875,261.6130676269531,10686557
2025-12-09,RELIANCE.NS,1540.300048828125,1542.5,1520.0999755859375,1529.4000244140625,1529.4000244140625,11503971
2025-12-09,SBIN.NS,954.7999877929688,964.0,950.4500122070312,959.3499755859375,959.3499755859375,9580294
2025-12-09,SUNPHARMA.NS,1796.0,1801.199951171875,1772.0,1776.0,1764.5379638671875,2401728
2025-12-09,TCS.NS,3230.0,3233.699951171875,3181.199951171875,3208.300048828125,3151.01806640625,2734893
2025-12-09,TECHM.NS,1579.0999755859375,1586.0,1559.0,1561.5999755859375,1561.5999755859375,1533609
2025-12-09,TITAN.NS,3775.0,3874.0,3751.0,3849.0,3849.0,1121068
2025-12-09,ULTRACEMCO.NS,11500.0,11525.0,11379.0,11414.0,11414.0,274482
2025-12-09,WIPRO.NS,261.3800048828125,261.82000732421875,257.04998779296875,257.4100036621094,250.9315643310547,8560580
2025-12-10,ADANIPORTS.NS,1500.0,1521.0,1493.5999755859375,1498.0999755859375,1498.0999755859375,1677388
2025-12-10,ASIANPAINT.NS,2810.0,2824.0,2796.699951171875,2804.5,2804.5,845073
2025-12-10,AXISBANK.NS,1273.0,1284.0,1268.300048828125,1278.5999755859375,1278.5999755859375,2928746
2025-12-10,BAJFINANCE.NS,1016.0,1021.7000122070312,1007.2999877929688,1010.2999877929688,1010.2999877929688,4990527
2025-12-10,BHARTIARTL.NS,2072.0,2096.89990234375,2062.199951171875,2067.0,2067.0,3987451
2025-12-10,GRASIM.NS,2770.89990234375,2779.800048828125,2740.89990234375,2746.800048828125,2746.800048828125,344470
2025-12-10,HCLTECH.NS,1663.300048828125,1671.0,1657.0,1666.0,1654.0179443359375,1482249
2025-12-10,HDFCBANK.NS,997.5,998.5,985.2999877929688,989.7999877929688,989.7999877929688,15322830
2025-12-10,HINDUNILVR.NS,2306.5,2316.89990234375,2295.0,2301.699951171875,2301.699951171875,2857290
2025-12-10,ICICIBANK.NS,1377.9000244140625,1379.4000244140625,1357.9000244140625,1363.5999755859375,1363.5999755859375,8725381
2025-12-10,INDUSINDBK.NS,847.7999877929688,851.5999755859375,828.1500244140625,833.8499755859375,833.8499755859375,2623610
2025-12-10,INFY.NS,1608.0,1608.0,1582.800048828125,1584.800048828125,1584.800048828125,5116140
2025-12-10,ITC.NS,401.1000061035156,404.3999938964844,401.0,403.1499938964844,394.8743591308594,6969146
2025-12-10,JSWSTEEL.NS,1101.300048828125,1113.0999755859375,1090.0,1096.800048828125,1096.800048828125,1222924
2025-12-10,KOTAKBANK.NS,426.0,431.1000061035156,424.739990234375,425.8999938964844,425.8999938964844,10941335
2025-12-10,LT.NS,4000.0,4030.0,3970.0,3991.300048828125,3991.300048828125,957277
2025-12-10,M&M.NS,3660.0,3694.89990234375,3626.199951171875,3630.0,3630.0,1593915
2025-12-10,MARUTI.NS,16090.0,16125.0,15925.0,16019.0,16019.0,293374
2025-12-10,NESTLEIND.NS,1215.800048828125,1221.800048828125,1205.0,1209.300048828125,1202.805908203125,514862
2025-12-10,NTPC.NS,319.8500061035156,323.70001220703125,319.5,321.6000061035156,319.190185546875,5484712
2025-12-10,POWERGRID.NS,264.8999938964844,267.25,264.29998779296875,265.5,262.5525207519531,7157092
2025-12-10,RELIANCE.NS,1534.0,1547.5,1531.4000244140625,1536.9000244140625,1536.9000244140625,7991629
2025-12-10,SBIN.NS,960.0999755859375,963.9500122070312,955.25,959.75,959.75,6989178
2025-12-10,SUNPHARMA.NS,1787.9000244140625,1791.699951171875,1767.9000244140625,1785.5,1773.9765625,2321746
2025-12-10,TCS.NS,3225.0,3225.0,3178.10009765625,3189.199951171875,3132.259033203125,1386849
2025-12-10,TECHM.NS,1563.0,1572.9000244140625,1548.199951171875,1550.800048828125,1550.800048828125,735586
2025-12-10,TITAN.NS,3831.0,3858.199951171875,3825.60009765625,3845.699951171875,3845.699951171875,616248
2025-12-10,ULTRACEMCO.NS,11425.0,11499.0,11297.0,11317.0,11317.0,272923
2025-12-10,WIPRO.NS,258.010009765625,260.3699951171875,257.25,257.9800109863281,251.4872283935547,7944200
2025-12-11,ADANIPORTS.NS,1496.0,1515.0,1495.0,1504.0,1504.0,1451645
2025-12-11,ASIANPAINT.NS,2800.0,2811.60009765625,2763.199951171875,2779.39990234375,2779.39990234375,777422
2025-12-11,AXISBANK.NS,1277.4000244140625,1282.0,1271.0,1272.699951171875,1272.699951171875,2017404
2025-12-11,BAJFINANCE.NS,1011.9000244140625,1020.5,1000.0999755859375,1006.4000244140625,1006.4000244140625,4670539
2025-12-11,BHARTIARTL.NS,2066.0,2069.199951171875,2038.0,2053.199951171875,2053.199951171875,3254850
2025-12-11,GRASIM.NS,2757.0,2802.699951171875,2742.699951171875,2797.800048828125,2797.800048828125,453706
2025-12-11,HCLTECH.NS,1667.5,1677.4000244140625,1649.0,1672.4000244140625,1660.3719482421875,1408684
2025-12-11,HDFCBANK.NS,990.0,1002.7000122070312,988.5,1000.2999877929688,1000.2999877929688,11844809
2025-12-11,HINDUNILVR.NS,2296.300048828125,2313.0,2292.0,2305.60009765625,2305.60009765625,1108032
2025-12-11,ICICIBANK.NS,1363.699951171875,1366.5999755859375,1352.800048828125,1360.0,1360.0,6734750
2025-12-11,INDUSINDBK.NS,834.4500122070312,842.7999877929688,827.5,835.5499877929688,835.5499877929688,2810755
2025-12-11,INFY.NS,1598.0,1607.4000244140625,1580.5,1598.0,1598.0,5159319
2025-12-11,ITC.NS,403.1499938964844,404.0,401.1000061035156,402.8999938964844,394.6294860839844,6980147
2025-12-11,JSWSTEEL.NS,1100.9000244140625,1111.300048828125,1095.5,1105.4000244140625,1105.4000244140625,759090
2025-12-11,KOTAKBANK.NS,425.8999938964844,441.0,423.82000732421875,436.0400085449219,436.0400085449219,24978600
2025-12-11,LT.NS,3993.199951171875,4015.0,3984.60009765625,4003.89990234375,4003.89990234375,841371
2025-12-11,M&M.NS,3623.39990234375,3669.10009765625,3615.89990234375,3665.199951171875,3665.199951171875,981456
2025-12-11,MARUTI.NS,16049.0,16296.0,15983.0,16248.0,16248.0,268701
2025-12-11,NESTLEIND.NS,1209.4000244140625,1220.4000244140625,1205.800048828125,1215.0,1208.4752197265625,339626
2025-12-11,NTPC.NS,321.6499938964844,323.45001220703125,319.1499938964844,322.6000061035156,320.1827087402344,6317942
2025-12-11,POWERGRID.NS,264.25,266.3500061035156,262.5,264.79998779296875,261.86029052734375,8336183
2025-12-11,RELIANCE.NS,1536.9000244140625,1550.0,1524.0,1545.0,1545.0,4706197
2025-12-11,SBIN.NS,962.0999755859375,966.5,958.4500122070312,963.25,963.25,5979035
2025-12-11,SUNPHARMA.NS,1778.0,1810.5,1775.0999755859375,1807.199951171875,1795.5364990234375,1280916
2025-12-11,TCS.NS,3205.0,3208.39990234375,3153.10009765625,3191.89990234375,3134.91064453125,1914362
2025-12-11,TECHM.NS,1550.0,1572.0,1541.0,1568.199951171875,1568.199951171875,1248064
2025-12-11,TITAN.NS,3830.39990234375,3855.800048828125,3777.0,3844.800048828125,3844.800048828125,669180
2025-12-11,ULTRACEMCO.NS,11340.0,11484.0,11266.0,11472.0,11472.0,196507
2025-12-11,WIPRO.NS,258.30999755859375,259.9800109863281,257.7200012207031,259.25,252.72525024414062,6473376
2025-12-12,ADANIPORTS.NS,1512.0,1527.4000244140625,1509.5,1522.800048828125,1522.800048828125,1152570
2025-12-12,ASIANPAINT.NS,2795.0,2797.0,2746.0,2764.800048828125,2764.800048828125,977696
2025-12-12,AXISBANK.NS,1278.0,1291.0,1277.9000244140625,1286.0999755859375,1286.0999755859375,2281078
2025-12-12,BAJFINANCE.NS,1000.0,1020.7999877929688,1000.0,1017.2999877929688,1017.2999877929688,4381711
2025-12-12,BHARTIARTL.NS,2053.10009765625,2087.10009765625,2050.60009765625,2083.39990234375,2083.39990234375,2706420
2025-12-12,GRASIM.NS,2814.0,2845.199951171875,2796.60009765625,2836.699951171875,2836.699951171875,927504
2025-12-12,HCLTECH.NS,1677.4000244140625,1677.9000244140625,1660.0,1673.199951171875,1661.1661376953125,1284337
2025-12-12,HDFCBANK.NS,1003.0,1004.7000122070312,998.2000122070312,1001.5,1001.5,11988618
2025-12-12,HINDUNILVR.NS,2306.89990234375,2309.0,2244.699951171875,2260.60009765625,2260.60009765625,3203114
2025-12-12,ICICIBANK.NS,1368.0,1370.699951171875,1363.300048828125,1366.0,1366.0,3890885
2025-12-12,INDUSINDBK.NS,840.0499877929688,851.2000122070312,839.0,846.1500244140625,846.1500244140625,3492109
2025-12-12,INFY.NS,1601.4000244140625,1601.800048828125,1582.5999755859375,1598.199951171875,1598.199951171875,4633912
2025-12-12,ITC.NS,402.8999938964844,404.0,399.8500061035156,400.1000061035156,391.8869934082031,12407516
2025-12-12,JSWSTEEL.NS,1110.0,1128.800048828125,1108.800048828125,1125.5,1125.5,827546
2025-12-12,KOTAKBANK.NS,436.3399963378906,440.20001220703125,434.94000244140625,435.32000732421875,435.32000732421875,14312745
2025-12-12,LT.NS,4061.0,4114.0,4048.60009765625,4074.10009765625,4074.10009765625,2207898
2025-12-12,M&M.NS,3665.39990234375,3695.0,3661.300048828125,3679.60009765625,3679.60009765625,1078982
2025-12-12,MARUTI.NS,16248.0,16536.0,16247.0,16522.0,16522.0,404711
2025-12-12,NESTLEIND.NS,1219.0,1240.0,1215.4000244140625,1238.300048828125,1231.650146484375,841766
2025-12-12,NTPC.NS,322.8999938964844,325.95001220703125,322.8999938964844,325.04998779296875,322.61431884765625,4261023
2025-12-12,POWERGRID.NS,265.0,266.75,263.29998779296875,263.6000061035156,260.6736145019531,5522827
2025-12-12,RELIANCE.NS,1550.800048828125,1559.800048828125,1546.0999755859375,1556.5,1556.5,5106655
2025-12-12,SBIN.NS,966.0,967.0,958.0,963.1500244140625,963.1500244140625,5681930
2025-12-12,SUNPHARMA.NS,1808.0,1811.800048828125,1791.0,1793.5,1781.9249267578125,1442309
2025-12-12,TCS.NS,3197.699951171875,3223.0,3185.699951171875,3220.5,3163.0,1146554
2025-12-12,TECHM.NS,1575.0,1580.5,1558.699951171875,1578.4000244140625,1578.4000244140625,754479
2025-12-12,TITAN.NS,3844.800048828125,3894.800048828125,3831.89990234375,3880.199951171875,3880.199951171875,547866
2025-12-12,ULTRACEMCO.NS,11491.0,11738.0,11481.0,11723.0,11723.0,389481
2025-12-12,WIPRO.NS,259.5,260.82000732421875,257.3599853515625,260.6000061035156,254.04129028320312,4008271
2025-12-15,ADANIPORTS.NS,1522.800048828125,1522.800048828125,1508.0999755859375,1512.5999755859375,1512.5999755859375,850425
2025-12-15,ASIANPAINT.NS,2773.10009765625,2802.0,2758.699951171875,2780.199951171875,2780.199951171875,1029674
2025-12-15,AXISBANK.NS,1285.0,1290.4000244140625,1280.0,1284.800048828125,1284.800048828125,1634472
2025-12-15,BAJFINANCE.NS,1015.0,1016.5,1008.0,1012.7000122070312,1012.7000122070312,3958977
2025-12-15,BHARTIARTL.NS,2070.10009765625,2078.89990234375,2061.5,2069.699951171875,2069.699951171875,3233614
2025-12-15,GRASIM.NS,2836.699951171875,2849.89990234375,2817.0,2821.0,2821.0,736238
2025-12-15,HCLTECH.NS,1673.199951171875,1688.0,1660.0,1684.0,1671.8885498046875,1689723
2025-12-15,HDFCBANK.NS,992.0,1001.7999877929688,992.0,996.0999755859375,996.0999755859375,9790060
2025-12-15,HINDUNILVR.NS,2260.60009765625,2299.0,2252.0,2293.5,2293.5,1274115
2025-12-15,ICICIBANK.NS,1356.0999755859375,1370.0,1356.0999755859375,1365.199951171875,1365.199951171875,5342530
2025-12-15,INDUSINDBK.NS,845.9500122070312,853.5,835.4000244140625,851.25,851.25,2458486
2025-12-15,INFY.NS,1585.0,1610.800048828125,1585.0,1606.800048828125,1606.800048828125,4190558
2025-12-15,ITC.NS,400.1000061035156,403.3500061035156,399.5,402.29998779296875,394.04180908203125,7756564
2025-12-15,JSWSTEEL.NS,1120.0999755859375,1122.5999755859375,1110.0,1114.800048828125,1114.800048828125,1017965
2025-12-15,KOTAKBANK.NS,433.4200134277344,437.1199951171875,431.29998779296875,436.260009765625,436.260009765625,13779900
2025-12-15,LT.NS,4072.800048828125,4096.0,4063.800048828125,4092.300048828125,4092.300048828125,1064975
2025-12-15,M&M.NS,3632.0,3665.39990234375,3603.60009765625,3608.0,3608.0,1704069
2025-12-15,MARUTI.NS,16500.0,16500.0,16360.0,16415.0,16415.0,225221
2025-12-15,NESTLEIND.NS,1238.0,1248.0,1225.5,1243.5,1236.822265625,857798
2025-12-15,NTPC.NS,323.04998779296875,325.29998779296875,321.54998779296875,323.95001220703125,321.5225830078125,10219819
2025-12-15,POWERGRID.NS,263.6000061035156,263.8500061035156,260.5,262.20001220703125,259.2891845703125,6400400
2025-12-15,RELIANCE.NS,1551.199951171875,1558.5999755859375,1546.5,1556.199951171875,1556.199951171875,5774543
2025-12-15,SBIN.NS,957.25,968.8499755859375,957.25,967.25,967.25,4416952
2025-12-15,SUNPHARMA.NS,1779.0,1804.5999755859375,1777.5999755859375,1797.0999755859375,1785.501708984375,1396948
2025-12-15,TCS.NS,3211.10009765625,3238.199951171875,3197.300048828125,3230.199951171875,3172.52685546875,1562190
2025-12-15,TECHM.NS,1571.0,1588.699951171875,1567.699951171875,1575.4000244140625,1575.4000244140625,784781
2025-12-15,TITAN.NS,3861.300048828125,3876.39990234375,3850.0,3866.199951171875,3866.199951171875,332337
2025-12-15,ULTRACEMCO.NS,11658.0,11804.0,11658.0,11728.0,11728.0,178073
2025-12-15,WIPRO.NS,259.989990234375,262.5,258.5400085449219,261.739990234375,255.15257263183594,4023911
2025-12-16,ADANIPORTS.NS,1512.5999755859375,1512.5999755859375,1494.199951171875,1499.0,1499.0,1122212
2025-12-16,ASIANPAINT.NS,2793.0,2808.0,2776.10009765625,2790.89990234375,2790.89990234375,916244
2025-12-16,AXISBANK.NS,1277.0999755859375,1277.5999755859375,1216.9000244140625,1219.5999755859375,1219.5999755859375,11542048
2025-12-16,BAJFINANCE.NS,1007.5,1010.5999755859375,996.5,998.4000244140625,998.4000244140625,3861617
2025-12-16,BHARTIARTL.NS,2070.10009765625,2106.60009765625,2070.10009765625,2102.0,2102.0,5756692
2025-12-16,GRASIM.NS,2822.0,2832.699951171875,2786.199951171875,2799.10009765625,2799.10009765625,545921
2025-12-16,HCLTECH.NS,1681.0,1682.0,1645.4000244140625,1651.699951171875,1639.82080078125,1929309
2025-12-16,HDFCBANK.NS,990.0999755859375,998.7000122070312,990.0999755859375,994.2999877929688,994.2999877929688,20049088
2025-12-16,HINDUNILVR.NS,2293.39990234375,2302.699951171875,2276.0,2281.10009765625,2281.10009765625,1256042
2025-12-16,ICICIBANK.NS,1364.0,1368.699951171875,1355.5,1366.0,1366.0,12359741
2025-12-16,INDUSINDBK.NS,854.0,856.7999877929688,841.8499755859375,845.0499877929688,845.0499877929688,2811166
2025-12-16,INFY.NS,1600.0,1603.0,1585.5999755859375,1592.9000244140625,1592.9000244140625,5499258
2025-12-16,ITC.NS,401.3999938964844,405.75,401.04998779296875,401.70001220703125,393.4541320800781,12347384
2025-12-16,JSWSTEEL.NS,1114.0,1114.0,1080.5,1082.5999755859375,1082.5999755859375,2000325
2025-12-16,KOTAKBANK.NS,435.6000061035156,438.79998779296875,434.29998779296875,436.4800109863281,436.4800109863281,8544595
2025-12-16,LT.NS,4083.699951171875,4103.7998046875,4051.199951171875,4063.800048828125,4063.800048828125,2199214
2025-12-16,M&M.NS,3581.0,3633.5,3577.89990234375,3621.0,3621.0,1394406
2025-12-16,MARUTI.NS,16400.0,16451.0,16320.0,16354.0,16354.0,156134
2025-12-16,NESTLEIND.NS,1236.5,1264.0,1234.4000244140625,1240.5999755859375,1233.937744140625,1086329
2025-12-16,NTPC.NS,322.04998779296875,323.79998779296875,319.04998779296875,321.0,318.5946960449219,5241263
2025-12-16,POWERGRID.NS,262.1499938964844,263.3500061035156,259.70001220703125,260.3500061035156,257.459716796875,9241981
2025-12-16,RELIANCE.NS,1545.0,1551.699951171875,1538.800048828125,1542.300048828125,1542.300048828125,11731856
2025-12-16,SBIN.NS,966.0499877929688,969.0,958.0499877929688,961.1500244140625,961.1500244140625,4764786
2025-12-16,SUNPHARMA.NS,1790.0,1791.9000244140625,1778.300048828125,1781.300048828125,1769.8037109375,1533979
2025-12-16,TCS.NS,3220.0,3220.0,3191.10009765625,3205.10009765625,3147.875244140625,1734623
2025-12-16,TECHM.NS,1570.0,1580.300048828125,1564.699951171875,1578.199951171875,1578.199951171875,999338
2025-12-16,TITAN.NS,3850.0,3937.5,3828.0,3929.5,3929.5,1560827
2025-12-16,ULTRACEMCO.NS,11700.0,11700.0,11510.0,11528.0,11528.0,179690
2025-12-16,WIPRO.NS,261.739990234375,261.75,258.79998779296875,259.2200012207031,252.69601440429688,2982041
2025-12-17,ADANIPORTS.NS,1494.0999755859375,1500.0,1479.300048828125,1486.300048828125,1486.300048828125,964352
2025-12-17,ASIANPAINT.NS,2800.0,2806.5,2772.0,2785.699951171875,2785.699951171875,636499
2025-12-17,AXISBANK.NS,1220.5999755859375,1236.0,1220.300048828125,1224.699951171875,1224.699951171875,5147181
2025-12-17,BAJFINANCE.NS,1000.0,1011.2000122070312,995.2999877929688,999.5999755859375,999.5999755859375,4695550
2025-12-17,BHARTIARTL.NS,2117.60009765625,2128.0,2096.39990234375,2108.0,2108.0,6412516
2025-12-17,GRASIM.NS,2785.199951171875,2814.89990234375,2780.0,2806.60009765625,2806.60009765625,420053
2025-12-17,HCLTECH.NS,1651.0,1664.5,1646.300048828125,1655.0,1643.09716796875,1394918
2025-12-17,HDFCBANK.NS,996.0,996.0,980.7999877929688,984.0,984.0,19080922
2025-12-17,HINDUNILVR.NS,2281.199951171875,2286.199951171875,2268.300048828125,2275.60009765625,2275.60009765625,808100
2025-12-17,ICICIBANK.NS,1365.0,1365.0,1343.0999755859375,1352.4000244140625,1352.4000244140625,9440391
2025-12-17,INDUSINDBK.NS,838.2000122070312,846.0999755859375,827.7999877929688,833.8499755859375,833.8499755859375,3107473
2025-12-17,INFY.NS,1587.199951171875,1606.9000244140625,1586.0,1602.0,1602.0,4817628
2025-12-17,ITC.NS,401.0,403.1000061035156,399.1000061035156,399.79998779296875,391.5931396484375,8087490
2025-12-17,JSWSTEEL.NS,1088.300048828125,1093.699951171875,1075.5999755859375,1079.300048828125,1079.300048828125,1781774
2025-12-17,KOTAKBANK.NS,437.6000061035156,438.6400146484375,432.70001220703125,434.6400146484375,434.6400146484375,8060720
2025-12-17,LT.NS,4079.0,4079.0,4040.0,4062.39990234375,4062.39990234375,1087334
2025-12-17,M&M.NS,3647.89990234375,3647.89990234375,3594.0,3612.800048828125,3612.800048828125,1209367
2025-12-17,MARUTI.NS,16389.0,16490.0,16357.0,16398.0,16398.0,257406
2025-12-17,NESTLEIND.NS,1237.0,1241.4000244140625,1224.300048828125,1234.5999755859375,1227.969970703125,526222
2025-12-17,NTPC.NS,320.0,322.3999938964844,319.54998779296875,321.25,318.8428039550781,5043027
2025-12-17,POWERGRID.NS,260.3500061035156,262.75,259.29998779296875,261.1000061035156,258.2013854980469,10944698
2025-12-17,RELIANCE.NS,1550.0,1550.0,1539.300048828125,1544.4000244140625,1544.4000244140625,7116649
2025-12-17,SBIN.NS,965.5499877929688,978.5,964.2999877929688,975.8499755859375,975.8499755859375,8013382
2025-12-17,SUNPHARMA.NS,1781.0,1797.5999755859375,1771.5,1792.9000244140625,1781.328857421875,1910628
2025-12-17,TCS.NS,3200.5,3236.89990234375,3200.5,3217.800048828125,3160.348388671875,1376350
2025-12-17,TECHM.NS,1578.199951171875,1586.199951171875,1570.300048828125,1579.4000244140625,1579.4000244140625,582251
2025-12-17,TITAN.NS,3930.0,3935.699951171875,3890.0,3907.89990234375,3907.89990234375,601010
2025-12-17,ULTRACEMCO.NS,11505.0,11591.0,11495.0,11540.0,11540.0,205337
2025-12-17,WIPRO.NS,259.0,262.1300048828125,258.30999755859375,261.1400146484375,254.5677032470703,4923276
2025-12-18,ADANIPORTS.NS,1486.4000244140625,1498.0,1476.0,1495.699951171875,1495.699951171875,683681
2025-12-18,ASIANPAINT.NS,2780.0,2793.800048828125,2755.300048828125,2759.699951171875,2759.699951171875,417994
2025-12-18,AXISBANK.NS,1226.0999755859375,1238.5,1220.199951171875,1229.800048828125,1229.800048828125,3441592
2025-12-18,BAJFINANCE.NS,1002.0999755859375,1009.7000122070312,995.0,1000.2999877929688,1000.2999877929688,3103997
2025-12-18,BHARTIARTL.NS,2099.0,2116.60009765625,2088.10009765625,2092.0,2092.0,3760341
2025-12-18,GRASIM.NS,2810.0,2820.0,2786.89990234375,2807.60009765625,2807.60009765625,252763
2025-12-18,HCLTECH.NS,1657.0,1673.9000244140625,1651.199951171875,1661.4000244140625,1649.4510498046875,1822056
2025-12-18,HDFCBANK.NS,973.2999877929688,987.4000244140625,973.2999877929688,979.7000122070312,979.7000122070312,14912404
2025-12-18,HINDUNILVR.NS,2270.0,2278.300048828125,2255.300048828125,2265.5,2265.5,1057295
2025-12-18,ICICIBANK.NS,1346.300048828125,1369.5,1345.5,1356.800048828125,1356.800048828125,7314573
2025-12-18,INDUSINDBK.NS,830.7999877929688,842.5,826.0,834.9000244140625,834.9000244140625,1537403
2025-12-18,INFY.NS,1610.5,1630.0,1606.699951171875,1626.800048828125,1626.800048828125,6577293
2025-12-18,ITC.NS,400.0,401.95001220703125,399.8500061035156,400.3999938964844,392.1808166503906,7227668
2025-12-18,JSWSTEEL.NS,1079.0,1091.5,1073.199951171875,1082.199951171875,1082.199951171875,1134603
2025-12-18,KOTAKBANK.NS,434.6400146484375,435.7799987792969,431.9800109863281,432.9200134277344,432.9200134277344,5633400
2025-12-18,LT.NS,4067.0,4071.800048828125,4023.39990234375,4031.10009765625,4031.10009765625,1004303
2025-12-18,M&M.NS,3600.0,3611.89990234375,3540.10009765625,3586.60009765625,3586.60009765625,2446168
2025-12-18,MARUTI.NS,16440.0,16486.0,16221.0,16329.0,16329.0,213981
2025-12-18,NESTLEIND.NS,1234.699951171875,1243.9000244140625,1227.5,1233.5,1226.8759765625,707432
2025-12-18,NTPC.NS,322.0,322.1499938964844,317.0,318.5,316.1134033203125,5554193
2025-12-18,POWERGRID.NS,260.75,261.70001220703125,255.8000030517578,257.95001220703125,255.0863494873047,10930748
2025-12-18,RELIANCE.NS,1535.199951171875,1551.5,1535.199951171875,1544.4000244140625,1544.4000244140625,6580829
2025-12-18,SBIN.NS,977.9000244140625,981.4500122070312,973.5,977.5499877929688,977.5499877929688,4926879
2025-12-18,SUNPHARMA.NS,1785.0,1785.0,1736.0,1745.9000244140625,1734.6322021484375,3461351
2025-12-18,TCS.NS,3228.0,3287.800048828125,3221.0,3280.800048828125,3222.2236328125,2307422
2025-12-18,TECHM.NS,1581.0,1608.800048828125,1574.5999755859375,1605.5999755859375,1605.5999755859375,1748780
2025-12-18,TITAN.NS,3900.0,3924.0,3890.10009765625,3919.300048828125,3919.300048828125,516547
2025-12-18,ULTRACEMCO.NS,11545.0,11565.0,11412.0,11461.0,11461.0,103462
2025-12-18,WIPRO.NS,261.17999267578125,264.989990234375,261.0,263.8500061035156,257.2095031738281,9008412
2025-12-19,ADANIPORTS.NS,1495.0,1503.699951171875,1490.699951171875,1496.4000244140625,1496.4000244140625,1276175
2025-12-19,ASIANPAINT.NS,2766.39990234375,2812.39990234375,2759.699951171875,2799.89990234375,2799.89990234375,3895542
2025-12-19,AXISBANK.NS,1236.699951171875,1241.5,1229.0999755859375,1230.5999755859375,1230.5999755859375,5055047
2025-12-19,BAJFINANCE.NS,1003.2000122070312,1014.0,1002.5,1008.2999877929688,1008.2999877929688,5126009
2025-12-19,BHARTIARTL.NS,2113.89990234375,2115.0,2082.0,2097.699951171875,2097.699951171875,10127415
2025-12-19,GRASIM.NS,2800.0,2831.10009765625,2790.10009765625,2812.5,2812.5,546550
2025-12-19,HCLTECH.NS,1675.0,1681.0,1632.5,1642.4000244140625,1630.5877685546875,3487150
2025-12-19,HDFCBANK.NS,987.0,988.0,978.7000122070312,985.5,985.5,25952384
2025-12-19,HINDUNILVR.NS,2263.699951171875,2284.800048828125,2263.699951171875,2280.0,2280.0,1237214
2025-12-19,ICICIBANK.NS,1354.0,1360.4000244140625,1350.800048828125,1354.0999755859375,1354.0999755859375,14318512
2025-12-19,INDUSINDBK.NS,834.9000244140625,847.9000244140625,831.0,844.7000122070312,844.7000122070312,7000947
2025-12-19,INFY.NS,1650.0,1654.9000244140625,1629.800048828125,1638.699951171875,1638.699951171875,13149023
2025-12-19,ITC.NS,400.25,402.6499938964844,400.25,401.04998779296875,392.8174743652344,10654835
2025-12-19,JSWSTEEL.NS,1091.0,1091.0,1075.699951171875,1079.5999755859375,1079.5999755859375,1068212
2025-12-19,KOTAKBANK.NS,433.70001220703125,435.5,431.260009765625,431.8999938964844,431.8999938964844,11504670
2025-12-19,LT.NS,4040.10009765625,4091.5,4040.10009765625,4073.5,4073.5,1327935
2025-12-19,M&M.NS,3571.0,3615.0,3560.0,3603.60009765625,3603.60009765625,1647819
2025-12-19,MARUTI.NS,16329.0,16475.0,16329.0,16414.0,16414.0,360190
2025-12-19,NESTLEIND.NS,1230.800048828125,1246.199951171875,1229.699951171875,1244.4000244140625,1237.7174072265625,754446
2025-12-19,NTPC.NS,318.95001220703125,320.6000061035156,317.5,319.8999938964844,317.5029296875,10833662
2025-12-19,POWERGRID.NS,258.04998779296875,263.95001220703125,257.95001220703125,263.45001220703125,260.5252990722656,16657897
2025-12-19,RELIANCE.NS,1554.4000244140625,1574.199951171875,1551.0,1565.0999755859375,1565.0999755859375,13937275
2025-12-19,SBIN.NS,979.9500122070312,982.0,977.0499877929688,980.2999877929688,980.2999877929688,5376584
2025-12-19,SUNPHARMA.NS,1747.0,1760.0,1741.199951171875,1744.9000244140625,1733.638671875,2768986
2025-12-19,TCS.NS,3299.0,3317.89990234375,3278.800048828125,3282.0,3223.402099609375,3902511
2025-12-19,TECHM.NS,1611.0,1624.0,1595.0,1612.5,1612.5,1802793
2025-12-19,TITAN.NS,3919.0,3961.89990234375,3913.0,3930.10009765625,3930.10009765625,730780
2025-12-19,ULTRACEMCO.NS,11503.0,11529.0,11442.0,11496.0,11496.0,152956
2025-12-19,WIPRO.NS,267.0,267.0,263.29998779296875,264.45001220703125,257.7944030761719,12750745
2025-12-22,ADANIPORTS.NS,1497.5,1515.0,1497.5,1508.699951171875,1508.699951171875,1116833
2025-12-22,ASIANPAINT.NS,2785.800048828125,2823.10009765625,2780.300048828125,2807.60009765625,2807.60009765625,463953
2025-12-22,AXISBANK.NS,1235.0,1236.9000244140625,1226.800048828125,1233.199951171875,1233.199951171875,2405809
2025-12-22,BAJFINANCE.NS,1008.2999877929688,1015.4000244140625,1005.0,1007.7999877929688,1007.7999877929688,3921237
2025-12-22,BHARTIARTL.NS,2118.0,2151.699951171875,2101.699951171875,2147.60009765625,2147.60009765625,7670853
2025-12-22,GRASIM.NS,2812.699951171875,2858.0,2798.10009765625,2809.699951171875,2809.699951171875,796031
2025-12-22,HCLTECH.NS,1651.9000244140625,1673.5,1644.0,1670.300048828125,1658.287109375,1339691
2025-12-22,HDFCBANK.NS,988.0,992.9000244140625,983.9000244140625,987.7000122070312,987.7000122070312,13540411
2025-12-22,HINDUNILVR.NS,2280.0,2295.0,2280.0,2289.5,2289.5,790773
2025-12-22,ICICIBANK.NS,1358.0,1371.300048828125,1354.800048828125,1368.5,1368.5,9375294
2025-12-22,INDUSINDBK.NS,845.0,862.7999877929688,840.9000244140625,856.4000244140625,856.4000244140625,2387606
2025-12-22,INFY.NS,1664.0,1693.199951171875,1664.0,1689.5999755859375,1689.5999755859375,23098923
2025-12-22,ITC.NS,401.6000061035156,403.6499938964844,401.20001220703125,402.70001220703125,394.4336242675781,6847871
2025-12-22,JSWSTEEL.NS,1085.0,1100.300048828125,1077.699951171875,1094.9000244140625,1094.9000244140625,1086319
2025-12-22,KOTAKBANK.NS,434.0,435.20001220703125,429.4200134277344,429.94000244140625,429.94000244140625,9041130
2025-12-22,LT.NS,4081.0,4098.5,4068.5,4072.39990234375,4072.39990234375,764774
2025-12-22,M&M.NS,3600.0,3625.0,3576.89990234375,3616.699951171875,3616.699951171875,1400786
2025-12-22,MARUTI.NS,16464.0,16693.0,16414.0,16649.0,16649.0,271590
2025-12-22,NESTLEIND.NS,1246.0,1259.9000244140625,1240.0,1257.199951171875,1250.4486083984375,880387
2025-12-22,NTPC.NS,319.95001220703125,323.6499938964844,319.5,320.70001220703125,318.29693603515625,8925871
2025-12-22,POWERGRID.NS,259.1000061035156,265.6000061035156,259.04998779296875,265.0,262.0580749511719,10054250
2025-12-22,RELIANCE.NS,1573.5,1577.5,1565.300048828125,1575.4000244140625,1575.4000244140625,10184852
2025-12-22,SBIN.NS,981.0999755859375,983.0,972.5499877929688,974.2999877929688,974.2999877929688,5959037
2025-12-22,SUNPHARMA.NS,1744.9000244140625,1773.199951171875,1743.0999755859375,1769.800048828125,1758.3779296875,1467257
2025-12-22,TCS.NS,3310.0,3328.60009765625,3291.0,3324.89990234375,3265.5361328125,2632816
2025-12-22,TECHM.NS,1615.9000244140625,1649.800048828125,1612.800048828125,1646.699951171875,1646.699951171875,1466208
2025-12-22,TITAN.NS,3940.0,3950.800048828125,3917.10009765625,3933.800048828125,3933.800048828125,569521
2025-12-22,ULTRACEMCO.NS,11496.0,11548.0,11431.0,11532.0,11532.0,170807
2025-12-22,WIPRO.NS,267.510009765625,273.1000061035156,266.79998779296875,272.6700134277344,265.8075256347656,14651313
2025-12-23,ADANIPORTS.NS,1508.699951171875,1513.800048828125,1491.199951171875,1493.5999755859375,1493.5999755859375,928446
2025-12-23,ASIANPAINT.NS,2798.0,2819.0,2783.10009765625,2807.800048828125,2807.800048828125,431068
2025-12-23,AXISBANK.NS,1239.0,1239.0,1223.5,1225.0,1225.0,2920318
2025-12-23,BAJFINANCE.NS,1013.5,1018.0,1005.7000122070312,1011.4000244140625,1011.4000244140625,4712043
2025-12-23,BHARTIARTL.NS,2157.0,2164.0,2119.199951171875,2122.89990234375,2122.89990234375,4110853
2025-12-23,GRASIM.NS,2811.0,2842.699951171875,2811.0,2829.800048828125,2829.800048828125,399009
2025-12-23,HCLTECH.NS,1675.0999755859375,1686.9000244140625,1656.199951171875,1679.9000244140625,1667.818115234375,1614314
2025-12-23,HDFCBANK.NS,990.5,998.9000244140625,987.7000122070312,996.5999755859375,996.5999755859375,17927849
2025-12-23,HINDUNILVR.NS,2289.300048828125,2310.0,2280.699951171875,2302.60009765625,2302.60009765625,1128801
2025-12-23,ICICIBANK.NS,1361.0999755859375,1365.0,1357.0,1363.0,1363.0,9105467
2025-12-23,INDUSINDBK.NS,856.4000244140625,859.7000122070312,846.2000122070312,849.9000244140625,849.9000244140625,1628642
2025-12-23,INFY.NS,1679.0,1679.0,1656.4000244140625,1668.300048828125,1668.300048828125,6593060
2025-12-23,ITC.NS,402.5,408.8999938964844,401.79998779296875,407.3500061035156,398.9881591796875,10081997
2025-12-23,JSWSTEEL.NS,1095.0,1102.9000244140625,1092.0,1096.800048828125,1096.800048828125,961759
2025-12-23,KOTAKBANK.NS,430.5,434.17999267578125,429.94000244140625,432.5400085449219,432.5400085449219,8070815
2025-12-23,LT.NS,4089.0,4095.0,4053.300048828125,4058.800048828125,4058.800048828125,1867147
2025-12-23,M&M.NS,3619.199951171875,3637.5,3605.0,3625.10009765625,3625.10009765625,1413628
2025-12-23,MARUTI.NS,16709.0,16720.0,16558.0,16585.0,16585.0,215650
2025-12-23,NESTLEIND.NS,1260.0,1261.5,1251.0999755859375,1256.5,1249.75244140625,663261
2025-12-23,NTPC.NS,321.04998779296875,324.75,320.25,323.25,320.82781982421875,6024641
2025-12-23,POWERGRID.NS,265.0,269.29998779296875,264.3999938964844,267.0,264.0358581542969,10526826
2025-12-23,RELIANCE.NS,1580.9000244140625,1580.9000244140625,1568.0999755859375,1570.699951171875,1570.699951171875,7506564
2025-12-23,SBIN.NS,976.2999877929688,977.5499877929688,970.7000122070312,971.9000244140625,971.9000244140625,5123287
2025-12-23,SUNPHARMA.NS,1772.0,1774.5999755859375,1751.699951171875,1755.9000244140625,1744.567626953125,1124853
2025-12-23,TCS.NS,3319.89990234375,3319.89990234375,3293.5,3310.0,3250.902099609375,2365420
2025-12-23,TECHM.NS,1646.5,1646.5,1628.800048828125,1633.0,1633.0,1161166
2025-12-23,TITAN.NS,3933.800048828125,3956.300048828125,3916.39990234375,3925.800048828125,3925.800048828125,445656
2025-12-23,ULTRACEMCO.NS,11550.0,11750.0,11530.0,11678.0,11678.0,161830
2025-12-23,WIPRO.NS,272.0,272.4800109863281,270.2099914550781,271.3999938964844,264.5694580078125,7572420
2025-12-24,ADANIPORTS.NS,1503.0,1507.199951171875,1492.0,1494.300048828125,1494.300048828125,1318023
2025-12-24,ASIANPAINT.NS,2807.800048828125,2824.699951171875,2782.0,2785.5,2785.5,512144
2025-12-24,AXISBANK.NS,1230.0,1235.4000244140625,1224.699951171875,1226.300048828125,1226.300048828125,3155506
2025-12-24,BAJFINANCE.NS,1011.0,1037.4000244140625,1006.0,1011.7000122070312,1011.7000122070312,5984816
2025-12-24,BHARTIARTL.NS,2111.0,2137.199951171875,2111.0,2123.699951171875,2123.699951171875,3145464
2025-12-24,GRASIM.NS,2830.800048828125,2862.89990234375,2820.0,2826.89990234375,2826.89990234375,444617
2025-12-24,HCLTECH.NS,1676.0,1680.0,1665.0999755859375,1674.699951171875,1662.6553955078125,989858
2025-12-24,HDFCBANK.NS,993.0,999.4000244140625,993.0,997.2000122070312,997.2000122070312,13699996
2025-12-24,HINDUNILVR.NS,2302.60009765625,2305.0,2278.10009765625,2282.199951171875,2282.199951171875,519380
2025-12-24,ICICIBANK.NS,1363.800048828125,1368.199951171875,1357.5999755859375,1359.800048828125,1359.800048828125,8955140
2025-12-24,INDUSINDBK.NS,850.0,858.8499755859375,844.2000122070312,848.0499877929688,848.0499877929688,1947886
2025-12-24,INFY.NS,1661.0,1667.5999755859375,1652.5,1663.4000244140625,1663.4000244140625,4271167
2025-12-24,ITC.NS,407.95001220703125,409.5,405.6499938964844,406.6000061035156,398.2535705566406,5777430
2025-12-24,JSWSTEEL.NS,1099.5,1103.300048828125,1088.0999755859375,1091.300048828125,1091.300048828125,806530
2025-12-24,KOTAKBANK.NS,433.6000061035156,435.6400146484375,432.2200012207031,432.739990234375,432.739990234375,7791790
2025-12-24,LT.NS,4065.0,4080.699951171875,4048.10009765625,4053.60009765625,4053.60009765625,1021436
2025-12-24,M&M.NS,3624.60009765625,3658.0,3612.10009765625,3636.699951171875,3636.699951171875,842897
2025-12-24,MARUTI.NS,16640.0,16720.0,16542.0,16703.0,16703.0,258486
2025-12-24,NESTLEIND.NS,1251.0999755859375,1264.0999755859375,1247.9000244140625,1259.699951171875,1252.9351806640625,598956
2025-12-24,NTPC.NS,323.8999938964844,326.6499938964844,322.25,322.54998779296875,320.133056640625,5678004
2025-12-24,POWERGRID.NS,267.79998779296875,270.04998779296875,266.29998779296875,268.04998779296875,265.0741882324219,6131188
2025-12-24,RELIANCE.NS,1572.699951171875,1575.699951171875,1553.5999755859375,1558.199951171875,1558.199951171875,8815745
2025-12-24,SBIN.NS,973.2000122070312,977.2999877929688,967.5,968.9500122070312,968.9500122070312,4105643
2025-12-24,SUNPHARMA.NS,1755.9000244140625,1759.0,1719.0,1737.0,1725.7896728515625,2224786
2025-12-24,TCS.NS,3304.10009765625,3327.10009765625,3296.10009765625,3319.0,3259.741455078125,1367708
2025-12-24,TECHM.NS,1630.0,1636.5999755859375,1615.300048828125,1631.5,1631.5,955523
2025-12-24,TITAN.NS,3925.800048828125,3935.0,3900.0,3909.300048828125,3909.300048828125,399227
2025-12-24,ULTRACEMCO.NS,11715.0,11790.0,11671.0,11764.0,11764.0,182050
2025-12-24,WIPRO.NS,270.94000244140625,270.9800109863281,267.20001220703125,268.05999755859375,261.31353759765625,4694861
2025-12-26,ADANIPORTS.NS,1499.5999755859375,1501.4000244140625,1485.0,1487.0999755859375,1487.0999755859375,876540
2025-12-26,ASIANPAINT.NS,2785.0,2794.39990234375,2743.0,2746.5,2746.5,532078
2025-12-26,AXISBANK.NS,1225.0,1229.9000244140625,1222.0,1228.199951171875,1228.199951171875,1665983
2025-12-26,BAJFINANCE.NS,1011.7000122070312,1011.7000122070312,998.0,1000.0,1000.0,5211460
2025-12-26,BHARTIARTL.NS,2123.0,2123.0,2101.800048828125,2105.39990234375,2105.39990234375,1297870
2025-12-26,GRASIM.NS,2828.0,2840.39990234375,2809.300048828125,2817.699951171875,2817.699951171875,506240
2025-12-26,HCLTECH.NS,1668.0,1676.4000244140625,1650.5,1660.9000244140625,1648.9547119140625,921138
2025-12-26,HDFCBANK.NS,996.0,997.2000122070312,987.7000122070312,992.0999755859375,992.0999755859375,9360853
2025-12-26,HINDUNILVR.NS,2282.300048828125,2290.0,2275.0,2285.39990234375,2285.39990234375,533626
2025-12-26,ICICIBANK.NS,1356.5,1362.0,1348.5,1350.4000244140625,1350.4000244140625,2812144
2025-12-26,INDUSINDBK.NS,841.0499877929688,858.9000244140625,837.0999755859375,849.8499755859375,849.8499755859375,4257972
2025-12-26,INFY.NS,1663.4000244140625,1668.800048828125,1651.699951171875,1656.0999755859375,1656.0999755859375,2006491
2025-12-26,ITC.NS,406.5,407.1499938964844,403.8500061035156,404.1499938964844,395.8538513183594,3152453
2025-12-26,JSWSTEEL.NS,1092.0999755859375,1099.699951171875,1082.0,1094.4000244140625,1094.4000244140625,1317269
2025-12-26,KOTAKBANK.NS,432.3999938964844,434.7200012207031,430.5799865722656,432.8399963378906,432.8399963378906,3691745
2025-12-26,LT.NS,4052.0,4061.5,4030.199951171875,4047.300048828125,4047.300048828125,594330
2025-12-26,M&M.NS,3636.699951171875,3647.0,3614.60009765625,3623.10009765625,3623.10009765625,829910
2025-12-26,MARUTI.NS,16703.0,16703.0,16516.0,16596.0,16596.0,212925
2025-12-26,NESTLEIND.NS,1264.0,1277.0,1251.4000244140625,1272.5999755859375,1265.7659912109375,1433973
2025-12-26,NTPC.NS,322.54998779296875,325.75,322.29998779296875,324.1000061035156,321.67144775390625,4174183
2025-12-26,POWERGRID.NS,268.0,269.29998779296875,264.8500061035156,265.45001220703125,262.5030822753906,6029003
2025-12-26,RELIANCE.NS,1554.699951171875,1561.0,1554.300048828125,1559.199951171875,1559.199951171875,2311495
2025-12-26,SBIN.NS,968.9500122070312,971.0,964.75,966.2999877929688,966.2999877929688,3286321
2025-12-26,SUNPHARMA.NS,1737.0,1737.0,1708.0,1719.5,1708.402587890625,2507337
2025-12-26,TCS.NS,3313.10009765625,3320.0,3271.800048828125,3280.0,3221.437744140625,1176664
2025-12-26,TECHM.NS,1630.5,1633.699951171875,1608.0,1612.300048828125,1612.300048828125,461192
2025-12-26,TITAN.NS,3908.89990234375,4006.89990234375,3900.0,3992.0,3992.0,1113050
2025-12-26,ULTRACEMCO.NS,11766.0,11855.0,11743.0,11794.0,11794.0,193121
2025-12-26,WIPRO.NS,267.20001220703125,268.8800048828125,265.739990234375,266.29998779296875,259.5978088378906,2899112
2025-12-29,ADANIPORTS.NS,1487.0999755859375,1487.0999755859375,1451.0,1454.4000244140625,1454.4000244140625,1568472
2025-12-29,ASIANPAINT.NS,2746.5,2793.800048828125,2735.0,2775.39990234375,2775.39990234375,815529
2025-12-29,AXISBANK.NS,1228.199951171875,1233.9000244140625,1219.0,1232.0,1232.0,2209655
2025-12-29,BAJFINANCE.NS,1003.0,1003.9000244140625,989.5999755859375,998.0,998.0,6715489
2025-12-29,BHARTIARTL.NS,2105.39990234375,2112.699951171875,2079.39990234375,2081.60009765625,2081.60009765625,2371034
2025-12-29,GRASIM.NS,2821.0,2850.0,2812.5,2842.39990234375,2842.39990234375,607462
2025-12-29,HCLTECH.NS,1659.699951171875,1660.800048828125,1625.4000244140625,1630.800048828125,1619.0711669921875,1516288
2025-12-29,HDFCBANK.NS,993.0999755859375,997.4000244140625,987.2000122070312,991.7000122070312,991.7000122070312,13545749
2025-12-29,HINDUNILVR.NS,2288.89990234375,2298.699951171875,2280.0,2293.300048828125,2293.300048828125,1086695
2025-12-29,ICICIBANK.NS,1352.0999755859375,1355.699951171875,1341.5,1343.300048828125,1343.300048828125,6057201
2025-12-29,INDUSINDBK.NS,849.7999877929688,854.5499877929688,836.5999755859375,839.5999755859375,839.5999755859375,1907670
2025-12-29,INFY.NS,1658.0,1673.0999755859375,1637.0999755859375,1644.699951171875,1644.699951171875,4062817
2025-12-29,ITC.NS,404.1000061035156,404.79998779296875,401.45001220703125,402.6000061035156,394.3356628417969,6647710
2025-12-29,JSWSTEEL.NS,1100.0,1111.0,1089.4000244140625,1092.5999755859375,1092.5999755859375,3084525
2025-12-29,KOTAKBANK.NS,434.1199951171875,436.3599853515625,431.0799865722656,431.7200012207031,431.7200012207031,4858980
2025-12-29,LT.NS,4053.0,4061.10009765625,4033.39990234375,4038.699951171875,4038.699951171875,952143
2025-12-29,M&M.NS,3622.699951171875,3640.199951171875,3588.10009765625,3592.10009765625,3592.10009765625,1034692
2025-12-29,MARUTI.NS,16600.0,16682.0,16499.0,16542.0,16542.0,251796
2025-12-29,NESTLEIND.NS,1275.0,1286.5,1270.800048828125,1280.0,1273.126220703125,888206
2025-12-29,NTPC.NS,324.1000061035156,325.79998779296875,323.04998779296875,325.5,323.06097412109375,14043845
2025-12-29,POWERGRID.NS,265.95001220703125,266.45001220703125,260.0,260.6000061035156,257.7069396972656,7270521
2025-12-29,RELIANCE.NS,1554.9000244140625,1558.0999755859375,1543.5999755859375,1545.5999755859375,1545.5999755859375,5972105
2025-12-29,SBIN.NS,966.9000244140625,968.9000244140625,961.4500122070312,965.0499877929688,965.0499877929688,5267233
2025-12-29,SUNPHARMA.NS,1719.5,1727.5,1710.300048828125,1717.199951171875,1706.1173095703125,1800816
2025-12-29,TCS.NS,3280.0,3288.0,3242.89990234375,3251.5,3193.446533203125,2079473
2025-12-29,TECHM.NS,1614.0,1629.800048828125,1610.0999755859375,1612.4000244140625,1612.4000244140625,891096
2025-12-29,TITAN.NS,4010.0,4031.699951171875,3978.0,3983.699951171875,3983.699951171875,1242846
2025-12-29,ULTRACEMCO.NS,11778.0,11820.0,11731.0,11799.0,11799.0,197600
2025-12-29,WIPRO.NS,265.989990234375,267.3900146484375,263.6000061035156,264.239990234375,257.58966064453125,3755074
2025-12-30,ADANIPORTS.NS,1450.0,1470.5,1447.300048828125,1461.199951171875,1461.199951171875,3463973
2025-12-30,ASIANPAINT.NS,2770.300048828125,2792.39990234375,2741.0,2758.300048828125,2758.300048828125,4833527
2025-12-30,AXISBANK.NS,1233.0,1252.0999755859375,1232.0,1246.0,1246.0,5673233
2025-12-30,BAJFINANCE.NS,994.0999755859375,997.5999755859375,987.0999755859375,989.2999877929688,989.2999877929688,7473887
2025-12-30,BHARTIARTL.NS,2077.0,2102.800048828125,2071.60009765625,2099.800048828125,2099.800048828125,6983390
2025-12-30,GRASIM.NS,2847.0,2857.10009765625,2827.199951171875,2841.699951171875,2841.699951171875,729640
2025-12-30,HCLTECH.NS,1630.800048828125,1635.699951171875,1611.0999755859375,1615.199951171875,1603.583251953125,3323273
2025-12-30,HDFCBANK.NS,990.2000122070312,995.0,982.2000122070312,990.9000244140625,990.9000244140625,33155849
2025-12-30,HINDUNILVR.NS,2293.300048828125,2298.0,2283.0,2290.199951171875,2290.199951171875,1556717
2025-12-30,ICICIBANK.NS,1343.300048828125,1347.0999755859375,1338.0999755859375,1342.5,1342.5,18621277
2025-12-30,INDUSINDBK.NS,839.5999755859375,844.0999755859375,833.25,841.5,841.5,4409838
2025-12-30,INFY.NS,1647.0,1647.9000244140625,1616.800048828125,1621.5999755859375,1621.5999755859375,9395937
2025-12-30,ITC.NS,403.0,403.45001220703125,400.29998779296875,400.6000061035156,392.376708984375,12340527
2025-12-30,JSWSTEEL.NS,1093.0,1114.0,1089.5,1111.5999755859375,1111.5999755859375,1609086
2025-12-30,KOTAKBANK.NS,431.94000244140625,433.0,427.7799987792969,430.5400085449219,430.5400085449219,28360690
2025-12-30,LT.NS,4039.0,4063.89990234375,4006.199951171875,4052.0,4052.0,1362208
2025-12-30,M&M.NS,3590.0,3666.0,3575.199951171875,3660.300048828125,3660.300048828125,2063179
2025-12-30,MARUTI.NS,16575.0,16818.0,16482.0,16647.0,16647.0,1055843
2025-12-30,NESTLEIND.NS,1284.0,1289.0,1267.699951171875,1274.0999755859375,1267.2579345703125,2043408
2025-12-30,NTPC.NS,325.0,325.54998779296875,323.3500061035156,324.8999938964844,322.4654541015625,8035909
2025-12-30,POWERGRID.NS,260.0,261.45001220703125,258.95001220703125,260.3500061035156,257.459716796875,10929200
2025-12-30,RELIANCE.NS,1547.0,1553.5999755859375,1537.800048828125,1539.800048828125,1539.800048828125,8815884
2025-12-30,SBIN.NS,963.0,976.2000122070312,959.5,973.4500122070312,973.4500122070312,15030644
2025-12-30,SUNPHARMA.NS,1723.0999755859375,1723.0999755859375,1707.0,1720.199951171875,1709.0980224609375,2639497
2025-12-30,TCS.NS,3250.0,3267.5,3239.5,3246.800048828125,3188.83056640625,2807593
2025-12-30,TECHM.NS,1614.9000244140625,1616.199951171875,1599.0,1604.5999755859375,1604.5999755859375,1973547
2025-12-30,TITAN.NS,3982.0,3993.5,3954.10009765625,3974.10009765625,3974.10009765625,1169570
2025-12-30,ULTRACEMCO.NS,11810.0,11811.0,11651.0,11705.0,11705.0,236323
2025-12-30,WIPRO.NS,264.0,264.7200012207031,263.0199890136719,263.6499938964844,257.0145263671875,5117699
2025-12-31,ADANIPORTS.NS,1468.5,1475.0,1461.300048828125,1469.800048828125,1469.800048828125,707055
2025-12-31,ASIANPAINT.NS,2755.0,2796.800048828125,2754.89990234375,2769.5,2769.5,1274705
2025-12-31,AXISBANK.NS,1246.0,1271.5,1245.0,1269.4000244140625,1269.4000244140625,3711090
2025-12-31,BAJFINANCE.NS,990.0,994.2000122070312,978.4000244140625,986.7999877929688,986.7999877929688,9895270
2025-12-31,BHARTIARTL.NS,2096.0,2121.0,2090.10009765625,2105.60009765625,2105.60009765625,2991434
2025-12-31,GRASIM.NS,2844.5,2864.0,2803.5,2829.0,2829.0,327956
2025-12-31,HCLTECH.NS,1624.5,1631.699951171875,1616.800048828125,1623.300048828125,1611.6251220703125,1359963
2025-12-31,HDFCBANK.NS,991.0,997.5999755859375,987.5999755859375,991.2000122070312,991.2000122070312,10963454
2025-12-31,HINDUNILVR.NS,2290.0,2325.5,2286.800048828125,2315.89990234375,2315.89990234375,1324220
2025-12-31,ICICIBANK.NS,1342.800048828125,1350.0,1339.5,1342.9000244140625,1342.9000244140625,6150634
2025-12-31,INDUSINDBK.NS,841.5,869.5999755859375,836.5499877929688,864.2000122070312,864.2000122070312,2887744
2025-12-31,INFY.NS,1621.0,1628.5999755859375,1609.199951171875,1615.4000244140625,1615.4000244140625,6538656
2025-12-31,ITC.NS,401.1000061035156,403.75,400.8500061035156,403.0,394.7274475097656,9945109
2025-12-31,JSWSTEEL.NS,1156.0,1169.0,1132.5999755859375,1164.800048828125,1164.800048828125,5881898
2025-12-31,KOTAKBANK.NS,431.6000061035156,441.0799865722656,431.1400146484375,440.2200012207031,440.2200012207031,14284445
2025-12-31,LT.NS,4058.0,4094.5,4048.0,4083.5,4083.5,1160164
2025-12-31,M&M.NS,3653.0,3723.60009765625,3640.39990234375,3709.199951171875,3709.199951171875,1868363
2025-12-31,MARUTI.NS,16581.0,16776.0,16581.0,16697.0,16697.0,314427
2025-12-31,NESTLEIND.NS,1274.199951171875,1294.300048828125,1270.4000244140625,1288.0,1281.083251953125,738631
2025-12-31,NTPC.NS,324.75,330.6499938964844,324.70001220703125,329.54998779296875,327.0805969238281,8497983
2025-12-31,POWERGRID.NS,261.3999938964844,265.20001220703125,260.54998779296875,264.6000061035156,261.66253662109375,5145868
2025-12-31,RELIANCE.NS,1541.0,1577.0,1541.0,1570.4000244140625,1570.4000244140625,5771830
2025-12-31,SBIN.NS,975.25,985.6500244140625,973.5,982.2000122070312,982.2000122070312,5807630
2025-12-31,SUNPHARMA.NS,1720.199951171875,1725.5999755859375,1715.5,1719.699951171875,1708.6011962890625,1428439
2025-12-31,TCS.NS,3240.0,3246.0,3198.5,3206.199951171875,3148.955322265625,3362634
2025-12-31,TECHM.NS,1614.800048828125,1614.800048828125,1588.300048828125,1590.9000244140625,1590.9000244140625,729913
2025-12-31,TITAN.NS,3984.0,4061.89990234375,3975.10009765625,4051.5,4051.5,1358731
2025-12-31,ULTRACEMCO.NS,11681.0,11794.0,11680.0,11784.0,11784.0,172267
2025-12-31,WIPRO.NS,264.0,264.6000061035156,261.260009765625,263.2799987792969,256.6538391113281,5705044
2026-01-01,ADANIPORTS.NS,1472.800048828125,1490.9000244140625,1470.4000244140625,1481.0999755859375,1481.0999755859375,981252
2026-01-01,ASIANPAINT.NS,2775.89990234375,2782.699951171875,2746.10009765625,2752.0,2752.0,327945
2026-01-01,AXISBANK.NS,1270.0,1279.199951171875,1263.800048828125,1274.4000244140625,1274.4000244140625,2022412
2026-01-01,BAJFINANCE.NS,988.2000122070312,989.0,969.0,973.0999755859375,973.0999755859375,7118751
2026-01-01,BHARTIARTL.NS,2114.800048828125,2123.89990234375,2107.0,2110.39990234375,2110.39990234375,2097756
2026-01-01,GRASIM.NS,2833.0,2854.89990234375,2822.300048828125,2851.699951171875,2851.699951171875,449775
2026-01-01,HCLTECH.NS,1622.9000244140625,1645.699951171875,1618.4000244140625,1634.5,1622.7445068359375,773806
2026-01-01,HDFCBANK.NS,993.5,997.5499877929688,989.5,991.1500244140625,991.1500244140625,7132074
2026-01-01,HINDUNILVR.NS,2322.0,2326.0,2300.0,2323.0,2323.0,758866
2026-01-01,ICICIBANK.NS,1343.9000244140625,1348.4000244140625,1336.0,1338.0,1338.0,4179311
2026-01-01,INDUSINDBK.NS,865.4500122070312,891.5999755859375,863.5,890.2000122070312,890.2000122070312,4244931
2026-01-01,INFY.NS,1615.4000244140625,1639.5999755859375,1614.0999755859375,1629.800048828125,1629.800048828125,3658165
2026-01-01,ITC.NS,402.70001220703125,402.70001220703125,362.70001220703125,363.8500061035156,356.381103515625,282626710
2026-01-01,JSWSTEEL.NS,1163.5,1176.800048828125,1161.0,1171.5,1171.5,1173697
2026-01-01,KOTAKBANK.NS,442.0,444.17999267578125,437.79998779296875,443.55999755859375,443.55999755859375,6734875
2026-01-01,LT.NS,4090.0,4146.7998046875,4088.300048828125,4140.39990234375,4140.39990234375,1360716
2026-01-01,M&M.NS,3725.0,3774.0,3721.10009765625,3761.0,3761.0,1498161
2026-01-01,MARUTI.NS,16700.0,16798.0,16602.0,16708.0,16708.0,171293
2026-01-01,NESTLEIND.NS,1293.0,1299.0,1284.0,1295.0,1288.045654296875,932297
2026-01-01,NTPC.NS,329.79998779296875,336.8999938964844,329.6000061035156,336.29998779296875,333.780029296875,10357315
2026-01-01,POWERGRID.NS,264.1000061035156,267.54998779296875,264.1000061035156,266.79998779296875,263.83807373046875,4298196
2026-01-01,RELIANCE.NS,1573.699951171875,1592.5,1571.0999755859375,1575.5999755859375,1575.5999755859375,6408128
2026-01-01,SBIN.NS,983.2000122070312,987.6500244140625,980.3499755859375,984.75,984.75,4328348
2026-01-01,SUNPHARMA.NS,1720.0,1726.0,1708.9000244140625,1721.0999755859375,1709.9921875,877515
2026-01-01,TCS.NS,3215.0,3234.10009765625,3198.199951171875,3227.39990234375,3169.77685546875,1255735
2026-01-01,TECHM.NS,1591.0,1613.5,1587.199951171875,1607.699951171875,1607.699951171875,565878
2026-01-01,TITAN.NS,4063.699951171875,4068.0,4035.699951171875,4049.300048828125,4049.300048828125,444679
2026-01-01,ULTRACEMCO.NS,11792.0,11915.0,11784.0,11901.0,11901.0,71887
2026-01-01,WIPRO.NS,264.5,268.04998779296875,263.75,267.3500061035156,260.62139892578125,3639755
2026-01-02,ADANIPORTS.NS,1480.0999755859375,1495.0,1478.300048828125,1489.5,1489.5,1251176
2026-01-02,ASIANPAINT.NS,2755.800048828125,2799.0,2755.800048828125,2772.60009765625,2772.60009765625,508884
2026-01-02,AXISBANK.NS,1273.9000244140625,1281.800048828125,1264.300048828125,1266.9000244140625,1266.9000244140625,5860547
2026-01-02,BAJFINANCE.NS,972.9000244140625,994.2000122070312,960.5999755859375,990.4500122070312,990.4500122070312,6206869
2026-01-02,BHARTIARTL.NS,2108.0,2125.0,2098.0,2106.300048828125,2106.300048828125,2927138
2026-01-02,GRASIM.NS,2856.89990234375,2882.0,2845.10009765625,2856.39990234375,2856.39990234375,698682
2026-01-02,HCLTECH.NS,1632.0,1643.0,1625.0999755859375,1640.199951171875,1628.403564453125,950573
2026-01-02,HDFCBANK.NS,991.1500244140625,1003.2000122070312,988.7999877929688,1001.5999755859375,1001.5999755859375,11751459
2026-01-02,HINDUNILVR.NS,2326.0,2357.699951171875,2322.0,2348.0,2348.0,973413
2026-01-02,ICICIBANK.NS,1338.0,1356.9000244140625,1336.300048828125,1355.4000244140625,1355.4000244140625,8226205
2026-01-02,INDUSINDBK.NS,896.0,909.75,890.25,902.4500122070312,902.4500122070312,6250730
2026-01-02,INFY.NS,1635.9000244140625,1643.5,1627.5,1640.4000244140625,1640.4000244140625,2524526
2026-01-02,ITC.NS,360.0,360.0,345.25,350.04998779296875,342.8643493652344,118790358
2026-01-02,JSWSTEEL.NS,1172.0,1184.0,1169.0999755859375,1180.699951171875,1180.699951171875,903240
2026-01-02,KOTAKBANK.NS,443.55999755859375,445.5799865722656,436.1000061035156,439.0199890136719,439.0199890136719,12238470
2026-01-02,LT.NS,4138.10009765625,4172.7001953125,4127.10009765625,4163.39990234375,4163.39990234375,984027
2026-01-02,M&M.NS,3759.89990234375,3812.0,3743.199951171875,3802.39990234375,3802.39990234375,1478292
2026-01-02,MARUTI.NS,16750.0,16999.0,16723.0,16960.0,16960.0,388562
2026-01-02,NESTLEIND.NS,1292.0,1299.0,1277.5999755859375,1279.699951171875,1272.8277587890625,736473
2026-01-02,NTPC.NS,336.79998779296875,353.0,335.95001220703125,352.1000061035156,349.4616394042969,23128940
2026-01-02,POWERGRID.NS,267.5,272.1000061035156,266.25,270.95001220703125,267.9420471191406,13348375
2026-01-02,RELIANCE.NS,1580.0,1594.5999755859375,1578.199951171875,1592.300048828125,1592.300048828125,6602230
2026-01-02,SBIN.NS,984.5,1009.5,983.9500122070312,998.9500122070312,998.9500122070312,7357435
2026-01-02,SUNPHARMA.NS,1721.0999755859375,1732.0,1719.4000244140625,1728.0,1716.84765625,974123
2026-01-02,TCS.NS,3234.0,3254.300048828125,3219.5,3250.699951171875,3192.660888671875,1184324
2026-01-02,TECHM.NS,1611.0,1619.0999755859375,1601.9000244140625,1612.0,1612.0,637080
2026-01-02,TITAN.NS,4039.0,4060.0,3986.199951171875,4051.699951171875,4051.699951171875,659997
2026-01-02,ULTRACEMCO.NS,11903.0,11970.0,11821.0,11899.0,11899.0,206244
2026-01-02,WIPRO.NS,267.3500061035156,272.3999938964844,266.1499938964844,269.0,262.2298583984375,8286204
2026-01-05,ADANIPORTS.NS,1488.0,1496.800048828125,1479.0999755859375,1493.0,1493.0,790039
2026-01-05,ASIANPAINT.NS,2770.0,2828.0,2769.0,2815.60009765625,2815.60009765625,866733
2026-01-05,AXISBANK.NS,1274.199951171875,1289.699951171875,1270.0,1285.800048828125,1285.800048828125,6177100
2026-01-05,BAJFINANCE.NS,979.7000122070312,999.1500244140625,975.0,978.75,978.75,10564157
2026-01-05,BHARTIARTL.NS,2102.10009765625,2112.10009765625,2096.5,2105.0,2105.0,2642580
2026-01-05,GRASIM.NS,2871.0,2893.0,2842.5,2848.89990234375,2848.89990234375,861522
2026-01-05,HCLTECH.NS,1625.0,1633.5,1580.0999755859375,1607.5999755859375,1596.0379638671875,3245802
2026-01-05,HDFCBANK.NS,1005.75,1006.4000244140625,976.2999877929688,977.5,977.5,27647379
2026-01-05,HINDUNILVR.NS,2341.5,2394.0,2336.39990234375,2384.10009765625,2384.10009765625,1344113
2026-01-05,ICICIBANK.NS,1354.199951171875,1375.5,1352.5999755859375,1371.5,1371.5,6920565
2026-01-05,INDUSINDBK.NS,905.0,910.0,892.5,899.9500122070312,899.9500122070312,2521435
2026-01-05,INFY.NS,1637.0,1637.0,1583.0999755859375,1606.4000244140625,1606.4000244140625,5917885
2026-01-05,ITC.NS,350.20001220703125,353.95001220703125,346.04998779296875,349.70001220703125,342.5215759277344,48358124
2026-01-05,JSWSTEEL.NS,1180.699951171875,1192.9000244140625,1179.0,1185.9000244140625,1185.9000244140625,1017822
2026-01-05,KOTAKBANK.NS,439.3800048828125,441.3399963378906,436.3999938964844,438.17999267578125,438.17999267578125,10914245
2026-01-05,LT.NS,4162.89990234375,4195.0,4132.7998046875,4150.39990234375,4150.39990234375,1167460
2026-01-05,M&M.NS,3805.89990234375,3839.89990234375,3785.0,3790.300048828125,3790.300048828125,1574098
2026-01-05,MARUTI.NS,17025.0,17370.0,16980.0,17155.0,17155.0,305668
2026-01-05,NESTLEIND.NS,1279.0,1320.0,1278.5,1314.5999755859375,1307.5404052734375,2397082
2026-01-05,NTPC.NS,350.3500061035156,354.79998779296875,348.3999938964844,350.6000061035156,347.972900390625,18248271
2026-01-05,POWERGRID.NS,271.25,272.79998779296875,268.70001220703125,271.6499938964844,268.6342468261719,11526602
2026-01-05,RELIANCE.NS,1593.0,1611.800048828125,1575.300048828125,1578.0999755859375,1578.0999755859375,8704973
2026-01-05,SBIN.NS,1000.0,1015.5,1000.0,1005.5499877929688,1005.5499877929688,11259060
2026-01-05,SUNPHARMA.NS,1728.0,1746.0,1723.4000244140625,1728.9000244140625,1717.741943359375,1416698
2026-01-05,TCS.NS,3240.5,3247.0,3191.0,3216.10009765625,3158.6787109375,2341703
2026-01-05,TECHM.NS,1601.9000244140625,1610.0999755859375,1576.0999755859375,1596.9000244140625,1596.9000244140625,907810
2026-01-05,TITAN.NS,4051.699951171875,4094.0,4046.0,4079.699951171875,4079.699951171875,629273
2026-01-05,ULTRACEMCO.NS,11931.0,12114.0,11860.0,12087.0,12087.0,302803
2026-01-05,WIPRO.NS,269.45001220703125,269.6499938964844,261.70001220703125,263.29998779296875,256.6733093261719,7006599
2026-01-06,ADANIPORTS.NS,1490.0,1493.0,1470.699951171875,1473.199951171875,1473.199951171875,1675609
2026-01-06,ASIANPAINT.NS,2820.0,2848.39990234375,2811.60009765625,2845.800048828125,2845.800048828125,875891
2026-01-06,AXISBANK.NS,1304.5999755859375,1304.5999755859375,1285.4000244140625,1293.800048828125,1293.800048828125,6751769
2026-01-06,BAJFINANCE.NS,978.0,987.0,973.2999877929688,977.3499755859375,977.3499755859375,8380183
2026-01-06,BHARTIARTL.NS,2106.800048828125,2121.800048828125,2087.5,2105.300048828125,2105.300048828125,9119265
2026-01-06,GRASIM.NS,2860.0,2880.0,2845.5,2865.300048828125,2865.300048828125,720656
2026-01-06,HCLTECH.NS,1600.300048828125,1626.0,1597.300048828125,1616.300048828125,1604.675537109375,2112043
2026-01-06,HDFCBANK.NS,962.7000122070312,966.7000122070312,956.0,962.2000122070312,962.2000122070312,31988783
2026-01-06,HINDUNILVR.NS,2398.800048828125,2428.10009765625,2367.800048828125,2424.699951171875,2424.699951171875,1584720
2026-01-06,ICICIBANK.NS,1372.0,1413.5999755859375,1366.0,1411.199951171875,1411.199951171875,17260416
2026-01-06,INDUSINDBK.NS,898.0,924.0,886.5,914.25,914.25,8308942
2026-01-06,INFY.NS,1600.0999755859375,1619.9000244140625,1599.0,1612.199951171875,1612.199951171875,4466729
2026-01-06,ITC.NS,350.25,350.70001220703125,337.75,342.45001220703125,335.42041015625,72582738
2026-01-06,JSWSTEEL.NS,1185.9000244140625,1197.5999755859375,1169.0,1176.300048828125,1176.300048828125,1395370
2026-01-06,KOTAKBANK.NS,440.4200134277344,445.6000061035156,427.0,429.2799987792969,429.2799987792969,26541035
2026-01-06,LT.NS,4153.0,4185.0,4129.89990234375,4140.60009765625,4140.60009765625,1205337
2026-01-06,M&M.NS,3788.0,3819.10009765625,3758.10009765625,3785.60009765625,3785.60009765625,1299489
2026-01-06,MARUTI.NS,17170.0,17306.0,17142.0,17292.0,17292.0,192182
2026-01-06,NESTLEIND.NS,1319.0,1323.5,1298.4000244140625,1319.9000244140625,1312.81201171875,866154
2026-01-06,NTPC.NS,349.8999938964844,354.1000061035156,346.1499938964844,350.79998779296875,348.17138671875,8641743
2026-01-06,POWERGRID.NS,266.0,273.29998779296875,266.0,268.54998779296875,265.56866455078125,11777253
2026-01-06,RELIANCE.NS,1569.0,1569.0,1496.300048828125,1507.5999755859375,1507.5999755859375,27417125
2026-01-06,SBIN.NS,1007.9500122070312,1024.0,1004.9500122070312,1018.9000244140625,1018.9000244140625,9575742
2026-01-06,SUNPHARMA.NS,1725.699951171875,1762.5999755859375,1725.699951171875,1760.199951171875,1748.83984375,1658801
2026-01-06,TCS.NS,3210.0,3263.199951171875,3205.0,3255.800048828125,3197.669921875,2912325
2026-01-06,TECHM.NS,1603.9000244140625,1625.4000244140625,1596.0999755859375,1601.800048828125,1601.800048828125,570335
2026-01-06,TITAN.NS,4079.699951171875,4120.5,4068.5,4111.7998046875,4111.7998046875,820331
2026-01-06,ULTRACEMCO.NS,12100.0,12225.0,12066.0,12204.0,12204.0,225766
2026-01-06,WIPRO.NS,263.29998779296875,266.1000061035156,262.95001220703125,265.6000061035156,258.9154357910156,4083654
2026-01-07,ADANIPORTS.NS,1473.199951171875,1480.4000244140625,1459.0,1465.300048828125,1465.300048828125,2124534
2026-01-07,ASIANPAINT.NS,2845.800048828125,2854.699951171875,2801.10009765625,2809.39990234375,2809.39990234375,636748
2026-01-07,AXISBANK.NS,1293.0,1299.0,1284.0,1295.5,1295.5,5440002
2026-01-07,BAJFINANCE.NS,973.0499877929688,976.4500122070312,965.0499877929688,968.7999877929688,968.7999877929688,7048491
2026-01-07,BHARTIARTL.NS,2095.60009765625,2103.800048828125,2077.0,2084.199951171875,2084.199951171875,4171371
2026-01-07,GRASIM.NS,2880.0,2880.0,2829.10009765625,2837.10009765625,2837.10009765625,287536
2026-01-07,HCLTECH.NS,1620.800048828125,1654.5,1616.699951171875,1647.699951171875,1635.849609375,3816569
2026-01-07,HDFCBANK.NS,956.0,956.4500122070312,946.0,949.0499877929688,949.0499877929688,52884712
2026-01-07,HINDUNILVR.NS,2416.0,2421.89990234375,2382.0,2399.39990234375,2399.39990234375,892690
2026-01-07,ICICIBANK.NS,1408.0,1429.9000244140625,1404.199951171875,1427.699951171875,1427.699951171875,15813795
2026-01-07,INDUSINDBK.NS,914.5,924.7000122070312,892.8499755859375,897.8499755859375,897.8499755859375,2952528
2026-01-07,INFY.NS,1615.0,1642.0,1615.0,1639.0,1639.0,4508079
2026-01-07,ITC.NS,343.0,344.54998779296875,339.29998779296875,341.25,334.2450256347656,29440734
2026-01-07,JSWSTEEL.NS,1174.9000244140625,1193.5,1169.4000244140625,1189.800048828125,1189.800048828125,1161485
2026-01-07,KOTAKBANK.NS,429.2799987792969,430.1000061035156,421.8399963378906,428.79998779296875,428.79998779296875,10561315
2026-01-07,LT.NS,4106.0,4180.0,4094.0,4157.0,4157.0,1213160
2026-01-07,M&M.NS,3800.0,3808.60009765625,3718.5,3748.800048828125,3748.800048828125,1046776
2026-01-07,MARUTI.NS,17230.0,17249.0,16524.0,16809.0,16809.0,427979
2026-01-07,NESTLEIND.NS,1312.5,1332.699951171875,1304.199951171875,1314.800048828125,1307.7393798828125,676669
2026-01-07,NTPC.NS,349.54998779296875,351.3500061035156,346.29998779296875,348.8500061035156,346.2359924316406,7165806
2026-01-07,POWERGRID.NS,268.5,268.95001220703125,263.45001220703125,264.1000061035156,261.1680603027344,14877056
2026-01-07,RELIANCE.NS,1510.0,1520.0,1498.0,1504.199951171875,1504.199951171875,11199340
2026-01-07,SBIN.NS,1022.7000122070312,1022.7000122070312,1004.0,1007.1500244140625,1007.1500244140625,7896720
2026-01-07,SUNPHARMA.NS,1755.0,1806.5999755859375,1748.5,1782.5999755859375,1771.0953369140625,3059500
2026-01-07,TCS.NS,3242.89990234375,3300.60009765625,3223.199951171875,3295.60009765625,3236.75927734375,1989442
2026-01-07,TECHM.NS,1599.0,1633.9000244140625,1595.800048828125,1625.199951171875,1625.199951171875,1309781
2026-01-07,TITAN.NS,4225.0,4312.10009765625,4202.0,4273.2001953125,4273.2001953125,3496340
2026-01-07,ULTRACEMCO.NS,12230.0,12250.0,12078.0,12184.0,12184.0,246825
2026-01-07,WIPRO.NS,265.0,272.5,264.5,270.79998779296875,263.98455810546875,10242615
2026-01-08,ADANIPORTS.NS,1468.0,1489.0,1460.300048828125,1465.199951171875,1465.199951171875,1974347
2026-01-08,ASIANPAINT.NS,2795.0,2804.699951171875,2770.10009765625,2786.5,2786.5,620031
2026-01-08,AXISBANK.NS,1291.0999755859375,1303.199951171875,1283.800048828125,1286.800048828125,1286.800048828125,3949654
2026-01-08,BAJFINANCE.NS,968.5,978.3499755859375,965.2999877929688,971.9500122070312,971.9500122070312,4410256
2026-01-08,BHARTIARTL.NS,2088.0,2092.0,2055.0,2066.300048828125,2066.300048828125,5534929
2026-01-08,GRASIM.NS,2821.0,2831.89990234375,2787.10009765625,2792.0,2792.0,437229
2026-01-08,HCLTECH.NS,1653.300048828125,1660.5999755859375,1635.4000244140625,1646.699951171875,1634.8568115234375,3266398
2026-01-08,HDFCBANK.NS,944.7000122070312,953.0,941.4000244140625,946.7000122070312,946.7000122070312,21928849
2026-01-08,HINDUNILVR.NS,2389.0,2418.10009765625,2368.10009765625,2386.699951171875,2386.699951171875,1163828
2026-01-08,ICICIBANK.NS,1429.0,1442.199951171875,1423.300048828125,1435.0,1435.0,14861699
2026-01-08,INDUSINDBK.NS,897.0,902.75,876.0999755859375,883.4500122070312,883.4500122070312,3567518
2026-01-08,INFY.NS,1638.9000244140625,1644.300048828125,1608.5999755859375,1613.300048828125,1613.300048828125,3942131
2026-01-08,ITC.NS,341.5,345.1499938964844,339.04998779296875,340.8999938964844,333.9021911621094,36706319
2026-01-08,JSWSTEEL.NS,1190.0,1190.0,1153.9000244140625,1155.9000244140625,1155.9000244140625,1275035
2026-01-08,KOTAKBANK.NS,428.0199890136719,428.6000061035156,423.7200012207031,426.6000061035156,426.6000061035156,11484710
2026-01-08,LT.NS,4160.0,4169.89990234375,3991.300048828125,4028.39990234375,4028.39990234375,2328813
2026-01-08,M&M.NS,3730.0,3756.800048828125,3693.199951171875,3724.0,3724.0,1261005
2026-01-08,MARUTI.NS,16808.0,16808.0,16541.0,16664.0,16664.0,238421
2026-01-08,NESTLEIND.NS,1309.0999755859375,1315.0999755859375,1299.0,1306.9000244140625,1299.8818359375,555817
2026-01-08,NTPC.NS,346.75,349.79998779296875,342.20001220703125,344.3999938964844,341.8193359375,8805975
2026-01-08,POWERGRID.NS,264.0,265.29998779296875,257.95001220703125,259.29998779296875,256.4213562011719,11762204
2026-01-08,RELIANCE.NS,1500.0,1503.9000244140625,1468.800048828125,1470.5999755859375,1470.5999755859375,16518684
2026-01-08,SBIN.NS,1006.5999755859375,1011.5999755859375,995.8499755859375,998.0,998.0,6854268
2026-01-08,SUNPHARMA.NS,1766.0,1778.5999755859375,1757.699951171875,1760.699951171875,1749.336669921875,1910656
2026-01-08,TCS.NS,3286.89990234375,3286.89990234375,3182.0,3203.89990234375,3146.6962890625,4159336
2026-01-08,TECHM.NS,1625.0,1632.800048828125,1574.5,1577.9000244140625,1577.9000244140625,1657201
2026-01-08,TITAN.NS,4273.2001953125,4303.2001953125,4239.0,4249.0,4249.0,1055725
2026-01-08,ULTRACEMCO.NS,12165.0,12188.0,12034.0,12064.0,12064.0,229175
2026-01-08,WIPRO.NS,270.8999938964844,270.8999938964844,261.3500061035156,262.20001220703125,255.6010284423828,9269522
2026-01-09,ADANIPORTS.NS,1463.0,1463.0,1431.0,1435.9000244140625,1435.9000244140625,2280396
2026-01-09,ASIANPAINT.NS,2789.89990234375,2856.699951171875,2786.199951171875,2825.5,2825.5,1657381
2026-01-09,AXISBANK.NS,1286.800048828125,1295.300048828125,1270.0999755859375,1272.0,1272.0,5531427
2026-01-09,BAJFINANCE.NS,970.0999755859375,983.0,953.7000122070312,959.5999755859375,959.5999755859375,7598970
2026-01-09,BHARTIARTL.NS,2070.199951171875,2084.0,2023.199951171875,2027.0999755859375,2027.0999755859375,4165409
2026-01-09,GRASIM.NS,2799.800048828125,2807.89990234375,2766.699951171875,2776.89990234375,2776.89990234375,556140
2026-01-09,HCLTECH.NS,1647.0999755859375,1675.0,1647.0999755859375,1661.4000244140625,1649.4510498046875,3281306
2026-01-09,HDFCBANK.NS,945.0,950.5999755859375,933.2999877929688,939.0,939.0,38183839
2026-01-09,HINDUNILVR.NS,2382.0,2386.0,2361.0,2372.60009765625,2372.60009765625,1189464
2026-01-09,ICICIBANK.NS,1427.0999755859375,1429.5,1401.5,1404.300048828125,1404.300048828125,12555636
2026-01-09,INDUSINDBK.NS,878.0499877929688,892.0,878.0499877929688,882.25,882.25,2515780
2026-01-09,INFY.NS,1610.0,1631.300048828125,1607.0,1614.0999755859375,1614.0999755859375,6816681
2026-01-09,ITC.NS,340.8999938964844,341.0,336.1000061035156,337.1499938964844,330.22918701171875,35193201
2026-01-09,JSWSTEEL.NS,1160.0,1170.699951171875,1154.4000244140625,1158.800048828125,1158.800048828125,1387896
2026-01-09,KOTAKBANK.NS,426.6000061035156,426.6000061035156,423.20001220703125,425.3599853515625,425.3599853515625,10319615
2026-01-09,LT.NS,4029.0,4094.0,4006.199951171875,4025.199951171875,4025.199951171875,1718127
2026-01-09,M&M.NS,3712.10009765625,3748.5,3667.10009765625,3677.300048828125,3677.300048828125,1235928
2026-01-09,MARUTI.NS,16663.0,16704.0,16417.0,16501.0,16501.0,286302
2026-01-09,NESTLEIND.NS,1306.9000244140625,1310.800048828125,1290.0999755859375,1299.0999755859375,1292.1236572265625,1194489
2026-01-09,NTPC.NS,344.3999938964844,344.3999938964844,334.3999938964844,336.0,333.4822998046875,10161744
2026-01-09,POWERGRID.NS,260.29998779296875,263.79998779296875,256.25,258.0,255.1357879638672,14100782
2026-01-09,RELIANCE.NS,1465.0,1479.9000244140625,1465.0,1475.300048828125,1475.300048828125,8335311
2026-01-09,SBIN.NS,996.0,1008.0,994.0,1000.5,1000.5,7809460
2026-01-09,SUNPHARMA.NS,1765.199951171875,1765.199951171875,1727.0,1729.9000244140625,1718.7354736328125,1585689
2026-01-09,TCS.NS,3191.0,3229.699951171875,3191.0,3207.800048828125,3150.52685546875,1938673
2026-01-09,TECHM.NS,1583.0,1606.4000244140625,1578.0999755859375,1582.199951171875,1582.199951171875,1410053
2026-01-09,TITAN.NS,4231.0,4279.0,4183.10009765625,4201.7998046875,4201.7998046875,883117
2026-01-09,ULTRACEMCO.NS,12058.0,12065.0,11852.0,11937.0,11937.0,263833
2026-01-09,WIPRO.NS,261.3500061035156,263.95001220703125,260.45001220703125,261.95001220703125,255.35731506347656,4735387
2026-01-12,ADANIPORTS.NS,1435.9000244140625,1447.0999755859375,1403.9000244140625,1443.5,1443.5,1539180
2026-01-12,ASIANPAINT.NS,2826.0,2900.0,2808.0,2896.39990234375,2896.39990234375,1743901
2026-01-12,AXISBANK.NS,1274.699951171875,1279.5999755859375,1266.5,1274.199951171875,1274.199951171875,6489750
2026-01-12,BAJFINANCE.NS,958.7999877929688,961.4000244140625,939.8499755859375,951.9000244140625,951.9000244140625,5640136
2026-01-12,BHARTIARTL.NS,2023.5,2048.800048828125,2001.300048828125,2044.0,2044.0,4689135
2026-01-12,GRASIM.NS,2763.0,2821.60009765625,2738.300048828125,2806.699951171875,2806.699951171875,476367
2026-01-12,HCLTECH.NS,1659.199951171875,1677.199951171875,1641.5,1667.5999755859375,1655.6064453125,4175707
2026-01-12,HDFCBANK.NS,937.5,942.0,929.5999755859375,936.9500122070312,936.9500122070312,21071666
2026-01-12,HINDUNILVR.NS,2362.0,2413.89990234375,2361.0,2406.199951171875,2406.199951171875,1057665
2026-01-12,ICICIBANK.NS,1399.9000244140625,1424.300048828125,1391.699951171875,1413.0999755859375,1413.0999755859375,10923811
2026-01-12,INDUSINDBK.NS,880.2000122070312,907.9500122070312,879.0999755859375,905.4500122070312,905.4500122070312,4015935
2026-01-12,INFY.NS,1610.0999755859375,1613.300048828125,1592.5999755859375,1595.9000244140625,1595.9000244140625,6985362
2026-01-12,ITC.NS,338.25,339.5,335.79998779296875,338.3999938964844,331.4535217285156,16156143
2026-01-12,JSWSTEEL.NS,1160.0,1185.0,1146.4000244140625,1182.699951171875,1182.699951171875,1391748
2026-01-12,KOTAKBANK.NS,425.3599853515625,427.8800048828125,421.20001220703125,426.6600036621094,426.6600036621094,12720435
2026-01-12,LT.NS,4026.0,4026.89990234375,3944.300048828125,4019.0,4019.0,1386513
2026-01-12,M&M.NS,3675.300048828125,3717.0,3598.800048828125,3682.0,3682.0,1665237
2026-01-12,MARUTI.NS,16456.0,16615.0,16271.0,16582.0,16582.0,288686
2026-01-12,NESTLEIND.NS,1293.0,1318.0,1291.5999755859375,1312.4000244140625,1305.352294921875,1032516
2026-01-12,NTPC.NS,336.75,340.6499938964844,333.70001220703125,337.45001220703125,334.9214172363281,9406174
2026-01-12,POWERGRID.NS,258.0,259.5,254.3000030517578,258.54998779296875,255.67967224121094,9698555
2026-01-12,RELIANCE.NS,1475.300048828125,1485.300048828125,1451.0,1483.199951171875,1483.199951171875,8883745
2026-01-12,SBIN.NS,1008.0,1017.25,996.0,1015.1500244140625,1015.1500244140625,7617922
2026-01-12,SUNPHARMA.NS,1732.0999755859375,1744.300048828125,1714.0999755859375,1736.0,1724.7960205078125,2327272
2026-01-12,TCS.NS,3203.0,3252.0,3174.300048828125,3239.60009765625,3181.75927734375,2228342
2026-01-12,TECHM.NS,1572.0999755859375,1594.0,1562.800048828125,1586.0999755859375,1586.0999755859375,652320
2026-01-12,TITAN.NS,4205.0,4242.0,4145.0,4231.60009765625,4231.60009765625,514767
2026-01-12,ULTRACEMCO.NS,11870.0,12124.0,11786.0,12098.0,12098.0,275484
2026-01-12,WIPRO.NS,260.70001220703125,264.5,259.04998779296875,263.1000061035156,256.4783630371094,3802164
2026-01-13,ADANIPORTS.NS,1443.5,1449.0,1420.0,1428.5999755859375,1428.5999755859375,919873
2026-01-13,ASIANPAINT.NS,2900.0,2914.5,2870.800048828125,2886.300048828125,2886.300048828125,1051986
2026-01-13,AXISBANK.NS,1274.0,1284.0,1258.699951171875,1262.0,1262.0,5163166
2026-01-13,BAJFINANCE.NS,950.0,955.8499755859375,939.0,949.0,949.0,6765116
2026-01-13,BHARTIARTL.NS,2047.0,2049.89990234375,2014.9000244140625,2026.9000244140625,2026.9000244140625,7388496
2026-01-13,GRASIM.NS,2799.0,2814.800048828125,2759.10009765625,2774.199951171875,2774.199951171875,875758
2026-01-13,HCLTECH.NS,1685.0,1697.5999755859375,1626.0,1665.0,1653.025146484375,7149266
2026-01-13,HDFCBANK.NS,947.7000122070312,947.7000122070312,932.5999755859375,937.3499755859375,937.3499755859375,32042827
2026-01-13,HINDUNILVR.NS,2415.10009765625,2422.199951171875,2365.0,2389.5,2389.5,1519683
2026-01-13,ICICIBANK.NS,1420.0,1441.800048828125,1411.0999755859375,1437.0,1437.0,14295581
2026-01-13,INDUSINDBK.NS,909.0,913.7000122070312,897.5,910.5499877929688,910.5499877929688,3958844
2026-01-13,INFY.NS,1618.0,1618.0,1586.4000244140625,1599.0,1599.0,8080618
2026-01-13,ITC.NS,339.0,339.5,333.70001220703125,334.70001220703125,327.8294982910156,24922339
2026-01-13,JSWSTEEL.NS,1182.699951171875,1194.800048828125,1168.4000244140625,1178.0999755859375,1178.0999755859375,1570887
2026-01-13,KOTAKBANK.NS,425.3800048828125,428.8800048828125,424.0,426.5199890136719,426.5199890136719,12717650
2026-01-13,LT.NS,4028.0,4028.0,3837.0,3887.39990234375,3887.39990234375,4978634
2026-01-13,M&M.NS,3717.0,3717.0,3631.5,3661.5,3661.5,1700985
2026-01-13,MARUTI.NS,16662.0,16726.0,16293.0,16426.0,16426.0,312205
2026-01-13,NESTLEIND.NS,1312.4000244140625,1321.9000244140625,1309.0,1318.699951171875,1311.618408203125,1316337
2026-01-13,NTPC.NS,337.45001220703125,339.25,335.04998779296875,337.8999938964844,335.3680419921875,5583379
2026-01-13,POWERGRID.NS,259.04998779296875,259.95001220703125,256.1000061035156,258.79998779296875,255.92689514160156,9734559
2026-01-13,RELIANCE.NS,1485.0,1485.800048828125,1444.699951171875,1452.800048828125,1452.800048828125,13499760
2026-01-13,SBIN.NS,1022.7999877929688,1029.5,1016.0,1028.449951171875,1028.449951171875,11016895
2026-01-13,SUNPHARMA.NS,1743.0,1743.800048828125,1712.0999755859375,1728.699951171875,1717.5430908203125,1770082
2026-01-13,TCS.NS,3245.0,3280.0,3210.5,3268.0,3209.652099609375,5645341
2026-01-13,TECHM.NS,1582.0,1622.9000244140625,1582.0,1614.800048828125,1614.800048828125,2573438
2026-01-13,TITAN.NS,4231.60009765625,4267.60009765625,4210.0,4239.2001953125,4239.2001953125,770707
2026-01-13,ULTRACEMCO.NS,12050.0,12199.0,11936.0,12044.0,12044.0,290750
2026-01-13,WIPRO.NS,263.45001220703125,264.8500061035156,261.29998779296875,264.20001220703125,257.5506896972656,6931244
2026-01-14,ADANIPORTS.NS,1429.0,1438.9000244140625,1423.0,1430.0,1430.0,1278819
2026-01-14,ASIANPAINT.NS,2884.0,2884.0,2807.300048828125,2813.89990234375,2813.89990234375,958254
2026-01-14,AXISBANK.NS,1255.0,1308.0,1253.5,1298.800048828125,1298.800048828125,7776704
2026-01-14,BAJFINANCE.NS,947.0,953.9000244140625,943.1500244140625,945.9500122070312,945.9500122070312,4452202
2026-01-14,BHARTIARTL.NS,2015.0999755859375,2034.0,2008.699951171875,2022.5,2022.5,4842964
2026-01-14,GRASIM.NS,2774.0,2821.10009765625,2755.10009765625,2795.800048828125,2795.800048828125,452326
2026-01-14,HCLTECH.NS,1665.0,1677.9000244140625,1649.199951171875,1668.5,1656.5,2470615
2026-01-14,HDFCBANK.NS,930.0,940.0499877929688,920.2000122070312,925.4500122070312,925.4500122070312,36688248
2026-01-14,HINDUNILVR.NS,2398.89990234375,2398.89990234375,2341.0,2353.5,2353.5,1027639
2026-01-14,ICICIBANK.NS,1425.5999755859375,1443.9000244140625,1414.9000244140625,1418.4000244140625,1418.4000244140625,13832255
2026-01-14,INDUSINDBK.NS,913.0,948.9000244140625,905.0,944.5,944.5,11559313
2026-01-14,INFY.NS,1588.0,1617.0,1583.0999755859375,1599.800048828125,1599.800048828125,7557157
2026-01-14,ITC.NS,336.0,336.0,333.45001220703125,334.75,327.8784484863281,14913422
2026-01-14,JSWSTEEL.NS,1179.9000244140625,1201.9000244140625,1170.300048828125,1181.800048828125,1181.800048828125,2281726
2026-01-14,KOTAKBANK.NS,426.0,427.6000061035156,418.79998779296875,421.0,421.0,10818517
2026-01-14,LT.NS,3900.0,3904.89990234375,3856.60009765625,3865.800048828125,3865.800048828125,1914244
2026-01-14,M&M.NS,3663.0,3682.0,3635.10009765625,3649.5,3649.5,1573135
2026-01-14,MARUTI.NS,16390.0,16412.0,16090.0,16152.0,16152.0,240043
2026-01-14,NESTLEIND.NS,1321.0,1328.199951171875,1302.199951171875,1307.0999755859375,1300.0806884765625,904110
2026-01-14,NTPC.NS,338.8999938964844,350.5,337.45001220703125,349.1000061035156,346.484130859375,20389924
2026-01-14,POWERGRID.NS,257.1000061035156,259.70001220703125,256.75,258.3500061035156,255.48190307617188,15435341
2026-01-14,RELIANCE.NS,1444.0,1467.0,1440.199951171875,1458.800048828125,1458.800048828125,8321764
2026-01-14,SBIN.NS,1030.0,1030.4000244140625,1020.5,1028.3499755859375,1028.3499755859375,7370514
2026-01-14,SUNPHARMA.NS,1737.0999755859375,1737.0999755859375,1689.199951171875,1700.699951171875,1689.723876953125,2479677
2026-01-14,TCS.NS,3260.0,3260.0,3183.0,3192.5,3135.5,3539511
2026-01-14,TECHM.NS,1612.9000244140625,1613.0,1583.0999755859375,1588.5,1588.5,1570385
2026-01-14,TITAN.NS,4241.89990234375,4283.0,4211.0,4221.5,4221.5,998692
2026-01-14,ULTRACEMCO.NS,12074.0,12323.0,11942.0,12255.0,12255.0,408660
2026-01-14,WIPRO.NS,264.0,264.0,259.6000061035156,260.20001220703125,253.6513671875,5625861
2026-01-15,ADANIPORTS.NS,1430.0,1430.0,1430.0,1430.0,1430.0,0
2026-01-15,ASIANPAINT.NS,2813.89990234375,2813.89990234375,2813.89990234375,2813.89990234375,2813.89990234375,0
2026-01-15,AXISBANK.NS,1298.800048828125,1298.800048828125,1298.800048828125,1298.800048828125,1298.800048828125,0
2026-01-15,BAJFINANCE.NS,945.9500122070312,945.9500122070312,945.9500122070312,945.9500122070312,945.9500122070312,0
2026-01-15,BHARTIARTL.NS,2022.5,2022.5,2022.5,2022.5,2022.5,0
2026-01-15,GRASIM.NS,2795.800048828125,2795.800048828125,2795.800048828125,2795.800048828125,2795.800048828125,0
2026-01-15,HCLTECH.NS,1668.5,1668.5,1668.5,1668.5,1656.5,0
2026-01-15,HDFCBANK.NS,925.4500122070312,925.4500122070312,925.4500122070312,925.4500122070312,925.4500122070312,0
2026-01-15,HINDUNILVR.NS,2353.5,2353.5,2353.5,2353.5,2353.5,0
2026-01-15,ICICIBANK.NS,1418.4000244140625,1418.4000244140625,1418.4000244140625,1418.4000244140625,1418.4000244140625,0
2026-01-15,INDUSINDBK.NS,944.5,944.5,944.5,944.5,944.5,0
2026-01-15,INFY.NS,1599.800048828125,1599.800048828125,1599.800048828125,1599.800048828125,1599.800048828125,0
2026-01-15,ITC.NS,334.75,334.75,334.75,334.75,327.8784484863281,0
2026-01-15,JSWSTEEL.NS,1181.800048828125,1181.800048828125,1181.800048828125,1181.800048828125,1181.800048828125,0
2026-01-15,KOTAKBANK.NS,421.0,421.0,421.0,421.0,421.0,0
2026-01-15,LT.NS,3865.800048828125,3865.800048828125,3865.800048828125,3865.800048828125,3865.800048828125,0
2026-01-15,M&M.NS,3649.5,3649.5,3649.5,3649.5,3649.5,0
2026-01-15,MARUTI.NS,16152.0,16152.0,16152.0,16152.0,16152.0,0
2026-01-15,NESTLEIND.NS,1307.0999755859375,1307.0999755859375,1307.0999755859375,1307.0999755859375,1300.0806884765625,0
2026-01-15,NTPC.NS,349.1000061035156,349.1000061035156,349.1000061035156,349.1000061035156,346.484130859375,0
2026-01-15,POWERGRID.NS,258.3500061035156,258.3500061035156,258.3500061035156,258.3500061035156,255.48190307617188,0
2026-01-15,RELIANCE.NS,1458.800048828125,1458.800048828125,1458.800048828125,1458.800048828125,1458.800048828125,0
2026-01-15,SBIN.NS,1028.3499755859375,1028.3499755859375,1028.3499755859375,1028.3499755859375,1028.3499755859375,0
2026-01-15,SUNPHARMA.NS,1700.699951171875,1700.699951171875,1700.699951171875,1700.699951171875,1689.723876953125,0
2026-01-15,TCS.NS,3192.5,3192.5,3192.5,3192.5,3135.5,0
2026-01-15,TECHM.NS,1588.5,1588.5,1588.5,1588.5,1588.5,0
2026-01-15,TITAN.NS,4221.5,4221.5,4221.5,4221.5,4221.5,0
2026-01-15,ULTRACEMCO.NS,12255.0,12255.0,12255.0,12255.0,12255.0,0
2026-01-15,WIPRO.NS,260.20001220703125,260.20001220703125,260.20001220703125,260.20001220703125,253.6513671875,0
2026-01-16,ADANIPORTS.NS,1430.0,1448.0,1416.0999755859375,1421.9000244140625,1421.9000244140625,1556318
2026-01-16,ASIANPAINT.NS,2787.89990234375,2826.5,2750.5,2756.89990234375,2756.89990234375,1143463
2026-01-16,AXISBANK.NS,1298.800048828125,1309.0,1286.5,1294.199951171875,1294.199951171875,5175495
2026-01-16,BAJFINANCE.NS,940.2000122070312,963.0,936.7999877929688,950.25,950.25,10710080
2026-01-16,BHARTIARTL.NS,2020.0,2029.699951171875,1988.699951171875,2016.4000244140625,2016.4000244140625,7310676
2026-01-16,GRASIM.NS,2810.800048828125,2827.300048828125,2791.0,2809.60009765625,2809.60009765625,678922
2026-01-16,HCLTECH.NS,1670.0,1700.9000244140625,1664.800048828125,1698.0,1698.0,3098089
2026-01-16,HDFCBANK.NS,922.0,935.9500122070312,919.2000122070312,931.0999755859375,931.0999755859375,37780235
2026-01-16,HINDUNILVR.NS,2370.0,2372.89990234375,2348.89990234375,2360.39990234375,2360.39990234375,1367606
2026-01-16,ICICIBANK.NS,1417.9000244140625,1429.0,1400.199951171875,1410.800048828125,1410.800048828125,12530886
2026-01-16,INDUSINDBK.NS,945.0,960.2000122070312,938.0499877929688,953.8499755859375,953.8499755859375,10345071
2026-01-16,INFY.NS,1663.699951171875,1694.0,1653.4000244140625,1689.800048828125,1689.800048828125,19335957
2026-01-16,ITC.NS,337.5,337.5,328.54998779296875,329.20001220703125,322.4423828125,30526898
2026-01-16,JSWSTEEL.NS,1181.800048828125,1199.300048828125,1179.199951171875,1187.300048828125,1187.300048828125,1883089
2026-01-16,KOTAKBANK.NS,424.0,427.6000061035156,417.1000061035156,418.20001220703125,418.20001220703125,17993251
2026-01-16,LT.NS,3890.0,3914.0,3848.699951171875,3856.39990234375,3856.39990234375,1807300
2026-01-16,M&M.NS,3650.10009765625,3729.89990234375,3650.10009765625,3658.199951171875,3658.199951171875,2089943
2026-01-16,MARUTI.NS,16000.0,16197.0,15770.0,15859.0,15859.0,703056
2026-01-16,NESTLEIND.NS,1318.199951171875,1320.9000244140625,1305.300048828125,1315.9000244140625,1308.83349609375,1491989
2026-01-16,NTPC.NS,352.6499938964844,354.04998779296875,345.3999938964844,346.3500061035156,343.7547302246094,14275582
2026-01-16,POWERGRID.NS,258.29998779296875,261.54998779296875,256.20001220703125,257.29998779296875,254.44354248046875,9648251
2026-01-16,RELIANCE.NS,1458.800048828125,1480.0,1455.0999755859375,1457.9000244140625,1457.9000244140625,17167161
2026-01-16,SBIN.NS,1032.0,1047.449951171875,1028.4000244140625,1042.300048828125,1042.300048828125,11051580
2026-01-16,SUNPHARMA.NS,1708.0,1708.0,1659.300048828125,1668.9000244140625,1658.129150390625,3697596
2026-01-16,TCS.NS,3219.39990234375,3221.89990234375,3171.0,3206.699951171875,3206.699951171875,4293470
2026-01-16,TECHM.NS,1600.0,1680.699951171875,1600.0,1670.5,1670.5,3733401
2026-01-16,TITAN.NS,4221.5,4236.39990234375,4181.10009765625,4196.89990234375,4196.89990234375,686949
2026-01-16,ULTRACEMCO.NS,11800.0,12405.0,11800.0,12378.0,12378.0,454481
2026-01-16,WIPRO.NS,263.25,269.79998779296875,263.0,267.45001220703125,260.7189025878906,12028289
2026-01-19,ADANIPORTS.NS,1421.0,1421.0,1395.5999755859375,1403.0,1403.0,1130162
2026-01-19,ASIANPAINT.NS,2756.89990234375,2786.300048828125,2724.699951171875,2754.0,2754.0,1342048
2026-01-19,AXISBANK.NS,1307.0,1327.0,1297.0999755859375,1307.5,1307.5,8833223
2026-01-19,BAJFINANCE.NS,950.5,972.9000244140625,948.8499755859375,969.4500122070312,969.4500122070312,7000442
2026-01-19,BHARTIARTL.NS,2023.0,2023.0,1996.300048828125,2010.0,2010.0,4272071
2026-01-19,GRASIM.NS,2796.0,2821.60009765625,2768.800048828125,2780.0,2780.0,586951
2026-01-19,HCLTECH.NS,1698.0,1719.0,1685.0999755859375,1716.800048828125,1716.800048828125,2087629
2026-01-19,HDFCBANK.NS,935.9000244140625,936.1500244140625,919.5,927.9000244140625,927.9000244140625,38191942
2026-01-19,HINDUNILVR.NS,2353.0,2425.39990234375,2353.0,2413.89990234375,2413.89990234375,1505238
2026-01-19,ICICIBANK.NS,1399.9000244140625,1400.0,1360.0,1380.5999755859375,1380.5999755859375,23302883
2026-01-19,INDUSINDBK.NS,947.9500122070312,961.9000244140625,941.4500122070312,949.7999877929688,949.7999877929688,5455304
2026-01-19,INFY.NS,1685.0,1685.0,1666.5,1681.199951171875,1681.199951171875,5104958
2026-01-19,ITC.NS,330.0,334.6499938964844,327.29998779296875,333.20001220703125,326.3602600097656,15507440
2026-01-19,JSWSTEEL.NS,1187.4000244140625,1195.800048828125,1176.4000244140625,1184.0999755859375,1184.0999755859375,2213860
2026-01-19,KOTAKBANK.NS,419.0,430.3999938964844,415.0,426.8999938964844,426.8999938964844,22228439
2026-01-19,LT.NS,3820.0,3878.39990234375,3808.5,3869.800048828125,3869.800048828125,1709380
2026-01-19,M&M.NS,3689.0,3689.0,3614.0,3657.39990234375,3657.39990234375,1715818
2026-01-19,MARUTI.NS,15859.0,16242.0,15813.0,16176.0,16176.0,385141
2026-01-19,NESTLEIND.NS,1306.0,1320.300048828125,1305.5,1315.5999755859375,1308.5350341796875,867546
2026-01-19,NTPC.NS,343.5,347.95001220703125,342.04998779296875,343.3500061035156,340.7772216796875,9974363
2026-01-19,POWERGRID.NS,256.8999938964844,258.79998779296875,256.6499938964844,257.6499938964844,254.7896728515625,10588722
2026-01-19,RELIANCE.NS,1450.5999755859375,1450.5999755859375,1403.300048828125,1413.5999755859375,1413.5999755859375,20392765
2026-01-19,SBIN.NS,1035.0,1043.5999755859375,1034.0,1038.4000244140625,1038.4000244140625,5460164
2026-01-19,SUNPHARMA.NS,1650.0,1687.300048828125,1600.0,1675.4000244140625,1664.587158203125,2975272
2026-01-19,TCS.NS,3188.0,3220.0,3152.10009765625,3163.60009765625,3163.60009765625,3387562
2026-01-19,TECHM.NS,1690.0,1736.0,1673.5,1718.300048828125,1718.300048828125,10621562
2026-01-19,TITAN.NS,4165.7001953125,4207.39990234375,4129.10009765625,4144.10009765625,4144.10009765625,365905
2026-01-19,ULTRACEMCO.NS,12350.0,12395.0,12233.0,12297.0,12297.0,257602
2026-01-19,WIPRO.NS,252.0,252.0,241.5500030517578,245.9499969482422,239.75997924804688,65833247
2026-01-20,ADANIPORTS.NS,1409.0,1412.9000244140625,1359.5999755859375,1367.5999755859375,1367.5999755859375,1799611
2026-01-20,ASIANPAINT.NS,2740.0,2740.10009765625,2669.300048828125,2675.60009765625,2675.60009765625,911151
2026-01-20,AXISBANK.NS,1306.0999755859375,1310.9000244140625,1290.0,1293.5,1293.5,6268527
2026-01-20,BAJFINANCE.NS,975.7000122070312,975.7000122070312,927.9000244140625,933.2000122070312,933.2000122070312,9001207
2026-01-20,BHARTIARTL.NS,2018.0,2018.0,1977.0999755859375,1996.0,1996.0,6076838
2026-01-20,GRASIM.NS,2783.0,2790.800048828125,2706.0,2713.60009765625,2713.60009765625,411054
2026-01-20,HCLTECH.NS,1720.0,1720.0,1681.800048828125,1687.300048828125,1687.300048828125,1739341
2026-01-20,HDFCBANK.NS,929.2999877929688,934.5,919.5999755859375,931.2000122070312,931.2000122070312,36022727
2026-01-20,HINDUNILVR.NS,2423.0,2439.0,2368.5,2379.10009765625,2379.10009765625,1460806
2026-01-20,ICICIBANK.NS,1374.699951171875,1387.800048828125,1371.5,1375.800048828125,1375.800048828125,15012785
2026-01-20,INDUSINDBK.NS,946.0,948.0,899.0499877929688,905.1500244140625,905.1500244140625,6701234
2026-01-20,INFY.NS,1673.0,1680.199951171875,1652.9000244140625,1658.9000244140625,1658.9000244140625,6406503
2026-01-20,ITC.NS,334.04998779296875,334.5,325.5,326.29998779296875,319.6018981933594,18771011
2026-01-20,JSWSTEEL.NS,1188.0,1195.0,1156.5,1160.0,1160.0,1106893
2026-01-20,KOTAKBANK.NS,428.0,431.0,422.5,423.79998779296875,423.79998779296875,18805991
2026-01-20,LT.NS,3858.0,3874.300048828125,3800.0,3810.5,3810.5,1658119
2026-01-20,M&M.NS,3646.0,3677.5,3540.0,3557.5,3557.5,1753439
2026-01-20,MARUTI.NS,16200.0,16233.0,15850.0,15879.0,15879.0,289609
2026-01-20,NESTLEIND.NS,1315.0,1317.0999755859375,1291.5999755859375,1295.699951171875,1288.7418212890625,1173676
2026-01-20,NTPC.NS,343.0,348.29998779296875,337.70001220703125,338.75,336.211669921875,7718407
2026-01-20,POWERGRID.NS,257.6499938964844,257.8500061035156,253.39999389648438,254.0500030517578,251.22964477539062,12452441
2026-01-20,RELIANCE.NS,1410.699951171875,1416.0,1390.0,1394.0,1394.0,13189498
2026-01-20,SBIN.NS,1039.75,1052.0,1033.050048828125,1036.4000244140625,1036.4000244140625,8905718
2026-01-20,SUNPHARMA.NS,1674.0999755859375,1674.0999755859375,1602.800048828125,1613.800048828125,1603.384765625,5019166
2026-01-20,TCS.NS,3151.60009765625,3160.0,3091.10009765625,3102.300048828125,3102.300048828125,4499273
2026-01-20,TECHM.NS,1715.0,1716.699951171875,1675.0,1678.5,1678.5,1825981
2026-01-20,TITAN.NS,4155.0,4155.0,4064.300048828125,4075.5,4075.5,586156
2026-01-20,ULTRACEMCO.NS,12225.0,12399.0,11995.0,12059.0,12059.0,298026
2026-01-20,WIPRO.NS,245.9499969482422,246.0,239.39999389648438,239.89999389648438,233.86224365234375,16796201
2026-01-21,ADANIPORTS.NS,1371.699951171875,1390.4000244140625,1345.0,1378.5999755859375,1378.5999755859375,2141532
2026-01-21,ASIANPAINT.NS,2670.0,2688.0,2648.0,2661.10009765625,2661.10009765625,914318
2026-01-21,AXISBANK.NS,1290.0,1297.699951171875,1267.4000244140625,1284.9000244140625,1284.9000244140625,3854702
2026-01-21,BAJFINANCE.NS,925.0,947.2999877929688,921.0,936.25,936.25,5375254
2026-01-21,BHARTIARTL.NS,1977.0,2007.0999755859375,1967.0,1996.0999755859375,1996.0999755859375,7952295
2026-01-21,GRASIM.NS,2718.89990234375,2752.0,2708.300048828125,2735.60009765625,2735.60009765625,939481
2026-01-21,HCLTECH.NS,1687.5999755859375,1694.9000244140625,1668.9000244140625,1682.5,1682.5,1728435
2026-01-21,HDFCBANK.NS,925.0,932.1500244140625,915.5,920.3499755859375,920.3499755859375,32766854
2026-01-21,HINDUNILVR.NS,2379.10009765625,2400.5,2360.0,2368.0,2368.0,1020245
2026-01-21,ICICIBANK.NS,1367.5,1371.5,1339.5,1349.0,1349.0,21766068
2026-01-21,INDUSINDBK.NS,908.0,919.1500244140625,891.4500122070312,907.1500244140625,907.1500244140625,3567143
2026-01-21,INFY.NS,1651.0,1657.0,1631.199951171875,1654.4000244140625,1654.4000244140625,6224582
2026-01-21,ITC.NS,326.0,329.29998779296875,324.3500061035156,324.75,318.0837097167969,14177965
2026-01-21,JSWSTEEL.NS,1163.5,1178.9000244140625,1159.5999755859375,1174.5999755859375,1174.5999755859375,1401954
2026-01-21,KOTAKBANK.NS,422.1000061035156,425.5,416.3999938964844,421.6000061035156,421.6000061035156,16386060
2026-01-21,LT.NS,3800.0,3830.0,3722.0,3766.5,3766.5,2537185
2026-01-21,M&M.NS,3543.0,3586.699951171875,3517.10009765625,3553.300048828125,3553.300048828125,1587467
2026-01-21,MARUTI.NS,15675.0,15973.0,15675.0,15770.0,15770.0,345738
2026-01-21,NESTLEIND.NS,1298.9000244140625,1311.699951171875,1271.300048828125,1283.199951171875,1276.3089599609375,1046054
2026-01-21,NTPC.NS,338.79998779296875,341.6000061035156,336.79998779296875,338.70001220703125,336.1620788574219,6948955
2026-01-21,POWERGRID.NS,252.0500030517578,258.8500061035156,252.0500030517578,255.8000030517578,252.96022033691406,14263346
2026-01-21,RELIANCE.NS,1389.5,1412.9000244140625,1373.0,1404.5999755859375,1404.5999755859375,17352720
2026-01-21,SBIN.NS,1032.0,1040.5999755859375,1022.0,1028.6500244140625,1028.6500244140625,7408949
2026-01-21,SUNPHARMA.NS,1637.0,1645.0,1607.699951171875,1612.9000244140625,1602.4906005859375,3947877
2026-01-21,TCS.NS,3100.0,3138.5,3082.0,3122.60009765625,3122.60009765625,2015150
2026-01-21,TECHM.NS,1678.5,1694.300048828125,1660.0999755859375,1686.699951171875,1686.699951171875,1766163
2026-01-21,TITAN.NS,4075.5,4109.89990234375,4053.5,4079.199951171875,4079.199951171875,552760
2026-01-21,ULTRACEMCO.NS,12059.0,12280.0,11984.0,12231.0,12231.0,209393
2026-01-21,WIPRO.NS,239.89999389648438,242.60000610351562,237.60000610351562,239.5500030517578,233.5210723876953,14397792
2026-01-22,ADANIPORTS.NS,1400.0,1421.699951171875,1388.5,1414.199951171875,1414.199951171875,1689638
2026-01-22,ASIANPAINT.NS,2665.300048828125,2729.89990234375,2665.300048828125,2703.800048828125,2703.800048828125,1290346
2026-01-22,AXISBANK.NS,1290.0,1298.9000244140625,1281.4000244140625,1294.800048828125,1294.800048828125,5949677
2026-01-22,BAJFINANCE.NS,947.0,947.0,934.25,942.8499755859375,942.8499755859375,5518756
2026-01-22,BHARTIARTL.NS,2008.800048828125,2018.9000244140625,1990.0,2002.199951171875,2002.199951171875,6722567
2026-01-22,GRASIM.NS,2742.5,2799.0,2742.5,2787.60009765625,2787.60009765625,870158
2026-01-22,HCLTECH.NS,1690.5999755859375,1709.0,1681.5,1703.0999755859375,1703.0999755859375,1853439
2026-01-22,HDFCBANK.NS,928.0,928.2999877929688,913.2000122070312,918.7000122070312,918.7000122070312,44444755
2026-01-22,HINDUNILVR.NS,2368.89990234375,2402.0,2365.699951171875,2390.60009765625,2390.60009765625,1745964
2026-01-22,ICICIBANK.NS,1355.0999755859375,1358.0,1338.0,1345.5,1345.5,17179765
2026-01-22,INDUSINDBK.NS,911.0,916.2000122070312,892.9000244140625,902.4500122070312,902.4500122070312,2338485
2026-01-22,INFY.NS,1666.0,1671.199951171875,1653.800048828125,1663.5,1663.5,6228892
2026-01-22,ITC.NS,326.1000061035156,328.70001220703125,321.04998779296875,324.8500061035156,318.1816711425781,18622852
2026-01-22,JSWSTEEL.NS,1180.0,1192.0,1176.0999755859375,1184.4000244140625,1184.4000244140625,1428697
2026-01-22,KOTAKBANK.NS,423.79998779296875,429.79998779296875,420.29998779296875,426.0,426.0,10087657
2026-01-22,LT.NS,3798.89990234375,3801.300048828125,3755.10009765625,3793.800048828125,3793.800048828125,1856812
2026-01-22,M&M.NS,3600.0,3620.0,3533.39990234375,3573.699951171875,3573.699951171875,2107171
2026-01-22,MARUTI.NS,15950.0,15971.0,15714.0,15765.0,15765.0,352320
2026-01-22,NESTLEIND.NS,1285.9000244140625,1312.0,1272.300048828125,1306.0,1298.986572265625,994359
2026-01-22,NTPC.NS,338.70001220703125,343.20001220703125,337.1000061035156,342.45001220703125,339.88397216796875,5885972
2026-01-22,POWERGRID.NS,256.6000061035156,259.8500061035156,255.4499969482422,259.25,256.3719177246094,15520530
2026-01-22,RELIANCE.NS,1410.0999755859375,1419.5,1395.0,1402.5,1402.5,15721693
2026-01-22,SBIN.NS,1035.0,1055.5,1034.050048828125,1048.3499755859375,1048.3499755859375,12001641
2026-01-22,SUNPHARMA.NS,1614.0999755859375,1646.5,1613.199951171875,1634.199951171875,1623.653076171875,2279862
2026-01-22,TCS.NS,3150.0,3160.0,3122.300048828125,3150.39990234375,3150.39990234375,2269827
2026-01-22,TECHM.NS,1695.0,1712.5999755859375,1682.699951171875,1687.4000244140625,1687.4000244140625,3123567
2026-01-22,TITAN.NS,4099.0,4128.0,3980.800048828125,4018.60009765625,4018.60009765625,818966
2026-01-22,ULTRACEMCO.NS,12293.0,12400.0,12165.0,12364.0,12364.0,286236
2026-01-22,WIPRO.NS,242.0,242.89999389648438,239.1999969482422,240.64999389648438,234.59336853027344,8537915
2026-01-23,ADANIPORTS.NS,1417.0,1417.0,1292.0,1308.4000244140625,1308.4000244140625,6380222
2026-01-23,ASIANPAINT.NS,2703.800048828125,2782.89990234375,2690.800048828125,2703.699951171875,2703.699951171875,1786635
2026-01-23,AXISBANK.NS,1297.0,1299.0,1248.0,1258.0,1258.0,8885549
2026-01-23,BAJFINANCE.NS,942.8499755859375,951.4000244140625,926.2999877929688,927.8499755859375,927.8499755859375,6535035
2026-01-23,BHARTIARTL.NS,2009.0,2011.699951171875,1980.0999755859375,1984.699951171875,1984.699951171875,4340925
2026-01-23,GRASIM.NS,2789.89990234375,2805.0,2752.5,2759.0,2759.0,606097
2026-01-23,HCLTECH.NS,1712.699951171875,1721.0,1698.800048828125,1707.0,1707.0,1874357
2026-01-23,HDFCBANK.NS,920.0,926.0999755859375,909.25,916.0999755859375,916.0999755859375,30985247
2026-01-23,HINDUNILVR.NS,2400.0,2434.300048828125,2376.800048828125,2409.5,2409.5,1378097
2026-01-23,ICICIBANK.NS,1340.5,1355.199951171875,1335.699951171875,1343.4000244140625,1343.4000244140625,14056524
2026-01-23,INDUSINDBK.NS,900.0499877929688,914.5999755859375,888.25,892.4500122070312,892.4500122070312,5907525
2026-01-23,INFY.NS,1667.199951171875,1675.699951171875,1662.199951171875,1670.800048828125,1670.800048828125,5869137
2026-01-23,ITC.NS,325.54998779296875,326.3999938964844,322.70001220703125,323.3999938964844,316.76141357421875,11950089
2026-01-23,JSWSTEEL.NS,1193.300048828125,1193.300048828125,1164.800048828125,1170.0,1170.0,2406992
2026-01-23,KOTAKBANK.NS,429.0,429.79998779296875,420.3999938964844,422.79998779296875,422.79998779296875,10548118
2026-01-23,LT.NS,3798.0,3799.39990234375,3720.10009765625,3743.800048828125,3743.800048828125,1898703
2026-01-23,M&M.NS,3573.699951171875,3596.0,3534.800048828125,3543.39990234375,3543.39990234375,1922549
2026-01-23,MARUTI.NS,15819.0,15846.0,15439.0,15469.0,15469.0,338669
2026-01-23,NESTLEIND.NS,1310.0,1311.9000244140625,1290.300048828125,1293.800048828125,1286.8521728515625,744221
2026-01-23,NTPC.NS,343.95001220703125,345.45001220703125,336.1000061035156,336.70001220703125,334.17706298828125,10084314
2026-01-23,POWERGRID.NS,259.25,259.95001220703125,252.60000610351562,254.14999389648438,251.32852172851562,18022018
2026-01-23,RELIANCE.NS,1401.800048828125,1407.0,1381.0,1386.0999755859375,1386.0999755859375,9837802
2026-01-23,SBIN.NS,1051.9000244140625,1053.0,1025.5999755859375,1029.5,1029.5,10917698
2026-01-23,SUNPHARMA.NS,1640.0,1648.9000244140625,1625.4000244140625,1631.9000244140625,1621.367919921875,1678658
2026-01-23,TCS.NS,3190.300048828125,3194.5,3152.0,3162.5,3162.5,2068857
2026-01-23,TECHM.NS,1699.0,1709.699951171875,1689.199951171875,1701.0999755859375,1701.0999755859375,1831521
2026-01-23,TITAN.NS,4025.10009765625,4063.300048828125,3980.0,4021.800048828125,4021.800048828125,1015415
2026-01-23,ULTRACEMCO.NS,12375.0,12554.0,12283.0,12369.0,12369.0,356421
2026-01-23,WIPRO.NS,242.3000030517578,243.5500030517578,237.85000610351562,238.39999389648438,232.39999389648438,13546802
2026-01-27,ADANIPORTS.NS,1334.300048828125,1368.300048828125,1322.0,1363.9000244140625,1363.9000244140625,3838632
2026-01-27,ASIANPAINT.NS,2719.89990234375,2734.699951171875,2546.0,2622.800048828125,2622.800048828125,3818761
2026-01-27,AXISBANK.NS,1288.800048828125,1333.199951171875,1278.4000244140625,1315.800048828125,1315.800048828125,22715357
2026-01-27,BAJFINANCE.NS,930.0,931.9500122070312,907.7000122070312,914.7000122070312,914.7000122070312,15312488
2026-01-27,BHARTIARTL.NS,1972.0999755859375,2003.800048828125,1962.699951171875,1973.4000244140625,1973.4000244140625,10510891
2026-01-27,GRASIM.NS,2798.0,2866.89990234375,2773.0,2856.199951171875,2856.199951171875,1521231
2026-01-27,HCLTECH.NS,1720.0,1725.5,1700.5,1720.199951171875,1720.199951171875,2671530
2026-01-27,HDFCBANK.NS,906.0,931.2000122070312,905.0,926.4000244140625,926.4000244140625,44753093
2026-01-27,HINDUNILVR.NS,2412.0,2421.60009765625,2380.5,2400.89990234375,2400.89990234375,2060117
2026-01-27,ICICIBANK.NS,1340.0,1369.0999755859375,1328.5999755859375,1361.4000244140625,1361.4000244140625,25263634
2026-01-27,INDUSINDBK.NS,875.0,897.0,851.1500244140625,894.75,894.75,8419598
2026-01-27,INFY.NS,1685.800048828125,1689.4000244140625,1661.0999755859375,1682.699951171875,1682.699951171875,10673087
2026-01-27,ITC.NS,323.6000061035156,324.70001220703125,317.8500061035156,318.6499938964844,312.1089172363281,47847784
2026-01-27,JSWSTEEL.NS,1197.0,1230.4000244140625,1182.699951171875,1222.0,1222.0,3808562
2026-01-27,KOTAKBANK.NS,415.0,415.0,400.5,408.70001220703125,408.70001220703125,47613963
2026-01-27,LT.NS,3743.800048828125,3815.0,3739.0,3787.800048828125,3787.800048828125,2162193
2026-01-27,M&M.NS,3437.199951171875,3497.699951171875,3344.10009765625,3393.5,3393.5,7139715
2026-01-27,MARUTI.NS,15300.0,15387.0,15013.0,15245.0,15245.0,565768
2026-01-27,NESTLEIND.NS,1300.0,1314.0,1290.300048828125,1303.300048828125,1296.3011474609375,1159495
2026-01-27,NTPC.NS,340.5,346.5,337.04998779296875,344.70001220703125,342.1170959472656,12203590
2026-01-27,POWERGRID.NS,256.5,258.3500061035156,252.0500030517578,254.35000610351562,251.52630615234375,17375059
2026-01-27,RELIANCE.NS,1380.0,1391.5999755859375,1368.0,1380.5,1380.5,26302396
2026-01-27,SBIN.NS,1034.0999755859375,1055.0,1030.25,1053.1500244140625,1053.1500244140625,14420630
2026-01-27,SUNPHARMA.NS,1658.199951171875,1658.199951171875,1622.300048828125,1638.9000244140625,1628.32275390625,2666522
2026-01-27,TCS.NS,3175.0,3175.0,3130.0,3158.0,3158.0,4279874
2026-01-27,TECHM.NS,1720.0,1749.0,1700.0,1745.0999755859375,1745.0999755859375,2932973
2026-01-27,TITAN.NS,4021.800048828125,4040.0,3955.0,3997.0,3997.0,1760501
2026-01-27,ULTRACEMCO.NS,12544.0,12825.0,12500.0,12589.0,12589.0,926373
2026-01-27,WIPRO.NS,235.1999969482422,236.39999389648438,231.75,234.8000030517578,234.8000030517578,15677537
2026-01-28,ADANIPORTS.NS,1373.9000244140625,1384.300048828125,1363.699951171875,1381.9000244140625,1381.9000244140625,2938285
2026-01-28,ASIANPAINT.NS,2535.0,2548.5,2451.0,2511.800048828125,2511.800048828125,3430002
2026-01-28,AXISBANK.NS,1348.0,1369.4000244140625,1310.199951171875,1319.800048828125,1319.800048828125,15426403
2026-01-28,BAJFINANCE.NS,914.7000122070312,936.9000244140625,914.7000122070312,935.1500244140625,935.1500244140625,6046468
2026-01-28,BHARTIARTL.NS,1995.0,1995.0,1939.0,1957.699951171875,1957.699951171875,9426909
2026-01-28,GRASIM.NS,2870.10009765625,2891.199951171875,2831.10009765625,2839.10009765625,2839.10009765625,508906
2026-01-28,HCLTECH.NS,1705.0999755859375,1734.4000244140625,1691.0,1729.5999755859375,1729.5999755859375,2713867
2026-01-28,HDFCBANK.NS,932.5,941.4500122070312,928.4000244140625,932.7000122070312,932.7000122070312,35347138
2026-01-28,HINDUNILVR.NS,2403.10009765625,2420.199951171875,2340.60009765625,2378.39990234375,2378.39990234375,1797593
2026-01-28,ICICIBANK.NS,1362.5999755859375,1380.4000244140625,1362.5999755859375,1367.699951171875,1367.699951171875,13242696
2026-01-28,INDUSINDBK.NS,898.75,903.0,877.6500244140625,901.7000122070312,901.7000122070312,2982683
2026-01-28,INFY.NS,1680.0,1688.800048828125,1650.0,1666.5,1666.5,8588664
2026-01-28,ITC.NS,319.95001220703125,323.70001220703125,319.3500061035156,321.1499938964844,314.5576171875,28400238
2026-01-28,JSWSTEEL.NS,1232.0,1232.0,1208.199951171875,1218.699951171875,1218.699951171875,2214293
2026-01-28,KOTAKBANK.NS,409.29998779296875,414.20001220703125,406.29998779296875,412.3999938964844,412.3999938964844,14823671
2026-01-28,LT.NS,3804.300048828125,3828.199951171875,3769.10009765625,3794.0,3794.0,2111741
2026-01-28,M&M.NS,3379.0,3456.89990234375,3376.0,3449.199951171875,3449.199951171875,3964878
2026-01-28,MARUTI.NS,15161.0,15294.0,14431.0,14877.0,14877.0,1584483
2026-01-28,NESTLEIND.NS,1297.199951171875,1306.0,1273.0,1292.4000244140625,1285.4595947265625,940426
2026-01-28,NTPC.NS,344.70001220703125,353.25,344.70001220703125,348.04998779296875,345.4419860839844,13566973
2026-01-28,POWERGRID.NS,254.0,260.75,254.0,259.79998779296875,256.9158020019531,16046343
2026-01-28,RELIANCE.NS,1385.0,1409.9000244140625,1384.9000244140625,1396.699951171875,1396.699951171875,11121657
2026-01-28,SBIN.NS,1059.4000244140625,1065.5999755859375,1044.1500244140625,1063.5,1063.5,12171257
2026-01-28,SUNPHARMA.NS,1639.9000244140625,1649.300048828125,1600.0,1610.5999755859375,1600.205322265625,4124391
2026-01-28,TCS.NS,3176.0,3205.199951171875,3170.60009765625,3200.10009765625,3200.10009765625,2751234
2026-01-28,TECHM.NS,1748.0,1765.699951171875,1739.9000244140625,1762.9000244140625,1762.9000244140625,2534826
2026-01-28,TITAN.NS,4002.0,4025.800048828125,3964.89990234375,3975.199951171875,3975.199951171875,809022
2026-01-28,ULTRACEMCO.NS,12640.0,12790.0,12561.0,12767.0,12767.0,456847
2026-01-28,WIPRO.NS,235.5,238.10000610351562,234.9499969482422,237.35000610351562,237.35000610351562,10155128
2026-01-29,ADANIPORTS.NS,1384.9000244140625,1429.0,1371.5999755859375,1417.800048828125,1417.800048828125,3918681
2026-01-29,ASIANPAINT.NS,2511.800048828125,2514.89990234375,2410.0,2416.0,2416.0,3488159
2026-01-29,AXISBANK.NS,1318.0,1367.0,1306.0,1363.699951171875,1363.699951171875,16107684
2026-01-29,BAJFINANCE.NS,935.1500244140625,939.7999877929688,923.7000122070312,935.1500244140625,935.1500244140625,6430445
2026-01-29,BHARTIARTL.NS,1964.0,1970.5,1939.0,1967.9000244140625,1967.9000244140625,6065044
2026-01-29,GRASIM.NS,2826.60009765625,2852.89990234375,2808.699951171875,2831.699951171875,2831.699951171875,680590
2026-01-29,HCLTECH.NS,1722.800048828125,1725.0,1696.0999755859375,1721.5999755859375,1721.5999755859375,2235602
2026-01-29,HDFCBANK.NS,930.0999755859375,939.2999877929688,924.3499755859375,935.5,935.5,37175628
2026-01-29,HINDUNILVR.NS,2370.5,2374.699951171875,2312.0,2352.60009765625,2352.60009765625,1478536
2026-01-29,ICICIBANK.NS,1359.0,1387.699951171875,1354.4000244140625,1383.5999755859375,1383.5999755859375,23118234
2026-01-29,INDUSINDBK.NS,899.9000244140625,904.5,890.7000122070312,898.4000244140625,898.4000244140625,4382116
2026-01-29,INFY.NS,1658.0,1666.5,1642.0999755859375,1659.5,1659.5,4749582
2026-01-29,ITC.NS,322.6000061035156,322.6000061035156,318.04998779296875,318.6000061035156,312.0599670410156,17719420
2026-01-29,JSWSTEEL.NS,1227.5,1245.0,1217.9000244140625,1237.5,1237.5,2471027
2026-01-29,KOTAKBANK.NS,407.0,414.6000061035156,407.0,412.3999938964844,412.3999938964844,26085514
2026-01-29,LT.NS,3860.0,3960.89990234375,3843.60009765625,3932.89990234375,3932.89990234375,4227139
2026-01-29,M&M.NS,3449.199951171875,3479.60009765625,3321.0,3384.39990234375,3384.39990234375,5592638
2026-01-29,MARUTI.NS,14870.0,14870.0,14353.0,14502.0,14502.0,716545
2026-01-29,NESTLEIND.NS,1286.5,1294.4000244140625,1262.300048828125,1287.9000244140625,1280.9837646484375,1151521
2026-01-29,NTPC.NS,350.0,360.5,347.29998779296875,358.1499938964844,355.46630859375,20624409
2026-01-29,POWERGRID.NS,262.6000061035156,263.04998779296875,258.75,260.5,257.6080322265625,26914029
2026-01-29,RELIANCE.NS,1402.9000244140625,1402.9000244140625,1384.0,1391.0,1391.0,20846683
2026-01-29,SBIN.NS,1063.0,1075.0,1060.300048828125,1066.199951171875,1066.199951171875,14800724
2026-01-29,SUNPHARMA.NS,1625.0,1625.0,1583.699951171875,1589.300048828125,1579.04296875,5796513
2026-01-29,TCS.NS,3200.10009765625,3200.10009765625,3125.60009765625,3144.39990234375,3144.39990234375,2457641
2026-01-29,TECHM.NS,1751.0999755859375,1776.5999755859375,1736.0999755859375,1768.4000244140625,1768.4000244140625,1893136
2026-01-29,TITAN.NS,3960.800048828125,3968.60009765625,3843.10009765625,3939.699951171875,3939.699951171875,1145612
2026-01-29,ULTRACEMCO.NS,12758.0,12758.0,12554.0,12717.0,12717.0,285262
2026-01-29,WIPRO.NS,236.1999969482422,240.89999389648438,235.4499969482422,239.8000030517578,239.8000030517578,12201949
2026-01-30,ADANIPORTS.NS,1417.800048828125,1428.5,1407.0,1419.800048828125,1419.800048828125,2227414
2026-01-30,ASIANPAINT.NS,2417.0,2445.0,2400.5,2428.300048828125,2428.300048828125,2048843
2026-01-30,AXISBANK.NS,1352.0,1378.699951171875,1352.0,1370.4000244140625,1370.4000244140625,14758482
2026-01-30,BAJFINANCE.NS,928.3499755859375,938.0,925.1500244140625,929.8499755859375,929.8499755859375,10151379
2026-01-30,BHARTIARTL.NS,1925.5999755859375,1974.0,1925.5999755859375,1968.699951171875,1968.699951171875,7683747
2026-01-30,GRASIM.NS,2837.5,2839.60009765625,2807.89990234375,2819.0,2819.0,1083570
2026-01-30,HCLTECH.NS,1713.199951171875,1713.199951171875,1683.0,1695.5999755859375,1695.5999755859375,4448681
2026-01-30,HDFCBANK.NS,930.0,938.9000244140625,927.75,929.25,929.25,29691233
2026-01-30,HINDUNILVR.NS,2341.0,2385.0,2340.0,2373.0,2373.0,2090462
2026-01-30,ICICIBANK.NS,1368.199951171875,1381.9000244140625,1353.199951171875,1355.0,1355.0,24013717
2026-01-30,INDUSINDBK.NS,892.0999755859375,902.75,888.2000122070312,896.0999755859375,896.0999755859375,2867342
2026-01-30,INFY.NS,1655.0,1655.0,1618.0999755859375,1641.0,1641.0,9207926
2026-01-30,ITC.NS,318.79998779296875,325.1499938964844,316.45001220703125,322.1499938964844,315.5370788574219,41975824
2026-01-30,JSWSTEEL.NS,1228.0,1228.0,1194.5,1214.4000244140625,1214.4000244140625,2876505
2026-01-30,KOTAKBANK.NS,410.0,412.5,405.3999938964844,408.0,408.0,20681886
2026-01-30,LT.NS,3902.5,3942.39990234375,3891.800048828125,3932.300048828125,3932.300048828125,2208465
2026-01-30,M&M.NS,3283.0,3452.39990234375,3282.800048828125,3431.800048828125,3431.800048828125,5291090
2026-01-30,MARUTI.NS,14502.0,14679.0,14300.0,14599.0,14599.0,946509
2026-01-30,NESTLEIND.NS,1286.0,1339.5999755859375,1283.0,1332.4000244140625,1325.244873046875,5292100
2026-01-30,NTPC.NS,359.0,359.3500061035156,351.1000061035156,356.0,353.3324279785156,22641103
2026-01-30,POWERGRID.NS,261.29998779296875,262.3999938964844,254.0500030517578,256.5,253.65243530273438,23292764
2026-01-30,RELIANCE.NS,1382.5999755859375,1398.0,1378.5,1395.4000244140625,1395.4000244140625,11239835
2026-01-30,SBIN.NS,1064.0,1082.5,1060.4000244140625,1077.1500244140625,1077.1500244140625,9480769
2026-01-30,SUNPHARMA.NS,1589.300048828125,1606.5,1585.0999755859375,1595.300048828125,1585.004150390625,3962196
2026-01-30,TCS.NS,3141.0,3141.0,3092.0,3123.89990234375,3123.89990234375,3022068
2026-01-30,TECHM.NS,1757.0999755859375,1760.0,1731.0,1743.0999755859375,1743.0999755859375,1672787
2026-01-30,TITAN.NS,3945.0,3995.0,3909.800048828125,3977.39990234375,3977.39990234375,1427639
2026-01-30,ULTRACEMCO.NS,12649.0,12725.0,12536.0,12694.0,12694.0,296876
2026-01-30,WIPRO.NS,238.0,238.0,235.3000030517578,236.89999389648438,236.89999389648438,11362317
2026-02-02,ADANIPORTS.NS,1348.0,1406.0,1348.0,1403.0999755859375,1403.0999755859375,2796673
2026-02-02,ASIANPAINT.NS,2374.89990234375,2429.5,2372.0,2402.0,2402.0,1183482
2026-02-02,AXISBANK.NS,1339.0,1352.699951171875,1302.9000244140625,1311.5,1311.5,8647298
2026-02-02,BAJFINANCE.NS,887.0,909.4000244140625,887.0,903.7000122070312,903.7000122070312,11874989
2026-02-02,BHARTIARTL.NS,1936.0999755859375,1969.800048828125,1926.5,1965.4000244140625,1965.4000244140625,5326225
2026-02-02,GRASIM.NS,2740.0,2781.89990234375,2713.0,2774.60009765625,2774.60009765625,929579
2026-02-02,HCLTECH.NS,1670.0,1688.5,1653.5999755859375,1676.800048828125,1676.800048828125,1916380
2026-02-02,HDFCBANK.NS,915.0,929.7999877929688,909.2999877929688,928.0999755859375,928.0999755859375,28032106
2026-02-02,HINDUNILVR.NS,2356.10009765625,2360.0,2303.0,2357.300048828125,2357.300048828125,1375089
2026-02-02,ICICIBANK.NS,1329.9000244140625,1354.4000244140625,1329.0999755859375,1352.800048828125,1352.800048828125,12800245
2026-02-02,INDUSINDBK.NS,889.0,914.5,884.3499755859375,910.25,910.25,3762702
2026-02-02,INFY.NS,1662.0,1662.0,1618.0,1629.4000244140625,1629.4000244140625,6784887
2026-02-02,ITC.NS,309.45001220703125,315.3999938964844,302.0,314.70001220703125,308.2400207519531,35227572
2026-02-02,JSWSTEEL.NS,1200.0,1203.800048828125,1174.0,1199.199951171875,1199.199951171875,1839134
2026-02-02,KOTAKBANK.NS,408.70001220703125,410.8500061035156,405.1000061035156,408.20001220703125,408.20001220703125,15422034
2026-02-02,LT.NS,3830.699951171875,3934.800048828125,3825.0,3921.300048828125,3921.300048828125,3034613
2026-02-02,M&M.NS,3355.0,3472.10009765625,3343.699951171875,3463.199951171875,3463.199951171875,2950641
2026-02-02,MARUTI.NS,14251.0,14446.0,14058.0,14384.0,14384.0,621514
2026-02-02,NESTLEIND.NS,1297.5,1311.0,1273.9000244140625,1308.300048828125,1301.2742919921875,1254558
2026-02-02,NTPC.NS,344.95001220703125,352.75,337.75,350.3500061035156,347.7247619628906,12622760
2026-02-02,POWERGRID.NS,251.25,271.20001220703125,250.0,270.3999938964844,267.39813232421875,37109237
2026-02-02,RELIANCE.NS,1340.0,1392.9000244140625,1335.5,1390.4000244140625,1390.4000244140625,15711165
2026-02-02,SBIN.NS,1019.9000244140625,1031.300048828125,990.0,1028.699951171875,1028.699951171875,14434549
2026-02-02,SUNPHARMA.NS,1634.0,1634.0,1598.199951171875,1627.9000244140625,1617.393798828125,2721280
2026-02-02,TCS.NS,3198.0,3198.0,3134.0,3169.60009765625,3169.60009765625,2636272
2026-02-02,TECHM.NS,1713.699951171875,1729.5999755859375,1709.199951171875,1724.0,1724.0,1030696
2026-02-02,TITAN.NS,4000.0,4000.0,3893.300048828125,3953.199951171875,3953.199951171875,1273196
2026-02-02,ULTRACEMCO.NS,12380.0,12600.0,12191.0,12535.0,12535.0,259656
2026-02-02,WIPRO.NS,244.0,244.0800018310547,239.2899932861328,242.3000030517578,242.3000030517578,12335721
2026-02-03,ADANIPORTS.NS,1477.199951171875,1537.0,1477.199951171875,1530.800048828125,1530.800048828125,11977119
2026-02-03,ASIANPAINT.NS,2525.0,2525.0,2391.0,2426.0,2426.0,2233860
2026-02-03,AXISBANK.NS,1403.0,1418.300048828125,1345.5,1356.199951171875,1356.199951171875,10384723
2026-02-03,BAJFINANCE.NS,960.0,972.7999877929688,941.9000244140625,964.4000244140625,964.4000244140625,15261370
2026-02-03,BHARTIARTL.NS,2050.0,2050.0,1980.0999755859375,1997.300048828125,1997.300048828125,6915795
2026-02-03,GRASIM.NS,2869.0,2869.0,2801.10009765625,2808.89990234375,2808.89990234375,1232908
2026-02-03,HCLTECH.NS,1780.0,1780.0999755859375,1689.0999755859375,1695.300048828125,1695.300048828125,3200948
2026-02-03,HDFCBANK.NS,983.75,994.0,945.0,948.7000122070312,948.7000122070312,50336968
2026-02-03,HINDUNILVR.NS,2390.0,2399.89990234375,2343.300048828125,2368.60009765625,2368.60009765625,1553270
2026-02-03,ICICIBANK.NS,1412.0,1417.0,1373.4000244140625,1389.699951171875,1389.699951171875,24896698
2026-02-03,INDUSINDBK.NS,951.2999877929688,959.5999755859375,916.3499755859375,922.4000244140625,922.4000244140625,9608114
2026-02-03,INFY.NS,1727.199951171875,1728.0,1653.0,1656.0,1656.0,8805868
2026-02-03,ITC.NS,321.20001220703125,324.75,311.6000061035156,316.6499938964844,310.1499938964844,33168353
2026-02-03,JSWSTEEL.NS,1225.0,1244.699951171875,1212.800048828125,1229.4000244140625,1229.4000244140625,2093172
2026-02-03,KOTAKBANK.NS,415.0,425.0,410.29998779296875,415.79998779296875,415.79998779296875,35396945
2026-02-03,LT.NS,4117.0,4122.0,4030.60009765625,4038.800048828125,4038.800048828125,3742190
2026-02-03,M&M.NS,3638.0,3643.800048828125,3513.0,3527.89990234375,3527.89990234375,5492214
2026-02-03,MARUTI.NS,15200.0,15281.0,14482.0,14782.0,14782.0,638870
2026-02-03,NESTLEIND.NS,1330.0,1340.4000244140625,1291.0999755859375,1308.0,1300.975830078125,1232271
2026-02-03,NTPC.NS,365.95001220703125,365.95001220703125,353.79998779296875,358.54998779296875,355.8633117675781,11559806
2026-02-03,POWERGRID.NS,276.04998779296875,284.5,273.25,283.20001220703125,280.0560302734375,52651170
2026-02-03,RELIANCE.NS,1473.9000244140625,1489.5,1430.199951171875,1437.0999755859375,1437.0999755859375,25456171
2026-02-03,SBIN.NS,1087.0,1089.800048828125,1040.300048828125,1064.199951171875,1064.199951171875,16129381
2026-02-03,SUNPHARMA.NS,1709.9000244140625,1725.0,1671.0,1702.0999755859375,1691.1148681640625,8520586
2026-02-03,TCS.NS,3350.0,3350.0,3186.300048828125,3225.300048828125,3225.300048828125,4366060
2026-02-03,TECHM.NS,1845.0,1854.0,1712.699951171875,1716.5,1716.5,2711705
2026-02-03,TITAN.NS,4143.0,4143.0,4044.10009765625,4068.60009765625,4068.60009765625,1043274
2026-02-03,ULTRACEMCO.NS,12800.0,12952.0,12575.0,12590.0,12590.0,296810
2026-02-03,WIPRO.NS,259.2099914550781,259.8900146484375,242.27999877929688,242.69000244140625,242.69000244140625,25915412
2026-02-04,ADANIPORTS.NS,1529.9000244140625,1572.300048828125,1508.5,1567.9000244140625,1567.9000244140625,6632728
2026-02-04,ASIANPAINT.NS,2430.0,2463.800048828125,2417.10009765625,2452.699951171875,2452.699951171875,970973
2026-02-04,AXISBANK.NS,1369.699951171875,1369.9000244140625,1336.5999755859375,1338.699951171875,1338.699951171875,6672251
2026-02-04,BAJFINANCE.NS,965.0,975.7000122070312,944.1500244140625,963.2999877929688,963.2999877929688,17489015
2026-02-04,BHARTIARTL.NS,2008.0,2034.5999755859375,1998.4000244140625,2025.800048828125,2025.800048828125,7464725
2026-02-04,GRASIM.NS,2808.89990234375,2863.800048828125,2808.89990234375,2844.89990234375,2844.89990234375,566105
2026-02-04,HCLTECH.NS,1642.0,1645.0,1586.0,1621.800048828125,1621.800048828125,5834470
2026-02-04,HDFCBANK.NS,952.5,957.2000122070312,947.9500122070312,953.0999755859375,953.0999755859375,24366770
2026-02-04,HINDUNILVR.NS,2360.60009765625,2393.5,2356.800048828125,2371.0,2371.0,1232755
2026-02-04,ICICIBANK.NS,1387.0,1414.0,1386.9000244140625,1408.4000244140625,1408.4000244140625,11080683
2026-02-04,INDUSINDBK.NS,922.0,932.0,915.7999877929688,921.2999877929688,921.2999877929688,2883259
2026-02-04,INFY.NS,1574.0,1584.9000244140625,1510.0999755859375,1535.800048828125,1535.800048828125,28828622
2026-02-04,ITC.NS,312.5,314.95001220703125,311.3500061035156,313.8500061035156,313.8500061035156,11196759
2026-02-04,JSWSTEEL.NS,1229.0,1240.0999755859375,1223.9000244140625,1228.199951171875,1228.199951171875,1062043
2026-02-04,KOTAKBANK.NS,416.70001220703125,418.6499938964844,410.6000061035156,412.3500061035156,412.3500061035156,14948177
2026-02-04,LT.NS,4029.0,4107.0,4016.89990234375,4087.10009765625,4087.10009765625,1403373
2026-02-04,M&M.NS,3549.0,3620.0,3519.10009765625,3574.0,3574.0,2395062
2026-02-04,MARUTI.NS,14800.0,15170.0,14723.0,15071.0,15071.0,451065
2026-02-04,NESTLEIND.NS,1313.5999755859375,1328.0,1295.0999755859375,1303.199951171875,1296.2015380859375,875783
2026-02-04,NTPC.NS,359.45001220703125,368.54998779296875,357.6000061035156,367.25,364.49810791015625,15515053
2026-02-04,POWERGRID.NS,288.79998779296875,292.0,282.8999938964844,289.3999938964844,286.18719482421875,27775044
2026-02-04,RELIANCE.NS,1444.0,1464.0,1440.300048828125,1456.800048828125,1456.800048828125,8333387
2026-02-04,SBIN.NS,1064.199951171875,1073.9000244140625,1056.300048828125,1068.199951171875,1068.199951171875,7312276
2026-02-04,SUNPHARMA.NS,1714.9000244140625,1729.0,1695.300048828125,1704.4000244140625,1693.4000244140625,3952775
2026-02-04,TCS.NS,3120.0,3120.0,2986.0,2999.10009765625,2999.10009765625,10852595
2026-02-04,TECHM.NS,1651.0,1656.0,1598.0,1645.300048828125,1645.300048828125,4823180
2026-02-04,TITAN.NS,4087.0,4160.0,4066.199951171875,4144.0,4144.0,917279
2026-02-04,ULTRACEMCO.NS,12600.0,12839.0,12585.0,12806.0,12806.0,159977
2026-02-04,WIPRO.NS,235.91000366210938,235.9199981689453,226.25999450683594,233.33999633789062,233.33999633789062,25995324
2026-02-05,ADANIPORTS.NS,1568.0,1577.699951171875,1548.5999755859375,1570.199951171875,1570.199951171875,3285127
2026-02-05,ASIANPAINT.NS,2445.0,2455.800048828125,2402.60009765625,2432.10009765625,2432.10009765625,1047405
2026-02-05,AXISBANK.NS,1340.0,1340.0,1317.4000244140625,1330.5999755859375,1330.5999755859375,3766488
2026-02-05,BAJFINANCE.NS,964.0,968.5,953.0,964.75,964.75,6020258
2026-02-05,BHARTIARTL.NS,2012.0,2022.9000244140625,1985.0,1992.4000244140625,1992.4000244140625,7708690
2026-02-05,GRASIM.NS,2830.10009765625,2877.300048828125,2825.0,2863.89990234375,2863.89990234375,762775
2026-02-05,HCLTECH.NS,1613.699951171875,1631.800048828125,1600.199951171875,1610.0,1610.0,3184531
2026-02-05,HDFCBANK.NS,956.0,956.0499877929688,946.7000122070312,949.7000122070312,949.7000122070312,28103169
2026-02-05,HINDUNILVR.NS,2362.5,2423.0,2351.60009765625,2354.39990234375,2354.39990234375,1962066
2026-02-05,ICICIBANK.NS,1414.0,1414.0,1393.199951171875,1396.5,1396.5,8982761
2026-02-05,INDUSINDBK.NS,918.0999755859375,922.1500244140625,902.2999877929688,914.4000244140625,914.4000244140625,2552518
2026-02-05,INFY.NS,1534.0,1551.0,1515.699951171875,1520.199951171875,1520.199951171875,10628127
2026-02-05,ITC.NS,313.95001220703125,315.3500061035156,309.29998779296875,310.20001220703125,310.20001220703125,15816704
2026-02-05,JSWSTEEL.NS,1218.5999755859375,1241.800048828125,1214.199951171875,1239.800048828125,1239.800048828125,1198051
2026-02-05,KOTAKBANK.NS,411.0,413.95001220703125,404.1000061035156,408.75,408.75,24814864
2026-02-05,LT.NS,4088.0,4088.5,4035.89990234375,4063.300048828125,4063.300048828125,1433240
2026-02-05,M&M.NS,3592.0,3598.800048828125,3528.10009765625,3572.0,3572.0,1251428
2026-02-05,MARUTI.NS,15090.0,15150.0,14900.0,15059.0,15059.0,374759
2026-02-05,NESTLEIND.NS,1304.800048828125,1310.5999755859375,1287.0,1303.5,1296.5,854891
2026-02-05,NTPC.NS,369.75,370.70001220703125,365.0,367.0,364.25,18789794
2026-02-05,POWERGRID.NS,291.0,291.0,286.1499938964844,289.3500061035156,286.13775634765625,9870342
2026-02-05,RELIANCE.NS,1457.0,1461.5,1439.5,1443.4000244140625,1443.4000244140625,11763658
2026-02-05,SBIN.NS,1068.199951171875,1081.0,1067.5,1073.5,1073.5,9551567
2026-02-05,SUNPHARMA.NS,1699.0,1710.0,1684.300048828125,1702.5999755859375,1702.5999755859375,3074842
2026-02-05,TCS.NS,2990.0,3029.699951171875,2972.300048828125,2991.5,2991.5,3521545
2026-02-05,TECHM.NS,1630.0999755859375,1659.0999755859375,1630.0,1646.199951171875,1646.199951171875,1720981
2026-02-05,TITAN.NS,4152.2998046875,4152.2998046875,4063.10009765625,4097.60009765625,4097.60009765625,693637
2026-02-05,ULTRACEMCO.NS,12762.0,12834.0,12732.0,12773.0,12773.0,172331
2026-02-05,WIPRO.NS,233.33999633789062,235.57000732421875,231.6999969482422,233.38999938964844,233.38999938964844,10102736
2026-02-06,ADANIPORTS.NS,1563.0,1575.5,1527.0,1550.699951171875,1550.699951171875,4429173
2026-02-06,ASIANPAINT.NS,2432.0,2444.0,2386.10009765625,2401.10009765625,2401.10009765625,1043982
2026-02-06,AXISBANK.NS,1325.0,1346.4000244140625,1324.699951171875,1341.5999755859375,1341.5999755859375,5876574
2026-02-06,BAJFINANCE.NS,973.9500122070312,986.5,966.0999755859375,981.7000122070312,981.7000122070312,13742927
2026-02-06,BHARTIARTL.NS,1994.0,2049.699951171875,1988.5,2038.4000244140625,2038.4000244140625,13870403
2026-02-06,GRASIM.NS,2864.0,2879.0,2820.699951171875,2836.89990234375,2836.89990234375,361882
2026-02-06,HCLTECH.NS,1612.0,1612.0,1574.0999755859375,1593.699951171875,1593.699951171875,3342992
2026-02-06,HDFCBANK.NS,945.0,948.0999755859375,937.5999755859375,941.0999755859375,941.0999755859375,18120272
2026-02-06,HINDUNILVR.NS,2354.39990234375,2429.0,2337.5,2424.199951171875,2424.199951171875,1421995
2026-02-06,ICICIBANK.NS,1396.699951171875,1410.5,1394.699951171875,1406.0999755859375,1406.0999755859375,10851190
2026-02-06,INDUSINDBK.NS,909.0999755859375,917.0499877929688,895.0,903.5999755859375,903.5999755859375,2711855
2026-02-06,INFY.NS,1522.0999755859375,1525.0,1480.0,1507.0999755859375,1507.0999755859375,13900866
2026-02-06,ITC.NS,310.0,327.70001220703125,308.29998779296875,325.79998779296875,325.79998779296875,68057745
2026-02-06,JSWSTEEL.NS,1233.9000244140625,1238.5999755859375,1222.4000244140625,1236.199951171875,1236.199951171875,918161
2026-02-06,KOTAKBANK.NS,411.0,424.6499938964844,410.29998779296875,422.3500061035156,422.3500061035156,21228778
2026-02-06,LT.NS,4055.0,4078.0,4042.300048828125,4068.10009765625,4068.10009765625,1630836
2026-02-06,M&M.NS,3577.0,3590.0,3530.60009765625,3578.0,3578.0,1462031
2026-02-06,MARUTI.NS,15084.0,15118.0,14871.0,14997.0,14997.0,276529
2026-02-06,NESTLEIND.NS,1291.0999755859375,1305.199951171875,1278.699951171875,1303.300048828125,1303.300048828125,835646
2026-02-06,NTPC.NS,361.79998779296875,365.95001220703125,361.0,365.04998779296875,365.04998779296875,7328789
2026-02-06,POWERGRID.NS,292.20001220703125,293.5,289.3999938964844,292.75,289.5,19951107
2026-02-06,RELIANCE.NS,1441.5,1452.800048828125,1433.5,1450.800048828125,1450.800048828125,8277304
2026-02-06,SBIN.NS,1070.0,1073.5999755859375,1051.0,1066.4000244140625,1066.4000244140625,7041557
2026-02-06,SUNPHARMA.NS,1709.0,1709.0,1689.5999755859375,1695.0999755859375,1695.0999755859375,1277116
2026-02-06,TCS.NS,2976.60009765625,2985.0,2916.0,2941.60009765625,2941.60009765625,4687389
2026-02-06,TECHM.NS,1645.0,1645.9000244140625,1600.0,1619.9000244140625,1619.9000244140625,1988639
2026-02-06,TITAN.NS,4097.60009765625,4154.0,4065.300048828125,4141.0,4141.0,888701
2026-02-06,ULTRACEMCO.NS,12725.0,12775.0,12622.0,12722.0,12722.0,124704
2026-02-06,WIPRO.NS,232.92999267578125,232.92999267578125,228.60000610351562,230.72000122070312,230.72000122070312,12279085
2026-02-09,ADANIPORTS.NS,1575.9000244140625,1583.9000244140625,1554.5,1561.699951171875,1561.699951171875,1761025
2026-02-09,ASIANPAINT.NS,2404.0,2426.199951171875,2396.800048828125,2417.39990234375,2417.39990234375,669839
2026-02-09,AXISBANK.NS,1350.0,1350.0,1330.699951171875,1341.4000244140625,1341.4000244140625,4077536
2026-02-09,BAJFINANCE.NS,988.0,988.0,971.5999755859375,983.1500244140625,983.1500244140625,4852548
2026-02-09,BHARTIARTL.NS,2051.199951171875,2055.199951171875,2028.699951171875,2038.199951171875,2038.199951171875,7570161
2026-02-09,GRASIM.NS,2859.89990234375,2939.800048828125,2846.5,2926.300048828125,2926.300048828125,681768
2026-02-09,HCLTECH.NS,1600.4000244140625,1619.9000244140625,1594.4000244140625,1602.0,1602.0,1863558
2026-02-09,HDFCBANK.NS,945.0,950.0,935.3499755859375,937.25,937.25,23947829
2026-02-09,HINDUNILVR.NS,2425.0,2439.0,2402.0,2435.0,2435.0,958484
2026-02-09,ICICIBANK.NS,1413.5,1414.0,1388.800048828125,1396.300048828125,1396.300048828125,7889742
2026-02-09,INDUSINDBK.NS,910.0,936.9500122070312,900.3499755859375,927.9000244140625,927.9000244140625,6863941
2026-02-09,INFY.NS,1522.0999755859375,1528.0,1493.0,1497.199951171875,1497.199951171875,8294615
2026-02-09,ITC.NS,327.95001220703125,328.70001220703125,321.6499938964844,322.79998779296875,322.79998779296875,20059198
2026-02-09,JSWSTEEL.NS,1248.5,1254.699951171875,1235.0999755859375,1245.0,1245.0,1503210
2026-02-09,KOTAKBANK.NS,430.0,434.8999938964844,424.20001220703125,428.79998779296875,428.79998779296875,22538542
2026-02-09,LT.NS,4073.89990234375,4124.7001953125,4062.39990234375,4113.60009765625,4113.60009765625,1830267
2026-02-09,M&M.NS,3593.800048828125,3619.10009765625,3557.10009765625,3609.60009765625,3609.60009765625,1294690
2026-02-09,MARUTI.NS,15125.0,15126.0,14905.0,14978.0,14978.0,200034
2026-02-09,NESTLEIND.NS,1301.0,1307.0,1290.300048828125,1295.5999755859375,1295.5999755859375,746303
2026-02-09,NTPC.NS,366.54998779296875,368.6000061035156,361.0,361.8999938964844,361.8999938964844,7983235
2026-02-09,POWERGRID.NS,292.5,292.54998779296875,288.0,289.75,289.75,13114576
2026-02-09,RELIANCE.NS,1458.0,1465.9000244140625,1453.0,1461.5999755859375,1461.5999755859375,5775864
2026-02-09,SBIN.NS,1120.0,1150.0,1100.5,1146.0,1146.0,40852966
2026-02-09,SUNPHARMA.NS,1706.699951171875,1713.4000244140625,1696.0,1704.5999755859375,1704.5999755859375,2647031
2026-02-09,TCS.NS,2959.10009765625,2977.0,2937.5,2948.199951171875,2948.199951171875,2380318
2026-02-09,TECHM.NS,1625.0,1636.0,1613.5999755859375,1621.699951171875,1621.699951171875,933821
2026-02-09,TITAN.NS,4200.2001953125,4269.39990234375,4155.0,4257.7998046875,4257.7998046875,1092387
2026-02-09,ULTRACEMCO.NS,12809.0,13071.0,12722.0,13048.0,13048.0,235298
2026-02-09,WIPRO.NS,231.85000610351562,232.92999267578125,229.61000061035156,230.0800018310547,230.0800018310547,9112474
2026-02-10,ADANIPORTS.NS,1565.0,1568.0,1525.0,1554.699951171875,1554.699951171875,1643366
2026-02-10,ASIANPAINT.NS,2419.0,2420.0,2386.89990234375,2393.60009765625,2393.60009765625,1513620
2026-02-10,AXISBANK.NS,1352.5999755859375,1360.0999755859375,1343.300048828125,1356.699951171875,1356.699951171875,5478998
2026-02-10,BAJFINANCE.NS,983.1500244140625,985.1500244140625,961.2999877929688,965.5999755859375,965.5999755859375,6166752
2026-02-10,BHARTIARTL.NS,2052.0,2057.0,2008.4000244140625,2011.300048828125,2011.300048828125,9077763
2026-02-10,GRASIM.NS,2943.0,2962.0,2919.199951171875,2953.89990234375,2953.89990234375,624992
2026-02-10,HCLTECH.NS,1595.0,1602.4000244140625,1567.800048828125,1573.0999755859375,1573.0999755859375,3234785
2026-02-10,HDFCBANK.NS,930.0,940.9000244140625,929.9500122070312,932.4000244140625,932.4000244140625,31525385
2026-02-10,HINDUNILVR.NS,2435.0,2458.10009765625,2430.10009765625,2453.60009765625,2453.60009765625,792532
2026-02-10,ICICIBANK.NS,1401.0,1409.5,1395.5,1406.5,1406.5,16497628
2026-02-10,INDUSINDBK.NS,927.9000244140625,933.0,920.0,927.5999755859375,927.5999755859375,2768617
2026-02-10,INFY.NS,1500.0,1515.9000244140625,1491.0,1497.800048828125,1497.800048828125,8657000
2026-02-10,ITC.NS,323.0,323.54998779296875,320.75,321.3999938964844,321.3999938964844,11489090
2026-02-10,JSWSTEEL.NS,1245.0,1261.9000244140625,1236.699951171875,1244.0999755859375,1244.0999755859375,1150559
2026-02-10,KOTAKBANK.NS,430.79998779296875,433.8999938964844,428.20001220703125,429.29998779296875,429.29998779296875,18428055
2026-02-10,LT.NS,4140.0,4174.60009765625,4122.39990234375,4169.0,4169.0,1890409
2026-02-10,M&M.NS,3616.300048828125,3699.0,3601.0,3675.800048828125,3675.800048828125,1917432
2026-02-10,MARUTI.NS,14999.0,15349.0,14983.0,15146.0,15146.0,360240
2026-02-10,NESTLEIND.NS,1296.9000244140625,1310.300048828125,1296.5,1308.5999755859375,1308.5999755859375,936331
2026-02-10,NTPC.NS,361.8999938964844,368.1499938964844,361.25,366.8999938964844,366.8999938964844,8319282
2026-02-10,POWERGRID.NS,290.0,295.29998779296875,286.5,294.3500061035156,294.3500061035156,21823214
2026-02-10,RELIANCE.NS,1471.0,1471.0,1452.199951171875,1458.5,1458.5,10259630
2026-02-10,SBIN.NS,1151.0,1154.0,1138.0999755859375,1144.0999755859375,1144.0999755859375,17280036
2026-02-10,SUNPHARMA.NS,1709.5999755859375,1719.800048828125,1702.0999755859375,1707.800048828125,1707.800048828125,1869988
2026-02-10,TCS.NS,2949.800048828125,3011.60009765625,2943.5,2984.60009765625,2984.60009765625,3547763
2026-02-10,TECHM.NS,1625.0,1658.5,1611.0999755859375,1644.5999755859375,1644.5999755859375,1527966
2026-02-10,TITAN.NS,4300.0,4329.60009765625,4239.60009765625,4269.10009765625,4269.10009765625,1713633
2026-02-10,ULTRACEMCO.NS,13060.0,13110.0,12968.0,13023.0,13023.0,167157
2026-02-10,WIPRO.NS,229.97999572753906,232.86000061035156,227.1999969482422,231.47000122070312,231.47000122070312,12435622
2026-02-11,ADANIPORTS.NS,1554.699951171875,1559.4000244140625,1539.199951171875,1553.4000244140625,1553.4000244140625,1359416
2026-02-11,ASIANPAINT.NS,2399.0,2405.699951171875,2376.300048828125,2392.5,2392.5,3177710
2026-02-11,AXISBANK.NS,1358.0,1360.0,1344.800048828125,1347.300048828125,1347.300048828125,3866272
2026-02-11,BAJFINANCE.NS,965.2999877929688,974.5,961.4000244140625,968.9500122070312,968.9500122070312,3597342
2026-02-11,BHARTIARTL.NS,2012.9000244140625,2021.0,1996.699951171875,2012.0999755859375,2012.0999755859375,7423601
2026-02-11,GRASIM.NS,2979.0,2979.0,2894.89990234375,2932.60009765625,2932.60009765625,1015218
2026-02-11,HCLTECH.NS,1574.0,1578.0999755859375,1546.0999755859375,1551.5999755859375,1551.5999755859375,2944646
2026-02-11,HDFCBANK.NS,931.25,936.0,925.2999877929688,927.0999755859375,927.0999755859375,24869804
2026-02-11,HINDUNILVR.NS,2460.0,2470.60009765625,2447.0,2462.89990234375,2462.89990234375,1137856
2026-02-11,ICICIBANK.NS,1407.4000244140625,1413.0,1400.4000244140625,1406.0999755859375,1406.0999755859375,8551341
2026-02-11,INDUSINDBK.NS,927.9000244140625,928.2999877929688,915.0,925.0,925.0,2473671
2026-02-11,INFY.NS,1501.199951171875,1505.9000244140625,1469.0,1471.9000244140625,1471.9000244140625,7934411
2026-02-11,ITC.NS,321.95001220703125,322.20001220703125,316.29998779296875,318.25,318.25,24843366
2026-02-11,JSWSTEEL.NS,1248.5,1254.800048828125,1238.0,1249.199951171875,1249.199951171875,835404
2026-02-11,KOTAKBANK.NS,431.70001220703125,431.70001220703125,427.75,429.54998779296875,429.54998779296875,12299205
2026-02-11,LT.NS,4172.89990234375,4187.7001953125,4140.2998046875,4170.39990234375,4170.39990234375,1689489
2026-02-11,M&M.NS,3704.699951171875,3787.0,3666.10009765625,3674.89990234375,3674.89990234375,4787745
2026-02-11,MARUTI.NS,15180.0,15432.0,15174.0,15412.0,15412.0,360742
2026-02-11,NESTLEIND.NS,1315.0,1324.9000244140625,1296.699951171875,1305.300048828125,1305.300048828125,911500
2026-02-11,NTPC.NS,369.0,369.0,366.0,368.45001220703125,368.45001220703125,5782448
2026-02-11,POWERGRID.NS,297.6499938964844,297.6499938964844,292.20001220703125,294.45001220703125,294.45001220703125,10508852
2026-02-11,RELIANCE.NS,1459.5999755859375,1470.0,1453.5999755859375,1468.699951171875,1468.699951171875,7106877
2026-02-11,SBIN.NS,1144.699951171875,1187.5,1142.800048828125,1182.9000244140625,1182.9000244140625,29491859
2026-02-11,SUNPHARMA.NS,1715.0,1716.699951171875,1702.5,1711.0999755859375,1711.0999755859375,1175501
2026-02-11,TCS.NS,2980.0,2998.0,2904.199951171875,2909.800048828125,2909.800048828125,3363513
2026-02-11,TECHM.NS,1655.0,1658.0,1625.0,1634.4000244140625,1634.4000244140625,1521823
2026-02-11,TITAN.NS,4350.0,4378.39990234375,4208.0,4249.10009765625,4249.10009765625,3342226
2026-02-11,ULTRACEMCO.NS,13087.0,13087.0,12907.0,12969.0,12969.0,92473
2026-02-11,WIPRO.NS,231.47000122070312,233.0,229.5,229.80999755859375,229.80999755859375,7874912
2026-02-12,ADANIPORTS.NS,1542.0999755859375,1551.0,1532.5,1543.699951171875,1543.699951171875,1107584
2026-02-12,ASIANPAINT.NS,2398.0,2413.89990234375,2377.0,2410.5,2410.5,607767
2026-02-12,AXISBANK.NS,1347.9000244140625,1357.699951171875,1336.199951171875,1340.0,1340.0,4152620
2026-02-12,BAJFINANCE.NS,968.2999877929688,1002.0,965.0,999.0999755859375,999.0999755859375,10346853
2026-02-12,BHARTIARTL.NS,2019.199951171875,2027.0,2009.0999755859375,2014.5,2014.5,7437690
2026-02-12,GRASIM.NS,2940.39990234375,2940.5,2907.60009765625,2925.5,2925.5,420088
2026-02-12,HCLTECH.NS,1529.0,1535.0,1469.5,1476.0999755859375,1476.0999755859375,5397659
2026-02-12,HDFCBANK.NS,927.0,928.5999755859375,918.5,920.5999755859375,920.5999755859375,33872203
2026-02-12,HINDUNILVR.NS,2475.0,2479.60009765625,2350.10009765625,2409.699951171875,2409.699951171875,4656164
2026-02-12,ICICIBANK.NS,1406.0999755859375,1433.0,1405.300048828125,1430.0,1430.0,19646265
2026-02-12,INDUSINDBK.NS,928.7000122070312,937.0,915.0,922.7000122070312,922.7000122070312,3082642
2026-02-12,INFY.NS,1428.9000244140625,1435.699951171875,1380.5,1386.0,1386.0,26048896
2026-02-12,ITC.NS,317.29998779296875,320.3999938964844,316.8999938964844,317.45001220703125,317.45001220703125,13294561
2026-02-12,JSWSTEEL.NS,1254.199951171875,1254.199951171875,1240.4000244140625,1247.9000244140625,1247.9000244140625,762998
2026-02-12,KOTAKBANK.NS,429.3999938964844,431.04998779296875,425.1000061035156,426.25,426.25,14003384
2026-02-12,LT.NS,4187.89990234375,4199.0,4160.89990234375,4185.89990234375,4185.89990234375,2006458
2026-02-12,M&M.NS,3698.199951171875,3699.0,3582.199951171875,3593.10009765625,3593.10009765625,2554236
2026-02-12,MARUTI.NS,15459.0,15459.0,15265.0,15326.0,15326.0,201895
2026-02-12,NESTLEIND.NS,1312.0999755859375,1312.0999755859375,1295.0999755859375,1305.5,1305.5,534672
2026-02-12,NTPC.NS,370.0,372.0,366.8500061035156,368.25,368.25,6763353
2026-02-12,POWERGRID.NS,294.45001220703125,296.0,291.75,293.8999938964844,293.8999938964844,10482579
2026-02-12,RELIANCE.NS,1470.0,1473.0,1445.5,1448.9000244140625,1448.9000244140625,11135399
2026-02-12,SBIN.NS,1183.0,1203.699951171875,1174.800048828125,1192.4000244140625,1192.4000244140625,33214985
2026-02-12,SUNPHARMA.NS,1714.800048828125,1719.0,1701.199951171875,1714.9000244140625,1714.9000244140625,1359444
2026-02-12,TCS.NS,2869.800048828125,2880.0,2740.0,2750.10009765625,2750.10009765625,10612156
2026-02-12,TECHM.NS,1605.0,1611.0,1528.0,1536.5999755859375,1536.5999755859375,5343729
2026-02-12,TITAN.NS,4232.39990234375,4286.39990234375,4182.2998046875,4275.7998046875,4275.7998046875,998509
2026-02-12,ULTRACEMCO.NS,12969.0,13071.0,12900.0,13029.0,13029.0,179716
2026-02-12,WIPRO.NS,226.1999969482422,226.25999450683594,218.5,219.0800018310547,219.0800018310547,40899346
2026-02-13,ADANIPORTS.NS,1543.0,1543.0,1507.0,1519.0,1519.0,1838361
2026-02-13,ASIANPAINT.NS,2408.89990234375,2411.800048828125,2360.10009765625,2366.39990234375,2366.39990234375,675635
2026-02-13,AXISBANK.NS,1341.300048828125,1346.5,1316.0999755859375,1332.300048828125,1332.300048828125,4624549
2026-02-13,BAJFINANCE.NS,995.0,1032.0,992.7999877929688,1024.75,1024.75,21613987
2026-02-13,BHARTIARTL.NS,2013.9000244140625,2024.199951171875,1992.0,2004.699951171875,2004.699951171875,4808543
2026-02-13,GRASIM.NS,2929.300048828125,2934.0,2877.39990234375,2888.0,2888.0,419620
2026-02-13,HCLTECH.NS,1423.0,1476.800048828125,1396.0,1455.199951171875,1455.199951171875,7214938
2026-02-13,HDFCBANK.NS,913.0,928.2000122070312,901.0,903.9000244140625,903.9000244140625,50188359
2026-02-13,HINDUNILVR.NS,2400.0,2400.0,2300.300048828125,2305.199951171875,2305.199951171875,2791519
2026-02-13,ICICIBANK.NS,1425.300048828125,1434.4000244140625,1410.699951171875,1414.5999755859375,1414.5999755859375,12228083
2026-02-13,INDUSINDBK.NS,922.0,929.9500122070312,903.3499755859375,926.0499877929688,926.0499877929688,2860622
2026-02-13,INFY.NS,1293.9000244140625,1377.300048828125,1281.5,1369.0999755859375,1369.0999755859375,45785709
2026-02-13,ITC.NS,316.0,318.3999938964844,313.25,313.75,313.75,8730618
2026-02-13,JSWSTEEL.NS,1240.0,1247.800048828125,1225.199951171875,1232.0,1232.0,1726700
2026-02-13,KOTAKBANK.NS,426.0,428.8999938964844,419.54998779296875,420.6499938964844,420.6499938964844,23233320
2026-02-13,LT.NS,4174.10009765625,4199.0,4134.10009765625,4173.89990234375,4173.89990234375,2234376
2026-02-13,M&M.NS,3530.0,3596.5,3520.300048828125,3533.39990234375,3533.39990234375,1632115
2026-02-13,MARUTI.NS,15309.0,15434.0,15190.0,15237.0,15237.0,208645
2026-02-13,NESTLEIND.NS,1305.0,1310.4000244140625,1278.0,1282.5999755859375,1282.5999755859375,522586
2026-02-13,NTPC.NS,367.54998779296875,368.0,362.3999938964844,363.0,363.0,7111972
2026-02-13,POWERGRID.NS,292.0,294.29998779296875,286.8500061035156,287.20001220703125,287.20001220703125,10914157
2026-02-13,RELIANCE.NS,1445.5,1450.699951171875,1416.300048828125,1419.5999755859375,1419.5999755859375,10755693
2026-02-13,SBIN.NS,1189.0,1201.0,1184.5,1198.5999755859375,1198.5999755859375,18141390
2026-02-13,SUNPHARMA.NS,1714.9000244140625,1719.0,1694.5999755859375,1697.5,1697.5,1148165
2026-02-13,TCS.NS,2585.0,2713.0,2585.0,2692.199951171875,2692.199951171875,11168735
2026-02-13,TECHM.NS,1482.5999755859375,1548.0,1464.4000244140625,1534.4000244140625,1534.4000244140625,7058376
2026-02-13,TITAN.NS,4267.2998046875,4271.7998046875,4164.7998046875,4179.2001953125,4179.2001953125,524758
2026-02-13,ULTRACEMCO.NS,13012.0,13025.0,12873.0,12963.0,12963.0,178236
2026-02-13,WIPRO.NS,210.64999389648438,216.47999572753906,209.00999450683594,214.08999633789062,214.08999633789062,23721186
2026-02-16,ADANIPORTS.NS,1517.5,1545.5,1495.300048828125,1540.0999755859375,1540.0999755859375,1644108
2026-02-16,ASIANPAINT.NS,2360.0,2405.10009765625,2356.800048828125,2397.199951171875,2397.199951171875,683108
2026-02-16,AXISBANK.NS,1324.0,1361.9000244140625,1324.0,1358.300048828125,1358.300048828125,5082167
2026-02-16,BAJFINANCE.NS,1023.0499877929688,1029.300048828125,1003.2999877929688,1012.75,1012.75,4460636
2026-02-16,BHARTIARTL.NS,2010.0,2032.199951171875,1995.0,2029.4000244140625,2029.4000244140625,3455964
2026-02-16,GRASIM.NS,2870.0,2918.0,2861.300048828125,2912.699951171875,2912.699951171875,285131
2026-02-16,HCLTECH.NS,1451.0999755859375,1467.0,1446.800048828125,1461.800048828125,1461.800048828125,2388700
2026-02-16,HDFCBANK.NS,903.9000244140625,929.5,902.0999755859375,925.7999877929688,925.7999877929688,18806989
2026-02-16,HINDUNILVR.NS,2308.10009765625,2327.0,2288.10009765625,2319.0,2319.0,2036833
2026-02-16,ICICIBANK.NS,1404.0,1414.0,1400.5,1411.5999755859375,1411.5999755859375,5000042
2026-02-16,INDUSINDBK.NS,930.0,933.7000122070312,912.1500244140625,931.9000244140625,931.9000244140625,2098887
2026-02-16,INFY.NS,1373.699951171875,1376.0,1338.300048828125,1365.5999755859375,1365.5999755859375,14621891
2026-02-16,ITC.NS,313.75,318.25,313.1499938964844,317.95001220703125,317.95001220703125,11693763
2026-02-16,JSWSTEEL.NS,1229.9000244140625,1249.9000244140625,1226.5,1248.199951171875,1248.199951171875,627073
2026-02-16,KOTAKBANK.NS,419.0,426.70001220703125,418.25,425.6000061035156,425.6000061035156,12403028
2026-02-16,LT.NS,4170.0,4206.0,4135.2998046875,4201.5,4201.5,852552
2026-02-16,M&M.NS,3535.0,3549.5,3469.0,3509.699951171875,3509.699951171875,1562001
2026-02-16,MARUTI.NS,15237.0,15299.0,14960.0,15051.0,15051.0,210175
2026-02-16,NESTLEIND.NS,1276.699951171875,1295.5,1274.199951171875,1289.800048828125,1289.800048828125,456222
2026-02-16,NTPC.NS,362.6000061035156,369.6499938964844,362.5,369.1000061035156,369.1000061035156,6292850
2026-02-16,POWERGRID.NS,288.0,300.95001220703125,287.25,300.5,300.5,22196951
2026-02-16,RELIANCE.NS,1420.0999755859375,1439.5999755859375,1409.300048828125,1437.0999755859375,1437.0999755859375,5896514
2026-02-16,SBIN.NS,1194.0,1212.300048828125,1185.300048828125,1208.0999755859375,1208.0999755859375,14972739
2026-02-16,SUNPHARMA.NS,1697.5,1715.0,1693.4000244140625,1700.5,1700.5,1247403
2026-02-16,TCS.NS,2700.0,2719.800048828125,2671.0,2706.60009765625,2706.60009765625,2918730
2026-02-16,TECHM.NS,1526.0,1541.9000244140625,1494.699951171875,1512.699951171875,1512.699951171875,1873472
2026-02-16,TITAN.NS,4155.0,4196.0,4128.7998046875,4181.10009765625,4181.10009765625,500349
2026-02-16,ULTRACEMCO.NS,12897.0,12997.0,12861.0,12981.0,12981.0,81768
2026-02-16,WIPRO.NS,214.6199951171875,216.91000366210938,210.11000061035156,213.25999450683594,213.25999450683594,20754327
2026-02-17,ADANIPORTS.NS,1545.0,1576.5,1535.699951171875,1566.300048828125,1566.300048828125,3168457
2026-02-17,ASIANPAINT.NS,2399.5,2452.39990234375,2399.5,2437.39990234375,2437.39990234375,1004356
2026-02-17,AXISBANK.NS,1358.300048828125,1360.9000244140625,1350.4000244140625,1357.199951171875,1357.199951171875,4513065
2026-02-17,BAJFINANCE.NS,1012.75,1016.3499755859375,1004.0,1014.1500244140625,1014.1500244140625,2913899
2026-02-17,BHARTIARTL.NS,2028.0,2038.5,2014.199951171875,2020.300048828125,2020.300048828125,4471158
2026-02-17,GRASIM.NS,2902.10009765625,2917.0,2880.199951171875,2900.39990234375,2900.39990234375,458126
2026-02-17,HCLTECH.NS,1464.0,1510.699951171875,1458.0,1482.5999755859375,1482.5999755859375,2840341
2026-02-17,HDFCBANK.NS,923.0,928.0999755859375,918.5999755859375,925.7000122070312,925.7000122070312,22599629
2026-02-17,HINDUNILVR.NS,2309.300048828125,2326.0,2303.39990234375,2312.300048828125,2312.300048828125,1233244
2026-02-17,ICICIBANK.NS,1406.199951171875,1413.5999755859375,1393.5999755859375,1407.5,1407.5,11756187
2026-02-17,INDUSINDBK.NS,931.9000244140625,952.2000122070312,928.2000122070312,943.7999877929688,943.7999877929688,6284594
2026-02-17,INFY.NS,1370.0,1431.0,1367.0,1391.199951171875,1391.199951171875,25347684
2026-02-17,ITC.NS,318.45001220703125,328.04998779296875,318.1499938964844,325.45001220703125,325.45001220703125,39360672
2026-02-17,JSWSTEEL.NS,1246.0,1248.0,1233.199951171875,1244.5999755859375,1244.5999755859375,1115057
2026-02-17,KOTAKBANK.NS,423.6499938964844,425.5,420.6000061035156,424.45001220703125,424.45001220703125,6427007
2026-02-17,LT.NS,4210.10009765625,4287.0,4190.10009765625,4279.7998046875,4279.7998046875,1763048
2026-02-17,M&M.NS,3509.699951171875,3515.800048828125,3462.0,3489.199951171875,3489.199951171875,1991583
2026-02-17,MARUTI.NS,15031.0,15211.0,14960.0,15179.0,15179.0,166765
2026-02-17,NESTLEIND.NS,1281.0,1289.5999755859375,1278.0,1285.300048828125,1285.300048828125,396198
2026-02-17,NTPC.NS,368.75,369.5,366.04998779296875,368.3999938964844,368.3999938964844,4442793
2026-02-17,POWERGRID.NS,299.29998779296875,301.6000061035156,297.0,300.75,300.75,11190989
2026-02-17,RELIANCE.NS,1431.0999755859375,1431.800048828125,1418.5999755859375,1423.0,1423.0,10731630
2026-02-17,SBIN.NS,1206.0999755859375,1225.5,1204.0999755859375,1213.4000244140625,1213.4000244140625,20107196
2026-02-17,SUNPHARMA.NS,1696.0,1719.0,1693.9000244140625,1717.0999755859375,1717.0999755859375,1053855
2026-02-17,TCS.NS,2716.0,2760.0,2695.199951171875,2717.39990234375,2717.39990234375,4209118
2026-02-17,TECHM.NS,1512.699951171875,1547.5,1506.0,1523.800048828125,1523.800048828125,1781501
2026-02-17,TITAN.NS,4167.10009765625,4244.89990234375,4155.0,4236.39990234375,4236.39990234375,464123
2026-02-17,ULTRACEMCO.NS,12955.0,13008.0,12838.0,12984.0,12984.0,136174
2026-02-17,WIPRO.NS,213.25999450683594,219.38999938964844,212.25999450683594,215.69000244140625,215.69000244140625,26941553
2026-02-18,ADANIPORTS.NS,1565.0,1565.0,1540.0,1550.800048828125,1550.800048828125,1326139
2026-02-18,ASIANPAINT.NS,2440.0,2448.199951171875,2416.5,2432.10009765625,2432.10009765625,551809
2026-02-18,AXISBANK.NS,1363.0,1378.5,1353.800048828125,1377.0,1377.0,5556076
2026-02-18,BAJFINANCE.NS,1014.5499877929688,1025.699951171875,1007.0499877929688,1023.7999877929688,1023.7999877929688,4929647
2026-02-18,BHARTIARTL.NS,2020.0999755859375,2028.5999755859375,2015.0,2021.800048828125,2021.800048828125,2182669
2026-02-18,GRASIM.NS,2900.0,2938.89990234375,2900.0,2933.800048828125,2933.800048828125,350421
2026-02-18,HCLTECH.NS,1483.199951171875,1483.199951171875,1443.4000244140625,1467.199951171875,1467.199951171875,2036245
2026-02-18,HDFCBANK.NS,923.2000122070312,925.5,919.5499877929688,924.7000122070312,924.7000122070312,12738702
2026-02-18,HINDUNILVR.NS,2312.60009765625,2328.89990234375,2306.0,2323.5,2323.5,830787
2026-02-18,ICICIBANK.NS,1410.0999755859375,1412.300048828125,1398.9000244140625,1408.199951171875,1408.199951171875,4758071
2026-02-18,INDUSINDBK.NS,944.0,950.0,932.7999877929688,944.6500244140625,944.6500244140625,3474257
2026-02-18,INFY.NS,1390.9000244140625,1401.0,1345.300048828125,1373.699951171875,1373.699951171875,20241373
2026-02-18,ITC.NS,326.0,332.95001220703125,324.79998779296875,332.45001220703125,332.45001220703125,35473203
2026-02-18,JSWSTEEL.NS,1244.5999755859375,1264.0,1244.199951171875,1251.199951171875,1251.199951171875,1389762
2026-02-18,KOTAKBANK.NS,425.70001220703125,427.3999938964844,421.3500061035156,426.3500061035156,426.3500061035156,7333331
2026-02-18,LT.NS,4290.5,4335.0,4261.10009765625,4325.89990234375,4325.89990234375,2042626
2026-02-18,M&M.NS,3491.10009765625,3545.0,3483.199951171875,3530.5,3530.5,1682427
2026-02-18,MARUTI.NS,15208.0,15239.0,15074.0,15164.0,15164.0,280772
2026-02-18,NESTLEIND.NS,1286.5999755859375,1303.4000244140625,1278.0,1300.9000244140625,1300.9000244140625,446022
2026-02-18,NTPC.NS,368.45001220703125,370.70001220703125,367.3999938964844,368.3999938964844,368.3999938964844,4871319
2026-02-18,POWERGRID.NS,299.45001220703125,302.25,298.45001220703125,300.54998779296875,300.54998779296875,9147320
2026-02-18,RELIANCE.NS,1427.0,1442.0999755859375,1419.199951171875,1441.300048828125,1441.300048828125,5521096
2026-02-18,SBIN.NS,1218.800048828125,1224.0999755859375,1214.0,1218.9000244140625,1218.9000244140625,10417264
2026-02-18,SUNPHARMA.NS,1720.4000244140625,1730.5999755859375,1717.0999755859375,1724.4000244140625,1724.4000244140625,1262429
2026-02-18,TCS.NS,2730.0,2730.0,2657.300048828125,2694.89990234375,2694.89990234375,2950820
2026-02-18,TECHM.NS,1524.5999755859375,1528.5999755859375,1481.699951171875,1504.800048828125,1504.800048828125,1989222
2026-02-18,TITAN.NS,4251.0,4257.89990234375,4214.2998046875,4248.60009765625,4248.60009765625,387328
2026-02-18,ULTRACEMCO.NS,12986.0,13095.0,12986.0,13052.0,13052.0,161603
2026-02-18,WIPRO.NS,216.1999969482422,216.39999389648438,210.25999450683594,211.9499969482422,211.9499969482422,22679760
2026-02-19,ADANIPORTS.NS,1550.0,1550.800048828125,1506.699951171875,1513.300048828125,1513.300048828125,984392
2026-02-19,ASIANPAINT.NS,2420.0,2428.0,2391.10009765625,2400.800048828125,2400.800048828125,971600
2026-02-19,AXISBANK.NS,1381.0999755859375,1382.800048828125,1351.0,1356.5999755859375,1356.5999755859375,2744704
2026-02-19,BAJFINANCE.NS,1024.0,1024.5,1007.0,1017.0499877929688,1017.0499877929688,9866245
2026-02-19,BHARTIARTL.NS,2032.0,2032.0,1974.800048828125,1988.5999755859375,1988.5999755859375,4712417
2026-02-19,GRASIM.NS,2928.10009765625,2960.0,2846.89990234375,2864.300048828125,2864.300048828125,388104
2026-02-19,HCLTECH.NS,1470.0,1501.800048828125,1443.0,1450.4000244140625,1450.4000244140625,2397127
2026-02-19,HDFCBANK.NS,929.0,929.2000122070312,912.4500122070312,915.5999755859375,915.5999755859375,21209234
2026-02-19,HINDUNILVR.NS,2336.0,2337.39990234375,2275.60009765625,2279.300048828125,2279.300048828125,940180
2026-02-19,ICICIBANK.NS,1408.5,1412.300048828125,1384.800048828125,1388.800048828125,1388.800048828125,14323091
2026-02-19,INDUSINDBK.NS,944.5,944.5,923.2000122070312,927.3499755859375,927.3499755859375,2641817
2026-02-19,INFY.NS,1385.0,1402.0,1363.199951171875,1370.5,1370.5,14574228
2026-02-19,ITC.NS,334.04998779296875,334.25,325.0,326.0,326.0,19911747
2026-02-19,JSWSTEEL.NS,1252.0,1255.5,1223.0999755859375,1228.4000244140625,1228.4000244140625,824461
2026-02-19,KOTAKBANK.NS,425.70001220703125,425.95001220703125,415.8500061035156,416.3999938964844,416.3999938964844,6473423
2026-02-19,LT.NS,4326.10009765625,4334.0,4261.89990234375,4280.5,4280.5,2007080
2026-02-19,M&M.NS,3534.89990234375,3546.5,3421.300048828125,3431.800048828125,3431.800048828125,2479531
2026-02-19,MARUTI.NS,15163.0,15279.0,14853.0,14903.0,14903.0,152788
2026-02-19,NESTLEIND.NS,1299.800048828125,1300.0,1271.9000244140625,1278.5,1278.5,659360
2026-02-19,NTPC.NS,367.0,370.8999938964844,362.20001220703125,363.20001220703125,363.20001220703125,5375352
2026-02-19,POWERGRID.NS,300.1000061035156,301.6000061035156,293.1000061035156,294.6499938964844,294.6499938964844,7552362
2026-02-19,RELIANCE.NS,1443.0,1443.0,1400.0,1409.5,1409.5,11884664
2026-02-19,SBIN.NS,1222.9000244140625,1224.9000244140625,1199.199951171875,1205.699951171875,1205.699951171875,9630899
2026-02-19,SUNPHARMA.NS,1722.199951171875,1727.0,1710.0,1713.4000244140625,1713.4000244140625,1143429
2026-02-19,TCS.NS,2708.0,2748.699951171875,2666.60009765625,2677.89990234375,2677.89990234375,3238849
2026-02-19,TECHM.NS,1506.800048828125,1532.800048828125,1472.300048828125,1479.300048828125,1479.300048828125,1108260
2026-02-19,TITAN.NS,4225.0,4261.0,4191.0,4198.2001953125,4198.2001953125,406232
2026-02-19,ULTRACEMCO.NS,13039.0,13059.0,12637.0,12688.0,12688.0,195303
2026-02-19,WIPRO.NS,214.0,215.44000244140625,210.39999389648438,211.2100067138672,211.2100067138672,14151588
2026-02-20,ADANIPORTS.NS,1513.300048828125,1529.199951171875,1505.199951171875,1511.5,1511.5,1126987
2026-02-20,ASIANPAINT.NS,2378.199951171875,2435.699951171875,2376.10009765625,2428.10009765625,2428.10009765625,790329
2026-02-20,AXISBANK.NS,1351.0,1376.5,1351.0,1368.300048828125,1368.300048828125,3791536
2026-02-20,BAJFINANCE.NS,1015.9000244140625,1036.5999755859375,1008.75,1030.199951171875,1030.199951171875,6922705
2026-02-20,BHARTIARTL.NS,1981.0999755859375,1993.699951171875,1971.0,1977.4000244140625,1977.4000244140625,5180301
2026-02-20,GRASIM.NS,2864.89990234375,2890.0,2822.699951171875,2832.800048828125,2832.800048828125,597887
2026-02-20,HCLTECH.NS,1443.0,1455.0,1431.0,1436.5,1436.5,2392491
2026-02-20,HDFCBANK.NS,911.0,917.8499755859375,908.4000244140625,911.8499755859375,911.8499755859375,22654907
2026-02-20,HINDUNILVR.NS,2285.0,2331.199951171875,2278.300048828125,2314.5,2314.5,1716316
2026-02-20,ICICIBANK.NS,1388.5,1403.699951171875,1384.0,1394.5,1394.5,10337877
2026-02-20,INDUSINDBK.NS,934.0,947.9000244140625,922.6500244140625,926.0499877929688,926.0499877929688,6462199
2026-02-20,INFY.NS,1359.199951171875,1365.0,1338.199951171875,1353.199951171875,1353.199951171875,12633552
2026-02-20,ITC.NS,325.04998779296875,327.8500061035156,325.04998779296875,327.0,327.0,11282027
2026-02-20,JSWSTEEL.NS,1230.5,1253.0,1222.5999755859375,1235.800048828125,1235.800048828125,876475
2026-02-20,KOTAKBANK.NS,415.0,423.3999938964844,415.0,421.3500061035156,421.3500061035156,6603883
2026-02-20,LT.NS,4267.10009765625,4390.0,4267.10009765625,4380.60009765625,4380.60009765625,2542442
2026-02-20,M&M.NS,3443.0,3449.89990234375,3402.5,3412.800048828125,3412.800048828125,2260853
2026-02-20,MARUTI.NS,14903.0,15077.0,14848.0,14977.0,14977.0,515847
2026-02-20,NESTLEIND.NS,1278.5,1301.0,1276.4000244140625,1293.800048828125,1293.800048828125,754146
2026-02-20,NTPC.NS,362.79998779296875,373.6499938964844,362.70001220703125,372.95001220703125,372.95001220703125,16736731
2026-02-20,POWERGRID.NS,295.54998779296875,302.04998779296875,294.25,298.95001220703125,298.95001220703125,11762183
2026-02-20,RELIANCE.NS,1409.5,1427.4000244140625,1406.0999755859375,1419.4000244140625,1419.4000244140625,8177670
2026-02-20,SBIN.NS,1206.199951171875,1218.0,1201.800048828125,1216.0999755859375,1216.0999755859375,9958162
2026-02-20,SUNPHARMA.NS,1710.0999755859375,1727.0,1708.0999755859375,1724.4000244140625,1724.4000244140625,1203988
2026-02-20,TCS.NS,2667.0,2702.60009765625,2647.5,2686.199951171875,2686.199951171875,2293482
2026-02-20,TECHM.NS,1465.0,1477.300048828125,1453.0999755859375,1456.9000244140625,1456.9000244140625,1599813
2026-02-20,TITAN.NS,4200.5,4252.10009765625,4200.2001953125,4236.39990234375,4236.39990234375,532169
2026-02-20,ULTRACEMCO.NS,12650.0,12838.0,12578.0,12766.0,12766.0,120589
2026-02-20,WIPRO.NS,209.6999969482422,211.9600067138672,208.25,209.86000061035156,209.86000061035156,17690420
2026-02-23,ADANIPORTS.NS,1511.0,1564.5,1510.800048828125,1555.800048828125,1555.800048828125,3113728
2026-02-23,ASIANPAINT.NS,2424.699951171875,2446.60009765625,2411.5,2429.699951171875,2429.699951171875,634365
2026-02-23,AXISBANK.NS,1380.5,1402.0,1380.199951171875,1386.699951171875,1386.699951171875,6160153
2026-02-23,BAJFINANCE.NS,1032.449951171875,1046.0,1029.050048828125,1031.0,1031.0,9452225
2026-02-23,BHARTIARTL.NS,1994.0,2000.5,1983.9000244140625,1997.300048828125,1997.300048828125,3728878
2026-02-23,GRASIM.NS,2844.0,2883.699951171875,2839.699951171875,2873.39990234375,2873.39990234375,593878
2026-02-23,HCLTECH.NS,1438.199951171875,1441.5999755859375,1415.5,1426.199951171875,1426.199951171875,2629763
2026-02-23,HDFCBANK.NS,916.5,925.6500244140625,915.25,923.5999755859375,923.5999755859375,23270122
2026-02-23,HINDUNILVR.NS,2325.0,2350.0,2320.800048828125,2345.39990234375,2345.39990234375,1300035
2026-02-23,ICICIBANK.NS,1400.0,1408.300048828125,1395.300048828125,1399.4000244140625,1399.4000244140625,10728445
2026-02-23,INDUSINDBK.NS,926.0499877929688,934.6500244140625,911.9500122070312,919.75,919.75,4217172
2026-02-23,INFY.NS,1352.0,1352.0,1318.0,1327.5,1327.5,12887826
2026-02-23,ITC.NS,327.0,328.1000061035156,324.3999938964844,325.3999938964844,325.3999938964844,13486092
2026-02-23,JSWSTEEL.NS,1240.0,1248.0,1228.300048828125,1240.5,1240.5,787962
2026-02-23,KOTAKBANK.NS,423.0,431.79998779296875,420.3500061035156,430.70001220703125,430.70001220703125,10399627
2026-02-23,LT.NS,4395.60009765625,4431.60009765625,4371.7001953125,4418.10009765625,4418.10009765625,2122782
2026-02-23,M&M.NS,3425.0,3457.60009765625,3416.89990234375,3447.10009765625,3447.10009765625,1789276
2026-02-23,MARUTI.NS,15050.0,15118.0,14984.0,15072.0,15072.0,242968
2026-02-23,NESTLEIND.NS,1299.0,1318.5,1295.5,1315.0999755859375,1315.0999755859375,933582
2026-02-23,NTPC.NS,374.0,376.5,372.1499938964844,375.45001220703125,375.45001220703125,16135451
2026-02-23,POWERGRID.NS,302.0,304.29998779296875,299.0,303.3500061035156,303.3500061035156,11774742
2026-02-23,RELIANCE.NS,1425.0,1434.9000244140625,1418.300048828125,1428.0,1428.0,7758856
2026-02-23,SBIN.NS,1222.0,1231.0999755859375,1217.0999755859375,1227.800048828125,1227.800048828125,9733835
2026-02-23,SUNPHARMA.NS,1732.9000244140625,1735.800048828125,1720.199951171875,1732.300048828125,1732.300048828125,1550400
2026-02-23,TCS.NS,2686.0,2704.0,2660.199951171875,2676.300048828125,2676.300048828125,4699596
2026-02-23,TECHM.NS,1459.5,1470.0,1430.0,1440.9000244140625,1440.9000244140625,2660793
2026-02-23,TITAN.NS,4270.0,4280.0,4240.10009765625,4272.7001953125,4272.7001953125,516387
2026-02-23,ULTRACEMCO.NS,12830.0,12996.0,12759.0,12976.0,12976.0,134369
2026-02-23,WIPRO.NS,210.36000061035156,211.74000549316406,204.27999877929688,205.88999938964844,205.88999938964844,20946229
2026-02-24,ADANIPORTS.NS,1553.699951171875,1564.0,1536.4000244140625,1555.4000244140625,1555.4000244140625,1360612
2026-02-24,ASIANPAINT.NS,2413.0,2441.5,2403.699951171875,2413.10009765625,2413.10009765625,499660
2026-02-24,AXISBANK.NS,1398.0,1398.0,1383.5,1387.5999755859375,1387.5999755859375,7888492
2026-02-24,BAJFINANCE.NS,1026.300048828125,1028.75,1010.2999877929688,1023.5499877929688,1023.5499877929688,6610984
2026-02-24,BHARTIARTL.NS,1997.300048828125,1997.300048828125,1921.800048828125,1941.0,1941.0,10006761
2026-02-24,GRASIM.NS,2850.199951171875,2886.699951171875,2847.39990234375,2879.300048828125,2879.300048828125,593814
2026-02-24,HCLTECH.NS,1402.300048828125,1406.699951171875,1322.5,1339.199951171875,1339.199951171875,10004684
2026-02-24,HDFCBANK.NS,927.9500122070312,927.9500122070312,909.1500244140625,910.5,910.5,31313985
2026-02-24,HINDUNILVR.NS,2331.10009765625,2372.0,2330.300048828125,2358.60009765625,2358.60009765625,1544803
2026-02-24,ICICIBANK.NS,1400.9000244140625,1400.9000244140625,1382.300048828125,1384.800048828125,1384.800048828125,18274784
2026-02-24,INDUSINDBK.NS,919.75,934.4000244140625,912.0,931.4000244140625,931.4000244140625,3079572
2026-02-24,INFY.NS,1301.0,1303.5999755859375,1264.0999755859375,1275.5,1275.5,27839061
2026-02-24,ITC.NS,324.0,325.3999938964844,322.04998779296875,323.5,323.5,13135859
2026-02-24,JSWSTEEL.NS,1230.199951171875,1259.0,1230.199951171875,1254.5,1254.5,1515571
2026-02-24,KOTAKBANK.NS,430.8999938964844,432.45001220703125,425.79998779296875,427.70001220703125,427.70001220703125,15016915
2026-02-24,LT.NS,4415.5,4440.0,4228.10009765625,4259.2001953125,4259.2001953125,3673070
2026-02-24,M&M.NS,3415.0,3441.0,3390.0,3433.199951171875,3433.199951171875,1929400
2026-02-24,MARUTI.NS,15001.0,15062.0,14904.0,14926.0,14926.0,300991
2026-02-24,NESTLEIND.NS,1305.5999755859375,1323.9000244140625,1305.5999755859375,1320.0,1320.0,1120203
2026-02-24,NTPC.NS,374.95001220703125,385.0,373.54998779296875,382.75,382.75,20774629
2026-02-24,POWERGRID.NS,304.0,306.20001220703125,300.79998779296875,304.79998779296875,304.79998779296875,15863867
2026-02-24,RELIANCE.NS,1425.300048828125,1433.300048828125,1415.0,1428.800048828125,1428.800048828125,12529409
2026-02-24,SBIN.NS,1232.0,1234.699951171875,1219.699951171875,1223.300048828125,1223.300048828125,15788449
2026-02-24,SUNPHARMA.NS,1732.0,1745.9000244140625,1723.699951171875,1731.800048828125,1731.800048828125,2769363
2026-02-24,TCS.NS,2641.0,2647.5,2561.300048828125,2573.699951171875,2573.699951171875,7798833
2026-02-24,TECHM.NS,1420.0,1423.199951171875,1335.300048828125,1345.4000244140625,1345.4000244140625,7441035
2026-02-24,TITAN.NS,4240.39990234375,4300.0,4235.0,4294.5,4294.5,491126
2026-02-24,ULTRACEMCO.NS,12972.0,13010.0,12900.0,12960.0,12960.0,332450
2026-02-24,WIPRO.NS,203.0,203.2899932861328,199.36000061035156,200.13999938964844,200.13999938964844,25036686
2026-02-25,ADANIPORTS.NS,1567.0,1584.0,1518.5,1528.699951171875,1528.699951171875,2153982
2026-02-25,ASIANPAINT.NS,2416.0,2427.89990234375,2400.0,2416.39990234375,2416.39990234375,526764
2026-02-25,AXISBANK.NS,1394.0,1404.300048828125,1387.5999755859375,1403.0,1403.0,4379373
2026-02-25,BAJFINANCE.NS,1028.0,1034.0,1013.4000244140625,1021.0499877929688,1021.0499877929688,3182612
2026-02-25,BHARTIARTL.NS,1955.0,1961.800048828125,1904.0,1913.4000244140625,1913.4000244140625,8285195
2026-02-25,GRASIM.NS,2892.0,2910.699951171875,2867.10009765625,2878.39990234375,2878.39990234375,595400
2026-02-25,HCLTECH.NS,1355.0,1391.4000244140625,1354.0,1378.199951171875,1378.199951171875,5703505
2026-02-25,HDFCBANK.NS,910.5499877929688,916.0,903.0999755859375,907.5999755859375,907.5999755859375,27884303
2026-02-25,HINDUNILVR.NS,2368.89990234375,2380.0,2349.0,2374.89990234375,2374.89990234375,1158620
2026-02-25,ICICIBANK.NS,1391.800048828125,1407.4000244140625,1388.199951171875,1400.5,1400.5,16297015
2026-02-25,INDUSINDBK.NS,934.0,941.8499755859375,932.0999755859375,937.3499755859375,937.3499755859375,1173030
2026-02-25,INFY.NS,1286.199951171875,1323.5999755859375,1286.199951171875,1290.0999755859375,1290.0999755859375,16669618
2026-02-25,ITC.NS,325.5,326.6000061035156,318.1000061035156,319.75,319.75,13492101
2026-02-25,JSWSTEEL.NS,1261.0,1284.699951171875,1257.300048828125,1275.0,1275.0,2095033
2026-02-25,KOTAKBANK.NS,425.5,430.1499938964844,421.3999938964844,424.95001220703125,424.95001220703125,10192468
2026-02-25,LT.NS,4270.0,4344.89990234375,4254.2001953125,4298.5,4298.5,2481469
2026-02-25,M&M.NS,3435.0,3500.89990234375,3425.39990234375,3491.300048828125,3491.300048828125,2273269
2026-02-25,MARUTI.NS,14860.0,15133.0,14837.0,15070.0,15070.0,356495
2026-02-25,NESTLEIND.NS,1328.0,1334.800048828125,1315.0,1323.4000244140625,1323.4000244140625,991399
2026-02-25,NTPC.NS,382.75,388.54998779296875,382.70001220703125,384.8999938964844,384.8999938964844,12750016
2026-02-25,POWERGRID.NS,307.0,311.70001220703125,305.1499938964844,307.25,307.25,14240500
2026-02-25,RELIANCE.NS,1435.0,1440.5,1393.5,1398.5,1398.5,10728792
2026-02-25,SBIN.NS,1228.0999755859375,1228.0999755859375,1197.5,1200.0999755859375,1200.0999755859375,19581100
2026-02-25,SUNPHARMA.NS,1742.0,1770.4000244140625,1733.4000244140625,1764.199951171875,1764.199951171875,1200997
2026-02-25,TCS.NS,2596.0,2654.199951171875,2595.0,2629.300048828125,2629.300048828125,3621285
2026-02-25,TECHM.NS,1355.0999755859375,1397.699951171875,1351.4000244140625,1361.800048828125,1361.800048828125,2683571
2026-02-25,TITAN.NS,4304.0,4349.0,4289.7998046875,4325.0,4325.0,586295
2026-02-25,ULTRACEMCO.NS,12961.0,13061.0,12866.0,13041.0,13041.0,201537
2026-02-25,WIPRO.NS,201.30999755859375,205.47999572753906,201.30999755859375,201.9199981689453,201.9199981689453,13979068
2026-02-26,ADANIPORTS.NS,1537.5999755859375,1554.5999755859375,1526.0,1550.5999755859375,1550.5999755859375,1353287
2026-02-26,ASIANPAINT.NS,2416.10009765625,2422.199951171875,2382.0,2394.89990234375,2394.89990234375,588742
2026-02-26,AXISBANK.NS,1403.0,1405.699951171875,1386.0,1395.5,1395.5,8979547
2026-02-26,BAJFINANCE.NS,1020.75,1031.199951171875,1006.0499877929688,1012.9500122070312,1012.9500122070312,4336261
2026-02-26,BHARTIARTL.NS,1914.0,1935.0,1904.5,1929.5999755859375,1929.5999755859375,10795028
2026-02-26,GRASIM.NS,2881.5,2889.89990234375,2846.60009765625,2863.5,2863.5,662746
2026-02-26,HCLTECH.NS,1391.0,1405.0,1368.0,1373.5,1373.5,2329520
2026-02-26,HDFCBANK.NS,912.0,912.0,895.0,898.5999755859375,898.5999755859375,41165937
2026-02-26,HINDUNILVR.NS,2378.0,2387.300048828125,2355.199951171875,2383.300048828125,2383.300048828125,1470677
2026-02-26,ICICIBANK.NS,1405.0999755859375,1410.0,1392.0999755859375,1404.9000244140625,1404.9000244140625,27288792
2026-02-26,INDUSINDBK.NS,938.0,968.8499755859375,936.2999877929688,964.5999755859375,964.5999755859375,8974624
2026-02-26,INFY.NS,1305.5,1314.0,1286.300048828125,1289.0999755859375,1289.0999755859375,11493914
2026-02-26,ITC.NS,320.0,321.3999938964844,317.6000061035156,318.29998779296875,318.29998779296875,11270119
2026-02-26,JSWSTEEL.NS,1275.5,1282.300048828125,1270.0,1280.5999755859375,1280.5999755859375,779191
2026-02-26,KOTAKBANK.NS,426.70001220703125,426.70001220703125,421.70001220703125,424.54998779296875,424.54998779296875,13417228
2026-02-26,LT.NS,4304.89990234375,4340.0,4278.2998046875,4286.5,4286.5,2370148
2026-02-26,M&M.NS,3505.0,3507.0,3461.60009765625,3484.60009765625,3484.60009765625,1998012
2026-02-26,MARUTI.NS,15145.0,15224.0,15046.0,15213.0,15213.0,308213
2026-02-26,NESTLEIND.NS,1329.199951171875,1329.199951171875,1310.5999755859375,1318.0,1318.0,438946
2026-02-26,NTPC.NS,385.0,385.8500061035156,378.3999938964844,381.8999938964844,381.8999938964844,10721570
2026-02-26,POWERGRID.NS,307.1000061035156,307.70001220703125,301.3999938964844,303.25,303.25,14249515
2026-02-26,RELIANCE.NS,1398.5,1412.9000244140625,1391.9000244140625,1406.800048828125,1406.800048828125,16683858
2026-02-26,SBIN.NS,1201.0,1215.4000244140625,1188.9000244140625,1209.5,1209.5,16196052
2026-02-26,SUNPHARMA.NS,1764.199951171875,1792.199951171875,1760.300048828125,1785.699951171875,1785.699951171875,2076586
2026-02-26,TCS.NS,2650.0,2671.0,2635.0,2647.699951171875,2647.699951171875,3464267
2026-02-26,TECHM.NS,1366.4000244140625,1396.5999755859375,1360.4000244140625,1361.800048828125,1361.800048828125,1587449
2026-02-26,TITAN.NS,4330.0,4352.2001953125,4307.0,4342.60009765625,4342.60009765625,520985
2026-02-26,ULTRACEMCO.NS,13089.0,13089.0,12830.0,12937.0,12937.0,209041
2026-02-26,WIPRO.NS,203.7100067138672,204.6300048828125,199.1199951171875,201.0800018310547,201.0800018310547,14378069
2026-02-27,ADANIPORTS.NS,1545.0,1545.0999755859375,1516.199951171875,1521.0,1521.0,1596106
2026-02-27,ASIANPAINT.NS,2385.0,2397.60009765625,2359.0,2376.199951171875,2376.199951171875,2531619
2026-02-27,AXISBANK.NS,1387.0,1395.5,1381.0,1383.9000244140625,1383.9000244140625,5840317
2026-02-27,BAJFINANCE.NS,1008.9500122070312,1014.9000244140625,993.0999755859375,995.9000244140625,995.9000244140625,8145772
2026-02-27,BHARTIARTL.NS,1910.0,1915.0,1870.0999755859375,1879.300048828125,1879.300048828125,13754648
2026-02-27,GRASIM.NS,2845.0,2864.60009765625,2784.0,2799.800048828125,2799.800048828125,1153378
2026-02-27,HCLTECH.NS,1398.0,1404.800048828125,1382.0,1389.0999755859375,1389.0999755859375,8651443
2026-02-27,HDFCBANK.NS,898.5999755859375,898.9500122070312,885.0,887.75,887.75,34620755
2026-02-27,HINDUNILVR.NS,2369.300048828125,2378.89990234375,2330.60009765625,2338.10009765625,2338.10009765625,3053227
2026-02-27,ICICIBANK.NS,1400.0,1402.199951171875,1376.699951171875,1378.9000244140625,1378.9000244140625,15096898
2026-02-27,INDUSINDBK.NS,963.0,968.0,951.2000122070312,956.75,956.75,3745120
2026-02-27,INFY.NS,1326.300048828125,1335.0,1294.199951171875,1300.0999755859375,1300.0999755859375,23141724
2026-02-27,ITC.NS,316.0,317.75,312.6499938964844,313.6000061035156,313.6000061035156,13892595
2026-02-27,JSWSTEEL.NS,1272.0,1277.800048828125,1260.5,1264.699951171875,1264.699951171875,2081751
2026-02-27,KOTAKBANK.NS,420.5,422.3500061035156,414.45001220703125,415.20001220703125,415.20001220703125,17806739
2026-02-27,LT.NS,4288.89990234375,4304.7001953125,4254.39990234375,4278.2998046875,4278.2998046875,2357853
2026-02-27,M&M.NS,3460.0,3488.10009765625,3381.10009765625,3397.39990234375,3397.39990234375,3765500
2026-02-27,MARUTI.NS,15110.0,15192.0,14804.0,14857.0,14857.0,478164
2026-02-27,NESTLEIND.NS,1311.0999755859375,1322.9000244140625,1286.0,1291.699951171875,1291.699951171875,1640870
2026-02-27,NTPC.NS,381.0,385.20001220703125,380.1499938964844,381.8999938964844,381.8999938964844,11548959
2026-02-27,POWERGRID.NS,305.79998779296875,305.79998779296875,297.8999938964844,298.6499938964844,298.6499938964844,21400679
2026-02-27,RELIANCE.NS,1398.0,1410.4000244140625,1388.0999755859375,1393.9000244140625,1393.9000244140625,12031440
2026-02-27,SBIN.NS,1207.0,1211.800048828125,1198.5999755859375,1201.699951171875,1201.699951171875,10700355
2026-02-27,SUNPHARMA.NS,1779.0,1788.0999755859375,1730.9000244140625,1737.0,1737.0,3041489
2026-02-27,TCS.NS,2681.60009765625,2688.60009765625,2626.10009765625,2637.39990234375,2637.39990234375,5083717
2026-02-27,TECHM.NS,1391.0,1410.4000244140625,1354.0,1357.800048828125,1357.800048828125,2601590
2026-02-27,TITAN.NS,4341.60009765625,4352.0,4311.7998046875,4327.5,4327.5,1146258
2026-02-27,ULTRACEMCO.NS,12895.0,12897.0,12640.0,12677.0,12677.0,272915
2026-02-27,WIPRO.NS,204.0,204.0,200.0500030517578,200.9600067138672,200.9600067138672,13288519
2026-03-02,ADANIPORTS.NS,1462.0,1497.300048828125,1430.0,1470.300048828125,1470.300048828125,4207514
2026-03-02,ASIANPAINT.NS,2300.0,2337.89990234375,2283.5,2307.10009765625,2307.10009765625,2528308
2026-03-02,AXISBANK.NS,1369.0999755859375,1384.699951171875,1353.5999755859375,1372.300048828125,1372.300048828125,5132511
2026-03-02,BAJFINANCE.NS,971.0,990.4000244140625,968.0,978.25,978.25,8493269
2026-03-02,BHARTIARTL.NS,1850.0999755859375,1895.9000244140625,1847.9000244140625,1873.199951171875,1873.199951171875,11785758
2026-03-02,GRASIM.NS,2729.800048828125,2786.300048828125,2696.39990234375,2777.300048828125,2777.300048828125,900872
2026-03-02,HCLTECH.NS,1351.0,1386.0,1350.0,1371.0,1371.0,2088938
2026-03-02,HDFCBANK.NS,876.2000122070312,887.75,871.5499877929688,879.4000244140625,879.4000244140625,38378924
2026-03-02,HINDUNILVR.NS,2303.0,2354.0,2290.199951171875,2320.60009765625,2320.60009765625,2273224
2026-03-02,ICICIBANK.NS,1355.0,1379.199951171875,1355.0,1374.0,1374.0,16928683
2026-03-02,INDUSINDBK.NS,939.0,955.9500122070312,933.2000122070312,942.5,942.5,1568186
2026-03-02,INFY.NS,1291.0,1298.800048828125,1273.0,1288.9000244140625,1288.9000244140625,9700361
2026-03-02,ITC.NS,307.0,315.75,307.0,314.8999938964844,314.8999938964844,22194311
2026-03-02,JSWSTEEL.NS,1253.199951171875,1272.0,1244.699951171875,1267.300048828125,1267.300048828125,1608917
2026-03-02,KOTAKBANK.NS,410.0,414.6000061035156,407.1000061035156,413.1000061035156,413.1000061035156,15236666
2026-03-02,LT.NS,4061.0,4141.39990234375,3975.39990234375,4066.699951171875,4066.699951171875,6542141
2026-03-02,M&M.NS,3299.89990234375,3374.89990234375,3283.0,3334.300048828125,3334.300048828125,2997529
2026-03-02,MARUTI.NS,14407.0,14684.0,14204.0,14388.0,14388.0,603744
2026-03-02,NESTLEIND.NS,1261.9000244140625,1288.0,1261.300048828125,1279.699951171875,1279.699951171875,1161869
2026-03-02,NTPC.NS,365.0,378.95001220703125,365.0,377.54998779296875,377.54998779296875,14732253
2026-03-02,POWERGRID.NS,290.0,298.6000061035156,289.5,296.79998779296875,296.79998779296875,15690227
2026-03-02,RELIANCE.NS,1375.5,1378.5999755859375,1341.5,1358.0,1358.0,23728722
2026-03-02,SBIN.NS,1185.0,1197.300048828125,1179.4000244140625,1189.9000244140625,1189.9000244140625,16270835
2026-03-02,SUNPHARMA.NS,1712.0,1759.9000244140625,1712.0,1752.5,1752.5,3919270
2026-03-02,TCS.NS,2592.0,2623.800048828125,2580.300048828125,2613.5,2613.5,3374385
2026-03-02,TECHM.NS,1335.0,1362.800048828125,1322.199951171875,1345.4000244140625,1345.4000244140625,1564363
2026-03-02,TITAN.NS,4288.7998046875,4330.0,4193.0,4270.2998046875,4270.2998046875,770589
2026-03-02,ULTRACEMCO.NS,12375.0,12622.0,12325.0,12521.0,12521.0,237506
2026-03-02,WIPRO.NS,195.0,200.36000061035156,194.6999969482422,198.57000732421875,198.57000732421875,10486866
2026-03-04,ADANIPORTS.NS,1435.0,1450.5,1409.0,1434.4000244140625,1434.4000244140625,3386838
2026-03-04,ASIANPAINT.NS,2260.699951171875,2290.89990234375,2216.300048828125,2285.199951171875,2285.199951171875,1610358
2026-03-04,AXISBANK.NS,1344.5,1357.5999755859375,1327.0,1351.300048828125,1351.300048828125,5832353
2026-03-04,BAJFINANCE.NS,967.0,967.0,941.2999877929688,945.0999755859375,945.0999755859375,8964293
2026-03-04,BHARTIARTL.NS,1861.0999755859375,1920.0,1815.300048828125,1905.9000244140625,1905.9000244140625,20565585
2026-03-04,GRASIM.NS,2727.0,2742.199951171875,2645.0,2683.199951171875,2683.199951171875,928520
2026-03-04,HCLTECH.NS,1356.0,1382.0,1356.0,1364.0,1364.0,3161598
2026-03-04,HDFCBANK.NS,848.0,879.2999877929688,848.0,868.6500244140625,868.6500244140625,39862322
2026-03-04,HINDUNILVR.NS,2292.89990234375,2311.60009765625,2252.10009765625,2261.300048828125,2261.300048828125,2648737
2026-03-04,ICICIBANK.NS,1326.0,1376.0,1326.0,1365.4000244140625,1365.4000244140625,20009132
2026-03-04,INDUSINDBK.NS,930.0,942.9500122070312,916.7000122070312,927.5499877929688,927.5499877929688,2527046
2026-03-04,INFY.NS,1292.0,1317.0,1292.0,1307.4000244140625,1307.4000244140625,15154950
2026-03-04,ITC.NS,310.6000061035156,315.5,310.5,311.95001220703125,311.95001220703125,24165489
2026-03-04,JSWSTEEL.NS,1236.0,1253.9000244140625,1200.0,1213.0,1213.0,1682849
2026-03-04,KOTAKBANK.NS,405.0,410.5,402.20001220703125,403.3500061035156,403.3500061035156,18393751
2026-03-04,LT.NS,3950.0,3959.0,3760.0,3882.60009765625,3882.60009765625,7635350
2026-03-04,M&M.NS,3240.0,3278.10009765625,3207.89990234375,3264.300048828125,3264.300048828125,4537215
2026-03-04,MARUTI.NS,14150.0,14184.0,13794.0,14158.0,14158.0,710366
2026-03-04,NESTLEIND.NS,1259.699951171875,1270.0,1240.0,1245.300048828125,1245.300048828125,1112032
2026-03-04,NTPC.NS,370.75,373.8500061035156,364.1000061035156,365.79998779296875,365.79998779296875,11433169
2026-03-04,POWERGRID.NS,296.0,296.0,288.8999938964844,291.95001220703125,291.95001220703125,28191826
2026-03-04,RELIANCE.NS,1330.0,1352.800048828125,1307.0,1345.0,1345.0,32495007
2026-03-04,SBIN.NS,1172.0999755859375,1182.699951171875,1157.5999755859375,1174.5,1174.5,13855065
2026-03-04,SUNPHARMA.NS,1721.199951171875,1757.199951171875,1721.0,1750.5,1750.5,4914857
2026-03-04,TCS.NS,2625.0,2635.0,2580.39990234375,2587.800048828125,2587.800048828125,3446434
2026-03-04,TECHM.NS,1321.0,1362.199951171875,1321.0,1351.199951171875,1351.199951171875,1820421
2026-03-04,TITAN.NS,4205.0,4238.2998046875,4083.5,4204.39990234375,4204.39990234375,1024050
2026-03-04,ULTRACEMCO.NS,12175.0,12500.0,11888.0,12107.0,12107.0,394665
2026-03-04,WIPRO.NS,196.00999450683594,197.1199951171875,194.50999450683594,195.5500030517578,195.5500030517578,19562075
2026-03-05,ADANIPORTS.NS,1447.199951171875,1505.5,1447.199951171875,1499.300048828125,1499.300048828125,3236481
2026-03-05,ASIANPAINT.NS,2285.199951171875,2313.0,2253.699951171875,2287.800048828125,2287.800048828125,925040
2026-03-05,AXISBANK.NS,1354.9000244140625,1355.800048828125,1335.300048828125,1349.0999755859375,1349.0999755859375,6057499
2026-03-05,BAJFINANCE.NS,958.0,968.25,945.9000244140625,962.4000244140625,962.4000244140625,6181254
2026-03-05,BHARTIARTL.NS,1919.0,1929.0999755859375,1897.199951171875,1907.0,1907.0,11398717
2026-03-05,GRASIM.NS,2685.0,2731.89990234375,2656.800048828125,2724.10009765625,2724.10009765625,1101224
2026-03-05,HCLTECH.NS,1378.199951171875,1378.199951171875,1332.5,1354.0999755859375,1354.0999755859375,2217963
2026-03-05,HDFCBANK.NS,873.8499755859375,881.4000244140625,863.5,877.75,877.75,31324582
2026-03-05,HINDUNILVR.NS,2275.5,2277.800048828125,2228.39990234375,2255.0,2255.0,1751288
2026-03-05,ICICIBANK.NS,1368.9000244140625,1370.800048828125,1347.5999755859375,1357.5999755859375,1357.5999755859375,17590491
2026-03-05,INDUSINDBK.NS,930.0499877929688,947.5499877929688,926.9500122070312,937.2000122070312,937.2000122070312,1949212
2026-03-05,INFY.NS,1320.0,1320.0,1290.0999755859375,1305.800048828125,1305.800048828125,10362147
2026-03-05,ITC.NS,312.20001220703125,313.6000061035156,308.20001220703125,311.5,311.5,19938009
2026-03-05,JSWSTEEL.NS,1214.5,1253.4000244140625,1214.5,1248.0999755859375,1248.0999755859375,1696077
2026-03-05,KOTAKBANK.NS,403.6000061035156,410.04998779296875,402.3500061035156,407.29998779296875,407.29998779296875,14963265
2026-03-05,LT.NS,3924.199951171875,4072.89990234375,3908.89990234375,4038.699951171875,4038.699951171875,4996312
2026-03-05,M&M.NS,3277.300048828125,3360.60009765625,3276.199951171875,3348.0,3348.0,2304760
2026-03-05,MARUTI.NS,14300.0,14570.0,14081.0,14415.0,14415.0,448650
2026-03-05,NESTLEIND.NS,1249.5,1254.4000244140625,1222.699951171875,1250.9000244140625,1250.9000244140625,935711
2026-03-05,NTPC.NS,366.95001220703125,379.8999938964844,366.6000061035156,378.04998779296875,378.04998779296875,16158714
2026-03-05,POWERGRID.NS,292.0,300.1000061035156,291.8999938964844,299.45001220703125,299.45001220703125,19467441
2026-03-05,RELIANCE.NS,1353.0999755859375,1399.0,1353.0999755859375,1389.4000244140625,1389.4000244140625,25957532
2026-03-05,SBIN.NS,1181.0,1183.199951171875,1150.5999755859375,1169.5,1169.5,22100665
2026-03-05,SUNPHARMA.NS,1750.0,1794.9000244140625,1748.0,1784.5,1784.5,3600895
2026-03-05,TCS.NS,2600.0,2609.5,2546.39990234375,2578.800048828125,2578.800048828125,2960636
2026-03-05,TECHM.NS,1358.0,1366.699951171875,1319.300048828125,1333.300048828125,1333.300048828125,1210010
2026-03-05,TITAN.NS,4238.0,4302.5,4173.2001953125,4275.2001953125,4275.2001953125,691367
2026-03-05,ULTRACEMCO.NS,12107.0,12330.0,12030.0,12288.0,12288.0,284992
2026-03-05,WIPRO.NS,196.39999389648438,196.97000122070312,193.22000122070312,195.67999267578125,195.67999267578125,13149281
2026-03-06,ADANIPORTS.NS,1489.0,1497.800048828125,1470.0,1477.5,1477.5,2576061
2026-03-06,ASIANPAINT.NS,2261.699951171875,2307.89990234375,2253.699951171875,2279.5,2279.5,979742
2026-03-06,AXISBANK.NS,1347.0,1347.9000244140625,1313.5,1315.800048828125,1315.800048828125,11629935
2026-03-06,BAJFINANCE.NS,960.0,961.5,946.5999755859375,950.2000122070312,950.2000122070312,6560051
2026-03-06,BHARTIARTL.NS,1900.0,1902.0999755859375,1867.0999755859375,1870.800048828125,1870.800048828125,10896859
2026-03-06,GRASIM.NS,2701.5,2759.39990234375,2687.199951171875,2718.39990234375,2718.39990234375,1457401
2026-03-06,HCLTECH.NS,1356.0,1380.800048828125,1354.199951171875,1356.699951171875,1356.699951171875,1871596
2026-03-06,HDFCBANK.NS,868.0499877929688,871.7000122070312,855.0999755859375,857.0499877929688,857.0499877929688,34439647
2026-03-06,HINDUNILVR.NS,2245.10009765625,2250.0,2219.5,2225.699951171875,2225.699951171875,1674258
2026-03-06,ICICIBANK.NS,1339.0,1357.5999755859375,1310.4000244140625,1313.4000244140625,1313.4000244140625,22778852
2026-03-06,INDUSINDBK.NS,935.0,942.9000244140625,912.0499877929688,917.8499755859375,917.8499755859375,1153433
2026-03-06,INFY.NS,1303.0,1327.199951171875,1303.0,1308.4000244140625,1308.4000244140625,8724291
2026-03-06,ITC.NS,310.04998779296875,312.29998779296875,309.20001220703125,309.70001220703125,309.70001220703125,21288269
2026-03-06,JSWSTEEL.NS,1240.699951171875,1249.0999755859375,1229.199951171875,1233.699951171875,1233.699951171875,1140348
2026-03-06,KOTAKBANK.NS,403.70001220703125,406.70001220703125,399.0,399.79998779296875,399.79998779296875,17512726
2026-03-06,LT.NS,4015.0,4015.0,3941.0,3949.800048828125,3949.800048828125,2379314
2026-03-06,M&M.NS,3315.0,3367.0,3315.0,3332.5,3332.5,2084605
2026-03-06,MARUTI.NS,14339.0,14466.0,14115.0,14159.0,14159.0,390629
2026-03-06,NESTLEIND.NS,1250.0,1264.0999755859375,1234.199951171875,1252.4000244140625,1252.4000244140625,830769
2026-03-06,NTPC.NS,377.0,385.54998779296875,374.6499938964844,380.6000061035156,380.6000061035156,14940896
2026-03-06,POWERGRID.NS,299.95001220703125,302.75,297.0,299.1499938964844,299.1499938964844,15887540
2026-03-06,RELIANCE.NS,1396.5,1424.300048828125,1390.300048828125,1404.800048828125,1404.800048828125,19311971
2026-03-06,SBIN.NS,1168.5,1169.300048828125,1138.0,1143.0,1143.0,20333328
2026-03-06,SUNPHARMA.NS,1784.5,1805.5999755859375,1771.800048828125,1799.4000244140625,1799.4000244140625,3669921
2026-03-06,TCS.NS,2572.0,2619.199951171875,2553.60009765625,2557.60009765625,2557.60009765625,3998643
2026-03-06,TECHM.NS,1330.0,1359.5,1326.5999755859375,1331.699951171875,1331.699951171875,1033627
2026-03-06,TITAN.NS,4250.0,4302.0,4227.0,4244.60009765625,4244.60009765625,580562
2026-03-06,ULTRACEMCO.NS,12160.0,12208.0,11948.0,11987.0,11987.0,296585
2026-03-06,WIPRO.NS,195.60000610351562,198.92999267578125,195.0,195.39999389648438,195.39999389648438,9022914
2026-03-09,ADANIPORTS.NS,1405.0,1436.0999755859375,1405.0,1421.300048828125,1421.300048828125,4874245
2026-03-09,ASIANPAINT.NS,2200.0,2230.0,2162.60009765625,2220.800048828125,2220.800048828125,2198153
2026-03-09,AXISBANK.NS,1282.199951171875,1291.0,1260.800048828125,1288.300048828125,1288.300048828125,7926265
2026-03-09,BAJFINANCE.NS,921.7999877929688,941.0999755859375,909.0499877929688,938.0499877929688,938.0499877929688,9182152
2026-03-09,BHARTIARTL.NS,1831.0,1872.4000244140625,1818.0999755859375,1866.699951171875,1866.699951171875,8073518
2026-03-09,GRASIM.NS,2659.0,2692.800048828125,2631.0,2681.199951171875,2681.199951171875,1019315
2026-03-09,HCLTECH.NS,1330.0,1372.699951171875,1328.0,1358.5999755859375,1358.5999755859375,2256550
2026-03-09,HDFCBANK.NS,825.0,842.4500122070312,821.5,840.7000122070312,840.7000122070312,35592613
2026-03-09,HINDUNILVR.NS,2199.0,2200.0,2170.39990234375,2194.60009765625,2194.60009765625,1512817
2026-03-09,ICICIBANK.NS,1272.699951171875,1282.699951171875,1251.0999755859375,1278.4000244140625,1278.4000244140625,16116652
2026-03-09,INDUSINDBK.NS,899.0,900.0,870.5499877929688,881.2000122070312,881.2000122070312,3362985
2026-03-09,INFY.NS,1290.0,1318.0,1282.5,1315.0,1315.0,10068514
2026-03-09,ITC.NS,305.0,307.20001220703125,303.6000061035156,306.0,306.0,14084931
2026-03-09,JSWSTEEL.NS,1203.0,1213.0,1170.199951171875,1192.5999755859375,1192.5999755859375,2145649
2026-03-09,KOTAKBANK.NS,390.0,393.8500061035156,385.1000061035156,386.3500061035156,386.3500061035156,20275976
2026-03-09,LT.NS,3850.0,3852.0,3743.0,3842.10009765625,3842.10009765625,4248784
2026-03-09,M&M.NS,3250.0,3250.0,3142.89990234375,3187.60009765625,3187.60009765625,3961149
2026-03-09,MARUTI.NS,13800.0,13800.0,13365.0,13508.0,13508.0,676224
2026-03-09,NESTLEIND.NS,1227.0,1242.5999755859375,1217.4000244140625,1235.800048828125,1235.800048828125,1467475
2026-03-09,NTPC.NS,373.0,379.0,371.3999938964844,376.25,376.25,11286578
2026-03-09,POWERGRID.NS,285.5,296.25,285.5,295.20001220703125,295.20001220703125,21591866
2026-03-09,RELIANCE.NS,1375.0,1429.4000244140625,1370.0,1424.0,1424.0,24870822
2026-03-09,SBIN.NS,1115.0,1115.0,1064.300048828125,1098.5,1098.5,24631198
2026-03-09,SUNPHARMA.NS,1772.9000244140625,1815.0,1770.0,1807.4000244140625,1807.4000244140625,4112775
2026-03-09,TCS.NS,2530.0,2560.0,2505.0,2527.39990234375,2527.39990234375,3653428
2026-03-09,TECHM.NS,1305.0,1340.4000244140625,1304.0999755859375,1336.300048828125,1336.300048828125,1032250
2026-03-09,TITAN.NS,4160.0,4199.7001953125,4112.7001953125,4159.2001953125,4159.2001953125,576017
2026-03-09,ULTRACEMCO.NS,11766.0,11808.0,11329.0,11378.0,11378.0,590742
2026-03-09,WIPRO.NS,194.0,199.5,193.02999877929688,198.75,198.75,25862728
2026-03-10,ADANIPORTS.NS,1450.0,1470.300048828125,1416.5,1424.0999755859375,1424.0999755859375,2706284
2026-03-10,ASIANPAINT.NS,2251.60009765625,2305.10009765625,2251.60009765625,2280.39990234375,2280.39990234375,1192174
2026-03-10,AXISBANK.NS,1295.199951171875,1319.5,1284.5999755859375,1314.699951171875,1314.699951171875,6289277
2026-03-10,BAJFINANCE.NS,950.0,952.1500244140625,931.8499755859375,939.7999877929688,939.7999877929688,8474956
2026-03-10,BHARTIARTL.NS,1880.800048828125,1881.0,1846.5,1850.4000244140625,1850.4000244140625,11741600
2026-03-10,GRASIM.NS,2701.0,2753.0,2694.199951171875,2743.89990234375,2743.89990234375,1035360
2026-03-10,HCLTECH.NS,1361.0,1364.4000244140625,1345.0,1361.5,1361.5,1671877
2026-03-10,HDFCBANK.NS,850.0499877929688,856.7999877929688,840.5999755859375,849.4500122070312,849.4500122070312,52866024
2026-03-10,HINDUNILVR.NS,2224.0,2224.0,2175.0,2190.199951171875,2190.199951171875,1084986
2026-03-10,ICICIBANK.NS,1287.5999755859375,1315.0,1285.5999755859375,1311.9000244140625,1311.9000244140625,19136143
2026-03-10,INDUSINDBK.NS,892.0,904.0499877929688,885.0,898.7000122070312,898.7000122070312,4547967
2026-03-10,INFY.NS,1320.0,1321.0,1284.0999755859375,1295.5999755859375,1295.5999755859375,9600171
2026-03-10,ITC.NS,309.0,310.0,303.75,309.04998779296875,309.04998779296875,18352950
2026-03-10,JSWSTEEL.NS,1196.0999755859375,1219.9000244140625,1195.199951171875,1214.300048828125,1214.300048828125,1131600
2026-03-10,KOTAKBANK.NS,390.5,394.25,387.5,391.8500061035156,391.8500061035156,21346381
2026-03-10,LT.NS,3936.0,3972.0,3851.0,3876.0,3876.0,3330102
2026-03-10,M&M.NS,3278.0,3309.39990234375,3228.89990234375,3293.699951171875,3293.699951171875,2672336
2026-03-10,MARUTI.NS,13721.0,13909.0,13505.0,13867.0,13867.0,353715
2026-03-10,NESTLEIND.NS,1236.9000244140625,1249.5,1233.5,1241.199951171875,1241.199951171875,1301806
2026-03-10,NTPC.NS,385.0,385.45001220703125,374.8500061035156,377.29998779296875,377.29998779296875,10875834
2026-03-10,POWERGRID.NS,298.1499938964844,300.04998779296875,293.75,298.6499938964844,298.6499938964844,14627316
2026-03-10,RELIANCE.NS,1430.5999755859375,1431.5,1400.5999755859375,1408.800048828125,1408.800048828125,18071259
2026-03-10,SBIN.NS,1111.0999755859375,1119.9000244140625,1104.5,1112.199951171875,1112.199951171875,17491459
2026-03-10,SUNPHARMA.NS,1810.0,1825.0999755859375,1803.300048828125,1812.800048828125,1812.800048828125,3298680
2026-03-10,TCS.NS,2541.0,2545.199951171875,2490.10009765625,2513.10009765625,2513.10009765625,4323710
2026-03-10,TECHM.NS,1340.0,1347.9000244140625,1316.699951171875,1336.5999755859375,1336.5999755859375,1069187
2026-03-10,TITAN.NS,4175.10009765625,4242.89990234375,4175.10009765625,4220.10009765625,4220.10009765625,788850
2026-03-10,ULTRACEMCO.NS,11606.0,11759.0,11531.0,11654.0,11654.0,460885
2026-03-10,WIPRO.NS,200.5,201.30999755859375,197.4199981689453,200.92999267578125,200.92999267578125,12982340
2026-03-11,ADANIPORTS.NS,1425.0,1454.9000244140625,1405.699951171875,1410.800048828125,1410.800048828125,2212011
2026-03-11,ASIANPAINT.NS,2290.0,2302.0,2226.0,2232.0,2232.0,687786
2026-03-11,AXISBANK.NS,1310.0,1317.5,1252.699951171875,1255.800048828125,1255.800048828125,6859908
2026-03-11,BAJFINANCE.NS,932.2000122070312,941.25,890.0,893.6500244140625,893.6500244140625,11172537
2026-03-11,BHARTIARTL.NS,1841.0,1847.699951171875,1799.5,1807.0,1807.0,9548404
2026-03-11,GRASIM.NS,2726.60009765625,2762.800048828125,2714.800048828125,2735.60009765625,2735.60009765625,1492588
2026-03-11,HCLTECH.NS,1367.199951171875,1376.0,1346.9000244140625,1350.300048828125,1350.300048828125,1837000
2026-03-11,HDFCBANK.NS,845.0,848.8499755859375,827.5999755859375,833.9500122070312,833.9500122070312,42261076
2026-03-11,HINDUNILVR.NS,2190.199951171875,2195.0,2156.0,2161.39990234375,2161.39990234375,1313256
2026-03-11,ICICIBANK.NS,1300.0,1306.5,1290.9000244140625,1294.5999755859375,1294.5999755859375,13224259
2026-03-11,INDUSINDBK.NS,897.2000122070312,907.5,873.1500244140625,877.1500244140625,877.1500244140625,2754525
2026-03-11,INFY.NS,1288.0,1299.5,1271.300048828125,1276.300048828125,1276.300048828125,7868891
2026-03-11,ITC.NS,309.04998779296875,310.6499938964844,307.70001220703125,309.0,309.0,14842485
2026-03-11,JSWSTEEL.NS,1212.0,1222.9000244140625,1171.0,1178.800048828125,1178.800048828125,1802500
2026-03-11,KOTAKBANK.NS,388.8500061035156,391.1000061035156,379.95001220703125,383.20001220703125,383.20001220703125,29991868
2026-03-11,LT.NS,3879.699951171875,3896.699951171875,3832.0,3838.800048828125,3838.800048828125,2066473
2026-03-11,M&M.NS,3276.0,3292.89990234375,3156.0,3168.199951171875,3168.199951171875,4574950
2026-03-11,MARUTI.NS,13850.0,13948.0,13441.0,13497.0,13497.0,392182
2026-03-11,NESTLEIND.NS,1237.0999755859375,1245.9000244140625,1226.0999755859375,1233.699951171875,1233.699951171875,1472136
2026-03-11,NTPC.NS,377.5,383.8999938964844,376.45001220703125,379.8999938964844,379.8999938964844,9963701
2026-03-11,POWERGRID.NS,298.6499938964844,302.8999938964844,298.04998779296875,298.79998779296875,298.79998779296875,12618289
2026-03-11,RELIANCE.NS,1424.9000244140625,1434.0,1383.5999755859375,1390.199951171875,1390.199951171875,21848087
2026-03-11,SBIN.NS,1113.4000244140625,1115.9000244140625,1088.0,1091.0999755859375,1091.0999755859375,8364878
2026-03-11,SUNPHARMA.NS,1823.0,1843.0,1818.0999755859375,1825.9000244140625,1825.9000244140625,2510495
2026-03-11,TCS.NS,2508.10009765625,2521.0,2460.10009765625,2464.89990234375,2464.89990234375,2720664
2026-03-11,TECHM.NS,1343.9000244140625,1355.4000244140625,1330.199951171875,1334.4000244140625,1334.4000244140625,1499971
2026-03-11,TITAN.NS,4192.0,4234.89990234375,4126.2001953125,4140.2998046875,4140.2998046875,454575
2026-03-11,ULTRACEMCO.NS,11650.0,11663.0,11430.0,11462.0,11462.0,231139
2026-03-11,WIPRO.NS,202.69000244140625,205.9499969482422,201.5800018310547,202.22999572753906,202.22999572753906,29199002
2026-03-12,ADANIPORTS.NS,1402.5,1418.5999755859375,1375.300048828125,1391.5,1391.5,2699173
2026-03-12,ASIANPAINT.NS,2208.0,2249.89990234375,2201.0,2221.199951171875,2221.199951171875,1384055
2026-03-12,AXISBANK.NS,1243.199951171875,1251.0999755859375,1231.800048828125,1234.5,1234.5,9663320
2026-03-12,BAJFINANCE.NS,880.0999755859375,888.2000122070312,858.3499755859375,863.0999755859375,863.0999755859375,15508258
2026-03-12,BHARTIARTL.NS,1797.9000244140625,1817.800048828125,1791.0,1801.300048828125,1801.300048828125,12922735
2026-03-12,GRASIM.NS,2711.199951171875,2727.39990234375,2660.60009765625,2673.10009765625,2673.10009765625,952036
2026-03-12,HCLTECH.NS,1350.0,1363.4000244140625,1341.0,1358.0999755859375,1358.0999755859375,2616965
2026-03-12,HDFCBANK.NS,820.0999755859375,836.4000244140625,820.0999755859375,832.75,832.75,46107561
2026-03-12,HINDUNILVR.NS,2165.10009765625,2165.10009765625,2109.300048828125,2136.89990234375,2136.89990234375,1791973
2026-03-12,ICICIBANK.NS,1275.699951171875,1280.5,1258.300048828125,1266.5,1266.5,19676187
2026-03-12,INDUSINDBK.NS,870.0,870.5,828.0,831.3499755859375,831.3499755859375,7514347
2026-03-12,INFY.NS,1272.5,1278.5999755859375,1258.0,1265.800048828125,1265.800048828125,7599940
2026-03-12,ITC.NS,307.04998779296875,308.0,302.8500061035156,304.1000061035156,304.1000061035156,23319679
2026-03-12,JSWSTEEL.NS,1175.0,1182.5,1150.0,1172.5999755859375,1172.5999755859375,1265744
2026-03-12,KOTAKBANK.NS,377.0,380.1499938964844,374.04998779296875,375.29998779296875,375.29998779296875,25048123
2026-03-12,LT.NS,3825.0,3830.0,3704.89990234375,3719.5,3719.5,4255443
2026-03-12,M&M.NS,3115.10009765625,3142.800048828125,3020.0,3031.199951171875,3031.199951171875,6968585
2026-03-12,MARUTI.NS,13430.0,13430.0,12966.0,13011.0,13011.0,544683
2026-03-12,NESTLEIND.NS,1225.0,1229.9000244140625,1209.300048828125,1220.800048828125,1220.800048828125,1358564
2026-03-12,NTPC.NS,379.0,392.3999938964844,375.6499938964844,390.54998779296875,390.54998779296875,23847146
2026-03-12,POWERGRID.NS,295.79998779296875,304.8999938964844,295.1000061035156,303.6000061035156,303.6000061035156,15284297
2026-03-12,RELIANCE.NS,1390.0,1410.9000244140625,1381.0999755859375,1392.199951171875,1392.199951171875,20939959
2026-03-12,SBIN.NS,1075.0999755859375,1098.0,1070.5,1085.199951171875,1085.199951171875,14614140
2026-03-12,SUNPHARMA.NS,1828.0,1833.5999755859375,1808.4000244140625,1825.300048828125,1825.300048828125,2606057
2026-03-12,TCS.NS,2459.800048828125,2472.89990234375,2436.0,2442.39990234375,2442.39990234375,2752075
2026-03-12,TECHM.NS,1334.4000244140625,1356.5,1327.0,1349.800048828125,1349.800048828125,3067753
2026-03-12,TITAN.NS,4100.0,4179.0,4033.800048828125,4129.60009765625,4129.60009765625,1071366
2026-03-12,ULTRACEMCO.NS,11401.0,11405.0,11059.0,11089.0,11089.0,535730
2026-03-12,WIPRO.NS,201.05999755859375,203.8000030517578,199.6999969482422,202.50999450683594,202.50999450683594,19042475
2026-03-13,ADANIPORTS.NS,1388.699951171875,1390.0,1354.0,1368.800048828125,1368.800048828125,2688559
2026-03-13,ASIANPAINT.NS,2204.699951171875,2219.699951171875,2190.0,2194.10009765625,2194.10009765625,949233
2026-03-13,AXISBANK.NS,1224.0,1234.5,1194.300048828125,1199.0999755859375,1199.0999755859375,9098187
2026-03-13,BAJFINANCE.NS,861.0,868.3499755859375,848.7999877929688,856.5,856.5,6668639
2026-03-13,BHARTIARTL.NS,1781.0999755859375,1816.0,1776.5999755859375,1803.0,1803.0,8970772
2026-03-13,GRASIM.NS,2655.0,2664.0,2563.10009765625,2570.0,2570.0,1309585
2026-03-13,HCLTECH.NS,1350.0,1356.699951171875,1321.0,1329.0999755859375,1329.0999755859375,2190786
2026-03-13,HDFCBANK.NS,820.0,823.7999877929688,812.0,816.7000122070312,816.7000122070312,41700464
2026-03-13,HINDUNILVR.NS,2136.0,2191.89990234375,2120.300048828125,2161.800048828125,2161.800048828125,2298875
2026-03-13,ICICIBANK.NS,1251.9000244140625,1262.300048828125,1248.699951171875,1255.0,1255.0,17344394
2026-03-13,INDUSINDBK.NS,827.0,833.1500244140625,804.7999877929688,816.0,816.0,5606889
2026-03-13,INFY.NS,1251.0,1269.5999755859375,1242.5999755859375,1250.4000244140625,1250.4000244140625,7366098
2026-03-13,ITC.NS,304.0,306.0,300.6499938964844,301.8999938964844,301.8999938964844,25659996
2026-03-13,JSWSTEEL.NS,1166.699951171875,1169.199951171875,1115.5,1120.0,1120.0,2284551
2026-03-13,KOTAKBANK.NS,373.0,373.6000061035156,363.3999938964844,367.1000061035156,367.1000061035156,32179473
2026-03-13,LT.NS,3696.0,3697.0,3424.5,3445.0,3445.0,10778730
2026-03-13,M&M.NS,2965.0,3025.0,2922.60009765625,2940.0,2940.0,7217643
2026-03-13,MARUTI.NS,12899.0,12962.0,12483.0,12615.0,12615.0,939594
2026-03-13,NESTLEIND.NS,1219.0,1238.5999755859375,1200.5999755859375,1202.0999755859375,1202.0999755859375,1681371
2026-03-13,NTPC.NS,391.8500061035156,394.5,383.20001220703125,384.04998779296875,384.04998779296875,27107369
2026-03-13,POWERGRID.NS,308.6499938964844,309.5,298.70001220703125,301.0,301.0,23615092
2026-03-13,RELIANCE.NS,1385.199951171875,1400.800048828125,1378.4000244140625,1382.0999755859375,1382.0999755859375,17265090
2026-03-13,SBIN.NS,1077.5,1081.300048828125,1042.300048828125,1046.0,1046.0,15978675
2026-03-13,SUNPHARMA.NS,1822.0,1833.300048828125,1797.0,1802.0,1802.0,2554627
2026-03-13,TCS.NS,2437.0,2445.89990234375,2397.0,2412.0,2412.0,2466488
2026-03-13,TECHM.NS,1342.5,1342.5,1319.800048828125,1332.0,1332.0,1150005
2026-03-13,TITAN.NS,4091.0,4147.2001953125,4046.0,4072.5,4072.5,868825
2026-03-13,ULTRACEMCO.NS,11000.0,11000.0,10573.0,10744.0,10744.0,723904
2026-03-13,WIPRO.NS,200.60000610351562,202.07000732421875,196.0399932861328,197.75,197.75,12629652
