signal_date,ticker,pattern,pattern_family,entry_price,stop_pct,stop_price,score_trend,score_setup,score_volume,score_rsi,score_risk,score_pattern,sma50_slope_pct,ma_slope_bonus,pattern_bonus,signal_score,consensus_count
2023-10-09,GOLDBEES.NS,D_rsi_bounce,D,48.88,2.21,47.8,51.7,100.0,100.0,36.6,86.7,0.0,-0.44,0.0,0.0,56.6,1
2023-10-09,HCLTECH.NS,B_pullback_rebound,B,1249.6,2.15,1222.7,84.0,60.0,69.2,54.5,87.1,25.3,0.99,3.0,7.6,62.2,1
2023-10-09,TCS.NS,A_breakout_40d,A,3638.3501,7.0,3383.6656,70.2,53.7,78.8,66.7,58.0,85.3,0.51,2.05,25.6,77.7,3
2023-10-09,TCS.NS,C_macd_crossover,C,3638.3501,4.43,3477.3,70.2,54.3,78.8,66.7,73.4,55.3,0.51,2.05,16.6,71.0,3
2023-10-10,ADANIPORTS.NS,B_pullback_rebound,B,819.5,4.21,785.0,100.0,62.3,70.8,49.6,74.7,25.3,0.93,3.0,7.6,64.2,1
2023-10-10,BHARTIARTL.NS,C_macd_crossover,C,948.35,4.88,902.05,90.9,87.5,69.1,71.7,70.7,51.0,0.47,1.89,15.3,73.9,1
2023-10-10,COALINDIA.NS,A_breakout_40d,A,303.25,7.0,282.0225,99.7,71.8,80.1,74.0,58.0,85.3,2.45,3.0,25.6,88.6,2
2023-10-10,DLF.NS,A_breakout_40d,A,561.75,7.0,522.4275,100.0,69.0,100.0,66.1,58.0,85.3,0.91,3.0,25.6,85.5,1
2023-10-10,HINDALCO.NS,B_pullback_rebound,B,480.65,3.37,464.45,80.1,47.5,65.7,53.9,79.8,25.3,0.64,2.58,7.6,57.1,1
2023-10-10,INDUSTOWER.NS,B_pullback_rebound,B,187.45,5.57,177.0,86.5,42.8,68.7,55.2,66.6,25.3,0.57,2.29,7.6,55.7,1
2023-10-10,SHRIRAMFIN.NS,B_pullback_rebound,B,378.57,4.71,360.73,100.0,51.4,64.3,51.7,71.7,25.3,0.18,0.72,7.6,58.5,1
2023-10-11,HEROMOTOCO.NS,F_vwap_reclaim,F,3100.8501,3.29,2998.8407,91.8,100.0,82.0,57.8,80.3,32.7,-0.43,0.0,9.8,76.8,2
2023-10-11,INFY.NS,C_macd_crossover,C,1494.4,5.25,1416.0,60.0,51.1,66.9,61.0,68.5,51.0,0.97,3.0,15.3,60.7,1
2023-10-11,MAXHEALTH.NS,B_pullback_rebound,B,573.95,4.01,550.95,100.0,44.6,68.7,51.1,76.0,25.3,-0.76,0.0,7.6,57.6,1
2023-10-11,PIDILITIND.NS,C_macd_crossover,C,1243.825,4.13,1192.5,55.7,91.5,66.6,51.6,75.2,51.0,-0.67,0.0,15.3,65.5,1
2023-10-11,SBILIFE.NS,B_pullback_rebound,B,1309.35,3.44,1264.35,82.4,52.8,67.7,51.2,79.4,25.3,-0.08,0.0,7.6,56.1,1
2023-10-11,WIPRO.NS,B_pullback_rebound,B,210.575,4.87,200.325,75.7,45.5,76.2,55.7,70.8,25.3,0.21,0.83,7.6,54.1,1
2023-10-12,ADANIENT.NS,B_pullback_rebound,B,2506.3501,5.36,2372.0,75.2,40.6,64.2,53.2,67.8,25.3,0.07,0.3,7.6,50.5,1
2023-10-12,COALINDIA.NS,C_macd_crossover,C,307.2,7.0,285.696,100.0,56.2,67.0,74.8,58.0,51.0,2.71,3.0,15.3,68.6,1
2023-10-12,GRASIM.NS,A_breakout_40d,A,1993.8719,7.0,1854.3009,87.8,58.8,86.4,66.3,58.0,85.3,0.57,2.28,25.6,83.6,2
2023-10-12,GRASIM.NS,C_macd_crossover,C,1993.8719,6.33,1867.6737,87.8,100.0,86.4,66.3,62.0,55.3,0.57,2.28,16.6,83.4,2
2023-10-12,ITC.NS,B_pullback_rebound,B,433.9859,3.86,417.2312,89.5,40.3,65.2,55.9,76.8,25.3,-0.48,0.0,7.6,54.5,1
2023-10-12,POWERGRID.NS,B_pullback_rebound,B,200.75,3.49,193.75,88.4,41.2,66.1,59.6,79.1,25.3,0.34,1.37,7.6,56.4,1
2023-10-12,TVSMOTOR.NS,A_breakout_40d,A,1597.85,7.0,1486.0005,100.0,74.6,71.0,75.3,58.0,85.3,1.2,3.0,25.6,88.1,2
2023-10-12,TVSMOTOR.NS,C_macd_crossover,C,1597.85,6.78,1489.45,100.0,91.4,71.0,75.3,59.3,55.3,1.2,3.0,16.6,82.7,2
2023-10-13,DLF.NS,A_breakout_40d,A,568.4,7.0,528.612,100.0,51.9,74.5,68.1,58.0,85.3,1.07,3.0,25.6,78.8,1
2023-10-13,HCLTECH.NS,B_pullback_rebound,B,1255.9,3.24,1215.15,86.6,52.3,85.0,54.7,80.5,25.3,1.07,3.0,7.6,62.3,1
2023-10-13,INDUSINDBK.NS,A_breakout_40d,A,1463.7,7.0,1361.241,100.0,53.0,71.8,59.1,58.0,85.3,0.14,0.57,25.6,81.0,3
2023-10-13,INDUSINDBK.NS,F_vwap_reclaim,F,1463.7,3.11,1418.1259,100.0,100.0,71.8,59.1,81.3,65.0,0.14,0.57,19.5,87.6,3
2023-10-13,TATACONSUM.NS,A_breakout_40d,A,913.35,7.0,849.4155,93.3,61.3,100.0,66.8,58.0,85.3,0.38,1.53,25.6,81.2,1
2023-10-13,TCS.NS,B_pullback_rebound,B,3570.8501,2.62,3477.3,71.3,52.4,65.4,53.3,84.3,25.3,0.56,2.25,7.6,56.5,1
2023-10-16,HEROMOTOCO.NS,A_breakout_40d,A,3161.0,7.0,2939.73,90.8,61.9,74.5,61.9,58.0,85.3,-0.12,0.0,25.6,75.8,1
2023-10-17,HDFCLIFE.NS,C_macd_crossover,C,641.8,4.43,613.35,96.6,80.0,69.7,54.5,73.4,51.0,-0.25,0.0,15.3,76.6,2
2023-10-18,CIPLA.NS,F_vwap_reclaim,F,1210.6,3.1,1173.0954,100.0,100.0,100.0,58.1,81.4,32.7,-0.04,0.0,9.8,75.9,1
2023-10-19,BAJAJ-AUTO.NS,A_breakout_40d,A,5482.6001,7.0,5098.8181,100.0,96.3,100.0,76.8,58.0,85.3,0.8,3.0,25.6,96.3,2
2023-10-19,BAJAJ-AUTO.NS,F_vwap_reclaim,F,5482.6001,7.0,5098.8181,100.0,100.0,100.0,76.8,58.0,65.0,0.8,3.0,19.5,90.9,2
2023-10-19,HEROMOTOCO.NS,A_breakout_40d,A,3265.8501,7.0,3037.2406,92.0,73.4,82.3,67.7,58.0,85.3,0.6,2.42,25.6,81.9,1
2023-10-19,INDUSINDBK.NS,F_vwap_reclaim,F,1450.35,2.21,1418.2465,100.0,99.6,100.0,54.8,86.7,32.7,0.36,1.42,9.8,82.9,3
2023-10-19,NESTLEIND.NS,A_breakout_40d,A,1206.6176,7.0,1122.1543,80.3,69.6,100.0,69.5,58.0,85.3,0.4,1.62,25.6,80.4,1
2023-10-20,INDUSINDBK.NS,A_breakout_40d,A,1469.1,7.0,1366.263,100.0,53.0,70.2,58.5,58.0,85.3,0.35,1.4,25.6,81.6,2
2023-10-20,NESTLEIND.NS,A_breakout_40d,A,1213.985,7.0,1129.006,80.7,54.9,92.5,70.8,58.0,85.3,0.5,2.0,25.6,77.0,1
2023-10-20,TATACONSUM.NS,B_pullback_rebound,B,898.95,4.22,861.0,95.1,40.1,68.4,58.0,74.7,25.3,0.72,2.86,7.6,58.6,1
2023-10-23,M&M.NS,F_vwap_reclaim,F,1565.15,1.35,1544.0478,100.0,64.1,81.8,50.8,91.9,32.7,0.45,1.79,9.8,74.4,2
2023-10-25,M&M.NS,B_pullback_rebound,B,1569.1,3.18,1519.2,100.0,44.5,66.3,51.9,80.9,25.3,0.34,1.36,7.6,59.4,1
2023-10-25,SBIN.NS,D_rsi_bounce,D,556.2,0.93,551.0,59.6,87.8,58.7,32.9,94.4,0.0,-0.16,0.0,0.0,51.3,1
2023-10-27,ADANIPOWER.NS,F_vwap_reclaim,F,70.83,1.68,69.6419,100.0,77.6,85.0,54.1,89.9,32.7,1.37,3.0,9.8,73.6,1
2023-10-27,AXISBANK.NS,B_pullback_rebound,B,1002.75,5.12,951.4,84.7,48.6,69.4,52.5,69.3,25.3,0.31,1.25,7.6,55.8,1
2023-10-27,BAJAJFINSV.NS,B_pullback_rebound,B,1566.4,0.92,1552.0,83.5,69.0,64.8,43.9,94.5,25.3,0.58,2.32,7.6,63.4,1
2023-10-27,DABUR.NS,D_rsi_bounce,D,524.55,3.9,504.1,52.9,100.0,61.8,38.4,76.6,0.0,-0.85,0.0,0.0,50.5,1
2023-10-27,JSWSTEEL.NS,D_rsi_bounce,D,732.0,0.89,725.5,75.2,74.3,58.4,31.8,94.7,0.0,-0.88,0.0,0.0,51.7,1
2023-10-27,MARUTI.NS,F_vwap_reclaim,F,10560.7002,1.24,10429.976,99.9,59.6,91.9,53.1,92.6,32.7,1.14,3.0,9.8,76.2,2
2023-10-27,RELIANCE.NS,D_rsi_bounce,D,1132.9,2.01,1110.15,67.2,100.0,63.2,36.5,88.0,0.0,-1.14,0.0,0.0,55.1,1
2023-10-27,SHRIRAMFIN.NS,F_vwap_reclaim,F,387.04,3.67,372.8448,100.0,100.0,100.0,57.7,78.0,32.7,0.13,0.52,9.8,75.9,1
2023-10-27,TATAPOWER.NS,D_rsi_bounce,D,238.15,3.09,230.8,100.0,100.0,58.5,34.8,81.5,0.0,0.17,0.68,0.0,60.8,1
2023-10-30,ADANIPOWER.NS,C_macd_crossover,C,71.59,7.0,66.5787,100.0,62.1,69.6,55.5,58.0,51.0,1.48,3.0,15.3,69.6,1
2023-10-30,CIPLA.NS,F_vwap_reclaim,F,1193.45,2.03,1169.1678,100.0,92.2,73.2,52.5,87.8,32.7,-0.65,0.0,9.8,71.6,1
2023-10-30,DLF.NS,F_vwap_reclaim,F,554.45,2.26,541.8967,100.0,100.0,80.5,56.5,86.4,32.7,1.03,3.0,9.8,82.1,2
2023-10-30,RELIANCE.NS,F_vwap_reclaim,F,1156.25,1.16,1142.8723,66.1,56.4,72.8,47.0,93.1,32.7,-1.19,0.0,9.8,58.2,1
2023-10-30,SBILIFE.NS,B_pullback_rebound,B,1326.2,2.67,1290.75,83.3,42.3,65.3,52.2,84.0,25.3,0.01,0.02,7.6,54.5,1
2023-10-30,SHRIRAMFIN.NS,C_macd_crossover,C,378.44,6.94,352.17,100.0,82.9,70.4,52.0,58.4,51.0,0.22,0.87,15.3,71.7,1
2023-10-31,ASIANPAINT.NS,D_rsi_bounce,D,2995.7,2.16,2931.0,67.1,100.0,65.1,30.6,87.0,0.0,-0.66,0.0,0.0,55.0,1
2023-10-31,IOC.NS,F_vwap_reclaim,F,89.7,1.32,88.5199,72.4,62.8,93.0,49.8,92.1,32.7,-0.59,0.0,9.8,63.3,1
2023-10-31,RELIANCE.NS,C_macd_crossover,C,1143.95,2.95,1110.15,65.1,70.9,64.9,43.0,82.3,51.0,-1.18,0.0,15.3,63.7,1
2023-10-31,SBILIFE.NS,C_macd_crossover,C,1367.85,5.64,1290.75,83.8,100.0,84.4,61.7,66.2,51.0,0.15,0.6,15.3,74.7,1
2023-11-01,DLF.NS,A_breakout_40d,A,574.85,7.0,534.6105,100.0,59.1,87.0,63.8,58.0,85.3,1.41,3.0,25.6,81.8,1
2023-11-01,IOC.NS,C_macd_crossover,C,92.45,7.0,85.9785,72.1,100.0,100.0,58.8,58.0,51.0,-0.43,0.0,15.3,77.6,2
2023-11-01,IOC.NS,F_vwap_reclaim,F,92.45,3.73,88.9973,72.1,100.0,100.0,58.8,77.6,65.0,-0.43,0.0,19.5,84.5,2
2023-11-01,TATACONSUM.NS,B_pullback_rebound,B,903.15,3.45,872.0,96.1,38.9,74.3,58.3,79.3,25.3,0.6,2.39,7.6,59.5,1
2023-11-01,TRENT.NS,A_breakout_40d,A,2197.6499,7.0,2043.8144,100.0,65.1,79.8,66.4,58.0,85.3,0.88,3.0,25.6,82.1,1
2023-11-02,BHARTIARTL.NS,B_pullback_rebound,B,923.85,3.07,895.45,95.6,59.2,69.3,49.7,81.6,25.3,0.63,2.51,7.6,63.0,1
2023-11-02,GODREJCP.NS,F_vwap_reclaim,F,991.15,1.7,974.3163,53.3,78.4,100.0,51.6,89.8,32.7,-0.46,0.0,9.8,63.3,1
2023-11-02,INDUSINDBK.NS,C_macd_crossover,C,1461.2,4.62,1393.65,100.0,81.1,67.4,55.8,72.3,51.0,0.45,1.79,15.3,73.9,1
2023-11-02,INDUSTOWER.NS,F_vwap_reclaim,F,190.15,4.53,181.5378,100.0,100.0,83.3,58.1,72.8,32.7,0.79,3.0,9.8,75.6,1
2023-11-02,M&M.NS,D_rsi_bounce,D,1469.7,1.34,1450.0,100.0,100.0,60.1,34.7,92.0,0.0,-0.5,0.0,0.0,61.7,1
2023-11-02,SUNPHARMA.NS,F_vwap_reclaim,F,1132.85,2.12,1108.8048,91.0,95.9,76.4,52.4,87.3,32.7,-0.23,0.0,9.8,75.9,2
2023-11-02,TATASTEEL.NS,D_rsi_bounce,D,118.1,1.78,116.0,93.6,100.0,91.7,35.6,89.3,0.0,0.15,0.62,0.0,64.8,1
2023-11-03,APOLLOHOSP.NS,A_breakout_40d,A,5153.2002,7.0,4792.4762,75.7,52.4,99.0,62.3,58.0,85.3,-0.01,0.0,25.6,79.1,3
2023-11-03,APOLLOHOSP.NS,F_vwap_reclaim,F,5153.2002,4.72,4910.013,75.7,100.0,99.0,62.3,71.7,65.0,-0.01,0.0,19.5,84.4,3
2023-11-03,DLF.NS,A_breakout_40d,A,595.85,7.0,554.1405,100.0,74.8,70.8,69.9,58.0,85.3,1.81,3.0,25.6,83.0,1
2023-11-03,EICHERMOT.NS,F_vwap_reclaim,F,3428.0,1.13,3389.1177,60.8,55.4,73.0,52.3,93.2,32.7,0.01,0.04,9.8,62.2,2
2023-11-03,ETERNAL.NS,A_breakout_40d,A,116.5,7.0,108.345,100.0,68.6,100.0,65.8,58.0,85.3,1.71,3.0,25.6,90.4,2
2023-11-03,ETERNAL.NS,F_vwap_reclaim,F,116.5,6.79,108.5906,100.0,100.0,100.0,65.8,59.3,65.0,1.71,3.0,19.5,90.8,2
2023-11-03,INDUSTOWER.NS,C_macd_crossover,C,188.35,7.0,175.1655,100.0,100.0,65.7,56.2,58.0,51.0,1.1,3.0,15.3,76.6,1
2023-11-03,IOC.NS,A_breakout_40d,A,95.9,7.0,89.187,72.1,55.9,80.7,66.9,58.0,85.3,0.01,0.05,25.6,71.8,1
2023-11-03,TITAN.NS,F_vwap_reclaim,F,3274.5,2.45,3194.1962,100.0,100.0,74.0,57.4,85.3,32.7,0.42,1.68,9.8,79.8,2
2023-11-06,DIVISLAB.NS,D_rsi_bounce,D,3506.7,5.04,3330.05,88.6,100.0,100.0,46.2,69.8,0.0,-0.76,0.0,0.0,61.9,1
2023-11-06,EICHERMOT.NS,A_breakout_40d,A,3510.95,7.0,3265.1835,60.9,52.2,79.3,59.2,58.0,85.3,0.08,0.33,25.6,73.7,3
2023-11-06,EICHERMOT.NS,F_vwap_reclaim,F,3510.95,3.29,3395.3721,60.9,100.0,79.3,59.2,80.2,65.0,0.08,0.33,19.5,80.3,3
2023-11-06,ETERNAL.NS,A_breakout_40d,A,123.3,7.0,114.669,100.0,96.7,86.5,71.9,58.0,85.3,1.96,3.0,25.6,94.5,2
2023-11-06,ETERNAL.NS,C_macd_crossover,C,123.3,7.0,114.669,100.0,100.0,86.5,71.9,58.0,55.3,1.96,3.0,16.6,86.1,2
2023-11-06,INDIGO.NS,C_macd_crossover,C,2559.3,6.66,2388.8501,89.1,100.0,71.8,57.7,60.0,51.0,0.08,0.32,15.3,72.9,1
2023-11-06,IOC.NS,A_breakout_40d,A,99.0,7.0,92.07,72.5,75.9,100.0,72.5,58.0,85.3,0.29,1.17,25.6,79.8,1
2023-11-06,TATAPOWER.NS,C_macd_crossover,C,249.55,7.0,232.0815,100.0,100.0,66.8,52.6,58.0,51.0,0.19,0.76,15.3,74.5,1
2023-11-06,TITAN.NS,C_macd_crossover,C,3267.05,5.88,3075.0,100.0,68.6,68.5,56.5,64.7,51.0,0.48,1.9,15.3,70.6,1
2023-11-07,BAJAJFINSV.NS,B_pullback_rebound,B,1569.8,2.67,1527.9,86.1,66.7,76.6,47.3,84.0,25.3,0.61,2.44,7.6,63.7,1
2023-11-07,IOC.NS,A_breakout_40d,A,104.05,7.0,96.7665,73.2,90.8,100.0,78.8,58.0,85.3,0.61,2.44,25.6,84.3,1
2023-11-07,JSWSTEEL.NS,C_macd_crossover,C,748.6,3.42,723.0,70.5,87.0,65.6,45.2,79.5,51.0,-0.66,0.0,15.3,67.8,1
2023-11-07,TRENT.NS,A_breakout_40d,A,2424.0,7.0,2254.32,100.0,100.0,100.0,80.1,58.0,85.3,1.08,3.0,25.6,92.1,1
2023-11-08,TRENT.NS,A_breakout_40d,A,2452.8501,7.0,2281.1506,100.0,59.5,100.0,81.2,58.0,85.3,1.29,3.0,25.6,84.1,1
2023-11-09,ADANIPOWER.NS,A_breakout_40d,A,80.22,7.0,74.6046,100.0,55.4,95.7,67.2,58.0,85.3,1.76,3.0,25.6,82.3,1
2023-11-09,APOLLOHOSP.NS,A_breakout_40d,A,5297.6001,7.0,4926.7681,76.1,70.5,83.5,67.3,58.0,85.3,0.53,2.1,25.6,78.0,1
2023-11-09,COALINDIA.NS,A_breakout_40d,A,323.55,7.0,300.9015,100.0,65.5,75.2,67.8,58.0,85.3,3.1,3.0,25.6,81.6,1
2023-11-09,M&M.NS,C_macd_crossover,C,1552.05,6.58,1450.0,100.0,92.9,83.7,56.4,60.5,51.0,-0.29,0.0,15.3,79.9,2
2023-11-09,M&M.NS,F_vwap_reclaim,F,1552.05,3.01,1505.3886,100.0,100.0,83.7,56.4,82.0,65.0,-0.29,0.0,19.5,88.6,2
2023-11-09,NTPC.NS,B_pullback_rebound,B,237.95,4.29,227.75,100.0,49.3,68.0,52.5,74.3,25.3,0.71,2.83,7.6,61.1,1
2023-11-10,SHREECEM.NS,F_vwap_reclaim,F,26358.5,2.0,25831.602,68.4,90.8,74.7,54.7,88.0,32.7,0.95,3.0,9.8,73.3,2
2023-11-10,TATACONSUM.NS,F_vwap_reclaim,F,912.7,1.98,894.6491,98.5,89.9,82.0,57.8,88.1,32.7,0.85,3.0,9.8,80.2,2
2023-11-13,BEL.NS,A_breakout_40d,A,143.4,7.0,133.362,100.0,67.1,82.1,64.7,58.0,85.3,0.39,1.57,25.6,81.3,1
2023-11-13,COALINDIA.NS,A_breakout_40d,A,349.35,7.0,324.8955,100.0,100.0,100.0,79.2,58.0,85.3,3.39,3.0,25.6,97.1,2
2023-11-13,COALINDIA.NS,C_macd_crossover,C,349.35,7.0,324.8955,100.0,100.0,100.0,79.2,58.0,55.3,3.39,3.0,16.6,88.1,2
2023-11-13,EICHERMOT.NS,A_breakout_40d,A,3645.3999,7.0,3390.2219,62.4,71.4,84.8,68.4,58.0,85.3,0.58,2.33,25.6,75.9,1
2023-11-15,BHARTIARTL.NS,C_macd_crossover,C,950.0,5.74,895.45,97.9,85.0,65.0,61.3,65.5,51.0,0.82,3.0,15.3,74.4,1
2023-11-15,COALINDIA.NS,A_breakout_40d,A,350.6,7.0,326.058,100.0,52.9,100.0,79.6,58.0,85.3,3.62,3.0,25.6,82.7,1
2023-11-15,EICHERMOT.NS,A_breakout_40d,A,3848.3,7.0,3578.919,63.4,94.5,100.0,77.5,58.0,85.3,0.78,3.0,25.6,83.6,1
2023-11-15,HCLTECH.NS,B_pullback_rebound,B,1276.65,2.04,1250.65,95.5,41.1,66.8,56.6,87.8,25.3,0.85,3.0,7.6,60.6,1
2023-11-15,HINDALCO.NS,A_breakout_40d,A,505.4,7.0,470.022,90.9,62.9,82.2,68.8,58.0,85.3,0.75,3.0,25.6,80.2,1
2023-11-15,INFY.NS,F_vwap_reclaim,F,1410.5,2.12,1380.6559,64.8,95.6,80.3,51.7,87.3,32.7,-0.28,0.0,9.8,66.1,1
2023-11-15,ONGC.NS,A_breakout_40d,A,199.5,7.0,185.535,100.0,64.7,84.4,70.2,58.0,85.3,1.13,3.0,25.6,82.7,1
2023-11-15,SILVERBEES.NS,F_vwap_reclaim,F,70.86,2.07,69.3901,51.2,93.9,86.7,54.2,87.6,32.7,-0.47,0.0,9.8,69.0,2
2023-11-15,TCS.NS,C_macd_crossover,C,3404.3,2.74,3311.0,68.4,87.1,69.7,48.6,83.6,51.0,-0.05,0.0,15.3,68.6,1
2023-11-16,BAJAJFINSV.NS,C_macd_crossover,C,1620.65,5.72,1527.9,87.2,100.0,84.7,59.6,65.7,51.0,0.59,2.36,15.3,77.1,1
2023-11-16,BPCL.NS,A_breakout_40d,A,199.325,7.0,185.3722,51.0,62.4,71.0,79.4,58.0,85.3,1.12,3.0,25.6,71.0,1
2023-11-16,HCLTECH.NS,C_macd_crossover,C,1311.05,4.61,1250.65,96.1,100.0,81.2,65.7,72.4,51.0,0.86,3.0,15.3,85.2,3
2023-11-16,HEROMOTOCO.NS,A_breakout_40d,A,3280.05,7.0,3050.4465,95.6,53.5,74.9,64.4,58.0,85.3,0.75,2.99,25.6,83.2,2
2023-11-16,HEROMOTOCO.NS,C_macd_crossover,C,3280.05,7.0,3050.4465,95.6,100.0,74.9,64.4,58.0,55.3,0.75,2.99,16.6,83.5,2
2023-11-16,NTPC.NS,A_breakout_40d,A,252.35,7.0,234.6855,100.0,66.3,80.4,68.6,58.0,85.3,0.97,3.0,25.6,82.5,1
2023-11-16,ONGC.NS,A_breakout_40d,A,201.8,7.0,187.674,100.0,59.2,78.7,72.7,58.0,85.3,1.12,3.0,25.6,81.0,1
2023-11-16,SILVERBEES.NS,C_macd_crossover,C,71.42,4.37,68.3,50.8,89.9,67.7,56.6,73.8,51.0,-0.45,0.0,15.3,64.3,1
2023-11-17,APOLLOHOSP.NS,A_breakout_40d,A,5478.9502,7.0,5095.4237,78.2,71.0,70.6,71.8,58.0,85.3,0.92,3.0,25.6,77.9,1
2023-11-17,HEROMOTOCO.NS,A_breakout_40d,A,3334.75,7.0,3101.3175,96.5,63.3,72.5,67.7,58.0,85.3,0.84,3.0,25.6,80.1,1
2023-11-17,SBILIFE.NS,A_breakout_40d,A,1413.95,7.0,1314.9735,87.6,73.4,100.0,67.1,58.0,85.3,0.42,1.66,25.6,82.6,1
2023-11-17,SILVERBEES.NS,A_breakout_40d,A,72.27,7.0,67.2111,50.6,54.9,75.5,60.0,58.0,85.3,-0.36,0.0,25.6,66.4,1
2023-11-17,TVSMOTOR.NS,A_breakout_40d,A,1747.6,7.0,1625.268,100.0,80.1,80.1,79.2,58.0,85.3,1.65,3.0,25.6,85.5,1
2023-11-20,BAJAJ-AUTO.NS,A_breakout_40d,A,5650.1499,7.0,5254.6394,100.0,52.6,70.2,73.5,58.0,85.3,1.77,3.0,25.6,78.6,1
2023-11-21,BAJAJ-AUTO.NS,A_breakout_40d,A,5685.9502,7.0,5287.9337,100.0,55.1,73.2,74.9,58.0,85.3,1.86,3.0,25.6,79.5,1
2023-11-21,HDFCLIFE.NS,A_breakout_40d,A,667.9,7.0,621.147,89.6,69.0,83.9,71.8,58.0,85.3,0.09,0.36,25.6,78.9,1
2023-11-21,SBILIFE.NS,A_breakout_40d,A,1423.65,7.0,1323.9945,88.4,55.5,78.7,65.1,58.0,85.3,0.56,2.23,25.6,76.9,1
2023-11-22,BPCL.NS,A_breakout_40d,A,201.05,7.0,186.9765,54.3,56.9,86.2,72.3,58.0,85.3,1.27,3.0,25.6,72.4,1
2023-11-22,SHREECEM.NS,F_vwap_reclaim,F,25997.0508,0.92,25758.0508,69.3,54.7,74.0,49.2,94.5,32.7,0.26,1.03,9.8,59.9,1
2023-11-23,BAJAJ-AUTO.NS,A_breakout_40d,A,5925.25,7.0,5510.4825,100.0,74.2,86.9,82.2,58.0,85.3,2.0,3.0,25.6,85.3,1
2023-11-23,HEROMOTOCO.NS,A_breakout_40d,A,3568.0,7.0,3318.24,100.0,86.2,92.0,78.5,58.0,85.3,1.47,3.0,25.6,88.3,1
2023-11-23,INDUSINDBK.NS,B_pullback_rebound,B,1486.1,1.83,1458.95,100.0,44.3,65.2,54.0,89.0,25.3,0.44,1.77,7.6,60.8,1
2023-11-23,TVSMOTOR.NS,A_breakout_40d,A,1776.05,7.0,1651.7265,100.0,63.0,73.4,76.8,58.0,85.3,1.75,3.0,25.6,81.2,1
2023-11-24,BEL.NS,B_pullback_rebound,B,140.35,2.35,137.05,100.0,41.4,78.9,52.8,85.9,25.3,0.03,0.14,7.6,59.8,1
2023-11-24,GOLDBEES.NS,B_pullback_rebound,B,52.15,2.49,50.85,52.4,42.6,66.1,62.2,85.0,25.3,0.34,1.38,7.6,50.4,1
2023-11-28,ADANIENT.NS,F_vwap_reclaim,F,2423.5,6.65,2262.3461,85.1,100.0,100.0,64.7,60.1,32.7,-1.24,0.0,9.8,70.2,1
2023-11-28,ADANIGREEN.NS,A_breakout_40d,A,1052.8,7.0,979.104,70.2,76.7,100.0,73.3,58.0,85.3,-0.56,0.0,25.6,83.3,2
2023-11-28,ADANIGREEN.NS,F_vwap_reclaim,F,1052.8,7.0,979.104,70.2,100.0,100.0,73.3,58.0,65.0,-0.56,0.0,19.5,81.9,2
2023-11-28,ADANIPORTS.NS,A_breakout_40d,A,837.7,7.0,779.061,100.0,56.1,100.0,64.8,58.0,85.3,-0.4,0.0,25.6,84.9,3
2023-11-28,ADANIPORTS.NS,F_vwap_reclaim,F,837.7,4.59,799.2657,100.0,100.0,100.0,64.8,72.5,65.0,-0.4,0.0,19.5,89.6,3
2023-11-28,ADANIPOWER.NS,A_breakout_40d,A,89.24,7.0,82.9932,100.0,100.0,100.0,75.2,58.0,85.3,0.79,3.0,25.6,97.0,3
2023-11-28,ADANIPOWER.NS,F_vwap_reclaim,F,89.24,7.0,82.9932,100.0,100.0,100.0,75.2,58.0,65.0,0.79,3.0,19.5,90.9,3
2023-11-28,AMBUJACEM.NS,F_vwap_reclaim,F,431.2,3.56,415.8423,64.5,100.0,100.0,58.3,78.6,32.7,-0.54,0.0,9.8,73.5,2
2023-11-28,BPCL.NS,A_breakout_40d,A,212.25,7.0,197.3925,57.5,75.7,76.1,79.3,58.0,85.3,1.43,3.0,25.6,80.6,2
2023-11-28,IOC.NS,A_breakout_40d,A,108.2,7.0,100.626,81.4,81.5,71.4,70.7,58.0,85.3,1.16,3.0,25.6,80.7,1
2023-11-28,NESTLEIND.NS,F_vwap_reclaim,F,1210.9301,0.87,1200.4,91.1,55.4,71.2,55.2,94.8,32.7,0.97,3.0,9.8,71.3,2
2023-11-28,SILVERBEES.NS,A_breakout_40d,A,73.41,7.0,68.2713,50.9,62.6,72.2,63.8,58.0,85.3,0.24,0.95,25.6,68.7,1
2023-11-28,TATAPOWER.NS,A_breakout_40d,A,270.8,7.0,251.844,100.0,70.8,96.5,67.4,58.0,85.3,-0.08,0.0,25.6,82.4,1
2023-11-28,ULTRACEMCO.NS,F_vwap_reclaim,F,8726.5,2.08,8545.0498,78.9,100.0,73.2,57.5,87.5,32.7,0.2,0.82,9.8,74.9,2
2023-11-29,AXISBANK.NS,C_macd_crossover,C,1060.15,7.0,985.9395,86.3,100.0,68.6,66.5,58.0,51.0,0.22,0.9,15.3,72.5,1
2023-11-29,BPCL.NS,A_breakout_40d,A,214.325,7.0,199.3222,58.8,57.8,78.8,80.4,58.0,85.3,1.64,3.0,25.6,77.7,2
2023-11-29,CIPLA.NS,B_pullback_rebound,B,1201.55,3.08,1164.55,100.0,64.2,65.4,47.1,81.5,25.3,-0.29,0.0,7.6,61.8,1
2023-11-29,ETERNAL.NS,B_pullback_rebound,B,116.6,3.52,112.5,100.0,52.3,71.5,53.9,78.9,25.3,1.37,3.0,7.6,63.0,1
2023-11-29,GRASIM.NS,A_breakout_40d,A,1995.3162,7.0,1855.644,94.2,50.6,78.1,65.3,58.0,85.3,0.52,2.06,25.6,76.9,1
2023-11-29,HEROMOTOCO.NS,A_breakout_40d,A,3746.8999,7.0,3484.6169,100.0,77.6,81.7,82.3,58.0,85.3,1.85,3.0,25.6,85.3,1
2023-11-29,ITC.NS,F_vwap_reclaim,F,420.9865,0.62,418.3867,62.5,63.6,76.9,48.8,96.3,32.7,-0.23,0.0,9.8,60.0,1
2023-11-29,TATAPOWER.NS,A_breakout_40d,A,273.4,7.0,254.262,100.0,57.7,93.9,69.2,58.0,85.3,-0.05,0.0,25.6,79.5,1
2023-11-30,AXISBANK.NS,A_breakout_40d,A,1074.25,7.0,999.0525,86.3,60.6,100.0,69.2,58.0,85.3,0.29,1.16,25.6,79.4,1
2023-11-30,BEL.NS,C_macd_crossover,C,145.9,5.86,137.35,100.0,88.5,88.7,63.1,64.8,51.0,0.19,0.76,15.3,76.3,1
2023-11-30,BHARTIARTL.NS,A_breakout_40d,A,1014.7,7.0,943.671,100.0,65.5,87.7,79.4,58.0,85.3,0.96,3.0,25.6,83.6,1
2023-11-30,BPCL.NS,A_breakout_40d,A,217.85,7.0,202.6005,60.3,63.2,86.4,82.1,58.0,85.3,1.8,3.0,25.6,80.1,2
2023-11-30,CIPLA.NS,B_pullback_rebound,B,1212.3,3.94,1164.55,100.0,57.4,76.0,49.7,76.4,25.3,-0.36,0.0,7.6,61.1,1
2023-11-30,DIVISLAB.NS,A_breakout_40d,A,3788.7,7.0,3523.491,81.7,55.0,72.5,68.5,58.0,85.3,-0.03,0.0,25.6,72.6,1
2023-11-30,DRREDDY.NS,A_breakout_40d,A,1157.63,7.0,1076.5959,90.9,60.2,81.4,71.1,58.0,85.3,0.04,0.17,25.6,76.9,1
2023-11-30,EICHERMOT.NS,A_breakout_40d,A,3896.8999,7.0,3624.1169,72.5,52.7,85.6,71.1,58.0,85.3,1.41,3.0,25.6,75.0,1
2023-11-30,ETERNAL.NS,F_vwap_reclaim,F,118.55,1.35,116.9457,100.0,64.3,95.0,57.0,91.9,32.7,1.44,3.0,9.8,77.6,2
2023-11-30,GRASIM.NS,A_breakout_40d,A,1997.5074,7.0,1857.6819,94.0,50.9,100.0,65.7,58.0,85.3,0.46,1.84,25.6,79.5,1
2023-11-30,HCLTECH.NS,A_breakout_40d,A,1340.9,7.0,1247.037,97.1,54.2,82.7,67.8,58.0,85.3,0.39,1.54,25.6,83.2,2
2023-11-30,HDFCLIFE.NS,A_breakout_40d,A,690.75,7.0,642.3975,87.2,67.9,78.9,77.9,58.0,85.3,0.28,1.13,25.6,78.4,1
2023-11-30,HEROMOTOCO.NS,A_breakout_40d,A,3819.05,7.0,3551.7165,100.0,65.4,100.0,84.0,58.0,85.3,2.08,3.0,25.6,85.3,1
2023-11-30,JSWSTEEL.NS,A_breakout_40d,A,801.1,7.0,745.023,62.3,57.9,74.6,66.7,58.0,85.3,-0.37,0.0,25.6,69.5,1
2023-11-30,LT.NS,A_breakout_40d,A,3109.2,7.0,2891.556,100.0,50.1,81.9,63.0,58.0,85.3,0.52,2.08,25.6,78.4,1
2023-11-30,M&M.NS,A_breakout_40d,A,1647.75,7.0,1532.4075,98.1,64.2,80.1,69.0,58.0,85.3,0.16,0.63,25.6,79.3,1
2023-11-30,MAXHEALTH.NS,A_breakout_40d,A,635.8,7.0,591.294,91.6,68.3,100.0,65.0,58.0,85.3,0.24,0.95,25.6,81.6,1
2023-11-30,NESTLEIND.NS,F_vwap_reclaim,F,1211.8075,1.2,1197.2293,91.5,58.2,88.7,55.1,92.8,32.7,0.86,3.0,9.8,73.9,2
2023-11-30,NTPC.NS,A_breakout_40d,A,261.3,7.0,243.009,100.0,59.0,84.9,74.3,58.0,85.3,0.75,3.0,25.6,81.8,1
2023-11-30,ONGC.NS,B_pullback_rebound,B,194.95,3.49,188.15,100.0,43.5,69.2,55.6,79.1,25.3,0.42,1.7,7.6,59.7,1
2023-11-30,SBILIFE.NS,A_breakout_40d,A,1435.25,7.0,1334.7825,88.4,52.9,98.2,64.8,58.0,85.3,0.51,2.04,25.6,78.7,1
2023-11-30,SHREECEM.NS,C_macd_crossover,C,26741.75,4.27,25600.0,68.3,89.5,78.5,61.2,74.4,51.0,-0.0,0.0,15.3,74.3,2
2023-11-30,SHREECEM.NS,F_vwap_reclaim,F,26741.75,3.22,25879.912,68.3,100.0,78.5,61.2,80.7,65.0,-0.0,0.0,19.5,81.5,2
2023-11-30,SHRIRAMFIN.NS,F_vwap_reclaim,F,401.44,2.24,392.4617,100.0,100.0,87.3,58.1,86.6,32.7,0.23,0.93,9.8,80.9,2
2023-11-30,SUNPHARMA.NS,A_breakout_40d,A,1225.85,7.0,1140.0405,94.2,64.5,91.3,72.0,58.0,85.3,0.54,2.16,25.6,81.7,1
2023-11-30,TATACONSUM.NS,A_breakout_40d,A,940.75,7.0,874.8975,100.0,56.2,82.1,65.2,58.0,85.3,0.7,2.79,25.6,80.4,1
2023-11-30,TITAN.NS,A_breakout_40d,A,3490.6001,7.0,3246.2581,100.0,61.2,74.9,71.4,58.0,85.3,0.64,2.57,25.6,80.4,1
2023-11-30,TRENT.NS,A_breakout_40d,A,2787.0,7.0,2591.91,100.0,83.1,90.7,88.6,58.0,85.3,2.82,3.0,25.6,87.8,1
2023-11-30,TVSMOTOR.NS,A_breakout_40d,A,1864.5,7.0,1733.985,100.0,50.4,83.9,83.3,58.0,85.3,2.25,3.0,25.6,80.2,1
2023-11-30,ULTRACEMCO.NS,A_breakout_40d,A,9003.6504,7.0,8373.3949,78.2,69.4,100.0,67.3,58.0,85.3,0.2,0.79,25.6,84.1,2
2023-11-30,ULTRACEMCO.NS,C_macd_crossover,C,9003.6504,5.09,8545.0498,78.2,88.1,100.0,67.3,69.4,55.3,0.2,0.79,16.6,80.4,2
2023-12-01,AXISBANK.NS,A_breakout_40d,A,1104.65,7.0,1027.3245,86.5,72.6,76.6,74.2,58.0,85.3,0.41,1.63,25.6,79.3,1
2023-12-01,BEL.NS,A_breakout_40d,A,147.45,7.0,137.1285,100.0,57.4,95.0,65.5,58.0,85.3,0.42,1.67,25.6,81.2,1
2023-12-01,GRASIM.NS,A_breakout_40d,A,2008.0656,7.0,1867.501,93.6,54.2,75.0,67.5,58.0,85.3,0.39,1.57,25.6,76.7,1
2023-12-01,ICICIBANK.NS,B_pullback_rebound,B,946.7,3.37,914.75,56.0,38.5,66.9,57.6,79.8,25.3,-0.56,0.0,7.6,48.1,1
2023-12-01,INDUSTOWER.NS,B_pullback_rebound,B,187.65,2.48,183.0,100.0,44.9,68.4,54.4,85.1,25.3,-0.03,0.0,7.6,59.0,1
2023-12-01,ITC.NS,F_vwap_reclaim,F,433.1193,3.48,418.0497,61.4,100.0,86.2,63.2,79.1,32.7,-0.25,0.0,9.8,71.3,2
2023-12-01,LT.NS,A_breakout_40d,A,3190.6499,7.0,2967.3044,100.0,71.0,70.0,70.8,58.0,85.3,0.61,2.45,25.6,81.6,1
2023-12-01,MAXHEALTH.NS,A_breakout_40d,A,652.35,7.0,606.6855,92.0,70.8,72.9,69.2,58.0,85.3,0.47,1.87,25.6,79.7,1
2023-12-01,NTPC.NS,A_breakout_40d,A,268.95,7.0,250.1235,100.0,73.4,94.1,79.6,58.0,85.3,0.92,3.0,25.6,86.0,1
2023-12-01,POWERGRID.NS,B_pullback_rebound,B,210.2,2.14,205.7,100.0,45.9,66.8,57.7,87.2,25.3,0.78,3.0,7.6,62.4,1
2023-12-01,TATAPOWER.NS,A_breakout_40d,A,276.0,7.0,256.68,100.0,57.6,94.0,67.3,58.0,85.3,0.14,0.55,25.6,80.0,1
2023-12-04,ADANIENT.NS,A_breakout_40d,A,2531.2,7.0,2354.016,80.1,57.9,90.6,68.7,58.0,85.3,-0.46,0.0,25.6,75.2,1
2023-12-04,ADANIGREEN.NS,A_breakout_40d,A,1123.75,7.0,1045.0875,70.7,100.0,100.0,76.4,58.0,85.3,0.61,2.43,25.6,90.6,2
2023-12-04,ADANIGREEN.NS,F_vwap_reclaim,F,1123.75,7.0,1045.0875,70.7,100.0,100.0,76.4,58.0,65.0,0.61,2.43,19.5,84.5,2
2023-12-04,ADANIPORTS.NS,A_breakout_40d,A,878.65,7.0,817.1445,98.2,89.1,87.6,72.4,58.0,85.3,-0.07,0.0,25.6,84.7,1
2023-12-04,AMBUJACEM.NS,A_breakout_40d,A,474.55,7.0,441.3315,63.3,100.0,100.0,78.9,58.0,85.3,0.03,0.13,25.6,81.8,1
2023-12-04,APOLLOHOSP.NS,A_breakout_40d,A,5622.5498,7.0,5228.9713,80.9,54.5,76.3,70.3,58.0,85.3,0.9,3.0,25.6,75.8,1
2023-12-04,AXISBANK.NS,A_breakout_40d,A,1125.6,7.0,1046.808,86.9,65.2,73.8,76.9,58.0,85.3,0.59,2.37,25.6,78.4,1
2023-12-04,BEL.NS,A_breakout_40d,A,153.55,7.0,142.8015,100.0,83.1,100.0,72.8,58.0,85.3,0.68,2.72,25.6,88.2,1
2023-12-04,BPCL.NS,A_breakout_40d,A,230.75,7.0,214.5975,63.8,92.9,92.0,87.0,58.0,85.3,2.29,3.0,25.6,87.6,2
2023-12-04,COALINDIA.NS,A_breakout_40d,A,354.7,7.0,329.871,100.0,59.4,71.3,71.0,58.0,85.3,2.21,3.0,25.6,85.0,2
2023-12-04,EICHERMOT.NS,A_breakout_40d,A,4180.3501,7.0,3887.7256,74.9,100.0,100.0,81.3,58.0,85.3,1.54,3.0,25.6,87.1,1
2023-12-04,GOLDBEES.NS,A_breakout_40d,A,53.72,7.0,49.9596,54.5,56.5,76.5,75.9,58.0,85.3,0.6,2.4,25.6,70.5,1
2023-12-04,GRASIM.NS,A_breakout_40d,A,2044.8193,7.0,1901.682,93.5,64.6,77.1,73.0,58.0,85.3,0.4,1.61,25.6,79.2,1
2023-12-04,ICICIBANK.NS,A_breakout_40d,A,991.2,7.0,921.816,55.6,81.0,88.0,72.3,58.0,85.3,-0.45,0.0,25.6,74.6,1
2023-12-04,ITC.NS,E_boll_squeeze,E,437.2117,3.45,422.1444,61.0,90.0,69.8,66.6,79.3,23.0,-0.19,0.0,6.9,59.3,1
2023-12-04,LT.NS,A_breakout_40d,A,3313.55,7.0,3081.6015,100.0,80.8,81.6,78.3,58.0,85.3,0.77,3.0,25.6,85.8,1
2023-12-04,MAXHEALTH.NS,A_breakout_40d,A,691.4,7.0,643.002,92.9,97.9,71.9,76.4,58.0,85.3,0.9,3.0,25.6,86.5,1
2023-12-04,NESTLEIND.NS,A_breakout_40d,A,1220.14,7.0,1134.7302,91.7,50.3,73.1,58.7,58.0,85.3,0.75,3.0,25.6,81.4,2
2023-12-04,NESTLEIND.NS,B_pullback_rebound,B,1220.14,2.13,1194.1575,91.7,44.7,73.1,58.7,87.2,42.7,0.75,3.0,12.8,71.6,2
2023-12-04,NTPC.NS,A_breakout_40d,A,274.8,7.0,255.564,100.0,67.4,75.6,82.5,58.0,85.3,1.11,3.0,25.6,82.5,1
2023-12-04,ONGC.NS,A_breakout_40d,A,202.05,7.0,187.9065,100.0,51.0,91.3,64.1,58.0,85.3,0.55,2.19,25.6,84.9,3
2023-12-04,ONGC.NS,F_vwap_reclaim,F,202.05,3.97,194.0262,100.0,100.0,91.3,64.1,76.2,65.0,0.55,2.19,19.5,91.2,3
2023-12-04,POWERGRID.NS,A_breakout_40d,A,212.9,7.0,197.997,100.0,52.3,74.4,63.1,58.0,85.3,0.78,3.0,25.6,78.7,1
2023-12-04,SBILIFE.NS,A_breakout_40d,A,1454.0,7.0,1352.22,88.2,60.5,77.6,66.4,58.0,85.3,0.51,2.05,25.6,82.5,2
2023-12-04,SBIN.NS,A_breakout_40d,A,594.7,7.0,553.071,57.2,50.6,77.4,65.7,58.0,85.3,-0.42,0.0,25.6,72.3,2
2023-12-04,SBIN.NS,F_vwap_reclaim,F,594.7,4.56,567.5548,57.2,100.0,77.4,65.7,72.6,65.0,-0.42,0.0,19.5,78.1,2
2023-12-04,SHRIRAMFIN.NS,A_breakout_40d,A,418.89,7.0,389.5677,100.0,73.1,78.5,67.7,58.0,85.3,0.49,1.98,25.6,87.6,2
2023-12-04,SHRIRAMFIN.NS,C_macd_crossover,C,418.89,7.0,389.5677,100.0,100.0,78.5,67.7,58.0,55.3,0.49,1.98,16.6,84.0,2
2023-12-04,TATAPOWER.NS,A_breakout_40d,A,281.55,7.0,261.8415,100.0,66.1,84.9,70.6,58.0,85.3,0.37,1.49,25.6,81.6,1
2023-12-04,TATASTEEL.NS,A_breakout_40d,A,131.0,7.0,121.83,88.4,56.2,71.0,72.1,58.0,85.3,-0.15,0.0,25.6,74.0,1
2023-12-04,ULTRACEMCO.NS,A_breakout_40d,A,9317.75,7.0,8665.5075,78.2,75.1,75.6,74.8,58.0,85.3,0.37,1.48,25.6,77.9,1
2023-12-05,ADANIENT.NS,A_breakout_40d,A,2959.3501,7.0,2752.1956,81.1,100.0,100.0,81.8,58.0,85.3,0.05,0.19,25.6,85.6,1
2023-12-05,ADANIGREEN.NS,A_breakout_40d,A,1348.5,7.0,1254.105,72.7,100.0,100.0,86.7,58.0,85.3,1.22,3.0,25.6,86.9,1
2023-12-05,ADANIPORTS.NS,A_breakout_40d,A,1013.1,7.0,942.183,99.2,100.0,100.0,85.7,58.0,85.3,0.46,1.84,25.6,90.9,1
2023-12-05,ADANIPOWER.NS,A_breakout_40d,A,107.63,7.0,100.0959,100.0,100.0,97.5,83.5,58.0,85.3,2.33,3.0,25.6,91.9,1
2023-12-05,AMBUJACEM.NS,A_breakout_40d,A,509.05,7.0,473.4165,64.3,100.0,100.0,85.3,58.0,85.3,0.48,1.9,25.6,84.0,1
2023-12-05,AXISBANK.NS,A_breakout_40d,A,1132.45,7.0,1053.1785,87.2,54.9,75.5,77.8,58.0,85.3,0.76,3.0,25.6,77.3,1
2023-12-05,BPCL.NS,A_breakout_40d,A,236.1,7.0,219.573,66.1,68.5,83.7,88.4,58.0,85.3,2.52,3.0,25.6,82.2,2
2023-12-05,ICICIBANK.NS,A_breakout_40d,A,1013.45,7.0,942.5085,55.5,68.0,81.8,76.6,58.0,85.3,-0.26,0.0,25.6,76.3,2
2023-12-05,NTPC.NS,A_breakout_40d,A,285.45,7.0,265.4685,100.0,81.0,71.2,86.4,58.0,85.3,1.28,3.0,25.6,84.8,1
2023-12-05,POWERGRID.NS,A_breakout_40d,A,222.3,7.0,206.739,100.0,85.3,85.7,75.1,58.0,85.3,0.77,3.0,25.6,92.2,3
2023-12-05,POWERGRID.NS,C_macd_crossover,C,222.3,6.46,207.95,100.0,100.0,85.7,75.1,61.3,55.3,0.77,3.0,16.6,86.6,3
2023-12-05,SBILIFE.NS,A_breakout_40d,A,1460.95,7.0,1358.6835,88.5,53.8,73.1,67.4,58.0,85.3,0.59,2.34,25.6,81.0,2
2023-12-05,SBIN.NS,A_breakout_40d,A,608.25,7.0,565.6725,57.1,68.2,88.0,71.2,58.0,85.3,-0.31,0.0,25.6,72.4,1
2023-12-05,ULTRACEMCO.NS,A_breakout_40d,A,9329.75,7.0,8676.6675,78.5,51.0,72.4,75.1,58.0,85.3,0.54,2.16,25.6,73.5,1
2023-12-06,ADANIGREEN.NS,A_breakout_40d,A,1563.45,7.0,1454.0085,76.2,100.0,100.0,90.8,58.0,85.3,2.24,3.0,25.6,87.7,1
2023-12-06,ADANIPORTS.NS,A_breakout_40d,A,1017.95,7.0,946.6935,100.0,53.8,100.0,86.0,58.0,85.3,0.96,3.0,25.6,83.1,1
2023-12-06,ADANIPOWER.NS,A_breakout_40d,A,112.09,7.0,104.2437,100.0,83.2,82.1,85.2,58.0,85.3,2.98,3.0,25.6,86.6,1
2023-12-06,ASIANPAINT.NS,A_breakout_40d,A,3252.55,7.0,3024.8715,51.9,56.5,70.5,69.5,58.0,85.3,-0.09,0.0,25.6,66.7,1
2023-12-06,BEL.NS,A_breakout_40d,A,156.15,7.0,145.2195,100.0,63.5,71.7,73.0,58.0,85.3,1.02,3.0,25.6,80.9,1
2023-12-06,ITC.NS,A_breakout_40d,A,446.0705,7.0,414.8456,60.4,66.2,84.5,71.1,58.0,85.3,0.02,0.07,25.6,72.3,1
2023-12-06,NESTLEIND.NS,C_macd_crossover,C,1248.425,4.35,1194.1575,92.3,78.8,66.0,68.7,73.9,51.0,0.8,3.0,15.3,78.5,2
2023-12-06,POWERGRID.NS,A_breakout_40d,A,224.4,7.0,208.692,100.0,57.6,71.4,76.9,58.0,85.3,0.82,3.0,25.6,84.8,2
2023-12-06,TATAPOWER.NS,A_breakout_40d,A,294.15,7.0,273.5595,100.0,85.8,99.2,76.7,58.0,85.3,0.69,2.76,25.6,88.9,1
2023-12-07,ADANIGREEN.NS,A_breakout_40d,A,1624.15,7.0,1510.4595,80.1,81.1,93.1,91.6,58.0,85.3,3.41,3.0,25.6,83.8,1
2023-12-07,ADANIPORTS.NS,A_breakout_40d,A,1039.65,7.0,966.8745,100.0,67.1,71.9,87.1,58.0,85.3,1.54,3.0,25.6,82.1,1
2023-12-07,BEL.NS,A_breakout_40d,A,160.35,7.0,149.1255,100.0,71.5,94.1,76.5,58.0,85.3,1.24,3.0,25.6,85.6,1
2023-12-07,INDIGO.NS,A_breakout_40d,A,2878.3501,7.0,2676.8656,94.0,51.7,73.9,76.7,58.0,85.3,1.77,3.0,25.6,77.8,1
2023-12-07,INDUSTOWER.NS,C_macd_crossover,C,193.8,5.57,183.0,100.0,100.0,100.0,62.9,66.6,51.0,0.25,1.0,15.3,85.5,3
2023-12-07,INDUSTOWER.NS,F_vwap_reclaim,F,193.8,4.08,185.8874,100.0,100.0,100.0,62.9,75.5,65.0,0.25,1.0,19.5,91.0,3
2023-12-07,TATAPOWER.NS,A_breakout_40d,A,325.8,7.0,302.994,100.0,100.0,100.0,85.1,58.0,85.3,1.21,3.0,25.6,92.3,1
2023-12-08,HCLTECH.NS,A_breakout_40d,A,1364.1,7.0,1268.613,96.7,63.8,79.3,68.6,58.0,85.3,0.41,1.66,25.6,84.9,2
2023-12-08,HCLTECH.NS,C_macd_crossover,C,1364.1,5.04,1295.3,96.7,79.9,79.3,68.6,69.7,55.3,0.41,1.66,16.6,80.8,2
2023-12-08,JSWSTEEL.NS,A_breakout_40d,A,839.35,7.0,780.5955,62.9,64.2,100.0,75.2,58.0,85.3,0.51,2.05,25.6,76.4,1
2023-12-08,TITAN.NS,A_breakout_40d,A,3634.6499,7.0,3380.2244,100.0,61.0,77.0,80.7,58.0,85.3,0.79,3.0,25.6,81.3,1
2023-12-11,DLF.NS,C_macd_crossover,C,667.1,7.0,620.403,100.0,58.7,66.9,75.3,58.0,51.0,2.33,3.0,15.3,69.1,1
2023-12-11,ULTRACEMCO.NS,A_breakout_40d,A,9670.9004,7.0,8993.9374,81.4,71.9,76.6,77.7,58.0,85.3,1.32,3.0,25.6,79.7,1
2023-12-12,BAJAJ-AUTO.NS,A_breakout_40d,A,6254.2002,7.0,5816.4062,100.0,56.8,72.7,76.8,58.0,85.3,2.02,3.0,25.6,84.8,2
2023-12-12,BAJAJ-AUTO.NS,C_macd_crossover,C,6254.2002,5.47,5912.0,100.0,67.8,72.7,76.8,67.2,55.3,2.02,3.0,16.6,79.3,2
2023-12-12,DRREDDY.NS,B_pullback_rebound,B,1108.0699,3.07,1074.0,87.5,65.5,75.4,44.8,81.6,25.3,0.26,1.02,7.6,61.8,1
2023-12-12,HDFCLIFE.NS,A_breakout_40d,A,707.35,7.0,657.8355,85.5,69.2,100.0,73.4,58.0,85.3,0.56,2.24,25.6,87.1,2
2023-12-12,HDFCLIFE.NS,C_macd_crossover,C,707.35,5.7,667.0,85.5,100.0,100.0,73.4,65.8,55.3,0.56,2.24,16.6,85.3,2
2023-12-12,HINDALCO.NS,A_breakout_40d,A,527.45,7.0,490.5285,97.6,56.8,72.5,69.6,58.0,85.3,0.97,3.0,25.6,79.1,1
2023-12-12,ULTRACEMCO.NS,A_breakout_40d,A,9863.5,7.0,9173.055,82.5,65.9,97.8,80.4,58.0,85.3,1.49,3.0,25.6,81.5,1
2023-12-13,DRREDDY.NS,B_pullback_rebound,B,1119.73,4.08,1074.0,87.3,58.3,64.6,48.9,75.5,25.3,0.29,1.18,7.6,58.3,1
2023-12-13,HEROMOTOCO.NS,C_macd_crossover,C,3863.3,6.15,3625.7,100.0,54.7,68.2,74.1,63.1,51.0,2.35,3.0,15.3,69.2,1
2023-12-13,INDIGO.NS,A_breakout_40d,A,2981.1499,7.0,2772.4694,98.9,65.0,80.0,81.8,58.0,85.3,2.16,3.0,25.6,87.3,2
2023-12-13,NTPC.NS,A_breakout_40d,A,294.05,7.0,273.4665,100.0,68.8,74.1,79.6,58.0,85.3,1.96,3.0,25.6,82.5,1
2023-12-13,TRENT.NS,C_macd_crossover,C,2963.45,7.0,2756.0085,100.0,60.2,65.2,88.0,58.0,51.0,3.34,3.0,15.3,69.6,1
2023-12-13,TVSMOTOR.NS,A_breakout_40d,A,2022.3,7.0,1880.739,100.0,84.9,78.6,84.5,58.0,85.3,2.59,3.0,25.6,86.5,1
2023-12-14,BAJAJFINSV.NS,A_breakout_40d,A,1730.95,7.0,1609.7835,92.6,59.7,71.5,70.0,58.0,85.3,0.93,3.0,25.6,78.6,1
2023-12-14,DLF.NS,A_breakout_40d,A,699.5,7.0,650.535,100.0,80.6,73.3,80.4,58.0,85.3,2.51,3.0,25.6,84.8,1
2023-12-14,GOLDBEES.NS,F_vwap_reclaim,F,52.8,1.55,51.9842,57.0,72.1,94.4,57.2,90.7,32.7,0.5,2.01,9.8,69.3,2
2023-12-14,HCLTECH.NS,A_breakout_40d,A,1414.6,7.0,1315.578,98.8,72.9,79.3,75.9,58.0,85.3,1.0,3.0,25.6,83.6,1
2023-12-14,INDUSTOWER.NS,A_breakout_40d,A,201.05,7.0,186.9765,100.0,79.9,100.0,66.5,58.0,85.3,0.13,0.52,25.6,90.2,2
2023-12-14,INDUSTOWER.NS,F_vwap_reclaim,F,201.05,6.27,188.4389,100.0,100.0,100.0,66.5,62.4,65.0,0.13,0.52,19.5,88.7,2
2023-12-14,INFY.NS,A_breakout_40d,A,1501.45,7.0,1396.3485,66.3,55.5,86.6,62.1,58.0,85.3,0.18,0.72,25.6,76.9,3
2023-12-14,INFY.NS,F_vwap_reclaim,F,1501.45,3.67,1446.2994,66.3,100.0,86.6,62.1,78.0,65.0,0.18,0.72,19.5,82.5,3
2023-12-14,NTPC.NS,A_breakout_40d,A,295.4,7.0,274.722,100.0,53.7,74.2,80.2,58.0,85.3,1.98,3.0,25.6,79.5,1
2023-12-14,ONGC.NS,B_pullback_rebound,B,195.95,1.99,192.05,100.0,49.5,65.3,52.2,88.1,25.3,0.4,1.62,7.6,61.5,1
2023-12-14,SHRIRAMFIN.NS,A_breakout_40d,A,423.66,7.0,394.0038,100.0,59.1,85.2,64.4,58.0,85.3,0.7,2.79,25.6,86.4,3
2023-12-14,SHRIRAMFIN.NS,F_vwap_reclaim,F,423.66,5.31,401.15,100.0,100.0,85.2,64.4,68.1,65.0,0.7,2.79,19.5,89.8,3
2023-12-14,SILVERBEES.NS,F_vwap_reclaim,F,72.57,1.58,71.4251,51.8,73.5,82.8,53.4,90.5,32.7,0.08,0.34,9.8,65.2,2
2023-12-14,TECHM.NS,A_breakout_40d,A,1264.7,7.0,1176.171,66.3,70.4,100.0,68.9,58.0,85.3,-0.26,0.0,25.6,81.1,3
2023-12-14,TECHM.NS,F_vwap_reclaim,F,1264.7,4.21,1211.4439,66.3,100.0,100.0,68.9,74.7,65.0,-0.26,0.0,19.5,83.3,3
2023-12-14,ULTRACEMCO.NS,A_breakout_40d,A,9963.2998,7.0,9265.8688,84.9,58.1,70.6,77.5,58.0,85.3,1.77,3.0,25.6,76.8,1
2023-12-14,WIPRO.NS,A_breakout_40d,A,217.2,7.0,201.996,54.3,72.3,81.6,72.5,58.0,85.3,0.33,1.31,25.6,73.1,1
2023-12-15,BEL.NS,A_breakout_40d,A,169.05,7.0,157.2165,100.0,74.6,75.5,80.2,58.0,85.3,1.87,3.0,25.6,83.9,1
2023-12-15,DRREDDY.NS,B_pullback_rebound,B,1117.89,3.93,1074.0,86.3,61.1,66.8,48.4,76.4,25.3,0.12,0.48,7.6,58.4,1
2023-12-15,HCLTECH.NS,A_breakout_40d,A,1491.3,7.0,1386.909,100.0,93.4,92.8,83.5,58.0,85.3,1.23,3.0,25.6,90.0,1
2023-12-15,INFY.NS,A_breakout_40d,A,1578.4,7.0,1467.912,67.3,91.0,100.0,72.4,58.0,85.3,0.36,1.44,25.6,87.0,2
2023-12-15,JSWSTEEL.NS,A_breakout_40d,A,867.2,7.0,806.496,65.8,62.5,76.8,78.2,58.0,85.3,1.0,3.0,25.6,74.7,1
2023-12-15,NTPC.NS,A_breakout_40d,A,305.1,7.0,283.743,100.0,76.3,78.7,83.5,58.0,85.3,2.12,3.0,25.6,84.7,1
2023-12-15,ONGC.NS,F_vwap_reclaim,F,201.05,3.05,194.9082,100.0,100.0,77.2,59.0,81.7,32.7,0.47,1.87,9.8,74.9,1
2023-12-15,POWERGRID.NS,A_breakout_40d,A,237.35,7.0,220.7355,100.0,51.4,76.5,75.4,58.0,85.3,1.66,3.0,25.6,79.2,1
2023-12-15,SBIN.NS,A_breakout_40d,A,648.25,7.0,602.8725,57.6,81.6,75.2,82.7,58.0,85.3,0.49,1.98,25.6,75.8,1
2023-12-15,SUNPHARMA.NS,B_pullback_rebound,B,1235.75,1.87,1212.65,97.2,39.1,79.0,63.9,88.8,25.3,0.79,3.0,7.6,62.5,1
2023-12-15,TATASTEEL.NS,A_breakout_40d,A,136.45,7.0,126.8985,86.9,77.0,88.8,76.8,58.0,85.3,0.31,1.24,25.6,81.5,1
2023-12-15,TCS.NS,A_breakout_40d,A,3861.0,7.0,3590.73,69.2,91.2,100.0,76.1,58.0,85.3,0.39,1.57,25.6,82.7,1
2023-12-15,TECHM.NS,A_breakout_40d,A,1306.1,7.0,1214.673,66.7,76.2,100.0,75.7,58.0,85.3,0.01,0.05,25.6,82.6,2
2023-12-15,WIPRO.NS,A_breakout_40d,A,223.275,7.0,207.6457,55.0,72.4,100.0,77.3,58.0,85.3,0.49,1.96,25.6,76.5,1
2023-12-18,BAJAJ-AUTO.NS,A_breakout_40d,A,6465.7002,7.0,6013.1012,100.0,66.5,72.3,78.6,58.0,85.3,2.41,3.0,25.6,81.8,1
2023-12-18,BEL.NS,A_breakout_40d,A,172.7,7.0,160.611,100.0,67.3,70.5,82.3,58.0,85.3,2.01,3.0,25.6,81.8,1
2023-12-19,APOLLOHOSP.NS,B_pullback_rebound,B,5555.5,3.35,5369.3999,85.0,42.7,68.2,58.8,79.9,25.3,0.84,3.0,7.6,57.9,1
2023-12-19,COALINDIA.NS,A_breakout_40d,A,366.95,7.0,341.2635,100.0,75.7,85.2,70.8,58.0,85.3,1.88,3.0,25.6,90.1,2
2023-12-19,COALINDIA.NS,F_vwap_reclaim,F,366.95,5.97,345.0384,100.0,100.0,85.2,70.8,64.2,65.0,1.88,3.0,19.5,89.7,2
2023-12-19,GOLDBEES.NS,F_vwap_reclaim,F,52.59,1.0,52.0634,58.8,50.1,73.7,54.2,94.0,32.7,0.72,2.88,9.8,58.8,1
2023-12-19,NESTLEIND.NS,A_breakout_40d,A,1274.485,7.0,1185.271,94.6,64.2,100.0,66.0,58.0,85.3,0.9,3.0,25.6,88.5,3
2023-12-19,NESTLEIND.NS,F_vwap_reclaim,F,1274.485,4.14,1221.6595,94.6,100.0,100.0,66.0,75.1,65.0,0.9,3.0,19.5,91.9,3
2023-12-19,TATACONSUM.NS,A_breakout_40d,A,966.15,7.0,898.5195,100.0,57.4,100.0,66.9,58.0,85.3,0.94,3.0,25.6,83.2,1
2023-12-20,ONGC.NS,A_breakout_40d,A,203.2,7.0,188.976,100.0,54.6,100.0,60.9,58.0,85.3,0.8,3.0,25.6,87.5,2
2023-12-20,ONGC.NS,C_macd_crossover,C,203.2,5.49,192.05,100.0,92.6,100.0,60.9,67.1,55.3,0.8,3.0,16.6,87.3,2
2023-12-20,TATACONSUM.NS,A_breakout_40d,A,976.3,7.0,907.959,100.0,58.4,100.0,70.6,58.0,85.3,0.98,3.0,25.6,88.5,2
2023-12-20,TATACONSUM.NS,C_macd_crossover,C,976.3,3.35,943.6,100.0,82.6,100.0,70.6,79.9,55.3,0.98,3.0,16.6,87.4,2
2023-12-21,BRITANNIA.NS,A_breakout_40d,A,5059.6001,7.0,4705.4281,58.1,57.0,91.2,69.5,58.0,85.3,0.9,3.0,25.6,73.7,1
2023-12-21,GODREJCP.NS,A_breakout_40d,A,1072.9,7.0,997.797,51.0,67.2,82.2,66.9,58.0,85.3,0.7,2.79,25.6,72.8,1
2023-12-21,SHRIRAMFIN.NS,B_pullback_rebound,B,403.37,2.02,395.21,100.0,53.6,68.6,50.4,87.9,25.3,0.95,3.0,7.6,64.0,1
2023-12-22,BRITANNIA.NS,A_breakout_40d,A,5161.1001,7.0,4799.8231,59.1,66.0,74.8,74.5,58.0,85.3,0.99,3.0,25.6,78.7,2
2023-12-22,BRITANNIA.NS,C_macd_crossover,C,5161.1001,6.28,4837.0498,59.1,100.0,74.8,74.5,62.3,55.3,0.99,3.0,16.6,77.1,2
2023-12-22,DIVISLAB.NS,B_pullback_rebound,B,3694.95,3.5,3565.55,69.6,54.0,83.7,53.0,79.0,25.3,-0.09,0.0,7.6,55.8,1
2023-12-22,MARUTI.NS,D_rsi_bounce,D,10217.1504,3.76,9832.5996,91.7,100.0,60.2,41.8,77.4,0.0,-0.08,0.0,0.0,58.3,1
2023-12-22,WIPRO.NS,A_breakout_40d,A,231.325,7.0,215.1322,57.9,78.8,93.0,74.7,58.0,85.3,0.9,3.0,25.6,78.4,1
2023-12-26,BEL.NS,A_breakout_40d,A,181.95,7.0,169.2135,100.0,82.7,78.6,79.2,58.0,85.3,2.46,3.0,25.6,85.9,1
2023-12-26,BRITANNIA.NS,A_breakout_40d,A,5235.9502,7.0,4869.4337,60.1,61.6,72.2,77.4,58.0,85.3,1.13,3.0,25.6,72.8,1
2023-12-26,DIVISLAB.NS,A_breakout_40d,A,3863.5,7.0,3593.055,69.2,63.8,97.8,66.9,58.0,85.3,-0.03,0.0,25.6,80.0,3
2023-12-26,DIVISLAB.NS,F_vwap_reclaim,F,3863.5,4.36,3694.8662,69.2,100.0,97.8,66.9,73.8,65.0,-0.03,0.0,19.5,83.4,3
2023-12-26,WIPRO.NS,A_breakout_40d,A,235.05,7.0,218.5965,58.6,62.9,95.2,76.8,58.0,85.3,0.94,3.0,25.6,75.7,1
2023-12-27,BAJAJ-AUTO.NS,A_breakout_40d,A,6709.6499,7.0,6239.9744,100.0,80.2,82.7,75.5,58.0,85.3,2.46,3.0,25.6,90.8,2
2023-12-27,BAJAJ-AUTO.NS,C_macd_crossover,C,6709.6499,7.0,6239.9744,100.0,88.5,82.7,75.5,58.0,55.3,2.46,3.0,16.6,83.4,2
2023-12-27,HINDALCO.NS,A_breakout_40d,A,605.6,7.0,563.208,100.0,85.5,80.8,81.3,58.0,85.3,1.89,3.0,25.6,91.8,2
2023-12-27,TATASTEEL.NS,C_macd_crossover,C,137.2,6.81,127.85,87.9,94.5,66.3,66.3,59.1,51.0,0.65,2.6,15.3,73.3,1
2023-12-28,BPCL.NS,F_vwap_reclaim,F,232.9,3.13,225.6118,98.5,100.0,78.6,68.1,81.2,32.7,2.78,3.0,9.8,76.1,1
2023-12-28,BRITANNIA.NS,A_breakout_40d,A,5282.0,7.0,4912.26,62.1,57.0,75.0,77.5,58.0,85.3,1.37,3.0,25.6,72.6,1
2023-12-28,COALINDIA.NS,A_breakout_40d,A,380.95,7.0,354.2835,100.0,80.5,79.0,71.1,58.0,85.3,1.96,3.0,25.6,85.2,1
2023-12-28,DRREDDY.NS,A_breakout_40d,A,1171.71,7.0,1089.6903,84.0,59.7,75.0,65.7,58.0,85.3,0.31,1.23,25.6,80.4,2
2023-12-28,DRREDDY.NS,C_macd_crossover,C,1171.71,6.61,1094.24,84.0,100.0,75.0,65.7,60.3,55.3,0.31,1.23,16.6,79.8,2
2023-12-28,GODREJCP.NS,A_breakout_40d,A,1112.5,7.0,1034.625,53.8,56.6,79.0,75.3,58.0,85.3,1.13,3.0,25.6,71.3,1
2023-12-28,HEROMOTOCO.NS,A_breakout_40d,A,4173.25,7.0,3881.1225,100.0,70.8,77.1,80.5,58.0,85.3,2.88,3.0,25.6,83.3,1
2023-12-28,ICICIBANK.NS,B_pullback_rebound,B,1005.9,1.66,989.2,59.6,47.8,68.5,58.2,90.0,25.3,0.53,2.12,7.6,54.4,1
2023-12-28,IOC.NS,A_breakout_40d,A,133.25,7.0,123.9225,100.0,82.5,76.7,75.5,58.0,85.3,3.68,3.0,25.6,90.5,2
2023-12-28,IOC.NS,C_macd_crossover,C,133.25,7.0,123.9225,100.0,100.0,76.7,75.5,58.0,55.3,3.68,3.0,16.6,85.0,2
2023-12-28,ITC.NS,A_breakout_40d,A,446.889,7.0,415.6067,58.1,51.5,72.2,63.4,58.0,85.3,0.24,0.94,25.6,72.8,2
2023-12-28,ITC.NS,C_macd_crossover,C,446.889,4.23,427.9677,58.1,72.2,72.2,63.4,74.6,55.3,0.24,0.94,16.6,70.3,2
2023-12-28,JSWSTEEL.NS,A_breakout_40d,A,880.8,7.0,819.144,70.5,54.5,74.2,71.6,58.0,85.3,1.12,3.0,25.6,73.5,1
2023-12-28,NESTLEIND.NS,A_breakout_40d,A,1312.495,7.0,1220.6203,96.1,66.5,70.5,71.2,58.0,85.3,1.02,3.0,25.6,80.5,1
2023-12-28,NTPC.NS,A_breakout_40d,A,313.9,7.0,291.927,100.0,61.0,78.6,72.8,58.0,85.3,2.67,3.0,25.6,81.3,1
2023-12-28,POWERGRID.NS,A_breakout_40d,A,239.1,7.0,222.363,100.0,55.9,71.1,67.7,58.0,85.3,1.66,3.0,25.6,79.2,1
2023-12-28,TITAN.NS,C_macd_crossover,C,3715.1001,5.28,3518.8,100.0,65.4,64.6,73.1,68.3,51.0,1.12,3.0,15.3,71.5,1
2023-12-29,BRITANNIA.NS,A_breakout_40d,A,5338.4502,7.0,4964.7587,63.1,58.5,70.3,79.5,58.0,85.3,1.45,3.0,25.6,72.6,1
2023-12-29,INDUSTOWER.NS,F_vwap_reclaim,F,199.05,4.77,189.5612,100.0,100.0,100.0,60.4,71.4,32.7,-0.14,0.0,9.8,74.6,1
2023-12-29,TATACONSUM.NS,A_breakout_40d,A,1086.8,7.0,1010.724,100.0,85.2,99.1,89.2,58.0,85.3,1.44,3.0,25.6,89.3,1
2024-01-01,INDUSTOWER.NS,A_breakout_40d,A,202.75,7.0,188.5575,100.0,56.8,82.0,63.1,58.0,85.3,-0.01,0.0,25.6,82.6,2
2024-01-01,INDUSTOWER.NS,C_macd_crossover,C,202.75,7.0,188.5575,100.0,100.0,82.0,63.1,58.0,55.3,-0.01,0.0,16.6,82.3,2
2024-01-02,COALINDIA.NS,A_breakout_40d,A,392.65,7.0,365.1645,100.0,72.7,79.3,73.1,58.0,85.3,2.01,3.0,25.6,83.8,1
2024-01-02,DIVISLAB.NS,A_breakout_40d,A,4030.0,7.0,3747.9,68.7,68.3,96.5,73.5,58.0,85.3,0.69,2.74,25.6,78.6,1
2024-01-02,SUNPHARMA.NS,A_breakout_40d,A,1296.2,7.0,1205.466,100.0,71.6,72.0,75.9,58.0,85.3,1.06,3.0,25.6,87.7,2
2024-01-02,SUNPHARMA.NS,C_macd_crossover,C,1296.2,6.76,1208.55,100.0,100.0,72.0,75.9,59.4,55.3,1.06,3.0,16.6,84.6,2
2024-01-03,ADANIENT.NS,A_breakout_40d,A,3003.0,7.0,2792.79,89.9,53.0,100.0,68.2,58.0,85.3,1.93,3.0,25.6,80.3,1
2024-01-03,ADANIGREEN.NS,A_breakout_40d,A,1697.25,7.0,1578.4425,100.0,86.0,84.0,74.2,58.0,85.3,5.95,3.0,25.6,87.1,1
2024-01-03,AMBUJACEM.NS,A_breakout_40d,A,536.1,7.0,498.573,82.8,52.7,98.5,69.2,58.0,85.3,1.95,3.0,25.6,78.7,1
2024-01-03,AXISBANK.NS,B_pullback_rebound,B,1098.6,1.95,1077.2,93.4,58.2,64.1,53.8,88.3,25.3,0.97,3.0,7.6,63.2,1
2024-01-03,BAJAJ-AUTO.NS,A_breakout_40d,A,6986.5,7.0,6497.445,100.0,72.3,90.8,75.9,58.0,85.3,2.76,3.0,25.6,85.3,1
2024-01-03,ITC.NS,A_breakout_40d,A,459.5513,7.0,427.3827,57.9,61.7,77.8,71.1,58.0,85.3,0.4,1.6,25.6,71.5,1
2024-01-04,AMBUJACEM.NS,C_macd_crossover,C,549.45,7.0,510.9885,84.4,100.0,68.2,72.9,58.0,51.0,2.14,3.0,15.3,74.4,1
2024-01-04,AXISBANK.NS,B_pullback_rebound,B,1123.4,4.11,1077.2,94.0,40.5,66.3,62.0,75.3,25.3,1.03,3.0,7.6,58.5,1
2024-01-04,BAJAJFINSV.NS,F_vwap_reclaim,F,1701.95,1.33,1679.2821,90.6,63.5,76.8,57.4,92.0,32.7,0.28,1.12,9.8,71.3,2
2024-01-04,BAJFINANCE.NS,A_breakout_40d,A,770.555,7.0,716.6161,69.9,57.6,93.1,63.3,58.0,85.3,-0.66,0.0,25.6,78.2,2
2024-01-04,BAJFINANCE.NS,F_vwap_reclaim,F,770.555,4.85,733.2038,69.9,100.0,93.1,63.3,70.9,65.0,-0.66,0.0,19.5,82.4,2
2024-01-04,DLF.NS,A_breakout_40d,A,761.4,7.0,708.102,100.0,86.0,100.0,76.4,58.0,85.3,2.65,3.0,25.6,94.2,2
2024-01-04,DLF.NS,C_macd_crossover,C,761.4,7.0,708.102,100.0,100.0,100.0,76.4,58.0,55.3,2.65,3.0,16.6,88.0,2
2024-01-04,ICICIBANK.NS,B_pullback_rebound,B,987.15,1.22,975.1,60.3,65.4,70.3,48.9,92.7,25.3,0.48,1.93,7.6,58.2,1
2024-01-04,INDUSINDBK.NS,A_breakout_40d,A,1648.55,7.0,1533.1515,100.0,68.9,76.6,70.7,58.0,85.3,1.07,3.0,25.6,82.6,1
2024-01-04,MAXHEALTH.NS,C_macd_crossover,C,737.75,7.0,686.1075,100.0,100.0,69.0,70.0,58.0,51.0,1.89,3.0,15.3,77.5,1
2024-01-04,NTPC.NS,A_breakout_40d,A,317.1,7.0,294.903,100.0,58.2,82.8,70.2,58.0,85.3,2.57,3.0,25.6,81.2,1
2024-01-04,ONGC.NS,A_breakout_40d,A,214.65,7.0,199.6245,100.0,74.4,75.3,69.9,58.0,85.3,1.11,3.0,25.6,83.5,1
2024-01-04,TECHM.NS,B_pullback_rebound,B,1247.5,1.72,1226.0,69.8,59.0,67.3,49.4,89.7,25.3,0.71,2.85,7.6,59.0,1
2024-01-05,ADANIPORTS.NS,C_macd_crossover,C,1154.25,7.0,1073.4525,100.0,100.0,66.7,78.7,58.0,51.0,3.46,3.0,15.3,77.4,1
2024-01-05,GODREJCP.NS,A_breakout_40d,A,1219.85,7.0,1134.4605,60.7,61.9,72.8,87.7,58.0,85.3,1.85,3.0,25.6,73.3,1
2024-01-05,GRASIM.NS,B_pullback_rebound,B,2071.2642,2.14,2026.8408,96.2,55.8,69.7,52.1,87.1,25.3,0.7,2.79,7.6,63.6,1
2024-01-05,INDUSTOWER.NS,A_breakout_40d,A,222.15,7.0,206.5995,100.0,71.1,92.2,74.4,58.0,85.3,1.29,3.0,25.6,85.1,1
2024-01-05,INFY.NS,B_pullback_rebound,B,1532.55,2.91,1488.0,75.1,48.1,65.8,54.3,82.6,25.3,0.65,2.58,7.6,56.6,1
2024-01-05,TATAPOWER.NS,A_breakout_40d,A,340.75,7.0,316.8975,100.0,56.2,71.8,69.5,58.0,85.3,2.99,3.0,25.6,79.4,1
2024-01-08,SHREECEM.NS,B_pullback_rebound,B,27329.6504,1.46,26931.3496,81.9,79.5,73.5,42.7,91.3,25.3,0.62,2.49,7.6,66.0,1
2024-01-08,TVSMOTOR.NS,F_vwap_reclaim,F,2037.8,3.16,1973.4982,100.0,100.0,80.9,65.2,81.1,32.7,2.25,3.0,9.8,76.6,1
2024-01-09,ADANIPORTS.NS,A_breakout_40d,A,1197.1,7.0,1113.303,100.0,69.3,76.1,82.0,58.0,85.3,4.1,3.0,25.6,82.9,1
2024-01-09,BAJAJ-AUTO.NS,A_breakout_40d,A,7093.8999,7.0,6597.3269,100.0,62.3,100.0,76.0,58.0,85.3,2.7,3.0,25.6,84.5,1
2024-01-09,DLF.NS,A_breakout_40d,A,789.6,7.0,734.328,100.0,79.6,82.5,78.2,58.0,85.3,3.41,3.0,25.6,85.7,1
2024-01-09,SBILIFE.NS,B_pullback_rebound,B,1449.35,4.26,1387.65,96.6,41.6,69.9,56.0,74.5,25.3,0.73,2.92,7.6,59.3,1
2024-01-09,SIEMENS.NS,A_breakout_40d,A,2461.5237,7.0,2289.217,61.4,60.5,72.8,68.9,58.0,85.3,1.8,3.0,25.6,77.6,2
2024-01-09,SIEMENS.NS,F_vwap_reclaim,F,2461.5237,4.94,2339.8103,61.4,100.0,72.8,68.9,70.3,65.0,1.8,3.0,19.5,81.2,2
2024-01-10,CIPLA.NS,A_breakout_40d,A,1329.2,7.0,1236.156,100.0,67.9,80.1,69.0,58.0,85.3,1.0,3.0,25.6,82.8,1
2024-01-10,SBILIFE.NS,C_macd_crossover,C,1451.45,3.61,1399.1,96.9,59.0,79.4,56.5,78.4,51.0,0.84,3.0,15.3,72.5,1
2024-01-10,TRENT.NS,A_breakout_40d,A,3173.6001,7.0,2951.4481,100.0,64.9,74.8,78.4,58.0,85.3,4.0,3.0,25.6,81.8,1
2024-01-11,BAJAJ-AUTO.NS,A_breakout_40d,A,7298.8501,7.0,6787.9306,100.0,73.1,72.7,78.2,58.0,85.3,2.92,3.0,25.6,83.1,1
2024-01-11,HEROMOTOCO.NS,A_breakout_40d,A,4342.2002,7.0,4038.2462,100.0,82.4,93.3,75.6,58.0,85.3,2.78,3.0,25.6,92.6,2
2024-01-11,INDIGO.NS,C_macd_crossover,C,3052.0,4.96,2900.6001,100.0,51.7,64.5,64.7,70.2,51.0,2.1,3.0,15.3,68.8,1
2024-01-11,RELIANCE.NS,A_breakout_40d,A,1359.9,7.0,1264.707,67.1,71.0,79.9,76.7,58.0,85.3,1.5,3.0,25.6,82.0,2
2024-01-11,RELIANCE.NS,C_macd_crossover,C,1359.9,5.55,1284.475,67.1,100.0,79.9,76.7,66.7,55.3,1.5,3.0,16.6,80.0,2
2024-01-11,SHRIRAMFIN.NS,A_breakout_40d,A,455.95,7.0,424.0335,100.0,80.4,81.6,71.1,58.0,85.3,1.65,3.0,25.6,85.5,1
2024-01-11,TATAPOWER.NS,A_breakout_40d,A,357.3,7.0,332.289,100.0,75.1,74.6,76.0,58.0,85.3,3.75,3.0,25.6,83.7,1
2024-01-12,BRITANNIA.NS,B_pullback_rebound,B,5151.1001,1.93,5051.5,72.6,50.8,66.4,54.3,88.4,25.3,1.33,3.0,7.6,57.9,1
2024-01-12,GOLDBEES.NS,B_pullback_rebound,B,52.99,0.68,52.63,63.9,52.9,76.3,50.6,95.9,25.3,0.22,0.86,7.6,56.7,1
2024-01-12,HCLTECH.NS,A_breakout_40d,A,1540.8,7.0,1432.944,100.0,69.4,82.0,69.8,58.0,85.3,1.71,3.0,25.6,88.4,2
2024-01-12,HCLTECH.NS,C_macd_crossover,C,1540.8,7.0,1432.944,100.0,79.6,82.0,69.8,58.0,55.3,1.71,3.0,16.6,81.4,2
2024-01-12,INFY.NS,A_breakout_40d,A,1612.75,7.0,1499.8575,79.8,67.4,100.0,64.3,58.0,85.3,1.13,3.0,25.6,86.1,2
2024-01-12,INFY.NS,F_vwap_reclaim,F,1612.75,4.95,1532.923,79.8,100.0,100.0,64.3,70.3,65.0,1.13,3.0,19.5,88.2,2
2024-01-12,ONGC.NS,A_breakout_40d,A,223.4,7.0,207.762,100.0,70.0,79.4,71.2,58.0,85.3,1.59,3.0,25.6,88.2,2
2024-01-12,TATACONSUM.NS,A_breakout_40d,A,1159.0,7.0,1077.87,100.0,73.8,95.1,81.8,58.0,85.3,2.41,3.0,25.6,86.3,1
2024-01-12,TCS.NS,A_breakout_40d,A,3882.8,7.0,3611.004,77.6,54.5,97.7,65.3,58.0,85.3,1.05,3.0,25.6,82.8,2
2024-01-12,TCS.NS,F_vwap_reclaim,F,3882.8,3.33,3753.6051,77.6,100.0,97.7,65.3,80.0,65.0,1.05,3.0,19.5,88.9,2
2024-01-12,TECHM.NS,A_breakout_40d,A,1308.05,7.0,1216.4865,74.1,51.2,84.3,63.8,58.0,85.3,1.03,3.0,25.6,79.6,2
2024-01-12,TECHM.NS,F_vwap_reclaim,F,1308.05,3.62,1260.6643,74.1,100.0,84.3,63.8,78.3,65.0,1.03,3.0,19.5,86.1,2
2024-01-12,WIPRO.NS,F_vwap_reclaim,F,232.725,2.85,226.1023,73.4,100.0,73.0,62.1,82.9,32.7,1.74,3.0,9.8,70.4,1
2024-01-15,HCLTECH.NS,A_breakout_40d,A,1588.2,7.0,1477.026,100.0,74.6,100.0,74.5,58.0,85.3,1.87,3.0,25.6,86.9,1
2024-01-15,INFY.NS,A_breakout_40d,A,1652.1,7.0,1536.453,81.5,69.5,76.1,68.2,58.0,85.3,1.32,3.0,25.6,83.9,2
2024-01-15,INFY.NS,C_macd_crossover,C,1652.1,7.0,1536.453,81.5,100.0,76.1,68.2,58.0,55.3,1.32,3.0,16.6,81.0,2
2024-01-15,ONGC.NS,A_breakout_40d,A,233.5,7.0,217.155,100.0,86.2,93.4,77.3,58.0,85.3,1.72,3.0,25.6,93.4,2
2024-01-15,TCS.NS,C_macd_crossover,C,3903.8,6.48,3651.0,78.7,76.5,67.0,66.5,61.1,51.0,1.21,3.0,15.3,68.6,1
2024-01-15,TECHM.NS,A_breakout_40d,A,1337.65,7.0,1244.0145,75.4,68.1,92.9,68.3,58.0,85.3,1.24,3.0,25.6,84.5,2
2024-01-15,TECHM.NS,C_macd_crossover,C,1337.65,7.0,1244.0145,75.4,100.0,92.9,68.3,58.0,55.3,1.24,3.0,16.6,81.9,2
2024-01-15,WIPRO.NS,A_breakout_40d,A,247.3,7.0,229.989,75.4,79.3,100.0,72.1,58.0,85.3,1.95,3.0,25.6,87.8,2
2024-01-15,WIPRO.NS,F_vwap_reclaim,F,247.3,6.04,232.3655,75.4,100.0,100.0,72.1,63.8,65.0,1.95,3.0,19.5,86.7,2
2024-01-16,BPCL.NS,E_boll_squeeze,E,236.425,3.78,227.48,100.0,100.0,89.6,65.1,77.3,23.0,2.61,3.0,6.9,74.3,1
2024-01-16,IOC.NS,A_breakout_40d,A,143.6,7.0,133.548,100.0,84.6,83.1,77.7,58.0,85.3,4.03,3.0,25.6,91.8,2
2024-01-16,IOC.NS,C_macd_crossover,C,143.6,7.0,133.548,100.0,100.0,83.1,77.7,58.0,55.3,4.03,3.0,16.6,85.9,2
2024-01-16,TATASTEEL.NS,F_vwap_reclaim,F,137.25,2.38,133.9837,94.8,100.0,70.0,60.1,85.7,32.7,1.31,3.0,9.8,79.7,2
2024-01-16,TITAN.NS,A_breakout_40d,A,3820.3,7.0,3552.879,100.0,63.1,73.2,75.0,58.0,85.3,1.68,3.0,25.6,86.1,2
2024-01-16,TITAN.NS,C_macd_crossover,C,3820.3,4.65,3642.5,100.0,53.7,73.2,75.0,72.1,55.3,1.68,3.0,16.6,77.2,2
2024-01-16,TVSMOTOR.NS,B_pullback_rebound,B,2033.65,4.01,1952.15,100.0,39.2,64.7,58.2,76.0,25.3,2.53,3.0,7.6,59.2,1
2024-01-17,IOC.NS,A_breakout_40d,A,144.1,7.0,134.013,100.0,52.8,72.8,78.1,58.0,85.3,4.07,3.0,25.6,79.1,1
2024-01-17,SBILIFE.NS,B_pullback_rebound,B,1421.15,1.1,1405.55,96.8,52.6,85.7,48.4,93.4,25.3,0.6,2.38,7.6,65.5,1
2024-01-18,APOLLOHOSP.NS,A_breakout_40d,A,5990.8501,7.0,5571.4906,100.0,58.8,80.1,69.5,58.0,85.3,1.71,3.0,25.6,81.0,1
2024-01-18,AXISBANK.NS,B_pullback_rebound,B,1097.5,1.67,1079.2,99.9,57.4,66.4,48.2,90.0,25.3,1.13,3.0,7.6,64.8,1
2024-01-18,GODREJCP.NS,B_pullback_rebound,B,1103.9,0.69,1096.3,69.5,73.7,70.6,47.6,95.9,25.3,1.16,3.0,7.6,63.3,1
2024-01-18,TECHM.NS,A_breakout_40d,A,1355.15,7.0,1260.2895,79.0,60.5,78.6,68.6,58.0,85.3,1.64,3.0,25.6,76.9,1
2024-01-19,AXISBANK.NS,B_pullback_rebound,B,1116.55,4.53,1066.0,100.0,44.4,68.1,54.1,72.8,25.3,1.04,3.0,7.6,60.2,1
2024-01-19,BAJAJFINSV.NS,D_rsi_bounce,D,1600.5,2.59,1559.0,88.6,100.0,60.6,35.9,84.4,0.0,0.25,0.99,0.0,59.5,1
2024-01-19,BHARTIARTL.NS,A_breakout_40d,A,1125.0,7.0,1046.25,100.0,66.4,91.8,76.6,58.0,85.3,1.71,3.0,25.6,84.2,1
2024-01-19,COALINDIA.NS,B_pullback_rebound,B,383.25,3.98,368.0,100.0,43.0,66.0,59.0,76.1,25.3,1.97,3.0,7.6,60.2,1
2024-01-19,ETERNAL.NS,F_vwap_reclaim,F,135.05,4.54,128.92,100.0,100.0,74.3,58.1,72.8,32.7,1.85,3.0,9.8,74.4,1
2024-01-19,ICICIBANK.NS,B_pullback_rebound,B,999.2,2.91,970.15,63.8,45.7,68.9,53.2,82.6,25.3,0.67,2.67,7.6,54.3,1
2024-01-19,M&M.NS,B_pullback_rebound,B,1655.55,4.52,1580.65,99.0,47.4,65.6,53.3,72.9,25.3,0.95,3.0,7.6,60.2,1
2024-01-19,MAXHEALTH.NS,F_vwap_reclaim,F,731.8,3.55,705.8471,100.0,100.0,96.7,58.4,78.7,32.7,2.1,3.0,9.8,78.1,1
2024-01-19,NTPC.NS,B_pullback_rebound,B,308.45,3.86,296.55,100.0,56.4,73.2,54.2,76.9,25.3,2.64,3.0,7.6,63.8,1
2024-01-19,POWERGRID.NS,B_pullback_rebound,B,235.4,3.97,226.05,100.0,59.7,69.1,51.0,76.2,25.3,1.46,3.0,7.6,63.7,1
2024-01-19,TECHM.NS,A_breakout_40d,A,1389.9,7.0,1292.607,80.4,70.5,77.1,72.9,58.0,85.3,1.74,3.0,25.6,79.1,1
2024-01-19,TITAN.NS,C_macd_crossover,C,3810.6001,4.27,3647.95,100.0,50.4,100.0,65.1,74.4,51.0,1.58,3.0,15.3,73.8,1
2024-01-19,ULTRACEMCO.NS,F_vwap_reclaim,F,10093.7002,1.25,9967.3929,100.0,60.2,78.3,58.4,92.5,32.7,1.51,3.0,9.8,74.7,2
2024-01-23,APOLLOHOSP.NS,A_breakout_40d,A,6153.75,7.0,5722.9875,100.0,57.8,100.0,75.4,58.0,85.3,1.67,3.0,25.6,83.5,1
2024-01-23,BHARTIARTL.NS,A_breakout_40d,A,1158.0,7.0,1076.94,100.0,73.5,100.0,80.9,58.0,85.3,1.77,3.0,25.6,86.8,1
2024-01-23,CIPLA.NS,A_breakout_40d,A,1409.0,7.0,1310.37,100.0,98.0,100.0,75.2,58.0,85.3,0.94,3.0,25.6,91.6,1
2024-01-23,HEROMOTOCO.NS,A_breakout_40d,A,4444.2002,7.0,4133.1062,100.0,58.1,74.3,77.5,58.0,85.3,3.45,3.0,25.6,80.3,1
2024-01-23,ICICIBANK.NS,C_macd_crossover,C,1029.05,5.72,970.15,64.3,92.9,97.7,63.1,65.7,51.0,0.66,2.65,15.3,78.2,2
2024-01-23,ICICIBANK.NS,F_vwap_reclaim,F,1029.05,3.84,989.579,64.3,100.0,97.7,63.1,77.0,65.0,0.66,2.65,19.5,85.4,2
2024-01-23,MAXHEALTH.NS,A_breakout_40d,A,776.05,7.0,721.7265,100.0,85.6,94.4,66.3,58.0,85.3,2.19,3.0,25.6,93.1,2
2024-01-23,MAXHEALTH.NS,C_macd_crossover,C,776.05,7.0,721.7265,100.0,100.0,94.4,66.3,58.0,55.3,2.19,3.0,16.6,87.0,2
2024-01-23,POWERGRID.NS,B_pullback_rebound,B,237.95,5.0,226.05,100.0,52.0,76.0,54.8,70.0,25.3,1.38,3.0,7.6,62.3,1
2024-01-23,SHREECEM.NS,F_vwap_reclaim,F,27493.75,1.54,27069.7042,84.0,72.0,70.9,52.0,90.7,32.7,0.19,0.77,9.8,70.3,2
2024-01-23,SUNPHARMA.NS,A_breakout_40d,A,1378.3,7.0,1281.819,100.0,75.5,81.2,75.2,58.0,85.3,1.44,3.0,25.6,89.6,2
2024-01-23,SUNPHARMA.NS,C_macd_crossover,C,1378.3,6.41,1290.0,100.0,100.0,81.2,75.2,61.6,55.3,1.44,3.0,16.6,86.0,2
2024-01-24,ADANIENT.NS,B_pullback_rebound,B,2903.45,0.63,2885.1001,100.0,68.0,73.2,49.4,96.2,25.3,2.57,3.0,7.6,68.7,1
2024-01-24,ADANIPOWER.NS,B_pullback_rebound,B,103.99,2.66,101.22,100.0,68.9,100.0,50.0,84.0,25.3,2.67,3.0,7.6,70.6,1
2024-01-24,BHARTIARTL.NS,A_breakout_40d,A,1189.95,7.0,1106.6535,100.0,72.1,74.3,84.0,58.0,85.3,1.94,3.0,25.6,83.3,1
2024-01-24,BRITANNIA.NS,B_pullback_rebound,B,5142.25,4.21,4925.8999,77.0,56.8,76.1,52.9,74.8,25.3,0.92,3.0,7.6,59.3,1
2024-01-24,COALINDIA.NS,F_vwap_reclaim,F,382.6,1.06,378.5462,100.0,52.4,75.5,57.1,93.6,32.7,1.76,3.0,9.8,72.9,2
2024-01-24,DRREDDY.NS,F_vwap_reclaim,F,1180.42,3.12,1143.5507,82.9,100.0,92.7,61.7,81.3,32.7,0.58,2.3,9.8,74.0,1
2024-01-24,HINDALCO.NS,B_pullback_rebound,B,565.15,4.87,537.6,100.0,75.2,72.3,50.0,70.8,25.3,1.35,3.0,7.6,66.4,1
2024-01-24,INDUSINDBK.NS,D_rsi_bounce,D,1490.85,4.21,1428.05,100.0,100.0,90.6,37.7,74.7,0.0,0.45,1.8,0.0,65.2,1
2024-01-24,INDUSTOWER.NS,A_breakout_40d,A,229.95,7.0,213.8535,100.0,78.1,88.3,68.3,58.0,85.3,1.73,3.0,25.6,85.9,1
2024-01-24,ITC.NS,B_pullback_rebound,B,446.4075,1.95,437.6931,61.6,55.7,78.8,50.7,88.3,25.3,0.68,2.72,7.6,57.9,1
2024-01-24,NTPC.NS,B_pullback_rebound,B,308.85,3.98,296.55,100.0,55.2,66.2,54.0,76.1,25.3,2.44,3.0,7.6,62.5,1
2024-01-24,POWERGRID.NS,A_breakout_40d,A,246.2,7.0,228.966,100.0,62.7,74.7,64.5,58.0,85.3,1.38,3.0,25.6,85.9,2
2024-01-24,POWERGRID.NS,F_vwap_reclaim,F,246.2,3.94,236.5009,100.0,100.0,74.7,64.5,76.4,65.0,1.38,3.0,19.5,89.8,2
2024-01-24,RELIANCE.NS,F_vwap_reclaim,F,1343.875,1.8,1319.693,75.2,82.6,78.8,58.3,89.2,32.7,1.54,3.0,9.8,73.8,2
2024-01-24,SHREECEM.NS,B_pullback_rebound,B,27635.1504,7.0,25700.6899,84.6,45.5,75.7,53.5,58.0,25.3,0.23,0.92,7.6,54.1,1
2024-01-25,AMBUJACEM.NS,A_breakout_40d,A,560.15,7.0,520.9395,100.0,65.6,80.4,66.4,58.0,85.3,2.38,3.0,25.6,87.3,2
2024-01-25,AMBUJACEM.NS,F_vwap_reclaim,F,560.15,5.51,529.3102,100.0,100.0,80.4,66.4,67.0,65.0,2.38,3.0,19.5,89.3,2
2024-01-25,BAJAJ-AUTO.NS,A_breakout_40d,A,7597.5,7.0,7065.675,100.0,82.4,99.9,76.0,58.0,85.3,2.89,3.0,25.6,88.5,1
2024-01-25,DLF.NS,B_pullback_rebound,B,758.65,3.47,732.3,100.0,53.5,69.4,54.9,79.2,25.3,2.4,3.0,7.6,63.1,1
2024-01-25,DRREDDY.NS,C_macd_crossover,C,1171.1,5.72,1104.13,83.1,70.1,66.1,58.1,65.7,51.0,0.59,2.36,15.3,67.9,1
2024-01-25,ICICIBANK.NS,B_pullback_rebound,B,1009.95,3.94,970.15,65.0,39.1,69.2,54.7,76.4,25.3,0.65,2.61,7.6,52.3,1
2024-01-25,NTPC.NS,F_vwap_reclaim,F,314.75,2.16,307.9634,100.0,97.3,73.7,58.0,87.1,32.7,2.41,3.0,9.8,80.8,2
2024-01-29,ADANIGREEN.NS,F_vwap_reclaim,F,1715.5,3.6,1653.707,100.0,100.0,74.5,63.0,78.4,32.7,5.24,3.0,9.8,75.3,1
2024-01-29,ADANIPOWER.NS,E_boll_squeeze,E,114.09,6.1,107.1265,100.0,100.0,68.6,69.0,63.4,23.0,2.88,3.0,6.9,69.8,1
2024-01-29,AMBUJACEM.NS,A_breakout_40d,A,574.1,7.0,533.913,100.0,69.9,76.8,70.0,58.0,85.3,2.58,3.0,25.6,87.8,2
2024-01-29,AMBUJACEM.NS,C_macd_crossover,C,574.1,7.0,533.913,100.0,100.0,76.8,70.0,58.0,55.3,2.58,3.0,16.6,84.8,2
2024-01-29,APOLLOHOSP.NS,A_breakout_40d,A,6329.75,7.0,5886.6675,100.0,65.0,73.1,77.8,58.0,85.3,1.77,3.0,25.6,81.6,1
2024-01-29,BPCL.NS,A_breakout_40d,A,246.325,7.0,229.0822,100.0,69.5,72.9,66.6,58.0,85.3,2.17,3.0,25.6,87.1,2
2024-01-29,COALINDIA.NS,A_breakout_40d,A,412.8,7.0,383.904,100.0,91.1,81.3,71.3,58.0,85.3,1.76,3.0,25.6,92.6,2
2024-01-29,COALINDIA.NS,C_macd_crossover,C,412.8,7.0,383.904,100.0,100.0,81.3,71.3,58.0,55.3,1.76,3.0,16.6,85.4,2
2024-01-29,GODREJCP.NS,B_pullback_rebound,B,1168.1,7.0,1086.333,74.7,39.1,72.8,59.8,58.0,25.3,1.46,3.0,7.6,52.7,1
2024-01-29,INDIGO.NS,B_pullback_rebound,B,2896.0,1.69,2847.0,100.0,77.0,80.1,44.3,89.8,25.3,1.29,3.0,7.6,70.3,1
2024-01-29,M&M.NS,B_pullback_rebound,B,1640.0,3.96,1575.0,98.2,49.6,66.8,50.8,76.2,25.3,0.7,2.81,7.6,60.8,1
2024-01-29,ONGC.NS,A_breakout_40d,A,252.5,7.0,234.825,100.0,84.5,85.8,74.0,58.0,85.3,2.16,3.0,25.6,92.0,2
2024-01-29,POWERGRID.NS,A_breakout_40d,A,253.95,7.0,236.1735,100.0,75.2,72.3,70.6,58.0,85.3,1.51,3.0,25.6,88.3,2
2024-01-29,POWERGRID.NS,C_macd_crossover,C,253.95,7.0,236.1735,100.0,100.0,72.3,70.6,58.0,55.3,1.51,3.0,16.6,84.2,2
2024-01-29,RELIANCE.NS,A_breakout_40d,A,1448.05,7.0,1346.6865,77.8,80.9,79.8,74.1,58.0,85.3,1.67,3.0,25.6,86.1,2
2024-01-29,RELIANCE.NS,C_macd_crossover,C,1448.05,7.0,1346.6865,77.8,100.0,79.8,74.1,58.0,55.3,1.67,3.0,16.6,80.9,2
2024-01-29,SHRIRAMFIN.NS,A_breakout_40d,A,481.8,7.0,448.074,100.0,84.4,91.9,73.8,58.0,85.3,1.71,3.0,25.6,87.8,1
2024-01-29,SIEMENS.NS,A_breakout_40d,A,2527.3557,7.0,2350.4408,79.4,69.1,78.7,67.4,58.0,85.3,2.05,3.0,25.6,83.7,2
2024-01-29,SIEMENS.NS,C_macd_crossover,C,2527.3557,7.0,2350.4408,79.4,67.5,78.7,67.4,58.0,55.3,2.05,3.0,16.6,74.3,2
2024-01-29,SUNPHARMA.NS,A_breakout_40d,A,1400.85,7.0,1302.7905,100.0,60.9,73.1,74.8,58.0,85.3,1.58,3.0,25.6,80.6,1
2024-01-29,TATAPOWER.NS,A_breakout_40d,A,381.9,7.0,355.167,100.0,86.8,74.7,77.2,58.0,85.3,3.49,3.0,25.6,91.1,2
2024-01-29,TATAPOWER.NS,C_macd_crossover,C,381.9,7.0,355.167,100.0,100.0,74.7,77.2,58.0,55.3,3.49,3.0,16.6,84.7,2
2024-01-29,TVSMOTOR.NS,B_pullback_rebound,B,1964.7,2.12,1923.05,100.0,69.2,66.9,47.2,87.3,25.3,1.84,3.0,7.6,66.8,1
2024-01-30,BPCL.NS,A_breakout_40d,A,252.1,7.0,234.453,100.0,68.8,88.4,70.2,58.0,85.3,2.18,3.0,25.6,89.1,2
2024-01-30,DLF.NS,F_vwap_reclaim,F,786.9,3.37,760.4029,100.0,100.0,72.2,62.1,79.8,32.7,2.22,3.0,9.8,75.2,1
2024-01-30,HINDALCO.NS,B_pullback_rebound,B,569.25,5.56,537.6,100.0,60.0,71.4,51.8,66.6,25.3,1.34,3.0,7.6,62.8,1
2024-01-30,INDIGO.NS,B_pullback_rebound,B,2929.0,2.8,2847.0,100.0,67.2,71.1,48.0,83.2,25.3,1.24,3.0,7.6,66.4,1
2024-01-30,SHRIRAMFIN.NS,A_breakout_40d,A,490.59,7.0,456.2487,100.0,64.6,78.8,76.2,58.0,85.3,1.81,3.0,25.6,82.2,1
2024-01-31,BRITANNIA.NS,F_vwap_reclaim,F,5198.3999,1.89,5099.918,78.9,86.5,73.7,56.2,88.6,32.7,0.91,3.0,9.8,74.5,2
2024-01-31,DRREDDY.NS,A_breakout_40d,A,1224.23,7.0,1138.5339,83.9,75.5,100.0,69.8,58.0,85.3,0.81,3.0,25.6,83.7,1
2024-01-31,ETERNAL.NS,C_macd_crossover,C,139.55,7.0,129.7815,100.0,68.5,73.5,61.3,58.0,51.0,1.19,3.0,15.3,71.5,1
2024-01-31,INDIGO.NS,B_pullback_rebound,B,2961.3501,3.86,2847.0,100.0,58.0,76.8,51.3,76.8,25.3,1.28,3.0,7.6,64.5,1
2024-01-31,M&M.NS,C_macd_crossover,C,1651.55,4.64,1575.0,97.6,72.7,66.2,52.8,72.2,51.0,0.55,2.18,15.3,76.9,2
2024-01-31,MARUTI.NS,F_vwap_reclaim,F,10186.9004,2.62,9919.5277,70.0,100.0,70.9,53.9,84.3,32.7,-0.41,0.0,9.8,66.4,1
2024-01-31,MAXHEALTH.NS,A_breakout_40d,A,780.8,7.0,726.144,100.0,54.9,76.3,63.4,58.0,85.3,2.14,3.0,25.6,84.5,2
2024-01-31,MAXHEALTH.NS,C_macd_crossover,C,780.8,7.0,726.144,100.0,87.0,76.3,63.4,58.0,55.3,2.14,3.0,16.6,81.9,2
2024-01-31,POWERGRID.NS,A_breakout_40d,A,259.3,7.0,241.149,100.0,66.4,78.6,74.3,58.0,85.3,1.83,3.0,25.6,82.4,1
2024-01-31,SUNPHARMA.NS,A_breakout_40d,A,1418.45,7.0,1319.1585,100.0,60.1,90.0,71.3,58.0,85.3,1.66,3.0,25.6,82.6,1
2024-01-31,TRENT.NS,B_pullback_rebound,B,3086.95,1.88,3029.05,100.0,63.5,76.8,50.2,88.7,25.3,2.22,3.0,7.6,67.2,1
2024-02-01,ADANIENT.NS,C_macd_crossover,C,3153.5,7.0,2932.755,100.0,93.7,65.1,67.5,58.0,51.0,3.14,3.0,15.3,75.7,1
2024-02-01,CIPLA.NS,C_macd_crossover,C,1387.65,7.0,1290.5145,100.0,73.5,67.8,62.4,58.0,51.0,0.89,3.0,15.3,71.8,1
2024-02-01,EICHERMOT.NS,C_macd_crossover,C,3933.2,7.0,3657.876,99.7,100.0,81.5,58.9,58.0,51.0,0.01,0.05,15.3,75.7,1
2024-02-01,GODREJCP.NS,A_breakout_40d,A,1254.55,7.0,1166.7315,79.0,72.8,100.0,71.5,58.0,85.3,1.84,3.0,25.6,87.2,3
2024-02-01,GODREJCP.NS,F_vwap_reclaim,F,1254.55,7.0,1166.7315,79.0,100.0,100.0,71.5,58.0,65.0,1.84,3.0,19.5,86.6,3
2024-02-01,HDFCLIFE.NS,D_rsi_bounce,D,587.1,2.69,571.3,67.8,100.0,74.5,33.4,83.9,0.0,-0.84,0.0,0.0,56.0,1
2024-02-01,INDIGO.NS,F_vwap_reclaim,F,3066.6001,3.58,2956.7225,100.0,100.0,75.3,60.2,78.5,32.7,1.37,3.0,9.8,75.4,1
2024-02-01,POWERGRID.NS,A_breakout_40d,A,265.8,7.0,247.194,100.0,70.1,71.8,78.0,58.0,85.3,2.0,3.0,25.6,82.4,1
2024-02-01,SBIN.NS,C_macd_crossover,C,647.65,7.0,602.3145,74.7,93.9,69.1,60.6,58.0,51.0,0.84,3.0,15.3,70.9,1
2024-02-01,SHREECEM.NS,A_breakout_40d,A,29613.5508,7.0,27540.6022,87.8,73.8,100.0,68.9,58.0,85.3,0.84,3.0,25.6,84.1,1
2024-02-01,TATACONSUM.NS,B_pullback_rebound,B,1129.65,1.56,1112.0,100.0,51.6,90.4,58.9,90.6,25.3,2.05,3.0,7.6,67.1,1
2024-02-01,TRENT.NS,B_pullback_rebound,B,3102.8,3.56,2992.3,100.0,60.8,66.8,51.7,78.6,25.3,2.06,3.0,7.6,64.0,1
2024-02-02,ADANIPORTS.NS,C_macd_crossover,C,1261.45,7.0,1173.1485,100.0,61.9,69.2,73.5,58.0,51.0,3.98,3.0,15.3,70.0,1
2024-02-02,BEL.NS,B_pullback_rebound,B,184.6,2.49,180.0,100.0,59.2,68.7,53.6,85.0,25.3,2.55,3.0,7.6,64.9,1
2024-02-02,BPCL.NS,A_breakout_40d,A,279.175,7.0,259.6327,100.0,100.0,100.0,81.0,58.0,85.3,2.72,3.0,25.6,97.2,2
2024-02-02,COALINDIA.NS,A_breakout_40d,A,419.8,7.0,390.414,100.0,63.6,76.8,70.1,58.0,85.3,1.71,3.0,25.6,81.5,1
2024-02-02,IOC.NS,A_breakout_40d,A,162.9,7.0,151.497,100.0,100.0,97.5,78.8,58.0,85.3,3.96,3.0,25.6,91.8,1
2024-02-02,JSWSTEEL.NS,F_vwap_reclaim,F,823.55,1.65,809.9729,80.2,76.4,72.5,50.8,90.1,32.7,0.57,2.27,9.8,67.0,1
2024-02-02,NTPC.NS,A_breakout_40d,A,332.5,7.0,309.225,100.0,69.6,70.6,65.4,58.0,85.3,2.5,3.0,25.6,86.8,2
2024-02-02,NTPC.NS,C_macd_crossover,C,332.5,7.0,309.225,100.0,100.0,70.6,65.4,58.0,55.3,2.5,3.0,16.6,83.9,2
2024-02-02,POWERGRID.NS,A_breakout_40d,A,277.1,7.0,257.703,100.0,84.0,73.7,82.7,58.0,85.3,2.29,3.0,25.6,85.6,1
2024-02-02,SIEMENS.NS,F_vwap_reclaim,F,2443.2681,1.34,2410.5457,83.5,63.8,75.8,55.2,92.0,32.7,1.67,3.0,9.8,71.6,2
2024-02-02,TATASTEEL.NS,C_macd_crossover,C,138.7,7.0,128.991,99.0,100.0,73.2,59.0,58.0,51.0,0.91,3.0,15.3,77.5,1
2024-02-02,TRENT.NS,B_pullback_rebound,B,3126.05,4.28,2992.3,100.0,55.6,71.7,53.9,74.3,25.3,1.88,3.0,7.6,63.1,1
2024-02-05,BPCL.NS,A_breakout_40d,A,287.375,7.0,267.2587,100.0,73.5,78.0,83.1,58.0,85.3,3.07,3.0,25.6,89.1,2
2024-02-05,COALINDIA.NS,A_breakout_40d,A,440.25,7.0,409.4325,100.0,89.0,82.8,75.9,58.0,85.3,1.93,3.0,25.6,87.6,1
2024-02-05,INDIGO.NS,A_breakout_40d,A,3171.1499,7.0,2949.1694,100.0,61.3,100.0,66.9,58.0,85.3,1.59,3.0,25.6,84.0,1
2024-02-05,IOC.NS,A_breakout_40d,A,173.95,7.0,161.7735,100.0,100.0,95.0,83.3,58.0,85.3,4.34,3.0,25.6,91.6,1
2024-02-05,M&M.NS,E_boll_squeeze,E,1703.55,4.06,1634.325,97.2,95.9,67.4,61.3,75.6,23.0,0.58,2.33,6.9,69.0,1
2024-02-05,SUNPHARMA.NS,A_breakout_40d,A,1463.8,7.0,1361.334,100.0,75.6,70.1,74.9,58.0,85.3,1.78,3.0,25.6,83.2,1
2024-02-05,TATASTEEL.NS,A_breakout_40d,A,141.55,7.0,131.6415,99.5,59.7,77.1,63.2,58.0,85.3,0.93,3.0,25.6,80.5,1
2024-02-06,BHARTIARTL.NS,F_vwap_reclaim,F,1134.05,1.23,1120.1001,100.0,59.3,71.5,58.2,92.6,32.7,1.78,3.0,9.8,73.7,2
2024-02-06,BPCL.NS,A_breakout_40d,A,304.65,7.0,283.3245,100.0,98.1,75.4,86.5,58.0,85.3,3.47,3.0,25.6,93.7,2
2024-02-06,HDFCLIFE.NS,D_rsi_bounce,D,592.75,5.26,561.55,63.1,100.0,93.8,43.5,68.4,0.0,-1.16,0.0,0.0,55.7,1
2024-02-06,IOC.NS,A_breakout_40d,A,184.5,7.0,171.585,100.0,98.5,87.9,86.2,58.0,85.3,4.9,3.0,25.6,90.4,1
2024-02-06,TCS.NS,A_breakout_40d,A,4136.0,7.0,3846.48,90.2,82.8,76.1,74.8,58.0,85.3,1.18,3.0,25.6,83.5,1
2024-02-06,WIPRO.NS,C_macd_crossover,C,249.825,6.52,233.525,96.0,58.9,66.2,66.0,60.9,51.0,1.91,3.0,15.3,68.4,1
2024-02-07,ADANIGREEN.NS,A_breakout_40d,A,1866.0,7.0,1735.38,100.0,100.0,100.0,72.5,58.0,85.3,5.41,3.0,25.6,96.9,2
2024-02-07,ADANIGREEN.NS,C_macd_crossover,C,1866.0,7.0,1735.38,100.0,100.0,100.0,72.5,58.0,55.3,5.41,3.0,16.6,87.9,2
2024-02-07,BAJFINANCE.NS,D_rsi_bounce,D,670.92,2.6,653.5,52.9,100.0,59.2,35.0,84.4,0.0,-0.57,0.0,0.0,51.1,1
2024-02-07,BRITANNIA.NS,B_pullback_rebound,B,5078.25,3.0,4925.8999,80.8,55.7,100.0,48.1,82.0,25.3,0.79,3.0,7.6,63.8,1
2024-02-07,DLF.NS,A_breakout_40d,A,827.45,7.0,769.5285,100.0,71.9,70.6,68.6,58.0,85.3,2.37,3.0,25.6,87.3,2
2024-02-07,GRASIM.NS,F_vwap_reclaim,F,2111.5,1.93,2070.8089,100.0,87.8,72.8,53.1,88.4,32.7,0.7,2.81,9.8,78.6,2
2024-02-07,HDFCLIFE.NS,C_macd_crossover,C,605.15,7.0,562.7895,61.8,100.0,64.4,49.0,58.0,51.0,-1.17,0.0,15.3,65.6,1
2024-02-07,IOC.NS,A_breakout_40d,A,186.45,7.0,173.3985,100.0,58.5,78.2,86.7,58.0,85.3,5.5,3.0,25.6,81.2,1
2024-02-07,SBIN.NS,A_breakout_40d,A,675.25,7.0,627.9825,78.9,74.2,80.0,68.9,58.0,85.3,1.49,3.0,25.6,79.8,1
2024-02-07,TRENT.NS,A_breakout_40d,A,3607.5,7.0,3354.975,100.0,100.0,100.0,74.4,58.0,85.3,1.89,3.0,25.6,97.0,3
2024-02-07,TRENT.NS,F_vwap_reclaim,F,3607.5,7.0,3354.975,100.0,100.0,100.0,74.4,58.0,65.0,1.89,3.0,19.5,90.9,3
2024-02-08,BEL.NS,B_pullback_rebound,B,184.8,3.25,178.8,100.0,56.2,69.4,53.8,80.5,25.3,2.42,3.0,7.6,63.7,1
2024-02-08,ETERNAL.NS,A_breakout_40d,A,144.1,7.0,134.013,100.0,51.7,96.4,63.9,58.0,85.3,1.96,3.0,25.6,81.5,1
2024-02-08,IOC.NS,A_breakout_40d,A,192.4,7.0,178.932,100.0,75.5,75.5,88.1,58.0,85.3,6.12,3.0,25.6,84.3,1
2024-02-08,SBIN.NS,A_breakout_40d,A,699.55,7.0,650.5815,80.5,78.8,100.0,74.6,58.0,85.3,1.66,3.0,25.6,83.8,1
2024-02-08,TRENT.NS,A_breakout_40d,A,3841.95,7.0,3573.0135,100.0,100.0,100.0,79.2,58.0,85.3,2.33,3.0,25.6,92.1,1
2024-02-09,AMBUJACEM.NS,A_breakout_40d,A,576.2,7.0,535.866,100.0,52.9,71.9,64.9,58.0,85.3,2.88,3.0,25.6,83.6,2
2024-02-09,AMBUJACEM.NS,C_macd_crossover,C,576.2,7.0,535.866,100.0,75.6,71.9,64.9,58.0,55.3,2.88,3.0,16.6,79.1,2
2024-02-09,APOLLOHOSP.NS,A_breakout_40d,A,6437.3501,7.0,5986.7356,100.0,60.6,83.3,71.4,58.0,85.3,1.4,3.0,25.6,81.8,1
2024-02-09,ETERNAL.NS,A_breakout_40d,A,149.45,7.0,138.9885,100.0,79.7,100.0,69.0,58.0,85.3,2.18,3.0,25.6,87.7,1
2024-02-09,GRASIM.NS,F_vwap_reclaim,F,2168.5,4.2,2077.4408,100.0,100.0,91.2,58.4,74.8,32.7,0.68,2.7,9.8,81.6,2
2024-02-09,MAXHEALTH.NS,A_breakout_40d,A,874.4,7.0,813.192,100.0,61.2,85.9,71.5,58.0,85.3,3.26,3.0,25.6,82.3,1
2024-02-09,SBIN.NS,A_breakout_40d,A,725.25,7.0,674.4825,82.5,79.4,74.0,79.0,58.0,85.3,1.9,3.0,25.6,81.1,1
2024-02-09,SUNPHARMA.NS,A_breakout_40d,A,1534.8,7.0,1427.364,100.0,68.8,89.3,81.3,58.0,85.3,2.31,3.0,25.6,84.5,1
2024-02-12,APOLLOHOSP.NS,A_breakout_40d,A,6614.4502,7.0,6151.4387,100.0,72.0,71.2,76.3,58.0,85.3,1.54,3.0,25.6,87.7,2
2024-02-12,APOLLOHOSP.NS,C_macd_crossover,C,6614.4502,7.0,6151.4387,100.0,100.0,71.2,76.3,58.0,55.3,1.54,3.0,16.6,84.3,2
2024-02-12,DIVISLAB.NS,F_vwap_reclaim,F,3740.1499,2.41,3649.8865,69.7,100.0,89.9,51.5,85.5,32.7,-0.06,0.0,9.8,69.0,1
2024-02-12,DRREDDY.NS,A_breakout_40d,A,1266.7,7.0,1178.031,86.1,69.9,74.1,72.6,58.0,85.3,0.92,3.0,25.6,79.7,1
2024-02-12,ETERNAL.NS,A_breakout_40d,A,153.8,7.0,143.034,100.0,73.3,77.5,72.4,58.0,85.3,2.45,3.0,25.6,83.6,1
2024-02-12,WIPRO.NS,A_breakout_40d,A,250.725,7.0,233.1743,100.0,52.9,80.8,64.3,58.0,85.3,2.11,3.0,25.6,79.7,1
2024-02-13,SHRIRAMFIN.NS,B_pullback_rebound,B,466.13,3.25,450.97,100.0,55.1,65.6,53.5,80.5,25.3,1.69,3.0,7.6,63.0,1
2024-02-13,SIEMENS.NS,A_breakout_40d,A,2531.8462,7.0,2354.617,90.3,51.4,85.5,61.8,58.0,85.3,1.55,3.0,25.6,83.0,2
2024-02-13,SIEMENS.NS,C_macd_crossover,C,2531.8462,6.58,2365.2852,90.3,72.6,85.5,61.8,60.5,55.3,1.55,3.0,16.6,78.6,2
2024-02-13,SUNPHARMA.NS,A_breakout_40d,A,1542.2,7.0,1434.246,100.0,53.9,72.7,81.8,58.0,85.3,2.47,3.0,25.6,79.4,1
2024-02-14,AXISBANK.NS,C_macd_crossover,C,1096.85,5.94,1031.65,97.2,100.0,67.0,55.0,64.3,51.0,0.06,0.24,15.3,74.3,1
2024-02-14,BPCL.NS,A_breakout_40d,A,311.825,7.0,289.9973,100.0,54.1,72.0,74.4,58.0,85.3,3.81,3.0,25.6,79.1,1
2024-02-14,M&M.NS,F_vwap_reclaim,F,1657.05,1.39,1634.079,95.6,65.7,73.2,50.2,91.7,32.7,0.34,1.38,9.8,67.3,1
2024-02-14,SIEMENS.NS,A_breakout_40d,A,2570.7056,7.0,2390.7562,91.3,62.3,70.5,65.2,58.0,85.3,1.54,3.0,25.6,78.5,1
2024-02-15,BPCL.NS,A_breakout_40d,A,326.375,7.0,303.5288,100.0,87.3,73.6,77.9,58.0,85.3,3.7,3.0,25.6,91.1,2
2024-02-15,M&M.NS,A_breakout_40d,A,1765.05,7.0,1641.4965,95.3,64.1,100.0,64.7,58.0,85.3,0.31,1.26,25.6,86.8,3
2024-02-15,M&M.NS,F_vwap_reclaim,F,1765.05,6.55,1649.3892,95.3,100.0,100.0,64.7,60.7,65.0,0.31,1.26,19.5,88.3,3
2024-02-16,AMBUJACEM.NS,A_breakout_40d,A,585.1,7.0,544.143,100.0,62.4,82.5,65.8,58.0,85.3,2.13,3.0,25.6,86.9,2
2024-02-16,BAJAJ-AUTO.NS,A_breakout_40d,A,8325.0498,7.0,7742.2963,100.0,69.9,80.2,84.5,58.0,85.3,2.83,3.0,25.6,83.7,1
2024-02-16,BPCL.NS,A_breakout_40d,A,327.3,7.0,304.389,100.0,52.3,74.7,78.1,58.0,85.3,3.64,3.0,25.6,79.2,1
2024-02-16,M&M.NS,A_breakout_40d,A,1835.55,7.0,1707.0615,95.2,82.0,84.3,70.7,58.0,85.3,0.4,1.59,25.6,83.8,1
2024-02-16,TVSMOTOR.NS,A_breakout_40d,A,2138.75,7.0,1989.0375,100.0,67.5,92.9,67.7,58.0,85.3,0.96,3.0,25.6,89.3,2
2024-02-16,WIPRO.NS,A_breakout_40d,A,271.5,7.0,252.495,100.0,87.8,79.4,76.7,58.0,85.3,2.41,3.0,25.6,86.9,1
2024-02-19,BAJAJ-AUTO.NS,A_breakout_40d,A,8509.7002,7.0,7914.0212,100.0,67.7,82.5,86.7,58.0,85.3,3.02,3.0,25.6,83.6,1
2024-02-19,GRASIM.NS,C_macd_crossover,C,2168.6001,6.51,2027.5,100.0,73.1,67.5,57.7,61.0,51.0,0.32,1.3,15.3,70.3,1
2024-02-20,GRASIM.NS,A_breakout_40d,A,2192.25,7.0,2038.7925,100.0,56.3,77.6,59.8,58.0,85.3,0.37,1.5,25.6,78.4,1
2024-02-20,POWERGRID.NS,A_breakout_40d,A,287.9,7.0,267.747,100.0,64.1,71.0,69.3,58.0,85.3,2.42,3.0,25.6,85.9,2
2024-02-20,POWERGRID.NS,C_macd_crossover,C,287.9,7.0,267.747,100.0,100.0,71.0,69.3,58.0,55.3,2.42,3.0,16.6,84.0,2
2024-02-21,DLF.NS,A_breakout_40d,A,886.85,7.0,824.7705,100.0,71.3,73.3,71.5,58.0,85.3,2.85,3.0,25.6,82.6,1
2024-02-22,EICHERMOT.NS,F_vwap_reclaim,F,3951.3999,3.79,3801.6387,89.8,100.0,73.2,57.1,77.3,32.7,-0.46,0.0,9.8,69.8,1
2024-02-22,GRASIM.NS,A_breakout_40d,A,2201.2,7.0,2047.116,100.0,52.6,100.0,60.7,58.0,85.3,0.51,2.06,25.6,81.2,1
2024-02-22,RELIANCE.NS,A_breakout_40d,A,1481.75,7.0,1378.0275,100.0,50.2,71.0,65.7,58.0,85.3,1.82,3.0,25.6,78.0,1
2024-02-22,TCS.NS,F_vwap_reclaim,F,4087.1001,2.61,3980.6001,100.0,100.0,70.9,58.9,84.4,32.7,1.21,3.0,9.8,75.6,1
2024-02-23,BEL.NS,A_breakout_40d,A,205.3,7.0,190.929,100.0,93.3,100.0,72.1,58.0,85.3,1.9,3.0,25.6,90.5,1
2024-02-23,INDUSTOWER.NS,A_breakout_40d,A,241.15,7.0,224.2695,100.0,80.7,97.7,66.2,58.0,85.3,1.71,3.0,25.6,92.5,2
2024-02-23,INDUSTOWER.NS,C_macd_crossover,C,241.15,7.0,224.2695,100.0,100.0,97.7,66.2,58.0,55.3,1.71,3.0,16.6,87.4,2
2024-02-26,INDUSTOWER.NS,A_breakout_40d,A,246.35,7.0,229.1055,100.0,67.3,73.0,68.6,58.0,85.3,1.91,3.0,25.6,81.7,1
2024-02-27,BHARTIARTL.NS,B_pullback_rebound,B,1127.5,2.65,1097.65,100.0,53.0,67.0,53.0,84.1,25.3,1.18,3.0,7.6,63.3,1
2024-02-27,MAXHEALTH.NS,B_pullback_rebound,B,849.9,2.42,829.3,100.0,44.1,68.4,57.5,85.5,25.3,2.03,3.0,7.6,62.0,1
2024-02-27,POWERGRID.NS,C_macd_crossover,C,292.5,7.0,272.025,100.0,86.5,65.6,68.3,58.0,51.0,2.13,3.0,15.3,74.3,1
2024-02-27,TCS.NS,B_pullback_rebound,B,4104.3999,3.25,3971.0,100.0,40.1,69.5,58.4,80.5,25.3,1.05,3.0,7.6,60.7,1
2024-02-29,BRITANNIA.NS,C_macd_crossover,C,4965.2002,2.12,4860.0,78.1,50.8,68.6,48.0,87.3,51.0,0.01,0.05,15.3,63.7,1
2024-02-29,ETERNAL.NS,A_breakout_40d,A,165.45,7.0,153.8685,100.0,56.1,80.6,70.1,58.0,85.3,3.1,3.0,25.6,80.5,1
2024-02-29,HCLTECH.NS,B_pullback_rebound,B,1663.85,1.91,1632.05,100.0,41.6,66.7,59.1,88.5,25.3,1.48,3.0,7.6,61.8,1
2024-02-29,HEROMOTOCO.NS,B_pullback_rebound,B,4426.5,1.75,4349.0498,100.0,95.0,78.5,42.8,89.5,25.3,1.37,3.0,7.6,73.6,1
2024-02-29,INDIGO.NS,F_vwap_reclaim,F,3155.3501,1.74,3100.5669,100.0,80.0,100.0,58.0,89.6,32.7,0.7,2.79,9.8,80.9,2
2024-02-29,POWERGRID.NS,B_pullback_rebound,B,282.85,4.07,271.35,100.0,38.2,65.0,58.4,75.6,25.3,2.03,3.0,7.6,59.0,1
2024-02-29,RELIANCE.NS,B_pullback_rebound,B,1460.8,0.73,1450.175,100.0,51.9,81.9,56.0,95.6,25.3,1.78,3.0,7.6,66.7,1
2024-02-29,SHRIRAMFIN.NS,F_vwap_reclaim,F,487.72,2.9,473.5604,100.0,100.0,100.0,56.2,82.6,32.7,1.66,3.0,9.8,79.0,1
2024-02-29,TATACONSUM.NS,A_breakout_40d,A,1190.05,7.0,1106.7465,100.0,54.4,78.7,65.4,58.0,85.3,2.04,3.0,25.6,79.8,1
2024-02-29,TITAN.NS,F_vwap_reclaim,F,3624.3999,1.27,3578.4391,100.0,60.9,75.2,47.8,92.4,32.7,0.11,0.44,9.8,66.5,1
2024-02-29,TVSMOTOR.NS,F_vwap_reclaim,F,2139.2,2.87,2077.8202,100.0,100.0,88.9,59.2,82.8,32.7,0.61,2.44,9.8,77.1,1
2024-03-01,INDUSTOWER.NS,A_breakout_40d,A,263.1,7.0,244.683,100.0,82.6,70.7,73.0,58.0,85.3,2.5,3.0,25.6,84.6,1
2024-03-01,JSWSTEEL.NS,F_vwap_reclaim,F,836.2,2.85,812.3285,73.4,100.0,88.4,57.1,82.9,32.7,-0.52,0.0,9.8,74.3,2
2024-03-01,TATASTEEL.NS,A_breakout_40d,A,149.95,7.0,139.4535,100.0,72.2,97.8,65.2,58.0,85.3,0.68,2.72,25.6,90.5,3
2024-03-01,TATASTEEL.NS,F_vwap_reclaim,F,149.95,5.42,141.8219,100.0,100.0,97.8,65.2,67.5,65.0,0.68,2.72,19.5,91.3,3
2024-03-01,TITAN.NS,C_macd_crossover,C,3765.8999,5.59,3555.3501,100.0,100.0,73.3,60.0,66.5,51.0,0.13,0.52,15.3,76.4,1
2024-03-01,TVSMOTOR.NS,A_breakout_40d,A,2242.6001,7.0,2085.6181,100.0,79.8,83.5,68.6,58.0,85.3,0.7,2.82,25.6,85.4,1
2024-03-01,ULTRACEMCO.NS,C_macd_crossover,C,10135.5,4.24,9705.6504,100.0,69.7,64.7,57.1,74.6,51.0,-0.0,0.0,15.3,69.8,1
2024-03-04,GOLDBEES.NS,A_breakout_40d,A,53.89,7.0,50.1177,66.1,54.6,76.2,66.4,58.0,85.3,0.05,0.22,25.6,70.0,1
2024-03-04,NTPC.NS,A_breakout_40d,A,353.85,7.0,329.0805,100.0,68.9,90.0,67.5,58.0,85.3,1.2,3.0,25.6,89.2,2
2024-03-04,NTPC.NS,C_macd_crossover,C,353.85,6.57,330.6,100.0,83.6,90.0,67.5,60.6,55.3,1.2,3.0,16.6,83.5,2
2024-03-04,TATAPOWER.NS,F_vwap_reclaim,F,391.75,3.65,377.4653,100.0,100.0,74.6,61.8,78.1,32.7,1.23,3.0,9.8,75.3,1
2024-03-04,TATASTEEL.NS,A_breakout_40d,A,153.1,7.0,142.383,100.0,66.8,72.0,68.6,58.0,85.3,0.85,3.0,25.6,81.5,1
2024-03-05,ADANIPOWER.NS,A_breakout_40d,A,114.77,7.0,106.7361,100.0,54.8,70.5,58.9,58.0,85.3,0.56,2.26,25.6,82.9,2
2024-03-05,ADANIPOWER.NS,F_vwap_reclaim,F,114.77,3.19,111.1032,100.0,100.0,70.5,58.9,80.8,65.0,0.56,2.26,19.5,89.0,2
2024-03-05,GOLDBEES.NS,A_breakout_40d,A,54.62,7.0,50.7966,66.3,60.8,77.5,72.7,58.0,85.3,0.12,0.48,25.6,71.9,1
2024-03-05,TATAPOWER.NS,C_macd_crossover,C,396.15,7.0,368.4195,100.0,55.4,64.6,63.9,58.0,51.0,1.38,3.0,15.3,67.8,1
2024-03-05,VEDL.NS,C_macd_crossover,C,285.7,7.0,265.701,73.7,100.0,67.3,64.8,58.0,51.0,0.58,2.33,15.3,71.2,1
2024-03-06,ADANIPOWER.NS,C_macd_crossover,C,115.34,7.0,107.2662,100.0,60.1,65.5,60.0,58.0,51.0,0.76,3.0,15.3,68.8,1
2024-03-06,BAJAJ-AUTO.NS,A_breakout_40d,A,8605.7998,7.0,8003.3938,100.0,59.0,76.9,66.7,58.0,85.3,2.5,3.0,25.6,80.5,1
2024-03-06,DIVISLAB.NS,D_rsi_bounce,D,3544.6499,2.61,3452.0,61.3,100.0,65.1,40.0,84.3,0.0,-0.48,0.0,0.0,53.7,1
2024-03-06,GOLDBEES.NS,A_breakout_40d,A,54.72,7.0,50.8896,66.5,51.5,71.5,73.4,58.0,85.3,0.19,0.75,25.6,69.6,1
2024-03-06,ICICIBANK.NS,A_breakout_40d,A,1097.1,7.0,1020.303,74.4,53.5,73.2,69.1,58.0,85.3,0.74,2.96,25.6,73.9,1
2024-03-06,PIDILITIND.NS,A_breakout_40d,A,1415.775,7.0,1316.6708,70.6,60.3,100.0,64.7,58.0,85.3,0.44,1.76,25.6,81.6,3
2024-03-06,PIDILITIND.NS,F_vwap_reclaim,F,1415.775,4.97,1345.4076,70.6,100.0,100.0,64.7,70.2,65.0,0.44,1.76,19.5,85.2,3
2024-03-06,SBILIFE.NS,B_pullback_rebound,B,1520.4,3.3,1470.2,88.4,39.7,64.5,55.9,80.2,25.3,0.76,3.0,7.6,57.5,1
2024-03-07,BAJAJ-AUTO.NS,A_breakout_40d,A,8879.0498,7.0,8257.5163,100.0,75.4,83.8,71.2,58.0,85.3,2.75,3.0,25.6,89.8,2
2024-03-07,BHARTIARTL.NS,A_breakout_40d,A,1199.7,7.0,1115.721,100.0,54.0,70.9,71.7,58.0,85.3,1.64,3.0,25.6,78.9,1
2024-03-07,JSWSTEEL.NS,F_vwap_reclaim,F,830.0,2.12,812.3758,70.4,95.9,81.9,54.2,87.3,32.7,-0.31,0.0,9.8,67.6,1
2024-03-07,PIDILITIND.NS,A_breakout_40d,A,1432.925,7.0,1332.6203,71.1,59.7,100.0,67.2,58.0,85.3,0.52,2.08,25.6,77.0,1
2024-03-07,TATACONSUM.NS,A_breakout_40d,A,1261.55,7.0,1173.2415,100.0,77.2,88.7,78.1,58.0,85.3,2.08,3.0,25.6,86.0,1
2024-03-07,TATAPOWER.NS,A_breakout_40d,A,425.25,7.0,395.4825,100.0,85.1,100.0,73.9,58.0,85.3,1.94,3.0,25.6,88.9,1
2024-03-07,TATASTEEL.NS,A_breakout_40d,A,157.25,7.0,146.2425,100.0,71.7,95.3,71.2,58.0,85.3,1.44,3.0,25.6,85.6,1
2024-03-07,TCS.NS,B_pullback_rebound,B,4108.6001,3.65,3958.45,100.0,45.2,68.4,57.0,78.1,25.3,0.69,2.77,7.6,61.0,1
2024-03-11,BRITANNIA.NS,C_macd_crossover,C,4937.3999,3.01,4788.75,74.6,84.3,65.1,48.8,81.9,51.0,-0.49,0.0,15.3,68.5,1
2024-03-11,CIPLA.NS,A_breakout_40d,A,1504.1,7.0,1398.813,100.0,59.0,70.4,67.8,58.0,85.3,1.82,3.0,25.6,79.7,1
2024-03-11,GOLDBEES.NS,A_breakout_40d,A,56.01,7.0,52.0893,66.9,58.2,77.0,80.8,58.0,85.3,0.33,1.32,25.6,72.5,1
2024-03-11,INDIGO.NS,A_breakout_40d,A,3218.55,7.0,2993.2515,100.0,58.1,100.0,60.3,58.0,85.3,0.85,3.0,25.6,88.1,2
2024-03-11,INDIGO.NS,F_vwap_reclaim,F,3218.55,3.47,3106.9819,100.0,100.0,100.0,60.3,79.2,65.0,0.85,3.0,19.5,93.4,2
2024-03-11,NESTLEIND.NS,A_breakout_40d,A,1305.75,7.0,1214.3475,88.1,53.1,82.0,60.5,58.0,85.3,0.12,0.46,25.6,74.9,1
2024-03-11,SIEMENS.NS,A_breakout_40d,A,2777.0066,7.0,2582.6161,100.0,50.1,100.0,72.4,58.0,85.3,1.76,3.0,25.6,81.9,1
2024-03-11,TCS.NS,B_pullback_rebound,B,4122.3501,3.98,3958.45,100.0,42.4,64.2,58.0,76.1,25.3,0.71,2.84,7.6,59.6,1
2024-03-12,INDIGO.NS,A_breakout_40d,A,3242.95,7.0,3015.9435,100.0,56.1,93.1,62.0,58.0,85.3,0.85,3.0,25.6,86.9,2
2024-03-12,INDIGO.NS,C_macd_crossover,C,3242.95,6.87,3020.0,100.0,79.2,93.1,62.0,58.8,55.3,0.85,3.0,16.6,82.6,2
2024-03-12,TCS.NS,A_breakout_40d,A,4192.25,7.0,3898.7925,100.0,58.2,79.3,63.0,58.0,85.3,0.75,3.0,25.6,80.6,1
2024-03-14,ADANIENT.NS,D_rsi_bounce,D,3087.45,7.0,2871.3285,100.0,100.0,85.4,44.4,58.0,0.0,0.81,3.0,0.0,63.6,1
2024-03-14,ADANIGREEN.NS,B_pullback_rebound,B,1895.3,7.0,1762.629,100.0,59.3,69.0,52.5,58.0,25.3,1.61,3.0,7.6,61.1,1
2024-03-14,ADANIPORTS.NS,B_pullback_rebound,B,1267.85,6.29,1188.1,100.0,75.0,84.7,47.9,62.3,25.3,2.12,3.0,7.6,66.8,1
2024-03-14,COALINDIA.NS,B_pullback_rebound,B,427.7,4.14,410.0,100.0,89.0,69.7,45.0,75.2,25.3,1.62,3.0,7.6,69.3,1
2024-03-14,INFY.NS,F_vwap_reclaim,F,1653.3,1.27,1632.3058,100.0,60.9,73.3,52.7,92.4,32.7,0.4,1.6,9.8,72.6,2
2024-03-14,ONGC.NS,B_pullback_rebound,B,263.25,3.99,252.75,100.0,77.7,65.2,48.1,76.1,25.3,2.51,3.0,7.6,66.7,1
2024-03-14,SUNPHARMA.NS,B_pullback_rebound,B,1570.2,2.22,1535.4,100.0,45.9,69.0,59.9,86.7,25.3,2.29,3.0,7.6,62.7,1
2024-03-14,TATACONSUM.NS,B_pullback_rebound,B,1198.35,3.98,1150.6,100.0,40.7,66.8,55.0,76.1,25.3,1.46,3.0,7.6,59.7,1
2024-03-14,TATAPOWER.NS,B_pullback_rebound,B,384.45,5.57,363.05,100.0,50.0,67.4,50.7,66.6,25.3,1.91,3.0,7.6,60.2,1
2024-03-14,TCS.NS,C_macd_crossover,C,4207.6001,5.92,3958.45,100.0,85.9,66.4,62.4,64.5,51.0,0.9,3.0,15.3,75.0,1
2024-03-15,ADANIGREEN.NS,B_pullback_rebound,B,1902.6,7.0,1769.418,100.0,56.2,68.6,53.1,58.0,25.3,1.57,3.0,7.6,60.5,1
2024-03-15,ADANIPORTS.NS,B_pullback_rebound,B,1283.0,7.0,1193.19,100.0,65.8,64.8,50.5,58.0,25.3,1.96,3.0,7.6,61.8,1
2024-03-15,BHARTIARTL.NS,A_breakout_40d,A,1220.0,7.0,1134.6,100.0,60.5,70.8,67.8,58.0,85.3,1.55,3.0,25.6,80.1,1
2024-03-15,ETERNAL.NS,B_pullback_rebound,B,160.05,7.0,148.8465,100.0,51.6,71.0,55.1,58.0,25.3,2.08,3.0,7.6,59.9,1
2024-03-15,MARUTI.NS,F_vwap_reclaim,F,11476.6504,1.21,11337.6141,76.1,58.6,80.1,57.6,92.7,32.7,1.1,3.0,9.8,69.8,2
2024-03-18,GODREJCP.NS,B_pullback_rebound,B,1241.7,5.25,1176.55,100.0,48.3,68.3,54.3,68.5,25.3,0.63,2.5,7.6,59.9,1
2024-03-18,SHREECEM.NS,C_macd_crossover,C,25343.1992,4.34,24243.5996,64.5,89.4,93.0,44.7,74.0,51.0,-1.28,0.0,15.3,69.9,1
2024-03-18,TATASTEEL.NS,F_vwap_reclaim,F,149.7,2.37,146.1596,100.0,100.0,95.8,55.9,85.8,32.7,0.54,2.14,9.8,78.0,1
2024-03-20,EICHERMOT.NS,F_vwap_reclaim,F,3873.6001,1.9,3799.8529,76.9,86.9,100.0,54.7,88.6,32.7,-0.39,0.0,9.8,74.6,2
2024-03-20,GODREJCP.NS,B_pullback_rebound,B,1215.2,3.18,1176.55,100.0,64.4,68.3,48.5,80.9,25.3,0.35,1.38,7.6,63.5,1
2024-03-20,MARUTI.NS,A_breakout_40d,A,11941.1504,7.0,11105.2699,79.2,68.5,82.1,67.9,58.0,85.3,1.39,3.0,25.6,79.0,1
2024-03-20,SBIN.NS,B_pullback_rebound,B,736.25,2.05,721.15,100.0,72.4,67.3,49.5,87.7,25.3,1.32,3.0,7.6,67.6,1
2024-03-21,BEL.NS,B_pullback_rebound,B,196.85,7.0,183.0705,100.0,67.4,64.7,51.4,58.0,25.3,0.29,1.15,7.6,60.4,1
2024-03-21,SIEMENS.NS,A_breakout_40d,A,2901.157,7.0,2698.076,100.0,67.9,73.3,67.1,58.0,85.3,1.66,3.0,25.6,86.8,2
2024-03-21,SIEMENS.NS,F_vwap_reclaim,F,2901.157,5.55,2740.2387,100.0,100.0,73.3,67.1,66.7,65.0,1.66,3.0,19.5,88.4,2
2024-03-22,BAJAJ-AUTO.NS,C_macd_crossover,C,8945.25,7.0,8319.0825,100.0,80.3,68.0,67.7,58.0,51.0,2.18,3.0,15.3,73.4,1
2024-03-22,INDUSINDBK.NS,F_vwap_reclaim,F,1512.1,2.05,1481.1239,72.0,92.8,72.3,52.1,87.7,32.7,-1.03,0.0,9.8,66.0,1
2024-03-22,INDUSTOWER.NS,C_macd_crossover,C,271.3,7.0,252.309,100.0,64.9,66.3,65.5,58.0,51.0,1.64,3.0,15.3,70.0,1
2024-03-22,JSWSTEEL.NS,C_macd_crossover,C,824.8,7.0,767.064,60.9,92.1,67.7,54.8,58.0,51.0,-0.27,0.0,15.3,64.5,1
2024-03-22,MARUTI.NS,A_breakout_40d,A,12337.7002,7.0,11474.0612,81.9,76.6,80.5,73.8,58.0,85.3,1.73,3.0,25.6,81.1,1
2024-03-22,RELIANCE.NS,B_pullback_rebound,B,1455.025,2.9,1412.9,100.0,55.6,72.4,51.4,82.6,25.3,1.04,3.0,7.6,64.2,1
2024-03-22,SUNPHARMA.NS,A_breakout_40d,A,1608.9,7.0,1496.277,100.0,51.6,79.6,64.4,58.0,85.3,1.78,3.0,25.6,84.3,2
2024-03-22,SUNPHARMA.NS,F_vwap_reclaim,F,1608.9,3.33,1555.2487,100.0,100.0,79.6,64.4,80.0,65.0,1.78,3.0,19.5,91.0,2
2024-03-22,TITAN.NS,B_pullback_rebound,B,3706.7,4.31,3547.05,100.0,43.4,69.1,54.4,74.2,25.3,-0.24,0.0,7.6,57.3,1
2024-03-26,BRITANNIA.NS,C_macd_crossover,C,4961.4502,4.06,4760.0,65.4,100.0,78.2,53.6,75.6,51.0,-0.7,0.0,15.3,75.7,2
2024-03-26,BRITANNIA.NS,F_vwap_reclaim,F,4961.4502,2.45,4839.8177,65.4,100.0,78.2,53.6,85.3,65.0,-0.7,0.0,19.5,81.3,2
2024-03-26,INDUSINDBK.NS,C_macd_crossover,C,1518.7,6.32,1422.7,70.8,74.6,90.2,53.2,62.1,51.0,-1.03,0.0,15.3,66.4,1
2024-03-26,INDUSTOWER.NS,A_breakout_40d,A,283.65,7.0,263.7945,100.0,86.4,82.9,69.6,58.0,85.3,1.89,3.0,25.6,86.9,1
2024-03-26,PIDILITIND.NS,A_breakout_40d,A,1500.8,7.0,1395.744,74.8,61.2,77.0,69.4,58.0,85.3,0.73,2.92,25.6,75.9,1
2024-03-26,SHRIRAMFIN.NS,B_pullback_rebound,B,474.51,5.12,450.2,100.0,50.9,64.9,51.7,69.3,25.3,0.66,2.66,7.6,60.2,1
2024-03-27,AMBUJACEM.NS,B_pullback_rebound,B,601.5,7.0,559.395,100.0,41.0,71.7,56.1,58.0,25.3,1.01,3.0,7.6,57.9,1
2024-03-27,BAJAJ-AUTO.NS,A_breakout_40d,A,9162.5,7.0,8521.125,100.0,68.0,71.7,71.7,58.0,85.3,2.29,3.0,25.6,81.8,1
2024-03-27,MARUTI.NS,A_breakout_40d,A,12510.3496,7.0,11634.6251,85.0,61.2,71.6,74.2,58.0,85.3,2.02,3.0,25.6,77.5,1
2024-03-27,NTPC.NS,B_pullback_rebound,B,331.6,7.0,308.388,100.0,54.9,89.7,51.7,58.0,25.3,0.29,1.14,7.6,61.0,1
2024-03-27,SHRIRAMFIN.NS,F_vwap_reclaim,F,477.27,1.36,470.7894,100.0,64.5,100.0,53.0,91.9,32.7,0.64,2.54,9.8,77.7,2
2024-03-27,SIEMENS.NS,A_breakout_40d,A,3104.4348,7.0,2887.1244,100.0,79.8,88.9,76.5,58.0,85.3,2.01,3.0,25.6,86.5,1
2024-03-27,TITAN.NS,C_macd_crossover,C,3759.3999,5.65,3547.05,100.0,100.0,68.2,58.8,66.1,51.0,-0.08,0.0,15.3,75.2,1
2024-03-27,TVSMOTOR.NS,B_pullback_rebound,B,2123.1499,5.53,2005.8,100.0,59.3,64.7,51.6,66.8,25.3,0.2,0.78,7.6,59.6,1
2024-03-28,ADANIENT.NS,B_pullback_rebound,B,3197.1001,7.0,2973.3031,100.0,40.5,69.1,54.6,58.0,25.3,0.22,0.87,7.6,55.4,1
2024-03-28,AMBUJACEM.NS,C_macd_crossover,C,612.35,7.0,569.4855,100.0,66.4,64.1,59.8,58.0,51.0,1.17,3.0,15.3,69.8,1
2024-03-28,BAJAJFINSV.NS,F_vwap_reclaim,F,1643.85,4.09,1576.6142,52.1,100.0,100.0,61.4,75.5,32.7,-0.45,0.0,9.8,65.6,1
2024-03-28,EICHERMOT.NS,A_breakout_40d,A,4019.3,7.0,3737.949,77.1,53.3,73.2,61.7,58.0,85.3,0.21,0.83,25.6,72.0,1
2024-03-28,GRASIM.NS,A_breakout_40d,A,2287.3,7.0,2127.189,100.0,61.5,78.7,63.0,58.0,85.3,0.73,2.93,25.6,86.0,3
2024-03-28,GRASIM.NS,F_vwap_reclaim,F,2287.3,4.45,2185.6218,100.0,100.0,78.7,63.0,73.3,65.0,0.73,2.93,19.5,89.8,3
2024-03-28,HEROMOTOCO.NS,C_macd_crossover,C,4722.2998,5.87,4445.2002,100.0,100.0,72.9,57.3,64.8,51.0,0.96,3.0,15.3,83.6,2
2024-03-28,HEROMOTOCO.NS,F_vwap_reclaim,F,4722.2998,4.1,4528.7523,100.0,100.0,72.9,57.3,75.4,65.0,0.96,3.0,19.5,89.2,2
2024-03-28,INFY.NS,D_rsi_bounce,D,1498.05,1.1,1481.55,100.0,100.0,74.0,30.0,93.4,0.0,-0.17,0.0,0.0,63.6,1
2024-03-28,LT.NS,A_breakout_40d,A,3763.8999,7.0,3500.4269,100.0,62.4,75.4,66.3,58.0,85.3,0.37,1.47,25.6,79.5,1
2024-03-28,NESTLEIND.NS,A_breakout_40d,A,1311.175,7.0,1219.3928,79.4,52.9,81.8,58.3,58.0,85.3,0.0,0.02,25.6,77.6,3
2024-03-28,NESTLEIND.NS,F_vwap_reclaim,F,1311.175,2.71,1275.6278,79.4,100.0,81.8,58.3,83.7,65.0,0.0,0.02,19.5,84.5,3
2024-03-28,RELIANCE.NS,C_macd_crossover,C,1485.85,4.91,1412.9,100.0,69.5,73.9,57.5,70.5,51.0,0.96,3.0,15.3,73.4,1
2024-03-28,SBILIFE.NS,B_pullback_rebound,B,1500.25,3.35,1450.0,86.3,51.5,66.0,52.2,79.9,25.3,0.34,1.37,7.6,57.9,1
2024-03-28,SUNPHARMA.NS,A_breakout_40d,A,1620.55,7.0,1507.1115,100.0,55.8,71.6,65.2,58.0,85.3,1.9,3.0,25.6,79.1,1
2024-03-28,ULTRACEMCO.NS,F_vwap_reclaim,F,9749.1504,1.42,9611.0826,100.0,66.9,70.4,50.9,91.5,32.7,-0.22,0.0,9.8,66.7,1
2024-04-01,BEL.NS,C_macd_crossover,C,211.1,7.0,196.323,100.0,100.0,68.0,63.7,58.0,51.0,0.86,3.0,15.3,77.2,1
2024-04-01,DLF.NS,A_breakout_40d,A,948.25,7.0,881.8725,100.0,63.9,73.0,68.9,58.0,85.3,1.14,3.0,25.6,86.1,2
2024-04-01,DLF.NS,C_macd_crossover,C,948.25,7.0,881.8725,100.0,100.0,73.0,68.9,58.0,55.3,1.14,3.0,16.6,84.3,2
2024-04-01,GOLDBEES.NS,A_breakout_40d,A,58.32,7.0,54.2376,70.8,72.9,86.2,77.7,58.0,85.3,0.69,2.75,25.6,78.7,1
2024-04-01,INDUSTOWER.NS,A_breakout_40d,A,315.2,7.0,293.136,100.0,100.0,77.2,78.0,58.0,85.3,3.21,3.0,25.6,89.1,1
2024-04-01,JSWSTEEL.NS,A_breakout_40d,A,871.95,7.0,810.9135,59.8,83.8,77.0,67.0,58.0,85.3,0.1,0.42,25.6,74.9,1
2024-04-01,VEDL.NS,A_breakout_40d,A,287.5,7.0,267.375,81.1,55.0,73.9,62.4,58.0,85.3,0.17,0.68,25.6,78.1,2
2024-04-01,VEDL.NS,F_vwap_reclaim,F,287.5,6.33,269.2963,81.1,100.0,73.9,62.4,62.0,65.0,0.17,0.68,19.5,81.6,2
2024-04-02,ADANIPORTS.NS,A_breakout_40d,A,1404.15,7.0,1305.8595,100.0,66.4,70.8,68.9,58.0,85.3,1.16,3.0,25.6,81.3,1
2024-04-02,ADANIPOWER.NS,A_breakout_40d,A,117.69,7.0,109.4517,100.0,66.3,97.3,64.9,58.0,85.3,0.09,0.35,25.6,82.0,1
2024-04-02,BEL.NS,A_breakout_40d,A,221.0,7.0,205.53,100.0,71.6,91.8,69.8,58.0,85.3,1.08,3.0,25.6,85.1,1
2024-04-02,VEDL.NS,A_breakout_40d,A,301.3,7.0,280.209,82.0,88.4,90.1,69.0,58.0,85.3,0.3,1.19,25.6,82.8,1
2024-04-03,ADANIPOWER.NS,A_breakout_40d,A,123.57,7.0,114.9201,100.0,90.0,100.0,70.8,58.0,85.3,0.51,2.05,25.6,88.8,1
2024-04-03,ONGC.NS,C_macd_crossover,C,275.35,6.79,256.65,100.0,100.0,67.8,59.4,59.3,51.0,1.63,3.0,15.3,77.2,1
2024-04-04,ADANIPOWER.NS,A_breakout_40d,A,128.4,7.0,119.412,100.0,81.3,88.7,74.5,58.0,85.3,1.03,3.0,25.6,86.7,1
2024-04-04,TECHM.NS,C_macd_crossover,C,1279.25,3.45,1235.1,78.5,71.7,66.7,52.0,79.3,51.0,-0.59,0.0,15.3,66.7,1
2024-04-04,VEDL.NS,A_breakout_40d,A,309.95,7.0,288.2535,84.4,73.0,80.3,71.2,58.0,85.3,0.87,3.0,25.6,80.8,1
2024-04-05,BAJAJFINSV.NS,A_breakout_40d,A,1677.95,7.0,1560.4935,52.2,60.3,70.9,65.5,58.0,85.3,0.32,1.27,25.6,68.7,1
2024-04-05,VEDL.NS,A_breakout_40d,A,318.95,7.0,296.6235,86.0,73.2,76.0,74.3,58.0,85.3,1.27,3.0,25.6,80.7,1
2024-04-08,EICHERMOT.NS,A_breakout_40d,A,4205.75,7.0,3911.3475,80.0,84.6,91.2,69.1,58.0,85.3,0.81,3.0,25.6,83.6,1
2024-04-08,GODREJCP.NS,F_vwap_reclaim,F,1246.2,3.13,1207.1571,100.0,100.0,77.1,55.1,81.2,32.7,0.7,2.8,9.8,75.6,1
2024-04-08,GOLDBEES.NS,A_breakout_40d,A,60.21,7.0,55.9953,74.9,63.9,70.4,82.7,58.0,85.3,1.18,3.0,25.6,76.1,1
2024-04-08,SILVERBEES.NS,A_breakout_40d,A,80.53,7.0,74.8929,51.0,75.6,78.7,81.6,58.0,85.3,1.06,3.0,25.6,74.7,1
2024-04-09,INFY.NS,D_rsi_bounce,D,1494.85,1.8,1468.0,94.6,100.0,63.2,35.2,89.2,0.0,-1.03,0.0,0.0,60.7,1
2024-04-09,SILVERBEES.NS,A_breakout_40d,A,81.01,7.0,75.3393,52.2,54.8,70.5,82.4,58.0,85.3,1.25,3.0,25.6,69.7,1
2024-04-09,TATAPOWER.NS,A_breakout_40d,A,429.9,7.0,399.807,100.0,58.7,78.3,68.9,58.0,85.3,1.78,3.0,25.6,80.7,1
2024-04-09,VEDL.NS,A_breakout_40d,A,338.0,7.0,314.34,90.7,86.4,87.0,79.5,58.0,85.3,2.03,3.0,25.6,85.8,1
2024-04-10,HINDALCO.NS,A_breakout_40d,A,603.05,7.0,560.8365,92.4,65.9,75.3,73.6,58.0,85.3,0.48,1.92,25.6,79.3,1
2024-04-10,INDIGO.NS,A_breakout_40d,A,3795.3,7.0,3529.629,100.0,85.5,77.4,78.7,58.0,85.3,2.05,3.0,25.6,91.3,2
2024-04-10,TRENT.NS,F_vwap_reclaim,F,4021.1499,2.32,3927.6988,100.0,100.0,71.1,58.2,86.1,32.7,2.04,3.0,9.8,80.8,2
2024-04-10,VEDL.NS,A_breakout_40d,A,361.8,7.0,336.474,93.7,100.0,100.0,84.0,58.0,85.3,2.5,3.0,25.6,91.0,1
2024-04-12,BEL.NS,A_breakout_40d,A,233.5,7.0,217.155,100.0,66.6,70.2,75.3,58.0,85.3,1.94,3.0,25.6,81.4,1
2024-04-12,VEDL.NS,A_breakout_40d,A,372.95,7.0,346.8435,96.8,74.7,82.6,85.5,58.0,85.3,2.95,3.0,25.6,84.3,1
2024-04-15,HINDALCO.NS,A_breakout_40d,A,612.7,7.0,569.811,92.0,62.8,100.0,74.3,58.0,85.3,0.62,2.48,25.6,82.4,1
2024-04-15,MARUTI.NS,B_pullback_rebound,B,12422.8496,1.59,12225.0,100.0,39.9,67.9,56.8,90.4,25.3,2.37,3.0,7.6,61.8,1
2024-04-15,ONGC.NS,C_macd_crossover,C,279.85,6.4,261.95,100.0,100.0,100.0,60.3,61.6,51.0,1.18,3.0,15.3,86.7,2
2024-04-15,ONGC.NS,F_vwap_reclaim,F,279.85,5.18,265.3539,100.0,100.0,100.0,60.3,68.9,65.0,1.18,3.0,19.5,92.0,2
2024-04-18,BAJAJ-AUTO.NS,B_pullback_rebound,B,9021.2998,2.63,8784.0996,100.0,45.2,68.3,57.9,84.2,25.3,1.67,3.0,7.6,62.0,1
2024-04-18,BHARTIARTL.NS,A_breakout_40d,A,1265.75,7.0,1177.1475,100.0,69.2,94.8,66.1,58.0,85.3,0.61,2.45,25.6,89.4,3
2024-04-18,BHARTIARTL.NS,F_vwap_reclaim,F,1265.75,4.12,1213.5873,100.0,100.0,94.8,66.1,75.3,65.0,0.61,2.45,19.5,91.7,3
2024-04-18,INDUSTOWER.NS,A_breakout_40d,A,344.4,7.0,320.292,100.0,73.6,74.5,77.9,58.0,85.3,4.3,3.0,25.6,83.5,1
2024-04-18,LT.NS,B_pullback_rebound,B,3550.95,0.61,3529.45,100.0,78.9,68.7,42.0,96.4,25.3,0.18,0.71,7.6,67.7,1
2024-04-18,POWERGRID.NS,F_vwap_reclaim,F,280.1,2.68,272.5849,100.0,100.0,97.8,54.1,83.9,32.7,0.78,3.0,9.8,78.9,1
2024-04-18,TRENT.NS,A_breakout_40d,A,4087.1001,7.0,3801.0031,100.0,51.2,82.8,60.5,58.0,85.3,2.32,3.0,25.6,84.5,2
2024-04-18,TRENT.NS,C_macd_crossover,C,4087.1001,5.97,3843.0,100.0,66.0,82.8,60.5,64.2,55.3,2.32,3.0,16.6,79.4,2
2024-04-18,VEDL.NS,A_breakout_40d,A,388.5,7.0,361.305,100.0,71.8,72.5,86.2,58.0,85.3,3.85,3.0,25.6,83.1,1
2024-04-19,BHARTIARTL.NS,A_breakout_40d,A,1289.0,7.0,1198.77,100.0,64.7,73.9,69.9,58.0,85.3,0.73,2.92,25.6,81.3,1
2024-04-19,GRASIM.NS,F_vwap_reclaim,F,2273.1499,2.15,2224.3426,100.0,96.9,71.6,55.0,87.1,32.7,0.51,2.04,9.8,79.3,2
2024-04-19,INDUSTOWER.NS,A_breakout_40d,A,351.4,7.0,326.802,100.0,66.3,72.4,79.6,58.0,85.3,4.54,3.0,25.6,81.8,1
2024-04-19,RELIANCE.NS,B_pullback_rebound,B,1470.125,1.62,1446.325,100.0,47.8,66.4,51.9,90.3,25.3,0.23,0.91,7.6,60.9,1
2024-04-19,TRENT.NS,A_breakout_40d,A,4158.9502,7.0,3867.8237,100.0,64.1,72.1,64.1,58.0,85.3,2.43,3.0,25.6,85.8,2
2024-04-19,WIPRO.NS,D_rsi_bounce,D,226.375,2.19,221.425,100.0,100.0,67.5,32.7,86.9,0.0,-0.41,0.0,0.0,61.9,1
2024-04-22,ADANIPORTS.NS,B_pullback_rebound,B,1321.1,3.87,1270.0,100.0,56.2,81.0,50.4,76.8,25.3,0.64,2.54,7.6,64.1,1
2024-04-22,TRENT.NS,A_breakout_40d,A,4168.6001,7.0,3876.7981,100.0,51.9,70.6,64.6,58.0,85.3,2.6,3.0,25.6,83.2,2
2024-04-22,TVSMOTOR.NS,D_rsi_bounce,D,1943.25,3.62,1873.0,100.0,100.0,63.1,36.3,78.3,0.0,-0.25,0.0,0.0,60.3,1
2024-04-23,BHARTIARTL.NS,A_breakout_40d,A,1342.35,7.0,1248.3855,100.0,77.6,70.1,76.8,58.0,85.3,1.18,3.0,25.6,83.7,1
2024-04-23,DLF.NS,B_pullback_rebound,B,885.25,5.79,834.0,100.0,55.5,65.9,51.2,65.3,25.3,0.83,3.0,7.6,60.9,1
2024-04-23,GRASIM.NS,A_breakout_40d,A,2370.1499,7.0,2204.2394,100.0,72.1,90.7,65.8,58.0,85.3,0.72,2.89,25.6,89.8,2
2024-04-23,GRASIM.NS,C_macd_crossover,C,2370.1499,7.0,2204.2394,100.0,93.2,90.7,65.8,58.0,55.3,0.72,2.89,16.6,85.0,2
2024-04-24,AMBUJACEM.NS,C_macd_crossover,C,644.45,7.0,599.3385,100.0,96.6,70.0,64.5,58.0,51.0,1.04,3.0,15.3,76.8,1
2024-04-24,MAXHEALTH.NS,B_pullback_rebound,B,811.0,7.0,754.23,100.0,45.9,68.9,52.9,58.0,25.3,-0.33,0.0,7.6,55.5,1
2024-04-25,ADANIPORTS.NS,B_pullback_rebound,B,1330.55,4.55,1270.0,100.0,56.0,67.0,52.7,72.7,25.3,0.48,1.9,7.6,61.2,1
2024-04-25,APOLLOHOSP.NS,B_pullback_rebound,B,6384.1001,5.23,6050.0,100.0,43.8,65.2,54.0,68.6,25.3,0.03,0.14,7.6,56.2,1
2024-04-25,AXISBANK.NS,A_breakout_40d,A,1127.0,7.0,1048.11,67.3,51.4,100.0,66.4,58.0,85.3,0.09,0.34,25.6,77.7,2
2024-04-25,AXISBANK.NS,F_vwap_reclaim,F,1127.0,6.44,1054.4304,67.3,100.0,100.0,66.4,61.4,65.0,0.09,0.34,19.5,81.8,2
2024-04-25,DRREDDY.NS,F_vwap_reclaim,F,1243.75,2.9,1207.7255,89.7,100.0,92.0,56.2,82.6,32.7,-0.18,0.0,9.8,78.0,2
2024-04-25,ICICIBANK.NS,C_macd_crossover,C,1113.75,5.89,1048.1,88.2,77.1,68.6,62.3,64.6,51.0,0.69,2.78,15.3,71.0,1
2024-04-25,JSWSTEEL.NS,A_breakout_40d,A,905.8,7.0,842.394,64.9,69.8,73.8,66.0,58.0,85.3,0.59,2.36,25.6,79.6,2
2024-04-25,JSWSTEEL.NS,C_macd_crossover,C,905.8,7.0,842.394,64.9,100.0,73.8,66.0,58.0,55.3,0.59,2.36,16.6,76.7,2
2024-04-25,NESTLEIND.NS,F_vwap_reclaim,F,1281.325,2.25,1252.547,76.7,100.0,89.6,54.2,86.5,32.7,0.11,0.43,9.8,75.9,2
2024-04-25,SBIN.NS,A_breakout_40d,A,812.7,7.0,755.811,100.0,75.0,87.7,69.9,58.0,85.3,1.5,3.0,25.6,90.2,2
2024-04-25,SBIN.NS,C_macd_crossover,C,812.7,7.0,755.811,100.0,100.0,87.7,69.9,58.0,55.3,1.5,3.0,16.6,86.2,2
2024-04-26,HCLTECH.NS,C_macd_crossover,C,1473.85,2.64,1435.0,100.0,53.9,68.0,37.4,84.2,51.0,-0.81,0.0,15.3,67.8,1
2024-04-26,INDIGO.NS,A_breakout_40d,A,3935.3501,7.0,3659.8756,100.0,75.8,71.0,72.9,58.0,85.3,1.98,3.0,25.6,83.3,1
2024-04-26,SHRIRAMFIN.NS,C_macd_crossover,C,499.72,6.94,465.02,100.0,52.7,80.4,57.4,58.3,51.0,0.38,1.51,15.3,67.7,1
2024-04-26,TECHM.NS,C_macd_crossover,C,1278.75,7.0,1189.2375,62.1,100.0,100.0,58.2,58.0,51.0,-0.87,0.0,15.3,75.6,2
2024-04-26,TECHM.NS,F_vwap_reclaim,F,1278.75,3.26,1237.0907,62.1,100.0,100.0,58.2,80.5,65.0,-0.87,0.0,19.5,82.9,2
2024-04-26,WIPRO.NS,C_macd_crossover,C,232.3,5.94,218.5,100.0,100.0,69.6,42.5,64.4,51.0,-0.59,0.0,15.3,74.6,1
2024-04-29,ICICIBANK.NS,A_breakout_40d,A,1160.15,7.0,1078.9395,89.8,83.3,80.7,71.7,58.0,85.3,0.98,3.0,25.6,84.0,1
2024-04-29,IOC.NS,E_boll_squeeze,E,176.75,3.76,170.1125,100.0,100.0,77.2,60.0,77.5,23.0,-0.76,0.0,6.9,69.6,1
2024-04-29,MAXHEALTH.NS,F_vwap_reclaim,F,838.1,4.31,802.0107,100.0,100.0,85.8,58.1,74.2,32.7,-0.62,0.0,9.8,78.1,2
2024-04-29,SBIN.NS,A_breakout_40d,A,826.5,7.0,768.645,100.0,63.6,75.8,70.0,58.0,85.3,1.41,3.0,25.6,81.4,1
2024-04-29,TATAPOWER.NS,C_macd_crossover,C,448.0,6.87,417.2,100.0,89.6,68.6,73.6,58.8,51.0,1.14,3.0,15.3,75.6,1
2024-04-29,ULTRACEMCO.NS,F_vwap_reclaim,F,9964.4502,3.41,9624.2167,86.2,100.0,82.7,60.7,79.5,32.7,-0.34,0.0,9.8,70.7,1
2024-04-30,ADANIPOWER.NS,F_vwap_reclaim,F,122.49,2.22,119.7656,100.0,100.0,75.5,60.7,86.7,32.7,0.57,2.29,9.8,75.9,1
2024-04-30,INDUSINDBK.NS,F_vwap_reclaim,F,1515.7,1.35,1495.2887,59.0,64.1,77.2,52.0,91.9,32.7,0.04,0.16,9.8,64.1,2
2024-04-30,M&M.NS,A_breakout_40d,A,2156.3501,7.0,2005.4056,100.0,72.7,78.2,67.7,58.0,85.3,2.16,3.0,25.6,83.5,1
2024-04-30,PIDILITIND.NS,C_macd_crossover,C,1524.5,7.0,1417.785,95.2,100.0,71.2,63.1,58.0,51.0,1.13,3.0,15.3,76.6,1
2024-04-30,POWERGRID.NS,A_breakout_40d,A,301.85,7.0,280.7205,100.0,68.6,79.7,71.9,58.0,85.3,0.82,3.0,25.6,82.9,1
2024-04-30,TRENT.NS,A_breakout_40d,A,4409.8999,7.0,4101.2069,100.0,66.1,100.0,73.9,58.0,85.3,1.37,3.0,25.6,85.1,1
2024-05-02,ADANIPORTS.NS,B_pullback_rebound,B,1338.8,5.14,1270.0,100.0,49.8,75.8,55.0,69.2,25.3,0.52,2.06,7.6,60.9,1
2024-05-02,AMBUJACEM.NS,B_pullback_rebound,B,625.7,3.94,601.05,100.0,49.2,78.8,54.0,76.4,25.3,1.01,3.0,7.6,63.0,1
2024-05-02,GRASIM.NS,A_breakout_40d,A,2437.3501,7.0,2266.7356,100.0,58.5,78.3,68.1,58.0,85.3,1.29,3.0,25.6,80.7,1
2024-05-02,IOC.NS,F_vwap_reclaim,F,173.4,2.47,169.123,100.0,100.0,85.5,54.3,85.2,32.7,-0.55,0.0,9.8,74.5,1
2024-05-02,NTPC.NS,A_breakout_40d,A,369.05,7.0,343.2165,100.0,62.2,71.3,66.4,58.0,85.3,1.11,3.0,25.6,80.4,1
2024-05-02,POWERGRID.NS,A_breakout_40d,A,313.6,7.0,291.648,100.0,81.1,87.5,78.0,58.0,85.3,0.94,3.0,25.6,86.7,1
2024-05-02,TRENT.NS,A_breakout_40d,A,4646.7002,7.0,4321.4312,100.0,93.0,75.2,80.7,58.0,85.3,1.43,3.0,25.6,87.5,1
2024-05-03,BAJAJFINSV.NS,B_pullback_rebound,B,1627.3,3.6,1568.7,53.8,57.5,100.0,50.3,78.4,25.3,0.26,1.02,7.6,56.4,1
2024-05-03,COALINDIA.NS,A_breakout_40d,A,474.6,7.0,441.378,100.0,72.5,100.0,67.5,58.0,85.3,0.03,0.13,25.6,83.3,1
2024-05-06,BRITANNIA.NS,A_breakout_40d,A,5061.6001,7.0,4707.2881,54.1,63.1,100.0,67.7,58.0,85.3,-0.28,0.0,25.6,77.2,2
2024-05-06,BRITANNIA.NS,F_vwap_reclaim,F,5061.6001,5.31,4792.8525,54.1,100.0,100.0,67.7,68.1,65.0,-0.28,0.0,19.5,79.9,2
2024-05-06,DLF.NS,B_pullback_rebound,B,887.1,5.99,834.0,100.0,52.6,67.7,50.5,64.1,25.3,0.55,2.22,7.6,59.6,1
2024-05-06,SIEMENS.NS,A_breakout_40d,A,3585.1875,7.0,3334.2244,100.0,74.2,92.9,80.5,58.0,85.3,3.14,3.0,25.6,91.1,2
2024-05-06,SIEMENS.NS,C_macd_crossover,C,3585.1875,7.0,3334.2244,100.0,89.0,92.9,80.5,58.0,55.3,3.14,3.0,16.6,85.0,2
2024-05-07,BRITANNIA.NS,A_breakout_40d,A,5173.8501,7.0,4811.6806,54.6,67.7,83.0,72.4,58.0,85.3,-0.11,0.0,25.6,71.2,1
2024-05-07,GODREJCP.NS,A_breakout_40d,A,1322.35,7.0,1229.7855,100.0,94.0,100.0,71.2,58.0,85.3,0.29,1.15,25.6,88.8,1
2024-05-08,GODREJCP.NS,A_breakout_40d,A,1350.3,7.0,1255.779,100.0,66.9,80.4,74.2,58.0,85.3,0.45,1.81,25.6,81.6,1
2024-05-08,SIEMENS.NS,A_breakout_40d,A,3701.0317,7.0,3441.9595,100.0,75.8,75.2,83.5,58.0,85.3,3.28,3.0,25.6,84.2,1
2024-05-09,ADANIPOWER.NS,F_vwap_reclaim,F,122.56,2.73,119.2189,100.0,100.0,100.0,58.7,83.6,32.7,0.63,2.52,9.8,78.8,1
2024-05-09,BAJAJ-AUTO.NS,B_pullback_rebound,B,8846.8496,2.87,8592.7998,100.0,54.8,66.0,50.0,82.8,25.3,0.68,2.71,7.6,62.9,1
2024-05-09,HEROMOTOCO.NS,A_breakout_40d,A,4764.8999,7.0,4431.3569,100.0,57.2,100.0,65.3,58.0,85.3,-0.37,0.0,25.6,80.1,1
2024-05-09,TVSMOTOR.NS,F_vwap_reclaim,F,2063.6001,3.59,1989.5346,100.0,100.0,100.0,53.1,78.5,32.7,-0.4,0.0,9.8,75.4,1
2024-05-10,BPCL.NS,F_vwap_reclaim,F,309.325,2.99,300.0726,100.0,100.0,90.4,53.9,82.1,32.7,-0.59,0.0,9.8,79.7,2
2024-05-10,GOLDBEES.NS,F_vwap_reclaim,F,61.92,2.02,60.6704,96.0,91.6,72.3,66.6,87.9,32.7,1.45,3.0,9.8,79.0,2
2024-05-10,HEROMOTOCO.NS,A_breakout_40d,A,4877.3999,7.0,4535.9819,100.0,68.9,75.3,69.5,58.0,85.3,-0.09,0.0,25.6,79.4,1
2024-05-10,PIDILITIND.NS,B_pullback_rebound,B,1459.975,4.9,1388.5,98.7,52.8,67.5,49.6,70.6,25.3,0.6,2.39,7.6,60.4,1
2024-05-13,ADANIENT.NS,D_rsi_bounce,D,2879.6001,4.29,2756.0,100.0,100.0,92.0,38.9,74.2,0.0,-1.33,0.0,0.0,63.5,1
2024-05-13,CIPLA.NS,F_vwap_reclaim,F,1414.65,3.04,1371.5885,100.0,100.0,100.0,52.0,81.7,32.7,-0.56,0.0,9.8,80.8,2
2024-05-13,LT.NS,D_rsi_bounce,D,3293.8501,1.8,3234.6001,100.0,77.3,62.2,31.9,89.2,0.0,0.01,0.02,0.0,57.0,1
2024-05-13,SIEMENS.NS,A_breakout_40d,A,3885.9954,7.0,3613.9757,100.0,90.0,100.0,80.4,58.0,85.3,3.46,3.0,25.6,90.1,1
2024-05-14,ADANIENT.NS,F_vwap_reclaim,F,3037.55,3.1,2943.334,100.0,100.0,100.0,51.9,81.4,32.7,-1.25,0.0,9.8,75.8,1
2024-05-14,ADANIGREEN.NS,F_vwap_reclaim,F,1788.8,2.6,1742.269,100.0,100.0,100.0,49.2,84.4,32.7,-1.01,0.0,9.8,76.1,1
2024-05-14,ADANIPOWER.NS,F_vwap_reclaim,F,125.61,4.83,119.5405,100.0,100.0,86.1,61.4,71.0,32.7,0.82,3.0,9.8,80.8,2
2024-05-14,MAXHEALTH.NS,B_pullback_rebound,B,814.9,6.45,762.35,100.0,40.7,65.8,52.2,61.3,25.3,-0.6,0.0,7.6,54.4,1
2024-05-14,SIEMENS.NS,A_breakout_40d,A,3909.6807,7.0,3636.003,100.0,54.9,72.7,81.0,58.0,85.3,3.59,3.0,25.6,79.6,1
2024-05-15,ADANIGREEN.NS,C_macd_crossover,C,1839.15,7.0,1710.4095,100.0,100.0,100.0,55.8,58.0,51.0,-1.0,0.0,15.3,78.1,1
2024-05-15,BEL.NS,B_pullback_rebound,B,232.85,5.09,221.0,100.0,48.7,67.8,58.0,69.5,25.3,1.33,3.0,7.6,60.6,1
2024-05-15,CIPLA.NS,C_macd_crossover,C,1406.7,6.36,1317.25,100.0,89.7,100.0,50.9,61.8,51.0,-0.62,0.0,15.3,81.4,2
2024-05-15,CIPLA.NS,F_vwap_reclaim,F,1406.7,2.37,1373.322,100.0,100.0,100.0,50.9,85.8,65.0,-0.62,0.0,19.5,91.0,2
2024-05-15,COALINDIA.NS,F_vwap_reclaim,F,467.85,3.46,451.6509,100.0,100.0,74.8,58.4,79.2,32.7,0.22,0.86,9.8,73.3,1
2024-05-15,SIEMENS.NS,A_breakout_40d,A,4179.0254,7.0,3886.4936,100.0,100.0,100.0,85.9,58.0,85.3,3.82,3.0,25.6,92.3,1
2024-05-16,BHARTIARTL.NS,A_breakout_40d,A,1345.1,7.0,1250.943,100.0,51.6,71.6,66.2,58.0,85.3,1.47,3.0,25.6,78.3,1
2024-05-16,COALINDIA.NS,C_macd_crossover,C,468.3,7.0,435.519,100.0,92.9,64.4,58.5,58.0,51.0,0.32,1.28,15.3,73.4,1
2024-05-16,M&M.NS,A_breakout_40d,A,2371.75,7.0,2205.7275,100.0,74.1,85.8,76.8,58.0,85.3,1.7,3.0,25.6,85.0,1
2024-05-16,ONGC.NS,B_pullback_rebound,B,277.65,5.62,262.05,100.0,48.3,71.3,53.2,66.3,25.3,0.07,0.27,7.6,57.7,1
2024-05-16,TECHM.NS,A_breakout_40d,A,1307.95,7.0,1216.3935,56.5,59.0,71.6,61.5,58.0,85.3,-0.23,0.0,25.6,68.0,1
2024-05-17,BEL.NS,A_breakout_40d,A,248.2,7.0,230.826,100.0,81.0,98.5,70.9,58.0,85.3,1.38,3.0,25.6,92.9,2
2024-05-17,JSWSTEEL.NS,A_breakout_40d,A,907.45,7.0,843.9285,72.2,51.5,73.9,60.4,58.0,85.3,0.85,3.0,25.6,77.9,2
2024-05-17,JSWSTEEL.NS,C_macd_crossover,C,907.45,7.0,843.9285,72.2,100.0,73.9,60.4,58.0,55.3,0.85,3.0,16.6,78.6,2
2024-05-17,M&M.NS,A_breakout_40d,A,2514.6001,7.0,2338.5781,100.0,98.2,94.9,82.5,58.0,85.3,2.0,3.0,25.6,91.2,1
2024-05-17,MARUTI.NS,B_pullback_rebound,B,12641.5,3.18,12239.0,100.0,53.0,70.7,52.7,80.9,25.3,1.06,3.0,7.6,63.3,1
2024-05-21,ADANIPOWER.NS,A_breakout_40d,A,136.01,7.0,126.4893,100.0,97.4,88.5,71.8,58.0,85.3,1.5,3.0,25.6,89.9,1
2024-05-21,BEL.NS,A_breakout_40d,A,274.15,7.0,254.9595,100.0,100.0,100.0,81.5,58.0,85.3,1.83,3.0,25.6,92.2,1
2024-05-21,COALINDIA.NS,A_breakout_40d,A,490.65,7.0,456.3045,100.0,77.1,76.2,66.8,58.0,85.3,0.65,2.61,25.6,83.6,1
2024-05-21,HINDALCO.NS,A_breakout_40d,A,693.6,7.0,645.048,100.0,96.6,77.7,75.6,58.0,85.3,2.64,3.0,25.6,93.4,2
2024-05-21,HINDALCO.NS,C_macd_crossover,C,693.6,7.0,645.048,100.0,100.0,77.7,75.6,58.0,55.3,2.64,3.0,16.6,85.1,2
2024-05-21,JSWSTEEL.NS,A_breakout_40d,A,923.45,7.0,858.8085,72.8,64.1,81.3,63.5,58.0,85.3,0.96,3.0,25.6,76.6,1
2024-05-21,ONGC.NS,B_pullback_rebound,B,280.1,6.44,262.05,100.0,42.5,66.4,55.5,61.3,25.3,0.3,1.22,7.6,56.2,1
2024-05-21,SILVERBEES.NS,A_breakout_40d,A,91.03,7.0,84.6579,85.1,100.0,78.0,83.0,58.0,85.3,2.19,3.0,25.6,86.4,1
2024-05-21,TATASTEEL.NS,A_breakout_40d,A,174.35,7.0,162.1455,100.0,81.7,76.6,69.5,58.0,85.3,1.52,3.0,25.6,90.1,3
2024-05-21,TATASTEEL.NS,C_macd_crossover,C,174.35,7.0,162.1455,100.0,95.9,76.6,69.5,58.0,55.3,1.52,3.0,16.6,83.9,3
2024-05-21,VEDL.NS,A_breakout_40d,A,491.7,7.0,457.281,100.0,100.0,87.7,81.5,58.0,85.3,5.53,3.0,25.6,90.6,1
2024-05-22,ADANIPOWER.NS,A_breakout_40d,A,138.29,7.0,128.6097,100.0,63.4,76.8,73.6,58.0,85.3,1.76,3.0,25.6,81.6,1
2024-05-22,BEL.NS,A_breakout_40d,A,283.6,7.0,263.748,100.0,77.6,87.0,83.8,58.0,85.3,2.26,3.0,25.6,86.1,1
2024-05-22,BRITANNIA.NS,A_breakout_40d,A,5267.3999,7.0,4898.6819,58.7,56.0,70.4,66.3,58.0,85.3,0.5,1.98,25.6,69.8,1
2024-05-22,COALINDIA.NS,A_breakout_40d,A,501.7,7.0,466.581,100.0,68.0,75.0,69.9,58.0,85.3,0.83,3.0,25.6,82.2,1
2024-05-23,ADANIENT.NS,A_breakout_40d,A,3387.3,7.0,3150.189,100.0,79.0,100.0,71.5,58.0,85.3,-0.45,0.0,25.6,84.7,1
2024-05-23,ADANIPORTS.NS,A_breakout_40d,A,1443.35,7.0,1342.3155,100.0,72.3,85.1,70.6,58.0,85.3,0.4,1.61,25.6,83.0,1
2024-05-23,ADANIPOWER.NS,A_breakout_40d,A,142.27,7.0,132.3111,100.0,73.0,73.1,76.5,58.0,85.3,1.98,3.0,25.6,83.1,1
2024-05-23,AMBUJACEM.NS,A_breakout_40d,A,646.5,7.0,601.245,100.0,52.5,70.2,64.5,58.0,85.3,0.34,1.37,25.6,76.7,1
2024-05-23,BAJAJ-AUTO.NS,F_vwap_reclaim,F,8963.4502,1.81,8801.1827,100.0,83.0,71.6,53.5,89.1,32.7,0.81,3.0,9.8,77.8,2
2024-05-23,BEL.NS,A_breakout_40d,A,288.5,7.0,268.305,100.0,63.8,76.2,84.9,58.0,85.3,2.71,3.0,25.6,81.9,1
2024-05-23,EICHERMOT.NS,E_boll_squeeze,E,4852.8501,4.39,4639.9725,100.0,100.0,64.8,75.3,73.7,23.0,2.18,3.0,6.9,70.9,1
2024-05-23,GRASIM.NS,C_macd_crossover,C,2453.8,5.85,2310.2,100.0,57.9,66.6,63.2,64.9,51.0,0.91,3.0,15.3,69.5,1
2024-05-23,INDIGO.NS,A_breakout_40d,A,4400.5,7.0,4092.465,100.0,56.3,70.3,74.8,58.0,85.3,3.31,3.0,25.6,79.3,1
2024-05-23,INDUSINDBK.NS,C_macd_crossover,C,1440.85,4.41,1377.25,51.9,52.4,73.6,47.1,73.5,51.0,-0.6,0.0,15.3,57.4,1
2024-05-23,ONGC.NS,C_macd_crossover,C,283.45,7.0,263.6085,100.0,100.0,65.4,58.1,58.0,51.0,0.24,0.96,15.3,74.7,1
2024-05-24,ADANIGREEN.NS,A_breakout_40d,A,1926.65,7.0,1791.7845,100.0,53.1,70.8,65.9,58.0,85.3,-0.31,0.0,25.6,75.5,1
2024-05-24,BEL.NS,A_breakout_40d,A,297.2,7.0,276.396,100.0,74.1,71.4,86.6,58.0,85.3,3.2,3.0,25.6,83.4,1
2024-05-24,INDUSTOWER.NS,F_vwap_reclaim,F,346.7,1.18,342.6073,100.0,57.3,81.3,60.5,92.9,32.7,2.71,3.0,9.8,74.6,2
2024-05-27,ADANIGREEN.NS,A_breakout_40d,A,1929.5,7.0,1794.435,100.0,51.2,81.5,66.2,58.0,85.3,-0.25,0.0,25.6,76.5,1
2024-05-27,DIVISLAB.NS,A_breakout_40d,A,4255.25,7.0,3957.3825,57.7,75.8,100.0,74.9,58.0,85.3,1.6,3.0,25.6,78.7,1
2024-05-28,DIVISLAB.NS,A_breakout_40d,A,4392.1001,7.0,4084.6531,59.3,75.7,100.0,79.2,58.0,85.3,1.74,3.0,25.6,79.1,1
2024-05-28,DRREDDY.NS,C_macd_crossover,C,1193.0601,4.3,1141.8,70.9,62.8,71.9,48.5,74.2,51.0,-0.71,0.0,15.3,63.2,1
2024-05-29,DIVISLAB.NS,A_breakout_40d,A,4448.0,7.0,4136.64,61.1,60.2,77.2,80.7,58.0,85.3,1.89,3.0,25.6,73.4,1
2024-05-29,HINDALCO.NS,A_breakout_40d,A,705.3,7.0,655.929,100.0,63.5,85.1,72.9,58.0,85.3,2.57,3.0,25.6,82.7,1
2024-05-30,INDIGO.NS,B_pullback_rebound,B,4162.2002,3.77,4005.3,100.0,51.2,79.3,55.2,77.4,25.3,2.78,3.0,7.6,63.6,1
2024-05-31,ADANIENT.NS,A_breakout_40d,A,3411.3501,7.0,3172.5556,100.0,55.7,86.3,65.5,58.0,85.3,0.55,2.19,25.6,80.2,1
2024-05-31,ADANIPOWER.NS,A_breakout_40d,A,151.16,7.0,140.5788,100.0,100.0,100.0,75.7,58.0,85.3,2.57,3.0,25.6,92.0,1
2024-05-31,ICICIBANK.NS,B_pullback_rebound,B,1121.05,2.15,1096.9,95.2,52.9,78.4,51.4,87.1,25.3,0.33,1.32,7.6,62.4,1
2024-05-31,INDIGO.NS,B_pullback_rebound,B,4189.0498,4.39,4005.3,100.0,46.8,72.1,56.4,73.7,25.3,2.67,3.0,7.6,61.3,1
2024-05-31,INDUSTOWER.NS,F_vwap_reclaim,F,348.15,2.11,340.8139,100.0,95.2,100.0,60.7,87.4,32.7,3.08,3.0,9.8,78.9,1
2024-05-31,POWERGRID.NS,B_pullback_rebound,B,310.0,2.0,303.8,100.0,53.4,82.8,52.8,88.0,25.3,1.18,3.0,7.6,66.0,1
2024-05-31,TATASTEEL.NS,B_pullback_rebound,B,167.2,2.93,162.3,100.0,56.3,75.5,49.4,82.4,25.3,1.32,3.0,7.6,64.7,1
2024-05-31,ULTRACEMCO.NS,F_vwap_reclaim,F,9915.5,1.36,9780.6932,76.1,64.6,85.3,52.3,91.8,32.7,0.4,1.59,9.8,70.0,2
2024-05-31,VEDL.NS,F_vwap_reclaim,F,450.0,1.31,444.1187,100.0,62.4,81.7,60.0,92.2,32.7,5.15,3.0,9.8,70.6,1
2024-06-03,ADANIENT.NS,A_breakout_40d,A,3645.25,7.0,3390.0825,100.0,100.0,94.7,72.9,58.0,85.3,0.84,3.0,25.6,91.2,1
2024-06-03,ADANIGREEN.NS,A_breakout_40d,A,2038.0,7.0,1895.34,100.0,95.0,93.2,72.4,58.0,85.3,0.27,1.06,25.6,88.1,1
2024-06-03,ADANIPORTS.NS,A_breakout_40d,A,1583.95,7.0,1473.0735,100.0,100.0,100.0,74.7,58.0,85.3,1.25,3.0,25.6,92.0,1
2024-06-03,ADANIPOWER.NS,A_breakout_40d,A,174.9,7.0,162.657,100.0,100.0,100.0,84.7,58.0,85.3,3.25,3.0,25.6,92.3,1
2024-06-03,AMBUJACEM.NS,A_breakout_40d,A,670.8,7.0,623.844,100.0,80.1,100.0,67.9,58.0,85.3,0.82,3.0,25.6,87.8,1
2024-06-03,AXISBANK.NS,A_breakout_40d,A,1223.9,7.0,1138.227,71.5,74.9,90.9,70.4,58.0,85.3,0.93,3.0,25.6,79.9,1
2024-06-03,BPCL.NS,A_breakout_40d,A,333.075,7.0,309.7598,100.0,62.3,77.6,62.8,58.0,85.3,0.51,2.04,25.6,85.1,3
2024-06-03,BPCL.NS,F_vwap_reclaim,F,333.075,6.55,311.2538,100.0,100.0,77.6,62.8,60.7,65.0,0.51,2.04,19.5,87.0,3
2024-06-03,COALINDIA.NS,A_breakout_40d,A,512.35,7.0,476.4855,100.0,67.0,71.3,68.0,58.0,85.3,1.32,3.0,25.6,81.4,1
2024-06-03,DLF.NS,C_macd_crossover,C,869.15,7.0,808.3095,100.0,100.0,80.1,56.0,58.0,51.0,-0.33,0.0,15.3,80.5,2
2024-06-03,DLF.NS,F_vwap_reclaim,F,869.15,4.2,832.6804,100.0,100.0,80.1,56.0,74.8,65.0,-0.33,0.0,19.5,87.1,2
2024-06-03,ICICIBANK.NS,F_vwap_reclaim,F,1160.0,3.84,1115.4023,95.4,100.0,76.9,63.0,76.9,32.7,0.4,1.6,9.8,73.1,1
2024-06-03,INDUSTOWER.NS,A_breakout_40d,A,364.0,7.0,338.52,100.0,60.0,79.1,70.1,58.0,85.3,3.24,3.0,25.6,86.1,2
2024-06-03,INDUSTOWER.NS,C_macd_crossover,C,364.0,7.0,338.52,100.0,66.4,79.1,70.1,58.0,55.3,3.24,3.0,16.6,78.4,2
2024-06-03,IOC.NS,F_vwap_reclaim,F,175.3,7.0,163.029,100.0,100.0,91.7,61.9,58.0,32.7,-0.12,0.0,9.8,71.7,1
2024-06-03,LT.NS,A_breakout_40d,A,3897.1499,7.0,3624.3494,97.6,68.8,71.7,73.4,58.0,85.3,0.31,1.22,25.6,79.7,1
2024-06-03,NTPC.NS,A_breakout_40d,A,391.8,7.0,364.374,100.0,86.0,93.1,68.4,58.0,85.3,1.07,3.0,25.6,93.1,3
2024-06-03,NTPC.NS,F_vwap_reclaim,F,391.8,7.0,364.374,100.0,100.0,93.1,68.4,58.0,65.0,1.07,3.0,19.5,89.8,3
2024-06-03,ONGC.NS,F_vwap_reclaim,F,284.1,3.8,273.3126,100.0,100.0,82.1,57.4,77.2,32.7,0.29,1.16,9.8,74.2,1
2024-06-03,POWERGRID.NS,A_breakout_40d,A,337.65,7.0,314.0145,100.0,79.2,99.2,67.8,58.0,85.3,1.5,3.0,25.6,92.5,2
2024-06-03,POWERGRID.NS,F_vwap_reclaim,F,337.65,7.0,314.0145,100.0,100.0,99.2,67.8,58.0,65.0,1.5,3.0,19.5,90.6,2
2024-06-03,RELIANCE.NS,A_breakout_40d,A,1510.325,7.0,1404.6022,99.1,62.6,77.4,63.7,58.0,85.3,0.05,0.21,25.6,83.2,2
2024-06-03,RELIANCE.NS,F_vwap_reclaim,F,1510.325,5.79,1422.9358,99.1,100.0,77.4,63.7,65.3,65.0,0.05,0.21,19.5,85.6,2
2024-06-03,SBIN.NS,A_breakout_40d,A,905.65,7.0,842.2545,100.0,100.0,100.0,76.5,58.0,85.3,1.18,3.0,25.6,97.0,4
2024-06-03,SBIN.NS,F_vwap_reclaim,F,905.65,7.0,842.2545,100.0,100.0,100.0,76.5,58.0,65.0,1.18,3.0,19.5,90.9,4
2024-06-03,SHRIRAMFIN.NS,C_macd_crossover,C,501.83,7.0,466.7019,100.0,100.0,82.9,60.0,58.0,51.0,0.13,0.5,15.3,81.5,2
2024-06-03,SHRIRAMFIN.NS,F_vwap_reclaim,F,501.83,5.77,472.8927,100.0,100.0,82.9,60.0,65.4,65.0,0.13,0.5,19.5,86.7,2
2024-06-03,TATASTEEL.NS,F_vwap_reclaim,F,174.25,3.98,167.3119,100.0,100.0,75.7,59.0,76.1,32.7,1.5,3.0,9.8,75.1,1
2024-06-03,ULTRACEMCO.NS,A_breakout_40d,A,10470.0498,7.0,9737.1463,76.3,68.7,80.7,66.8,58.0,85.3,0.46,1.83,25.6,82.0,2
2024-06-03,ULTRACEMCO.NS,F_vwap_reclaim,F,10470.0498,6.08,9833.5971,76.3,100.0,80.7,66.8,63.5,65.0,0.46,1.83,19.5,83.0,2
2024-06-04,BRITANNIA.NS,A_breakout_40d,A,5325.1001,7.0,4952.3431,62.9,56.7,88.9,65.2,58.0,85.3,0.6,2.4,25.6,78.5,2
2024-06-04,BRITANNIA.NS,F_vwap_reclaim,F,5325.1001,3.52,5137.9036,62.9,100.0,88.9,65.2,78.9,65.0,0.6,2.4,19.5,84.0,2
2024-06-04,GODREJCP.NS,F_vwap_reclaim,F,1348.45,3.47,1301.689,100.0,100.0,70.0,61.8,79.2,32.7,0.66,2.63,9.8,74.4,1
2024-06-04,HEROMOTOCO.NS,A_breakout_40d,A,5310.7002,7.0,4938.9512,100.0,69.6,78.1,72.2,58.0,85.3,1.24,3.0,25.6,88.0,2
2024-06-04,HEROMOTOCO.NS,C_macd_crossover,C,5310.7002,6.55,4963.0498,100.0,94.2,78.1,72.2,60.7,55.3,1.24,3.0,16.6,84.3,2
2024-06-04,PIDILITIND.NS,C_macd_crossover,C,1531.1,4.64,1460.0,100.0,68.6,65.9,59.3,72.1,51.0,0.49,1.95,15.3,71.5,1
2024-06-04,TATACONSUM.NS,F_vwap_reclaim,F,1087.0,1.16,1074.4193,93.2,56.4,74.6,47.4,93.1,32.7,-1.14,0.0,9.8,63.9,1
2024-06-05,ADANIPORTS.NS,B_pullback_rebound,B,1354.6,7.0,1259.778,100.0,56.7,87.8,49.2,58.0,25.3,1.12,3.0,7.6,63.0,1
2024-06-05,AXISBANK.NS,F_vwap_reclaim,F,1184.5,3.28,1145.6576,72.4,100.0,81.0,56.5,80.3,32.7,1.05,3.0,9.8,70.7,1
2024-06-05,BEL.NS,B_pullback_rebound,B,260.35,7.0,242.1255,100.0,64.3,95.9,49.1,58.0,25.3,4.09,3.0,7.6,65.5,1
2024-06-05,BHARTIARTL.NS,F_vwap_reclaim,F,1344.35,1.23,1327.8702,100.0,59.1,72.5,52.7,92.6,32.7,1.17,3.0,9.8,73.6,2
2024-06-05,BRITANNIA.NS,A_breakout_40d,A,5486.6499,7.0,5102.5844,63.8,74.3,98.5,71.8,58.0,85.3,0.72,2.9,25.6,84.2,2
2024-06-05,BRITANNIA.NS,C_macd_crossover,C,5486.6499,6.85,5110.6499,63.8,100.0,98.5,71.8,58.9,55.3,0.72,2.9,16.6,80.5,2
2024-06-05,GODREJCP.NS,A_breakout_40d,A,1426.8,7.0,1326.924,100.0,95.3,100.0,70.7,58.0,85.3,0.87,3.0,25.6,95.9,2
2024-06-05,GODREJCP.NS,C_macd_crossover,C,1426.8,7.0,1326.924,100.0,100.0,100.0,70.7,58.0,55.3,0.87,3.0,16.6,87.8,2
2024-06-05,HEROMOTOCO.NS,A_breakout_40d,A,5658.5,7.0,5262.405,100.0,100.0,77.4,80.5,58.0,85.3,1.51,3.0,25.6,94.2,2
2024-06-05,HINDALCO.NS,F_vwap_reclaim,F,695.25,4.44,664.3559,100.0,100.0,85.3,59.6,73.3,32.7,2.61,3.0,9.8,75.9,1
2024-06-05,ICICIBANK.NS,B_pullback_rebound,B,1108.65,4.97,1053.55,95.0,59.0,90.5,48.4,70.2,25.3,0.29,1.17,7.6,62.6,1
2024-06-05,NESTLEIND.NS,F_vwap_reclaim,F,1254.925,3.3,1213.5391,62.5,100.0,83.1,55.5,80.2,32.7,-0.65,0.0,9.8,71.0,2
2024-06-05,POWERGRID.NS,B_pullback_rebound,B,298.8,6.38,279.75,100.0,86.1,79.3,46.1,61.7,25.3,1.57,3.0,7.6,68.2,1
2024-06-05,TATACONSUM.NS,C_macd_crossover,C,1142.4,7.0,1062.432,92.4,100.0,99.9,60.8,58.0,51.0,-0.89,0.0,15.3,81.7,2
2024-06-05,TATACONSUM.NS,F_vwap_reclaim,F,1142.4,5.45,1080.1499,92.4,100.0,99.9,60.8,67.3,65.0,-0.89,0.0,19.5,87.2,2
2024-06-05,TECHM.NS,B_pullback_rebound,B,1266.9,5.78,1193.65,54.0,61.8,68.5,48.4,65.3,25.3,-0.25,0.0,7.6,50.3,1
2024-06-05,TRENT.NS,A_breakout_40d,A,4903.7998,7.0,4560.5338,100.0,82.0,72.2,67.4,58.0,85.3,1.51,3.0,25.6,89.5,2
2024-06-05,TRENT.NS,F_vwap_reclaim,F,4903.7998,7.0,4560.5338,100.0,100.0,72.2,67.4,58.0,65.0,1.51,3.0,19.5,87.0,2
2024-06-06,ADANIENT.NS,B_pullback_rebound,B,3185.6499,7.0,2962.6544,100.0,40.4,65.4,50.8,58.0,25.3,0.56,2.23,7.6,56.0,1
2024-06-06,COALINDIA.NS,B_pullback_rebound,B,472.95,7.0,439.8435,100.0,54.5,66.1,50.4,58.0,25.3,1.22,3.0,7.6,59.7,1
2024-06-06,DRREDDY.NS,C_macd_crossover,C,1178.1899,4.94,1120.0,65.5,75.5,66.8,47.7,70.4,51.0,-0.7,0.0,15.3,63.5,1
2024-06-06,LT.NS,F_vwap_reclaim,F,3482.55,1.06,3445.7198,94.7,52.3,76.7,46.7,93.7,32.7,0.08,0.32,9.8,64.0,1
2024-06-06,POWERGRID.NS,B_pullback_rebound,B,300.45,7.0,279.4185,100.0,81.3,70.5,46.9,58.0,25.3,1.52,3.0,7.6,65.6,1
2024-06-06,SBILIFE.NS,F_vwap_reclaim,F,1442.85,3.15,1397.3393,64.1,100.0,70.8,53.3,81.1,32.7,-0.64,0.0,9.8,64.8,1
2024-06-06,SBIN.NS,B_pullback_rebound,B,816.95,7.0,759.7635,100.0,55.7,67.8,50.5,58.0,25.3,1.16,3.0,7.6,60.2,1
2024-06-06,TCS.NS,F_vwap_reclaim,F,3830.3999,1.95,3755.7087,69.0,88.8,74.4,50.1,88.3,32.7,-0.95,0.0,9.8,64.9,1
2024-06-06,TECHM.NS,F_vwap_reclaim,F,1317.45,3.67,1269.1141,54.3,100.0,72.2,58.2,78.0,32.7,-0.11,0.0,9.8,62.7,1
2024-06-06,WIPRO.NS,C_macd_crossover,C,230.5,7.0,214.365,66.6,99.7,64.2,53.3,58.0,51.0,-1.28,0.0,15.3,66.6,1
2024-06-07,BAJAJFINSV.NS,F_vwap_reclaim,F,1567.7,1.99,1536.4454,51.7,90.6,76.3,49.3,88.0,32.7,-0.31,0.0,9.8,62.0,1
2024-06-07,DRREDDY.NS,E_boll_squeeze,E,1212.26,3.13,1174.3415,65.3,100.0,67.3,57.0,81.2,23.0,-0.56,0.0,6.9,61.8,1
2024-06-07,POWERGRID.NS,B_pullback_rebound,B,309.35,7.0,287.6955,100.0,59.1,70.1,51.1,58.0,25.3,1.46,3.0,7.6,61.2,1
2024-06-07,RELIANCE.NS,C_macd_crossover,C,1469.95,7.0,1367.0535,97.4,68.4,66.7,54.0,58.0,51.0,0.07,0.29,15.3,67.2,1
2024-06-07,TCS.NS,C_macd_crossover,C,3893.95,7.0,3621.3735,68.4,100.0,74.3,55.6,58.0,51.0,-0.72,0.0,15.3,68.4,1
2024-06-07,TECHM.NS,A_breakout_40d,A,1377.6,7.0,1281.168,54.7,74.0,93.6,66.3,58.0,85.3,0.15,0.59,25.6,79.2,3
2024-06-07,TECHM.NS,C_macd_crossover,C,1377.6,7.0,1281.168,54.7,100.0,93.6,66.3,58.0,55.3,0.15,0.59,16.6,75.4,3
2024-06-07,WIPRO.NS,A_breakout_40d,A,242.275,7.0,225.3157,65.8,57.8,100.0,64.7,58.0,85.3,-1.01,0.0,25.6,73.4,1
2024-06-10,INDIGO.NS,C_macd_crossover,C,4566.6001,7.0,4246.9381,100.0,88.2,69.1,65.4,58.0,51.0,2.8,3.0,15.3,75.0,1
2024-06-10,TATASTEEL.NS,C_macd_crossover,C,180.29,7.0,167.6697,100.0,100.0,64.9,60.5,58.0,51.0,1.38,3.0,15.3,76.7,1
2024-06-10,ULTRACEMCO.NS,A_breakout_40d,A,10826.25,7.0,10068.4125,77.0,77.2,71.7,67.2,58.0,85.3,0.71,2.84,25.6,78.7,1
2024-06-11,ONGC.NS,F_vwap_reclaim,F,273.55,3.96,262.7089,100.0,100.0,83.2,52.5,76.2,32.7,-0.16,0.0,9.8,77.9,2
2024-06-12,MAXHEALTH.NS,A_breakout_40d,A,870.5,7.0,809.565,100.0,50.0,98.6,62.7,58.0,85.3,0.79,3.0,25.6,86.4,2
2024-06-12,MAXHEALTH.NS,F_vwap_reclaim,F,870.5,7.0,809.565,100.0,100.0,98.6,62.7,58.0,65.0,0.79,3.0,19.5,90.3,2
2024-06-13,DIVISLAB.NS,A_breakout_40d,A,4593.5,7.0,4271.955,85.0,60.1,71.1,71.1,58.0,85.3,2.81,3.0,25.6,77.1,1
2024-06-13,MAXHEALTH.NS,A_breakout_40d,A,890.05,7.0,827.7465,100.0,68.0,71.8,65.5,58.0,85.3,0.78,3.0,25.6,81.6,1
2024-06-13,SIEMENS.NS,A_breakout_40d,A,4341.8003,7.0,4037.8743,100.0,52.7,70.7,64.6,58.0,85.3,3.06,3.0,25.6,78.4,1
2024-06-14,AMBUJACEM.NS,A_breakout_40d,A,677.2,7.0,629.796,100.0,57.6,96.9,60.9,58.0,85.3,0.88,3.0,25.6,82.7,1
2024-06-14,SHRIRAMFIN.NS,A_breakout_40d,A,546.43,7.0,508.1799,100.0,64.3,81.7,67.7,58.0,85.3,0.95,3.0,25.6,82.2,1
2024-06-14,SIEMENS.NS,A_breakout_40d,A,4572.8433,7.0,4252.7442,100.0,92.6,86.1,70.0,58.0,85.3,3.17,3.0,25.6,93.5,2
2024-06-14,SIEMENS.NS,C_macd_crossover,C,4572.8433,7.0,4252.7442,100.0,100.0,86.1,70.0,58.0,55.3,3.17,3.0,16.6,86.0,2
2024-06-14,TRENT.NS,A_breakout_40d,A,5245.5498,7.0,4878.3613,100.0,84.6,74.3,74.4,58.0,85.3,2.59,3.0,25.6,85.5,1
2024-06-18,SHRIRAMFIN.NS,A_breakout_40d,A,565.95,7.0,526.3335,100.0,78.6,72.1,71.5,58.0,85.3,1.09,3.0,25.6,84.0,1
2024-06-18,WIPRO.NS,A_breakout_40d,A,245.925,7.0,228.7103,63.5,62.1,74.4,64.8,58.0,85.3,0.03,0.11,25.6,70.5,1
2024-06-19,AXISBANK.NS,A_breakout_40d,A,1226.65,7.0,1140.7845,79.1,51.8,72.5,62.1,58.0,85.3,1.25,3.0,25.6,79.2,2
2024-06-19,AXISBANK.NS,C_macd_crossover,C,1226.65,7.0,1140.7845,79.1,70.8,72.5,62.1,58.0,55.3,1.25,3.0,16.6,74.0,2
2024-06-19,ICICIBANK.NS,C_macd_crossover,C,1144.45,7.0,1064.3385,94.0,87.5,75.9,57.2,58.0,51.0,0.3,1.19,15.3,72.5,1
2024-06-20,VEDL.NS,F_vwap_reclaim,F,469.95,5.15,445.7402,100.0,100.0,76.2,61.4,69.1,32.7,3.91,3.0,9.8,74.2,1
2024-06-21,BHARTIARTL.NS,F_vwap_reclaim,F,1416.05,3.22,1370.399,100.0,100.0,100.0,58.2,80.7,32.7,1.52,3.0,9.8,78.8,1
2024-06-21,JSWSTEEL.NS,A_breakout_40d,A,936.9,7.0,871.317,87.5,56.2,72.0,60.0,58.0,85.3,0.65,2.61,25.6,76.2,1
2024-06-21,TCS.NS,F_vwap_reclaim,F,3810.75,1.58,3750.5266,63.8,73.6,72.3,47.7,90.5,32.7,-0.35,0.0,9.8,60.8,1
2024-06-21,TECHM.NS,A_breakout_40d,A,1399.8,7.0,1301.814,60.4,53.8,95.4,65.2,58.0,85.3,1.0,3.0,25.6,73.9,1
2024-06-25,HDFCBANK.NS,A_breakout_40d,A,855.675,7.0,795.7777,50.2,68.6,71.1,76.1,58.0,85.3,0.95,3.0,25.6,72.0,1
2024-06-25,SHRIRAMFIN.NS,A_breakout_40d,A,597.97,7.0,556.1121,100.0,79.9,75.1,75.7,58.0,85.3,1.3,3.0,25.6,84.7,1
2024-06-26,GODREJCP.NS,F_vwap_reclaim,F,1414.25,3.32,1367.2792,100.0,100.0,72.4,60.7,80.1,32.7,1.22,3.0,9.8,75.2,1
2024-06-26,RELIANCE.NS,C_macd_crossover,C,1514.025,5.05,1437.5,91.8,100.0,68.1,60.4,69.7,51.0,-0.02,0.0,15.3,74.1,1
2024-06-27,AXISBANK.NS,A_breakout_40d,A,1288.95,7.0,1198.7235,85.4,52.2,73.7,69.7,58.0,85.3,1.64,3.0,25.6,75.9,1
2024-06-27,BHARTIARTL.NS,A_breakout_40d,A,1475.8,7.0,1372.494,100.0,58.9,74.1,67.2,58.0,85.3,1.7,3.0,25.6,85.2,2
2024-06-27,BHARTIARTL.NS,C_macd_crossover,C,1475.8,6.98,1372.85,100.0,100.0,74.1,67.2,58.1,55.3,1.7,3.0,16.6,84.4,2
2024-06-27,GRASIM.NS,A_breakout_40d,A,2637.6001,7.0,2452.9681,100.0,76.8,100.0,71.0,58.0,85.3,1.1,3.0,25.6,87.2,1
2024-06-27,JSWSTEEL.NS,A_breakout_40d,A,943.15,7.0,877.1295,88.2,55.3,73.8,60.0,58.0,85.3,0.69,2.76,25.6,76.6,1
2024-06-27,NTPC.NS,C_macd_crossover,C,377.15,5.73,355.55,100.0,100.0,86.2,58.4,65.6,51.0,0.11,0.45,15.3,78.0,1
2024-06-27,RELIANCE.NS,A_breakout_40d,A,1530.55,7.0,1423.4115,91.6,58.7,74.0,62.8,58.0,85.3,0.05,0.21,25.6,75.5,1
2024-06-27,SIEMENS.NS,A_breakout_40d,A,4597.4976,7.0,4275.6727,100.0,54.3,83.5,66.8,58.0,85.3,3.06,3.0,25.6,80.4,1
2024-06-27,TATAPOWER.NS,B_pullback_rebound,B,439.45,2.37,429.05,100.0,48.9,64.7,50.8,85.8,25.3,0.22,0.86,7.6,60.2,1
2024-06-27,TECHM.NS,A_breakout_40d,A,1432.25,7.0,1331.9925,63.7,52.5,72.2,67.7,58.0,85.3,1.23,3.0,25.6,71.4,1
2024-06-27,ULTRACEMCO.NS,A_breakout_40d,A,11716.7002,7.0,10896.5312,82.9,83.7,100.0,72.1,58.0,85.3,1.24,3.0,25.6,90.2,2
2024-06-27,ULTRACEMCO.NS,C_macd_crossover,C,11716.7002,7.0,10896.5312,82.9,100.0,100.0,72.1,58.0,55.3,1.24,3.0,16.6,84.5,2
2024-06-27,WIPRO.NS,A_breakout_40d,A,255.4,7.0,237.522,62.6,72.5,75.9,70.6,58.0,85.3,0.41,1.64,25.6,74.3,1
2024-06-28,DRREDDY.NS,A_breakout_40d,A,1280.47,7.0,1190.8371,62.1,56.7,71.1,71.4,58.0,85.3,0.08,0.33,25.6,69.2,1
2024-06-28,RELIANCE.NS,A_breakout_40d,A,1565.4,7.0,1455.822,91.6,68.2,73.1,67.1,58.0,85.3,0.2,0.8,25.6,78.0,1
2024-07-02,IOC.NS,C_macd_crossover,C,168.3,3.64,162.18,100.0,62.5,64.3,53.7,78.2,51.0,-0.22,0.0,15.3,68.7,1
2024-07-03,HDFCBANK.NS,A_breakout_40d,A,884.325,7.0,822.4223,56.7,67.6,92.2,77.4,58.0,85.3,1.35,3.0,25.6,75.9,1
2024-07-03,TATACONSUM.NS,A_breakout_40d,A,1146.35,7.0,1066.1055,77.1,52.8,90.4,62.2,58.0,85.3,-0.29,0.0,25.6,78.3,3
2024-07-03,TATACONSUM.NS,F_vwap_reclaim,F,1146.35,3.44,1106.8831,77.1,100.0,90.4,62.2,79.3,65.0,-0.29,0.0,19.5,84.7,3
2024-07-04,TVSMOTOR.NS,B_pullback_rebound,B,2365.95,2.74,2301.2,100.0,63.8,65.9,53.4,83.6,25.3,1.8,3.0,7.6,65.2,1
2024-07-05,BAJAJ-AUTO.NS,B_pullback_rebound,B,9635.7998,2.8,9365.6504,100.0,51.8,77.2,56.5,83.2,25.3,0.68,2.71,7.6,64.0,1
2024-07-05,CIPLA.NS,B_pullback_rebound,B,1509.9,2.95,1465.3,93.2,53.2,64.4,54.7,82.3,25.3,0.93,3.0,7.6,61.4,1
2024-07-05,DIVISLAB.NS,A_breakout_40d,A,4629.7002,7.0,4305.6212,100.0,54.8,97.1,66.1,58.0,85.3,2.04,3.0,25.6,87.3,2
2024-07-05,DIVISLAB.NS,F_vwap_reclaim,F,4629.7002,2.61,4508.699,100.0,100.0,97.1,66.1,84.3,65.0,2.04,3.0,19.5,93.9,2
2024-07-05,ONGC.NS,A_breakout_40d,A,288.2,7.0,268.026,100.0,61.5,83.6,64.4,58.0,85.3,0.01,0.05,25.6,78.8,1
2024-07-05,SBIN.NS,E_boll_squeeze,E,859.75,2.2,840.87,100.0,100.0,67.2,58.5,86.8,23.0,1.03,3.0,6.9,72.5,1
2024-07-05,TVSMOTOR.NS,B_pullback_rebound,B,2430.1499,5.31,2301.2,100.0,42.9,64.5,60.3,68.2,25.3,1.9,3.0,7.6,58.9,1
2024-07-08,BEL.NS,A_breakout_40d,A,334.6,7.0,311.178,100.0,76.0,73.0,71.3,58.0,85.3,3.18,3.0,25.6,88.6,2
2024-07-08,BEL.NS,C_macd_crossover,C,334.6,7.0,311.178,100.0,100.0,73.0,71.3,58.0,55.3,3.18,3.0,16.6,84.3,2
2024-07-08,DABUR.NS,A_breakout_40d,A,623.45,7.0,579.8085,74.0,54.6,85.0,65.3,58.0,85.3,1.84,3.0,25.6,80.5,2
2024-07-08,DABUR.NS,F_vwap_reclaim,F,623.45,3.46,601.88,74.0,100.0,85.0,65.3,79.2,65.0,1.84,3.0,19.5,86.4,2
2024-07-08,GODREJCP.NS,F_vwap_reclaim,F,1426.0,3.59,1374.7579,100.0,100.0,82.9,60.4,78.4,32.7,1.51,3.0,9.8,76.4,1
2024-07-08,ONGC.NS,A_breakout_40d,A,299.15,7.0,278.2095,100.0,80.4,93.7,70.4,58.0,85.3,0.23,0.93,25.6,85.0,1
2024-07-09,ADANIPOWER.NS,B_pullback_rebound,B,144.99,4.41,138.6,100.0,55.3,75.5,52.8,73.6,25.3,1.69,3.0,7.6,63.3,1
2024-07-09,BRITANNIA.NS,A_breakout_40d,A,5668.8501,7.0,5272.0306,81.8,64.4,70.8,70.5,58.0,85.3,1.45,3.0,25.6,77.3,1
2024-07-09,DIVISLAB.NS,B_pullback_rebound,B,4551.9502,2.35,4445.0,100.0,48.1,71.5,56.3,85.9,25.3,1.86,3.0,7.6,63.2,1
2024-07-09,MARUTI.NS,C_macd_crossover,C,12827.7002,6.76,11960.0,100.0,100.0,99.8,62.7,59.4,51.0,-0.51,0.0,15.3,83.5,2
2024-07-09,MARUTI.NS,F_vwap_reclaim,F,12827.7002,4.96,12191.6389,100.0,100.0,99.8,62.7,70.2,65.0,-0.51,0.0,19.5,89.2,2
2024-07-09,NESTLEIND.NS,E_boll_squeeze,E,1316.55,3.21,1274.3262,54.8,91.0,64.5,66.6,80.8,23.0,0.36,1.43,6.9,59.2,1
2024-07-10,BRITANNIA.NS,A_breakout_40d,A,5755.5498,7.0,5352.6613,83.1,62.2,81.2,73.9,58.0,85.3,1.51,3.0,25.6,78.6,1
2024-07-10,EICHERMOT.NS,C_macd_crossover,C,4849.1499,5.28,4592.8999,100.0,64.1,65.6,59.6,68.3,51.0,0.48,1.91,15.3,74.9,2
2024-07-10,GODREJCP.NS,C_macd_crossover,C,1444.1,6.1,1355.95,100.0,100.0,69.4,62.0,63.4,51.0,1.57,3.0,15.3,78.1,1
2024-07-10,PIDILITIND.NS,F_vwap_reclaim,F,1580.825,2.25,1545.2689,100.0,100.0,73.0,57.8,86.5,32.7,0.58,2.31,9.8,80.4,2
2024-07-10,SBILIFE.NS,A_breakout_40d,A,1558.8,7.0,1449.684,57.3,65.4,71.3,69.4,58.0,85.3,0.51,2.06,25.6,71.7,1
2024-07-11,AMBUJACEM.NS,B_pullback_rebound,B,679.15,3.93,652.45,100.0,42.0,65.3,56.1,76.4,25.3,0.66,2.64,7.6,59.5,1
2024-07-11,BPCL.NS,C_macd_crossover,C,306.6,4.31,293.4,100.0,53.3,70.4,51.4,74.2,51.0,0.03,0.11,15.3,72.1,2
2024-07-11,BPCL.NS,F_vwap_reclaim,F,306.6,1.1,303.2416,100.0,53.9,70.4,51.4,93.4,65.0,0.03,0.11,19.5,79.1,2
2024-07-11,IOC.NS,E_boll_squeeze,E,174.44,3.4,168.5095,100.0,100.0,87.9,63.0,79.6,23.0,0.05,0.19,6.9,71.6,1
2024-07-11,ONGC.NS,A_breakout_40d,A,304.75,7.0,283.4175,100.0,65.0,77.2,72.2,58.0,85.3,0.61,2.45,25.6,81.4,1
2024-07-11,TCS.NS,B_pullback_rebound,B,3923.7,2.69,3818.1001,60.7,46.0,80.5,51.9,83.9,25.3,0.3,1.19,7.6,53.9,1
2024-07-12,ONGC.NS,A_breakout_40d,A,307.1,7.0,285.603,100.0,56.2,71.5,73.3,58.0,85.3,0.71,2.82,25.6,79.3,1
2024-07-12,TCS.NS,A_breakout_40d,A,4183.9502,7.0,3891.0737,61.2,82.4,100.0,69.5,58.0,85.3,0.41,1.66,25.6,84.2,2
2024-07-12,TCS.NS,F_vwap_reclaim,F,4183.9502,6.43,3915.0089,61.2,100.0,100.0,69.5,61.4,65.0,0.41,1.66,19.5,82.1,2
2024-07-12,TECHM.NS,A_breakout_40d,A,1505.05,7.0,1399.6965,80.4,63.7,81.5,73.1,58.0,85.3,1.74,3.0,25.6,78.3,1
2024-07-12,WIPRO.NS,A_breakout_40d,A,280.075,7.0,260.4698,74.7,78.0,86.3,76.9,58.0,85.3,1.69,3.0,25.6,80.8,1
2024-07-15,BAJAJ-AUTO.NS,F_vwap_reclaim,F,9673.3496,2.06,9473.6829,100.0,93.5,70.8,57.5,87.6,32.7,0.68,2.73,9.8,79.4,2
2024-07-15,DIVISLAB.NS,B_pullback_rebound,B,4575.3999,2.85,4445.0,100.0,46.0,64.6,55.8,82.9,25.3,1.44,3.0,7.6,61.5,1
2024-07-15,INDIGO.NS,C_macd_crossover,C,4385.8501,5.03,4165.3999,100.0,90.0,71.0,59.4,69.8,51.0,0.88,3.0,15.3,82.1,2
2024-07-15,IOC.NS,B_pullback_rebound,B,169.7,2.4,165.62,100.0,43.8,66.9,52.3,85.6,25.3,-0.07,0.0,7.6,58.6,1
2024-07-15,ONGC.NS,A_breakout_40d,A,322.5,7.0,299.925,100.0,90.1,86.3,79.2,58.0,85.3,0.85,3.0,25.6,88.3,1
2024-07-15,SBILIFE.NS,A_breakout_40d,A,1613.45,7.0,1500.5085,59.0,75.9,82.4,76.6,58.0,85.3,0.89,3.0,25.6,76.7,1
2024-07-16,COALINDIA.NS,A_breakout_40d,A,512.45,7.0,476.5785,100.0,50.2,86.7,67.4,58.0,85.3,0.86,3.0,25.6,80.0,1
2024-07-16,HINDUNILVR.NS,A_breakout_40d,A,2688.45,7.0,2500.2585,52.0,70.2,72.8,75.5,58.0,85.3,1.68,3.0,25.6,72.9,1
2024-07-16,IOC.NS,B_pullback_rebound,B,170.74,2.71,166.11,100.0,39.2,66.8,54.0,83.7,25.3,-0.09,0.0,7.6,57.5,1
2024-07-16,ONGC.NS,A_breakout_40d,A,322.65,7.0,300.0645,100.0,50.4,72.3,79.3,58.0,85.3,1.0,3.0,25.6,78.6,1
2024-07-16,SBILIFE.NS,A_breakout_40d,A,1621.35,7.0,1507.8555,59.8,53.9,70.8,77.4,58.0,85.3,1.02,3.0,25.6,71.0,1
2024-07-16,SHREECEM.NS,F_vwap_reclaim,F,27906.8008,1.84,27393.7307,52.4,84.2,86.0,59.3,89.0,32.7,1.18,3.0,9.8,70.5,2
2024-07-18,APOLLOHOSP.NS,A_breakout_40d,A,6520.8501,7.0,6064.3906,69.0,58.3,73.9,71.3,58.0,85.3,0.73,2.93,25.6,73.8,1
2024-07-18,BRITANNIA.NS,A_breakout_40d,A,5871.5,7.0,5460.495,89.7,51.2,79.0,78.3,58.0,85.3,1.87,3.0,25.6,77.5,1
2024-07-18,HINDUNILVR.NS,A_breakout_40d,A,2738.3999,7.0,2546.7119,53.7,64.9,89.7,78.8,58.0,85.3,1.75,3.0,25.6,74.5,1
2024-07-18,LT.NS,B_pullback_rebound,B,3656.2,2.47,3565.8,71.7,38.7,64.0,55.0,85.2,25.3,0.24,0.95,7.6,52.6,1
2024-07-18,ONGC.NS,A_breakout_40d,A,331.7,7.0,308.481,100.0,72.4,78.6,82.0,58.0,85.3,1.25,3.0,25.6,83.9,1
2024-07-18,SBILIFE.NS,A_breakout_40d,A,1659.8,7.0,1543.614,60.8,69.0,73.0,80.9,58.0,85.3,1.12,3.0,25.6,74.6,1
2024-07-18,TATACONSUM.NS,A_breakout_40d,A,1178.7485,7.0,1096.2361,73.5,51.7,71.3,65.0,58.0,85.3,0.54,2.15,25.6,72.1,1
2024-07-18,TCS.NS,A_breakout_40d,A,4315.5498,7.0,4013.4613,62.7,75.2,73.5,74.4,58.0,85.3,0.75,3.0,25.6,76.1,1
2024-07-19,BRITANNIA.NS,A_breakout_40d,A,5877.9502,7.0,5466.4937,90.4,50.9,72.7,78.5,58.0,85.3,1.77,3.0,25.6,76.8,1
2024-07-19,INFY.NS,A_breakout_40d,A,1792.95,7.0,1667.4435,52.2,65.9,100.0,85.6,58.0,85.3,2.11,3.0,25.6,75.9,1
2024-07-22,BPCL.NS,F_vwap_reclaim,F,308.25,1.68,303.0668,100.0,77.7,82.3,51.2,89.9,32.7,0.03,0.11,9.8,70.3,1
2024-07-22,LT.NS,B_pullback_rebound,B,3651.45,2.29,3568.0,71.6,41.3,67.5,54.1,86.3,25.3,0.41,1.66,7.6,54.4,1
2024-07-22,TATASTEEL.NS,D_rsi_bounce,D,160.32,1.95,157.2,100.0,100.0,61.6,32.5,88.3,0.0,-0.16,0.0,0.0,61.4,1
2024-07-23,ADANIPORTS.NS,F_vwap_reclaim,F,1507.35,2.74,1466.0631,100.0,100.0,73.2,59.1,83.6,32.7,1.44,3.0,9.8,75.8,1
2024-07-23,DABUR.NS,A_breakout_40d,A,652.3,7.0,606.639,90.1,59.2,93.8,70.1,58.0,85.3,1.63,3.0,25.6,80.9,1
2024-07-23,DRREDDY.NS,A_breakout_40d,A,1373.0,7.0,1276.89,68.3,58.3,72.5,74.2,58.0,85.3,0.9,3.0,25.6,73.7,1
2024-07-23,GODREJCP.NS,A_breakout_40d,A,1516.7,7.0,1410.531,100.0,75.3,80.0,70.1,58.0,85.3,1.25,3.0,25.6,84.3,1
2024-07-23,HEROMOTOCO.NS,B_pullback_rebound,B,5513.5498,2.59,5371.0,100.0,52.8,71.5,51.4,84.5,25.3,1.72,3.0,7.6,63.8,1
2024-07-23,HINDUNILVR.NS,A_breakout_40d,A,2766.3501,7.0,2572.7056,57.7,58.2,75.1,79.0,58.0,85.3,1.75,3.0,25.6,72.0,1
2024-07-23,NTPC.NS,F_vwap_reclaim,F,382.45,2.87,371.4605,100.0,100.0,90.9,56.5,82.8,32.7,0.58,2.33,9.8,77.2,1
2024-07-23,TATACONSUM.NS,A_breakout_40d,A,1241.469,7.0,1154.5662,74.0,84.6,95.2,74.7,58.0,85.3,0.84,3.0,25.6,88.1,2
2024-07-23,TRENT.NS,B_pullback_rebound,B,5263.7998,3.42,5083.5498,100.0,82.8,65.5,46.1,79.5,25.3,1.66,3.0,7.6,68.2,1
2024-07-24,CIPLA.NS,B_pullback_rebound,B,1503.5,2.18,1470.65,95.8,46.1,69.0,51.7,86.9,25.3,0.8,3.0,7.6,61.7,1
2024-07-24,ITC.NS,A_breakout_40d,A,475.7283,7.0,442.4273,51.0,53.0,81.6,79.7,58.0,85.3,1.03,3.0,25.6,70.5,1
2024-07-24,NTPC.NS,A_breakout_40d,A,392.6,7.0,365.118,100.0,51.6,75.6,61.8,58.0,85.3,0.7,2.8,25.6,83.5,3
2024-07-24,NTPC.NS,C_macd_crossover,C,392.6,7.0,365.118,100.0,98.9,75.6,61.8,58.0,55.3,0.7,2.8,16.6,84.0,3
2024-07-24,SUNPHARMA.NS,A_breakout_40d,A,1619.45,7.0,1506.0885,93.1,58.9,72.7,66.4,58.0,85.3,0.53,2.13,25.6,77.7,1
2024-07-25,ADANIGREEN.NS,C_macd_crossover,C,1820.5,7.0,1693.065,100.0,100.0,100.0,59.0,58.0,51.0,0.06,0.24,15.3,83.4,2
2024-07-25,ADANIGREEN.NS,F_vwap_reclaim,F,1820.5,4.09,1746.0879,100.0,100.0,100.0,59.0,75.5,65.0,0.06,0.24,19.5,90.0,2
2024-07-25,INDIGO.NS,C_macd_crossover,C,4432.2002,6.02,4165.3999,100.0,83.8,66.8,59.2,63.9,51.0,0.74,2.95,15.3,74.5,1
2024-07-25,IOC.NS,A_breakout_40d,A,176.85,7.0,164.4705,100.0,57.1,91.2,61.3,58.0,85.3,0.58,2.32,25.6,86.1,3
2024-07-25,IOC.NS,F_vwap_reclaim,F,176.85,4.92,168.1418,100.0,100.0,91.2,61.3,70.5,65.0,0.58,2.32,19.5,90.4,3
2024-07-25,LT.NS,F_vwap_reclaim,F,3619.1499,1.52,3564.1712,72.6,71.1,70.9,51.4,90.9,32.7,0.67,2.68,9.8,69.7,2
2024-07-25,NTPC.NS,E_boll_squeeze,E,392.15,3.6,378.02,100.0,100.0,64.5,61.4,78.4,23.0,0.81,3.0,6.9,71.1,1
2024-07-25,POWERGRID.NS,B_pullback_rebound,B,339.45,5.41,321.1,100.0,45.9,65.3,56.0,67.6,25.3,1.1,3.0,7.6,59.4,1
2024-07-25,SBILIFE.NS,A_breakout_40d,A,1695.4,7.0,1576.722,65.0,67.2,100.0,73.4,58.0,85.3,1.41,3.0,25.6,78.4,1
2024-07-25,SUNPHARMA.NS,A_breakout_40d,A,1665.8,7.0,1549.194,93.1,72.9,95.3,73.1,58.0,85.3,0.63,2.53,25.6,89.0,2
2024-07-26,ADANIPORTS.NS,E_boll_squeeze,E,1542.75,3.42,1490.02,100.0,95.7,67.0,63.7,79.5,23.0,1.5,3.0,6.9,70.8,1
2024-07-26,APOLLOHOSP.NS,C_macd_crossover,C,6664.5498,5.17,6320.0,71.4,100.0,67.1,70.9,69.0,51.0,1.01,3.0,15.3,73.1,1
2024-07-26,BHARTIARTL.NS,C_macd_crossover,C,1514.4,6.14,1421.45,100.0,90.1,69.2,67.6,63.2,51.0,1.31,3.0,15.3,76.2,1
2024-07-26,CIPLA.NS,A_breakout_40d,A,1575.0,7.0,1464.75,96.6,50.1,96.2,68.2,58.0,85.3,0.96,3.0,25.6,85.6,4
2024-07-26,CIPLA.NS,F_vwap_reclaim,F,1575.0,5.31,1491.3579,96.6,100.0,96.2,68.2,68.1,65.0,0.96,3.0,19.5,90.9,4
2024-07-26,COALINDIA.NS,F_vwap_reclaim,F,509.85,4.04,489.2374,100.0,100.0,79.0,61.4,75.7,32.7,0.94,3.0,9.8,80.5,2
2024-07-26,DIVISLAB.NS,A_breakout_40d,A,4790.6001,7.0,4455.2581,100.0,76.5,86.0,68.3,58.0,85.3,1.66,3.0,25.6,90.2,4
2024-07-26,DIVISLAB.NS,F_vwap_reclaim,F,4790.6001,5.34,4534.7565,100.0,100.0,86.0,68.3,68.0,65.0,1.66,3.0,19.5,90.2,4
2024-07-26,DLF.NS,F_vwap_reclaim,F,829.7,1.5,817.252,90.5,70.3,71.0,49.3,91.0,32.7,-0.22,0.0,9.8,65.4,1
2024-07-26,ICICIBANK.NS,B_pullback_rebound,B,1207.2,1.38,1190.6,100.0,62.9,68.0,49.6,91.7,25.3,0.85,3.0,7.6,66.3,1
2024-07-26,SBILIFE.NS,A_breakout_40d,A,1750.95,7.0,1628.3835,66.4,76.2,78.6,77.6,58.0,85.3,1.57,3.0,25.6,77.8,1
2024-07-26,SHRIRAMFIN.NS,F_vwap_reclaim,F,585.0,4.41,559.1786,100.0,100.0,100.0,59.4,73.5,32.7,1.61,3.0,9.8,77.9,1
2024-07-26,SUNPHARMA.NS,A_breakout_40d,A,1714.25,7.0,1594.2525,93.2,73.3,86.8,78.0,58.0,85.3,0.78,3.0,25.6,83.6,1
2024-07-26,TATAPOWER.NS,F_vwap_reclaim,F,444.7,3.83,427.6612,100.0,100.0,99.6,56.8,77.0,32.7,0.11,0.42,9.8,75.6,1
2024-07-26,TATASTEEL.NS,D_rsi_bounce,D,162.55,4.64,155.0,100.0,100.0,65.0,41.2,72.1,0.0,-0.21,0.0,0.0,59.8,1
2024-07-26,TECHM.NS,A_breakout_40d,A,1541.15,7.0,1433.2695,93.3,50.9,100.0,68.4,58.0,85.3,1.8,3.0,25.6,80.6,1
2024-07-26,TVSMOTOR.NS,A_breakout_40d,A,2508.0,7.0,2332.44,100.0,51.3,70.9,63.2,58.0,85.3,1.71,3.0,25.6,83.1,2
2024-07-26,TVSMOTOR.NS,C_macd_crossover,C,2508.0,5.9,2359.95,100.0,62.6,70.9,63.2,64.6,55.3,1.71,3.0,16.6,77.3,2
2024-07-29,BEL.NS,B_pullback_rebound,B,321.35,7.0,298.8555,100.0,42.3,65.2,57.1,58.0,25.3,2.67,3.0,7.6,57.4,1
2024-07-29,CIPLA.NS,E_boll_squeeze,E,1553.95,3.11,1505.6325,96.9,86.0,85.2,61.5,81.3,23.0,1.02,3.0,6.9,70.8,1
2024-07-29,DIVISLAB.NS,A_breakout_40d,A,4923.8501,7.0,4579.1806,100.0,72.3,70.9,73.4,58.0,85.3,1.85,3.0,25.6,87.6,2
2024-07-29,DLF.NS,C_macd_crossover,C,870.0,7.0,809.1,89.9,100.0,84.2,59.9,58.0,51.0,-0.06,0.0,15.3,74.1,1
2024-07-29,ICICIBANK.NS,B_pullback_rebound,B,1212.7,2.21,1185.95,100.0,59.6,79.0,51.5,86.8,25.3,0.79,3.0,7.6,66.5,1
2024-07-29,LT.NS,C_macd_crossover,C,3774.95,7.0,3510.7035,73.4,100.0,68.3,62.4,58.0,51.0,0.84,3.0,15.3,71.9,1
2024-07-29,SBIN.NS,B_pullback_rebound,B,871.6,3.49,841.2,100.0,39.8,72.5,55.8,79.1,25.3,0.51,2.04,7.6,59.7,1
2024-07-29,SUNPHARMA.NS,A_breakout_40d,A,1723.25,7.0,1602.6225,93.5,54.2,72.0,78.8,58.0,85.3,0.95,3.0,25.6,78.0,1
2024-07-29,TATAPOWER.NS,C_macd_crossover,C,442.25,7.0,411.2925,100.0,100.0,64.3,55.3,58.0,51.0,0.21,0.82,15.3,74.2,1
2024-07-29,VEDL.NS,F_vwap_reclaim,F,448.95,1.04,444.2655,100.0,51.8,91.1,50.5,93.7,32.7,0.46,1.82,9.8,68.4,1
2024-07-30,ADANIPOWER.NS,C_macd_crossover,C,145.85,7.0,135.6405,100.0,100.0,66.7,58.4,58.0,51.0,1.24,3.0,15.3,76.8,1
2024-07-30,BPCL.NS,A_breakout_40d,A,348.2,7.0,323.826,100.0,74.4,91.1,72.3,58.0,85.3,0.77,3.0,25.6,85.6,1
2024-07-30,IOC.NS,A_breakout_40d,A,182.95,7.0,170.1435,100.0,61.4,84.6,67.3,58.0,85.3,1.01,3.0,25.6,82.0,1
2024-07-30,NTPC.NS,A_breakout_40d,A,406.95,7.0,378.4635,100.0,71.5,74.2,67.6,58.0,85.3,1.07,3.0,25.6,82.7,1
2024-07-30,POWERGRID.NS,A_breakout_40d,A,349.8,7.0,325.314,100.0,58.7,78.9,63.6,58.0,85.3,1.02,3.0,25.6,85.6,2
2024-07-30,SHREECEM.NS,B_pullback_rebound,B,27314.3496,1.84,26811.0508,57.5,59.1,65.5,48.2,88.9,25.3,0.59,2.38,7.6,55.7,1
2024-07-31,AMBUJACEM.NS,B_pullback_rebound,B,679.95,2.55,662.6,100.0,52.3,72.1,52.5,84.7,25.3,1.07,3.0,7.6,63.9,1
2024-07-31,HEROMOTOCO.NS,B_pullback_rebound,B,5488.4502,2.89,5329.7002,100.0,52.5,73.9,50.9,82.6,25.3,0.75,2.98,7.6,63.8,1
2024-07-31,ICICIBANK.NS,B_pullback_rebound,B,1214.9,2.38,1185.95,100.0,58.9,68.5,52.3,85.7,25.3,0.7,2.79,7.6,64.6,1
2024-07-31,JSWSTEEL.NS,F_vwap_reclaim,F,928.25,2.34,906.557,92.6,100.0,71.3,55.5,86.0,32.7,0.21,0.85,9.8,77.2,2
2024-07-31,POWERGRID.NS,C_macd_crossover,C,348.2,7.0,323.826,100.0,56.1,66.5,61.7,58.0,51.0,1.03,3.0,15.3,68.1,1
2024-07-31,SILVERBEES.NS,D_rsi_bounce,D,81.84,2.87,79.49,100.0,100.0,58.1,37.1,82.8,0.0,-0.34,0.0,0.0,60.3,1
2024-07-31,TATASTEEL.NS,C_macd_crossover,C,165.33,6.25,155.0,100.0,81.0,67.8,46.8,62.5,51.0,-0.18,0.0,15.3,70.5,1
2024-07-31,TRENT.NS,A_breakout_40d,A,5839.0,7.0,5430.27,100.0,73.0,94.2,70.1,58.0,85.3,1.92,3.0,25.6,90.7,2
2024-07-31,TRENT.NS,C_macd_crossover,C,5839.0,7.0,5430.27,100.0,100.0,94.2,70.1,58.0,55.3,1.92,3.0,16.6,87.1,2
2024-07-31,TVSMOTOR.NS,A_breakout_40d,A,2531.0,7.0,2353.83,100.0,57.3,81.4,64.2,58.0,85.3,1.58,3.0,25.6,80.7,1
2024-08-01,ADANIGREEN.NS,A_breakout_40d,A,1901.95,7.0,1768.8135,100.0,59.2,100.0,67.9,58.0,85.3,0.06,0.25,25.6,80.8,1
2024-08-01,ADANIPORTS.NS,A_breakout_40d,A,1590.15,7.0,1478.8395,100.0,60.3,90.7,70.1,58.0,85.3,1.48,3.0,25.6,82.7,1
2024-08-01,AXISBANK.NS,D_rsi_bounce,D,1172.3,1.56,1154.0,100.0,79.7,59.9,32.4,90.6,0.0,0.31,1.22,0.0,58.6,1
2024-08-01,COALINDIA.NS,A_breakout_40d,A,540.4,7.0,502.572,100.0,77.9,98.4,72.9,58.0,85.3,1.07,3.0,25.6,87.3,1
2024-08-01,ETERNAL.NS,A_breakout_40d,A,234.09,7.0,217.7037,100.0,66.2,84.5,69.5,58.0,85.3,1.86,3.0,25.6,83.0,1
2024-08-01,JSWSTEEL.NS,C_macd_crossover,C,934.55,7.0,869.1315,92.1,100.0,83.3,57.3,58.0,51.0,0.21,0.83,15.3,75.2,1
2024-08-01,MARUTI.NS,A_breakout_40d,A,13359.0498,7.0,12423.9163,96.7,64.8,98.1,72.0,58.0,85.3,0.25,1.0,25.6,81.9,1
2024-08-01,POWERGRID.NS,A_breakout_40d,A,361.1,7.0,335.823,100.0,75.8,77.2,69.8,58.0,85.3,1.04,3.0,25.6,89.0,2
2024-08-01,TATAPOWER.NS,A_breakout_40d,A,464.4,7.0,431.892,100.0,69.0,90.9,65.2,58.0,85.3,0.35,1.38,25.6,82.7,1
2024-08-01,TVSMOTOR.NS,A_breakout_40d,A,2584.2,7.0,2403.306,100.0,66.8,89.0,68.9,58.0,85.3,1.62,3.0,25.6,83.7,1
2024-08-02,APOLLOHOSP.NS,A_breakout_40d,A,6710.1499,7.0,6240.4394,74.3,50.4,74.7,69.7,58.0,85.3,1.24,3.0,25.6,73.5,1
2024-08-02,ETERNAL.NS,A_breakout_40d,A,262.34,7.0,243.9762,100.0,100.0,100.0,81.0,58.0,85.3,2.25,3.0,25.6,97.2,2
2024-08-02,ETERNAL.NS,F_vwap_reclaim,F,262.34,7.0,243.9762,100.0,100.0,100.0,81.0,58.0,65.0,2.25,3.0,19.5,91.1,2
2024-08-05,DABUR.NS,B_pullback_rebound,B,634.0,2.52,618.05,100.0,51.2,67.5,54.4,84.9,25.3,1.48,3.0,7.6,63.1,1
2024-08-05,HINDUNILVR.NS,B_pullback_rebound,B,2715.8999,1.69,2670.0,68.9,40.3,67.4,63.4,89.9,25.3,1.43,3.0,7.6,55.7,1
2024-08-05,TATACONSUM.NS,B_pullback_rebound,B,1199.4,2.7,1167.0,75.8,39.1,75.9,57.8,83.8,25.3,0.81,3.0,7.6,56.9,1
2024-08-06,BRITANNIA.NS,F_vwap_reclaim,F,5854.5,1.87,5744.9845,98.0,85.5,79.9,61.2,88.8,32.7,0.99,3.0,9.8,79.1,2
2024-08-06,GODREJCP.NS,B_pullback_rebound,B,1478.6,3.52,1426.5,100.0,39.1,69.1,57.7,78.9,25.3,1.15,3.0,7.6,60.2,1
2024-08-07,COALINDIA.NS,C_macd_crossover,C,531.5,7.0,494.295,100.0,100.0,68.3,60.9,58.0,51.0,0.48,1.93,15.3,76.0,1
2024-08-07,ETERNAL.NS,A_breakout_40d,A,265.67,7.0,247.0731,100.0,60.2,74.2,73.7,58.0,85.3,3.38,3.0,25.6,80.6,1
2024-08-07,JIOFIN.NS,D_rsi_bounce,D,329.75,5.99,310.0,100.0,100.0,69.9,44.8,64.1,0.0,-1.12,0.0,0.0,59.4,1
2024-08-07,ONGC.NS,F_vwap_reclaim,F,329.1,3.2,318.5816,100.0,100.0,79.7,58.0,80.8,32.7,1.5,3.0,9.8,76.2,1
2024-08-07,PIDILITIND.NS,F_vwap_reclaim,F,1576.425,1.08,1559.3269,100.0,53.4,86.2,53.1,93.5,32.7,0.34,1.36,9.8,72.8,2
2024-08-07,SILVERBEES.NS,D_rsi_bounce,D,78.57,2.38,76.7,100.0,100.0,60.2,33.2,85.7,0.0,-1.09,0.0,0.0,60.8,1
2024-08-07,TVSMOTOR.NS,C_macd_crossover,C,2574.55,5.96,2421.0,100.0,89.6,80.5,62.2,64.2,51.0,1.46,3.0,15.3,82.5,2
2024-08-07,TVSMOTOR.NS,F_vwap_reclaim,F,2574.55,4.07,2469.7365,100.0,100.0,80.5,62.2,75.6,65.0,1.46,3.0,19.5,90.4,2
2024-08-08,PIDILITIND.NS,F_vwap_reclaim,F,1584.15,1.29,1563.765,100.0,61.6,100.0,54.7,92.3,32.7,0.35,1.4,9.8,76.1,2
2024-08-08,TRENT.NS,F_vwap_reclaim,F,5644.1001,3.65,5438.1518,100.0,100.0,71.3,56.9,78.1,32.7,1.48,3.0,9.8,74.7,1
2024-08-09,EICHERMOT.NS,F_vwap_reclaim,F,4830.6001,1.35,4765.2808,100.0,64.3,84.6,52.0,91.9,32.7,-0.29,0.0,9.8,73.1,2
2024-08-09,TRENT.NS,A_breakout_40d,A,6275.3501,7.0,5836.0756,100.0,100.0,100.0,69.5,58.0,85.3,1.74,3.0,25.6,96.8,3
2024-08-09,TRENT.NS,F_vwap_reclaim,F,6275.3501,7.0,5836.0756,100.0,100.0,100.0,69.5,58.0,65.0,1.74,3.0,19.5,90.7,3
2024-08-12,ADANIGREEN.NS,B_pullback_rebound,B,1798.3,3.11,1742.3,96.7,44.0,66.3,51.2,81.3,25.3,-0.69,0.0,7.6,57.3,1
2024-08-12,JSWSTEEL.NS,C_macd_crossover,C,917.35,6.89,854.15,88.6,100.0,72.8,52.6,58.7,51.0,-0.01,0.0,15.3,72.3,1
2024-08-12,TRENT.NS,A_breakout_40d,A,6382.3501,7.0,5935.5856,100.0,63.6,73.1,71.1,58.0,85.3,2.15,3.0,25.6,81.1,1
2024-08-13,TVSMOTOR.NS,A_breakout_40d,A,2635.8,7.0,2451.294,100.0,66.0,75.7,65.0,58.0,85.3,1.44,3.0,25.6,81.7,1
2024-08-14,HCLTECH.NS,F_vwap_reclaim,F,1626.15,2.73,1581.7478,65.1,100.0,70.4,61.2,83.6,32.7,1.7,3.0,9.8,68.5,1
2024-08-14,TCS.NS,B_pullback_rebound,B,4295.25,4.3,4110.5,74.6,47.6,66.6,58.8,74.2,25.3,1.16,3.0,7.6,55.9,1
2024-08-16,ADANIPOWER.NS,F_vwap_reclaim,F,139.48,1.08,137.9742,100.0,53.2,70.5,47.6,93.5,32.7,-0.78,0.0,9.8,64.1,1
2024-08-16,BHARTIARTL.NS,B_pullback_rebound,B,1483.55,4.11,1422.6,100.0,42.5,68.3,56.9,75.3,25.3,0.72,2.9,7.6,60.1,1
2024-08-16,DLF.NS,F_vwap_reclaim,F,866.9,4.26,829.9827,79.1,100.0,78.3,56.7,74.4,32.7,0.24,0.96,9.8,73.9,2
2024-08-16,M&M.NS,F_vwap_reclaim,F,2840.45,2.78,2761.6113,100.0,100.0,71.8,56.2,83.3,32.7,0.74,2.95,9.8,75.5,1
2024-08-16,TECHM.NS,C_macd_crossover,C,1585.3,7.0,1474.329,100.0,67.0,66.6,65.9,58.0,51.0,1.94,3.0,15.3,70.5,1
2024-08-19,HINDALCO.NS,C_macd_crossover,C,658.85,7.0,612.7305,100.0,100.0,68.7,53.5,58.0,51.0,-0.77,0.0,15.3,74.0,1
2024-08-19,TRENT.NS,A_breakout_40d,A,6689.8999,7.0,6221.6069,100.0,73.1,70.5,75.7,58.0,85.3,3.4,3.0,25.6,82.8,1
2024-08-20,SBILIFE.NS,F_vwap_reclaim,F,1761.3,4.29,1685.7493,87.6,100.0,90.3,64.0,74.3,32.7,1.99,3.0,9.8,74.4,1
2024-08-21,DIVISLAB.NS,F_vwap_reclaim,F,4900.7998,2.41,4782.6523,100.0,100.0,81.6,59.0,85.5,32.7,0.64,2.54,9.8,76.7,1
2024-08-21,SBILIFE.NS,A_breakout_40d,A,1800.6,7.0,1674.558,89.3,65.1,76.9,67.8,58.0,85.3,2.08,3.0,25.6,79.6,1
2024-08-22,BAJAJ-AUTO.NS,A_breakout_40d,A,9914.2002,7.0,9220.2062,100.0,52.1,70.4,61.0,58.0,85.3,0.25,1.0,25.6,76.1,1
2024-08-22,DABUR.NS,C_macd_crossover,C,646.15,7.0,600.9195,100.0,64.0,66.9,60.4,58.0,51.0,0.43,1.73,15.3,68.4,1
2024-08-22,GODREJCP.NS,B_pullback_rebound,B,1440.3,5.7,1358.15,100.0,49.1,70.0,52.7,65.8,25.3,0.01,0.03,7.6,57.3,1
2024-08-22,GRASIM.NS,C_macd_crossover,C,2755.1499,7.0,2562.2894,100.0,100.0,85.6,59.9,58.0,51.0,1.18,3.0,15.3,79.3,1
2024-08-22,INDIGO.NS,C_macd_crossover,C,4483.1499,6.38,4197.2002,100.0,100.0,88.1,61.6,61.7,51.0,-0.03,0.0,15.3,82.2,2
2024-08-22,INDIGO.NS,F_vwap_reclaim,F,4483.1499,3.99,4304.2592,100.0,100.0,88.1,61.6,76.1,65.0,-0.03,0.0,19.5,88.4,2
2024-08-22,TATACONSUM.NS,B_pullback_rebound,B,1205.8,3.91,1158.7,76.6,39.4,69.5,57.8,76.6,25.3,0.49,1.96,7.6,54.3,1
2024-08-23,BAJAJ-AUTO.NS,A_breakout_40d,A,10406.4502,7.0,9677.9987,100.0,89.7,100.0,72.8,58.0,85.3,0.24,0.96,25.6,87.8,1
2024-08-23,HINDUNILVR.NS,C_macd_crossover,C,2815.6001,3.87,2706.6001,81.6,52.1,66.2,71.8,76.8,51.0,0.8,3.0,15.3,66.5,1
2024-08-23,INDIGO.NS,A_breakout_40d,A,4710.4502,7.0,4380.7187,100.0,88.6,100.0,70.6,58.0,85.3,0.03,0.13,25.6,86.7,1
2024-08-23,SUNPHARMA.NS,E_boll_squeeze,E,1775.75,2.28,1735.1775,100.0,100.0,69.1,72.7,86.3,23.0,1.66,3.0,6.9,73.1,1
2024-08-23,TVSMOTOR.NS,A_breakout_40d,A,2767.0,7.0,2573.31,100.0,68.0,78.3,72.8,58.0,85.3,1.07,3.0,25.6,82.7,1
2024-08-26,HINDALCO.NS,A_breakout_40d,A,711.85,7.0,662.0205,100.0,55.5,70.7,67.9,58.0,85.3,0.18,0.72,25.6,76.7,1
2024-08-27,DRREDDY.NS,B_pullback_rebound,B,1392.59,2.94,1351.63,92.8,43.4,68.5,57.5,82.4,25.3,1.38,3.0,7.6,60.0,1
2024-08-27,SBILIFE.NS,A_breakout_40d,A,1838.95,7.0,1710.2235,95.6,67.0,73.9,70.6,58.0,85.3,2.31,3.0,25.6,81.0,1
2024-08-27,SHRIRAMFIN.NS,A_breakout_40d,A,645.89,7.0,600.6777,100.0,67.0,70.8,68.2,58.0,85.3,2.12,3.0,25.6,81.4,1
2024-08-28,DIVISLAB.NS,A_breakout_40d,A,5030.7002,7.0,4678.5512,100.0,56.3,71.0,63.4,58.0,85.3,0.85,3.0,25.6,79.1,1
2024-08-28,INDIGO.NS,A_breakout_40d,A,4859.8501,7.0,4519.6606,100.0,69.1,75.7,75.3,58.0,85.3,0.79,3.0,25.6,82.6,1
2024-08-28,TRENT.NS,A_breakout_40d,A,7242.1001,7.0,6735.1531,100.0,78.9,75.2,78.9,58.0,85.3,3.5,3.0,25.6,84.6,1
2024-08-29,BAJAJ-AUTO.NS,A_breakout_40d,A,10807.8496,7.0,10051.3001,100.0,61.3,82.5,79.2,58.0,85.3,0.68,2.73,25.6,81.8,1
2024-08-29,CIPLA.NS,A_breakout_40d,A,1618.55,7.0,1505.2515,92.7,50.2,77.4,65.5,58.0,85.3,0.32,1.3,25.6,75.6,1
2024-08-29,HCLTECH.NS,A_breakout_40d,A,1751.85,7.0,1629.2205,76.7,65.1,81.7,72.9,58.0,85.3,1.79,3.0,25.6,77.9,1
2024-08-29,HINDUNILVR.NS,B_pullback_rebound,B,2785.25,2.82,2706.6001,84.9,41.2,66.5,60.8,83.1,25.3,1.08,3.0,7.6,57.9,1
2024-08-30,BHARTIARTL.NS,A_breakout_40d,A,1589.05,7.0,1477.8165,100.0,61.8,100.0,73.7,58.0,85.3,0.87,3.0,25.6,84.3,1
2024-08-30,BRITANNIA.NS,C_macd_crossover,C,5855.25,3.29,5662.5,100.0,56.7,72.2,58.5,80.2,51.0,0.7,2.8,15.3,71.8,1
2024-08-30,CIPLA.NS,A_breakout_40d,A,1654.9,7.0,1539.057,92.6,68.0,82.3,71.6,58.0,85.3,0.39,1.56,25.6,80.3,1
2024-08-30,DLF.NS,F_vwap_reclaim,F,845.1,1.41,833.2111,69.1,66.5,70.1,50.5,91.6,32.7,-0.34,0.0,9.8,65.4,2
2024-08-30,DRREDDY.NS,F_vwap_reclaim,F,1406.27,2.37,1372.9198,95.4,100.0,81.0,59.7,85.8,32.7,1.42,3.0,9.8,81.2,2
2024-08-30,HCLTECH.NS,A_breakout_40d,A,1753.25,7.0,1630.5225,77.9,50.6,76.8,73.0,58.0,85.3,1.88,3.0,25.6,74.6,1
2024-08-30,INDUSTOWER.NS,A_breakout_40d,A,458.5,7.0,426.405,100.0,70.9,77.4,71.4,58.0,85.3,2.61,3.0,25.6,83.1,1
2024-08-30,INFY.NS,A_breakout_40d,A,1943.7,7.0,1807.641,100.0,51.9,86.0,72.1,58.0,85.3,2.47,3.0,25.6,80.4,1
2024-08-30,PIDILITIND.NS,B_pullback_rebound,B,1561.65,3.14,1512.55,93.6,41.4,69.8,53.4,81.1,25.3,-0.01,0.0,7.6,56.6,1
2024-08-30,SBILIFE.NS,A_breakout_40d,A,1850.3,7.0,1720.779,100.0,52.9,71.3,71.7,58.0,85.3,2.33,3.0,25.6,78.7,1
2024-08-30,SUNPHARMA.NS,C_macd_crossover,C,1821.65,5.11,1728.65,100.0,63.7,68.7,75.2,69.4,51.0,1.77,3.0,15.3,71.9,1
2024-08-30,TCS.NS,A_breakout_40d,A,4553.75,7.0,4234.9875,85.3,50.4,74.6,68.3,58.0,85.3,1.65,3.0,25.6,75.6,1
2024-09-02,ADANIGREEN.NS,A_breakout_40d,A,1945.7,7.0,1809.501,78.0,58.8,90.5,63.3,58.0,85.3,0.39,1.55,25.6,81.2,3
2024-09-02,ADANIGREEN.NS,F_vwap_reclaim,F,1945.7,6.35,1822.0625,78.0,100.0,90.5,63.3,61.9,65.0,0.39,1.55,19.5,83.9,3
2024-09-02,ADANIPOWER.NS,D_rsi_bounce,D,134.04,6.22,125.7,100.0,100.0,73.5,46.1,62.7,0.0,-1.38,0.0,0.0,59.7,1
2024-09-02,BAJAJ-AUTO.NS,A_breakout_40d,A,11126.0996,7.0,10347.2726,100.0,67.2,83.3,83.1,58.0,85.3,1.01,3.0,25.6,83.5,1
2024-09-02,HCLTECH.NS,A_breakout_40d,A,1806.65,7.0,1680.1845,79.4,74.4,72.4,78.1,58.0,85.3,1.98,3.0,25.6,79.2,1
2024-09-02,JIOFIN.NS,F_vwap_reclaim,F,344.9,5.64,325.464,96.9,100.0,100.0,60.7,66.2,32.7,-0.95,0.0,9.8,73.3,1
2024-09-02,MAXHEALTH.NS,C_macd_crossover,C,881.95,5.14,836.6,100.0,100.0,67.8,51.2,69.1,51.0,-0.5,0.0,15.3,75.3,1
2024-09-02,SBILIFE.NS,A_breakout_40d,A,1888.75,7.0,1756.5375,100.0,66.6,74.7,75.4,58.0,85.3,2.43,3.0,25.6,82.0,1
2024-09-03,SBILIFE.NS,A_breakout_40d,A,1928.65,7.0,1793.6445,100.0,66.9,84.2,78.5,58.0,85.3,2.52,3.0,25.6,83.4,1
2024-09-04,ASIANPAINT.NS,A_breakout_40d,A,3231.6499,7.0,3005.4344,51.8,61.3,85.6,69.2,58.0,85.3,0.85,3.0,25.6,77.5,3
2024-09-04,ASIANPAINT.NS,C_macd_crossover,C,3231.6499,4.57,3084.05,51.8,84.1,85.6,69.2,72.6,55.3,0.85,3.0,16.6,75.1,3
2024-09-04,JSWSTEEL.NS,B_pullback_rebound,B,933.05,2.67,908.1,83.6,43.1,70.6,52.7,84.0,25.3,0.09,0.37,7.6,55.9,1
2024-09-04,PIDILITIND.NS,A_breakout_40d,A,1607.475,7.0,1494.9517,92.1,55.4,89.1,63.5,58.0,85.3,0.08,0.34,25.6,77.0,1
2024-09-04,SUNPHARMA.NS,C_macd_crossover,C,1832.85,4.61,1748.4,100.0,54.6,65.5,74.4,72.4,51.0,1.98,3.0,15.3,70.1,1
2024-09-05,ETERNAL.NS,B_pullback_rebound,B,254.85,5.67,240.4,100.0,59.0,76.7,55.5,66.0,25.3,2.29,3.0,7.6,63.3,1
2024-09-05,HINDUNILVR.NS,C_macd_crossover,C,2838.45,3.29,2745.0,90.5,51.5,64.3,68.0,80.2,51.0,1.34,3.0,15.3,68.3,1
2024-09-06,ASIANPAINT.NS,A_breakout_40d,A,3273.7,7.0,3044.541,54.1,58.8,80.0,72.7,58.0,85.3,1.08,3.0,25.6,76.9,2
2024-09-06,ETERNAL.NS,B_pullback_rebound,B,259.95,7.0,241.7535,100.0,42.3,65.1,58.9,58.0,25.3,2.25,3.0,7.6,57.4,1
2024-09-06,MAXHEALTH.NS,E_boll_squeeze,E,898.55,2.92,872.355,100.0,100.0,69.5,57.0,82.5,23.0,-0.25,0.0,6.9,69.2,1
2024-09-09,DABUR.NS,A_breakout_40d,A,662.35,7.0,615.9855,100.0,59.5,94.5,64.0,58.0,85.3,0.82,3.0,25.6,82.8,1
2024-09-09,HINDUNILVR.NS,A_breakout_40d,A,2921.8,7.0,2717.274,93.0,72.7,79.0,77.1,58.0,85.3,1.51,3.0,25.6,82.4,1
2024-09-09,PIDILITIND.NS,A_breakout_40d,A,1636.975,7.0,1522.3867,90.8,60.0,78.6,68.7,58.0,85.3,0.25,1.02,25.6,77.2,1
2024-09-09,TATACONSUM.NS,B_pullback_rebound,B,1192.05,1.95,1168.75,78.3,49.0,73.2,51.2,88.3,25.3,0.85,3.0,7.6,59.5,1
2024-09-10,DABUR.NS,A_breakout_40d,A,665.25,7.0,618.6825,100.0,53.5,74.0,65.2,58.0,85.3,0.87,3.0,25.6,79.0,1
2024-09-10,DIVISLAB.NS,A_breakout_40d,A,5426.4502,7.0,5046.5987,100.0,89.1,100.0,76.3,58.0,85.3,1.37,3.0,25.6,89.8,1
2024-09-10,INFY.NS,B_pullback_rebound,B,1912.3,2.01,1873.9,100.0,42.6,65.6,58.6,88.0,25.3,2.05,3.0,7.6,61.7,1
2024-09-10,NESTLEIND.NS,B_pullback_rebound,B,1267.75,1.87,1244.025,52.3,43.7,79.8,54.4,88.8,25.3,-0.06,0.0,7.6,51.2,1
2024-09-10,NTPC.NS,B_pullback_rebound,B,396.3,2.78,385.3,100.0,65.5,64.7,45.6,83.3,25.3,0.74,2.95,7.6,65.1,1
2024-09-10,TATACONSUM.NS,B_pullback_rebound,B,1204.15,2.94,1168.75,78.6,42.1,69.3,55.2,82.4,25.3,0.83,3.0,7.6,56.9,1
2024-09-10,TATAPOWER.NS,C_macd_crossover,C,445.35,7.0,414.1755,94.0,100.0,100.0,61.4,58.0,51.0,-0.26,0.0,15.3,82.1,2
2024-09-10,TATAPOWER.NS,F_vwap_reclaim,F,445.35,5.42,421.2202,94.0,100.0,100.0,61.4,67.5,65.0,-0.26,0.0,19.5,87.6,2
2024-09-10,TECHM.NS,B_pullback_rebound,B,1607.4,2.03,1574.75,100.0,51.6,66.6,54.1,87.8,25.3,1.3,3.0,7.6,63.5,1
2024-09-11,ASIANPAINT.NS,A_breakout_40d,A,3367.45,7.0,3131.7285,57.6,67.6,86.3,79.2,58.0,85.3,1.33,3.0,25.6,80.4,2
2024-09-11,BAJAJ-AUTO.NS,A_breakout_40d,A,11420.75,7.0,10621.2975,100.0,71.2,100.0,78.8,58.0,85.3,1.5,3.0,25.6,86.3,1
2024-09-11,BRITANNIA.NS,A_breakout_40d,A,6008.6499,7.0,5588.0444,100.0,55.2,76.5,65.6,58.0,85.3,0.86,3.0,25.6,79.7,1
2024-09-11,ETERNAL.NS,A_breakout_40d,A,271.75,7.0,252.7275,100.0,62.1,77.1,65.9,58.0,85.3,2.72,3.0,25.6,86.1,2
2024-09-11,ETERNAL.NS,C_macd_crossover,C,271.75,7.0,252.7275,100.0,90.5,77.1,65.9,58.0,55.3,2.72,3.0,16.6,82.8,2
2024-09-11,INDUSTOWER.NS,B_pullback_rebound,B,428.0,3.27,414.0,100.0,56.8,67.5,50.3,80.4,25.3,1.5,3.0,7.6,63.5,1
2024-09-12,ADANIPORTS.NS,F_vwap_reclaim,F,1472.6,1.06,1457.0339,100.0,52.3,86.8,49.1,93.7,32.7,-0.19,0.0,9.8,66.1,1
2024-09-12,APOLLOHOSP.NS,A_breakout_40d,A,7061.7998,7.0,6567.4738,86.2,64.7,83.5,67.4,58.0,85.3,1.19,3.0,25.6,84.8,2
2024-09-12,APOLLOHOSP.NS,C_macd_crossover,C,7061.7998,4.27,6760.2998,86.2,62.0,83.5,67.4,74.4,55.3,1.19,3.0,16.6,77.5,2
2024-09-12,BAJAJ-AUTO.NS,A_breakout_40d,A,11723.5,7.0,10902.855,100.0,71.2,98.9,82.1,58.0,85.3,1.73,3.0,25.6,86.3,1
2024-09-12,BHARTIARTL.NS,A_breakout_40d,A,1646.75,7.0,1531.4775,100.0,79.0,71.4,75.0,58.0,85.3,0.86,3.0,25.6,84.1,1
2024-09-12,BRITANNIA.NS,A_breakout_40d,A,6109.25,7.0,5681.6025,100.0,63.4,82.4,70.8,58.0,85.3,0.93,3.0,25.6,87.2,2
2024-09-12,EICHERMOT.NS,F_vwap_reclaim,F,4875.0,1.37,4808.236,100.0,65.0,79.1,54.0,91.8,32.7,0.19,0.75,9.8,73.3,2
2024-09-12,HINDALCO.NS,B_pullback_rebound,B,676.2,4.55,645.4,98.8,51.7,66.4,52.7,72.7,25.3,-0.38,0.0,7.6,58.1,1
2024-09-12,INFY.NS,F_vwap_reclaim,F,1950.45,2.94,1893.1169,100.0,100.0,71.0,64.4,82.4,32.7,1.88,3.0,9.8,75.5,1
2024-09-12,ITC.NS,A_breakout_40d,A,500.2345,7.0,465.2181,94.4,58.0,71.9,65.7,58.0,85.3,1.8,3.0,25.6,78.5,1
2024-09-12,JSWSTEEL.NS,F_vwap_reclaim,F,954.8,3.0,926.1962,80.5,100.0,73.7,59.2,82.0,32.7,0.03,0.11,9.8,73.8,2
2024-09-12,KOTAKBANK.NS,C_macd_crossover,C,365.49,3.88,351.3,57.6,100.0,72.0,62.0,76.7,51.0,-0.05,0.0,15.3,73.8,3
2024-09-12,KOTAKBANK.NS,F_vwap_reclaim,F,365.49,2.94,354.7485,57.6,100.0,72.0,62.0,82.4,65.0,-0.05,0.0,19.5,78.8,3
2024-09-12,MAXHEALTH.NS,F_vwap_reclaim,F,913.8,4.81,869.8632,100.0,100.0,88.5,60.6,71.2,32.7,-0.35,0.0,9.8,73.1,1
2024-09-12,NTPC.NS,F_vwap_reclaim,F,404.85,1.16,400.1384,100.0,56.6,75.4,52.6,93.0,32.7,0.58,2.32,9.8,72.8,2
2024-09-12,ONGC.NS,D_rsi_bounce,D,294.05,3.67,283.25,100.0,100.0,63.2,36.4,78.0,0.0,0.79,3.0,0.0,63.2,1
2024-09-12,POWERGRID.NS,C_macd_crossover,C,338.2,4.33,323.55,100.0,67.8,68.8,53.0,74.0,51.0,0.08,0.34,15.3,70.1,1
2024-09-12,SBIN.NS,D_rsi_bounce,D,787.75,2.84,765.4,100.0,100.0,65.8,40.3,83.0,0.0,-0.72,0.0,0.0,61.4,1
2024-09-12,SHRIRAMFIN.NS,A_breakout_40d,A,680.15,7.0,632.5395,100.0,70.5,70.9,71.3,58.0,85.3,1.28,3.0,25.6,87.2,3
2024-09-12,SHRIRAMFIN.NS,C_macd_crossover,C,680.15,6.65,634.91,100.0,97.2,70.9,71.3,60.1,55.3,1.28,3.0,16.6,83.8,3
2024-09-12,TATACONSUM.NS,C_macd_crossover,C,1222.75,4.42,1168.75,79.2,75.6,78.4,60.9,73.5,51.0,0.9,3.0,15.3,71.6,1
2024-09-12,TCS.NS,B_pullback_rebound,B,4517.7002,1.93,4430.5,92.4,46.1,69.0,60.6,88.4,25.3,1.28,3.0,7.6,61.5,1
2024-09-12,TECHM.NS,B_pullback_rebound,B,1643.25,4.17,1574.75,100.0,39.4,64.4,60.2,75.0,25.3,1.09,3.0,7.6,59.2,1
2024-09-13,DLF.NS,F_vwap_reclaim,F,863.6,3.31,835.0475,62.2,100.0,79.7,57.7,80.2,32.7,0.1,0.4,9.8,70.9,2
2024-09-13,GOLDBEES.NS,E_boll_squeeze,E,61.64,1.82,60.519,74.7,100.0,71.0,63.1,89.1,23.0,0.01,0.03,6.9,65.4,1
2024-09-13,PIDILITIND.NS,A_breakout_40d,A,1655.0,7.0,1539.15,89.9,58.8,71.5,68.7,58.0,85.3,0.46,1.84,25.6,76.6,1
2024-09-13,SILVERBEES.NS,C_macd_crossover,C,84.12,6.32,78.8,80.9,100.0,90.1,58.9,62.1,51.0,-0.56,0.0,15.3,78.7,2
2024-09-13,SILVERBEES.NS,F_vwap_reclaim,F,84.12,3.45,81.2198,80.9,100.0,90.1,58.9,79.3,65.0,-0.56,0.0,19.5,85.3,2
2024-09-13,VEDL.NS,B_pullback_rebound,B,454.05,6.5,424.55,100.0,52.9,64.7,51.8,61.0,25.3,-0.28,0.0,7.6,56.7,1
2024-09-13,WIPRO.NS,C_macd_crossover,C,275.3,6.78,256.625,88.4,100.0,85.6,62.0,59.3,51.0,0.02,0.08,15.3,74.4,1
2024-09-16,ADANIGREEN.NS,F_vwap_reclaim,F,1930.8,2.94,1874.0208,68.6,100.0,100.0,58.6,82.4,32.7,0.35,1.38,9.8,71.2,1
2024-09-16,ADANIPOWER.NS,C_macd_crossover,C,133.19,6.75,124.2,100.0,100.0,90.7,51.4,59.5,51.0,-1.04,0.0,15.3,82.0,2
2024-09-17,ADANIGREEN.NS,A_breakout_40d,A,1954.4,7.0,1817.592,68.2,53.6,100.0,60.6,58.0,85.3,0.5,1.99,25.6,79.9,2
2024-09-17,ADANIGREEN.NS,C_macd_crossover,C,1954.4,7.0,1817.592,68.2,75.5,100.0,60.6,58.0,55.3,0.5,1.99,16.6,75.3,2
2024-09-17,GODREJCP.NS,B_pullback_rebound,B,1459.4,2.96,1416.2,100.0,53.9,64.3,49.4,82.2,25.3,0.76,3.0,7.6,62.7,1
2024-09-17,HEROMOTOCO.NS,A_breakout_40d,A,5961.2002,7.0,5543.9162,100.0,71.8,74.2,73.6,58.0,85.3,0.42,1.66,25.6,81.6,1
2024-09-17,MAXHEALTH.NS,A_breakout_40d,A,964.7,7.0,897.171,100.0,63.7,79.8,70.6,58.0,85.3,-0.06,0.0,25.6,78.9,1
2024-09-18,HEROMOTOCO.NS,A_breakout_40d,A,5964.75,7.0,5547.2175,100.0,50.5,77.4,73.7,58.0,85.3,0.57,2.27,25.6,78.4,1
2024-09-18,NESTLEIND.NS,E_boll_squeeze,E,1298.575,2.71,1263.3612,51.2,94.5,66.9,66.7,83.7,23.0,-0.05,0.0,6.9,58.4,1
2024-09-18,SHRIRAMFIN.NS,A_breakout_40d,A,714.94,7.0,664.8942,100.0,85.1,76.7,76.9,58.0,85.3,2.01,3.0,25.6,86.0,1
2024-09-19,ADANIGREEN.NS,A_breakout_40d,A,1962.95,7.0,1825.5435,67.5,53.5,100.0,61.3,58.0,85.3,0.86,3.0,25.6,75.8,1
2024-09-19,NESTLEIND.NS,A_breakout_40d,A,1317.1,7.0,1224.903,50.9,61.4,92.2,71.8,58.0,85.3,-0.04,0.0,25.6,70.3,1
2024-09-19,NTPC.NS,A_breakout_40d,A,423.95,7.0,394.2735,100.0,50.9,100.0,62.5,58.0,85.3,0.94,3.0,25.6,81.8,1
2024-09-19,TATACONSUM.NS,F_vwap_reclaim,F,1215.25,1.81,1193.1982,79.0,83.2,76.3,55.7,89.1,32.7,0.6,2.38,9.8,73.7,2
2024-09-20,ADANIGREEN.NS,A_breakout_40d,A,2003.95,7.0,1863.6735,67.5,66.7,100.0,65.0,58.0,85.3,1.11,3.0,25.6,78.5,1
2024-09-20,APOLLOHOSP.NS,C_macd_crossover,C,7082.6499,3.7,6820.4502,89.3,56.3,67.2,66.2,77.8,51.0,1.09,3.0,15.3,69.0,1
2024-09-20,AXISBANK.NS,A_breakout_40d,A,1245.0,7.0,1157.85,75.2,51.5,79.9,69.1,58.0,85.3,-0.41,0.0,25.6,71.5,1
2024-09-20,BHARTIARTL.NS,A_breakout_40d,A,1711.75,7.0,1591.9275,100.0,72.5,93.7,78.5,58.0,85.3,1.55,3.0,25.6,85.8,1
2024-09-20,BRITANNIA.NS,A_breakout_40d,A,6210.5498,7.0,5775.8113,100.0,59.9,79.7,72.0,58.0,85.3,0.92,3.0,25.6,81.2,1
2024-09-20,EICHERMOT.NS,F_vwap_reclaim,F,4963.1499,2.85,4821.8983,100.0,100.0,100.0,60.3,82.9,32.7,0.24,0.94,9.8,77.1,1
2024-09-20,GODREJCP.NS,B_pullback_rebound,B,1456.6,2.77,1416.2,100.0,57.4,73.8,49.5,83.4,25.3,0.32,1.27,7.6,63.1,1
2024-09-20,HCLTECH.NS,B_pullback_rebound,B,1760.05,2.19,1721.5,95.0,54.3,71.7,54.8,86.9,25.3,1.53,3.0,7.6,63.6,1
2024-09-20,HDFCLIFE.NS,B_pullback_rebound,B,711.1,2.75,691.55,100.0,66.0,82.0,49.9,83.5,25.3,1.22,3.0,7.6,67.6,1
2024-09-20,HINDALCO.NS,F_vwap_reclaim,F,694.4,2.44,677.448,92.7,100.0,74.2,59.3,85.4,32.7,-0.17,0.0,9.8,71.7,1
2024-09-20,HINDUNILVR.NS,A_breakout_40d,A,2977.6001,7.0,2769.1681,100.0,55.7,78.1,69.7,58.0,85.3,1.22,3.0,25.6,85.1,2
2024-09-20,HINDUNILVR.NS,C_macd_crossover,C,2977.6001,5.72,2807.3999,100.0,80.7,78.1,69.7,65.7,55.3,1.22,3.0,16.6,82.2,2
2024-09-20,ICICIBANK.NS,A_breakout_40d,A,1338.45,7.0,1244.7585,98.7,78.8,100.0,79.8,58.0,85.3,0.42,1.69,25.6,86.3,1
2024-09-20,INFY.NS,B_pullback_rebound,B,1905.75,1.41,1878.8,100.0,57.3,89.5,52.5,91.5,25.3,1.45,3.0,7.6,68.1,1
2024-09-20,ITC.NS,F_vwap_reclaim,F,495.3236,2.01,485.3664,100.0,91.2,78.7,59.4,87.9,32.7,1.38,3.0,9.8,80.4,2
2024-09-20,JSWSTEEL.NS,A_breakout_40d,A,981.55,7.0,912.8415,78.6,58.7,100.0,63.5,58.0,85.3,0.27,1.07,25.6,82.2,2
2024-09-20,JSWSTEEL.NS,F_vwap_reclaim,F,981.55,4.11,941.2304,78.6,100.0,100.0,63.5,75.4,65.0,0.27,1.07,19.5,86.8,2
2024-09-20,KOTAKBANK.NS,A_breakout_40d,A,380.9,7.0,354.237,57.2,63.9,100.0,74.3,58.0,85.3,0.09,0.34,25.6,73.5,1
2024-09-20,M&M.NS,A_breakout_40d,A,2950.8501,7.0,2744.2906,100.0,54.9,100.0,68.2,58.0,85.3,-0.14,0.0,25.6,79.7,1
2024-09-20,MARUTI.NS,F_vwap_reclaim,F,12614.5,3.06,12229.0463,76.7,100.0,71.9,60.7,81.7,32.7,-0.02,0.0,9.8,72.7,2
2024-09-20,MAXHEALTH.NS,A_breakout_40d,A,1067.95,7.0,993.1935,100.0,100.0,100.0,82.1,58.0,85.3,0.73,2.93,25.6,92.1,1
2024-09-20,NESTLEIND.NS,A_breakout_40d,A,1349.775,7.0,1255.2908,51.0,69.8,83.8,78.2,58.0,85.3,0.04,0.17,25.6,71.3,1
2024-09-20,RELIANCE.NS,C_macd_crossover,C,1485.925,2.7,1445.875,70.7,50.6,80.8,50.8,83.8,51.0,-0.74,0.0,15.3,63.3,1
2024-09-20,SIEMENS.NS,F_vwap_reclaim,F,4010.8208,1.8,3938.7851,100.0,82.4,84.4,51.5,89.2,32.7,-1.51,0.0,9.8,71.3,1
2024-09-20,TECHM.NS,B_pullback_rebound,B,1622.05,2.92,1574.75,100.0,53.6,79.2,53.4,82.5,25.3,1.04,3.0,7.6,64.8,1
2024-09-20,TVSMOTOR.NS,F_vwap_reclaim,F,2815.6001,2.12,2755.9511,100.0,95.7,70.5,62.2,87.3,32.7,1.51,3.0,9.8,80.2,2
2024-09-23,ADANIGREEN.NS,A_breakout_40d,A,2031.2,7.0,1889.016,67.6,60.9,82.0,67.2,58.0,85.3,1.24,3.0,25.6,75.1,1
2024-09-23,DLF.NS,A_breakout_40d,A,909.65,7.0,845.9745,60.3,68.4,88.1,68.0,58.0,85.3,0.43,1.74,25.6,74.7,1
2024-09-23,TVSMOTOR.NS,A_breakout_40d,A,2845.2,7.0,2646.036,100.0,51.0,78.2,65.4,58.0,85.3,1.42,3.0,25.6,79.0,1
2024-09-24,DLF.NS,A_breakout_40d,A,917.0,7.0,852.81,60.5,56.5,78.2,69.4,58.0,85.3,0.59,2.37,25.6,71.8,1
2024-09-24,HINDALCO.NS,A_breakout_40d,A,717.85,7.0,667.6005,91.4,56.7,93.3,66.3,58.0,85.3,-0.04,0.0,25.6,77.5,1
2024-09-24,JSWSTEEL.NS,A_breakout_40d,A,989.7,7.0,920.421,78.7,56.2,88.2,65.5,58.0,85.3,0.43,1.73,25.6,75.8,1
2024-09-24,TATAPOWER.NS,A_breakout_40d,A,468.75,7.0,435.9375,84.1,57.5,93.7,70.2,58.0,85.3,0.29,1.18,25.6,77.5,1
2024-09-24,TATASTEEL.NS,E_boll_squeeze,E,160.53,5.17,152.229,52.9,94.8,100.0,63.9,69.0,23.0,-1.06,0.0,6.9,61.0,1
2024-09-24,VEDL.NS,A_breakout_40d,A,470.2,7.0,437.286,100.0,53.0,78.4,60.1,58.0,85.3,-0.06,0.0,25.6,81.3,3
2024-09-24,VEDL.NS,F_vwap_reclaim,F,470.2,3.86,452.0269,100.0,100.0,78.4,60.1,76.8,65.0,-0.06,0.0,19.5,87.2,3
2024-09-25,EICHERMOT.NS,B_pullback_rebound,B,4895.25,3.95,4702.0,100.0,43.1,67.3,53.8,76.3,25.3,0.1,0.38,7.6,57.7,1
2024-09-25,GOLDBEES.NS,A_breakout_40d,A,63.66,7.0,59.2038,72.3,58.5,75.8,74.5,58.0,85.3,0.19,0.75,25.6,72.7,1
2024-09-25,HINDALCO.NS,A_breakout_40d,A,718.45,7.0,668.1585,90.8,50.7,71.8,66.5,58.0,85.3,0.05,0.2,25.6,73.5,1
2024-09-25,POWERGRID.NS,A_breakout_40d,A,363.75,7.0,338.2875,100.0,55.9,91.1,74.6,58.0,85.3,0.08,0.32,25.6,79.3,1
2024-09-25,SILVERBEES.NS,A_breakout_40d,A,88.11,7.0,81.9423,74.2,63.9,72.1,65.7,58.0,85.3,-0.38,0.0,25.6,72.7,1
2024-09-25,TATASTEEL.NS,E_boll_squeeze,E,161.66,5.59,152.627,52.0,84.8,67.0,65.5,66.5,23.0,-0.85,0.0,6.9,54.2,1
2024-09-25,VEDL.NS,A_breakout_40d,A,479.85,7.0,446.2605,100.0,66.4,71.4,63.9,58.0,85.3,0.11,0.42,25.6,78.6,1
2024-09-26,DRREDDY.NS,C_macd_crossover,C,1348.88,3.88,1296.5,94.8,100.0,67.3,52.6,76.7,51.0,-0.02,0.0,15.3,75.3,1
2024-09-26,EICHERMOT.NS,A_breakout_40d,A,4994.25,7.0,4644.6525,100.0,54.1,71.7,61.0,58.0,85.3,0.11,0.45,25.6,76.2,1
2024-09-26,GRASIM.NS,B_pullback_rebound,B,2745.8501,5.9,2583.95,100.0,40.7,69.1,54.8,64.6,25.3,-0.52,0.0,7.6,55.4,1
2024-09-26,HINDALCO.NS,A_breakout_40d,A,734.65,7.0,683.2245,90.6,68.0,73.9,70.7,58.0,85.3,0.25,1.0,25.6,78.2,1
2024-09-26,INFY.NS,B_pullback_rebound,B,1900.25,1.73,1867.4,100.0,58.4,68.4,51.4,89.6,25.3,1.14,3.0,7.6,65.3,1
2024-09-26,MARUTI.NS,A_breakout_40d,A,13383.7998,7.0,12446.9338,75.5,51.5,89.8,77.3,58.0,85.3,0.14,0.56,25.6,73.7,1
2024-09-26,RELIANCE.NS,B_pullback_rebound,B,1497.95,3.48,1445.875,66.0,42.4,65.8,55.0,79.1,25.3,-0.63,0.0,7.6,50.6,1
2024-09-26,TATASTEEL.NS,A_breakout_40d,A,165.61,7.0,154.0173,51.4,51.4,79.2,70.3,58.0,85.3,-0.59,0.0,25.6,66.7,1
2024-09-26,TRENT.NS,A_breakout_40d,A,7845.3999,7.0,7296.2219,100.0,73.3,93.8,81.8,58.0,85.3,3.15,3.0,25.6,91.0,3
2024-09-26,TRENT.NS,C_macd_crossover,C,7845.3999,7.0,7296.2219,100.0,84.1,93.8,81.8,58.0,55.3,3.15,3.0,16.6,84.2,3
2024-09-26,VEDL.NS,A_breakout_40d,A,501.75,7.0,466.6275,100.0,86.5,90.3,70.7,58.0,85.3,0.38,1.54,25.6,86.4,1
2024-09-27,APOLLOHOSP.NS,A_breakout_40d,A,7234.0,7.0,6727.62,91.7,57.4,83.1,72.0,58.0,85.3,1.09,3.0,25.6,84.5,2
2024-09-27,BPCL.NS,A_breakout_40d,A,367.3,7.0,341.589,100.0,64.6,100.0,67.3,58.0,85.3,1.05,3.0,25.6,89.7,3
2024-09-27,BPCL.NS,F_vwap_reclaim,F,367.3,5.86,345.7793,100.0,100.0,100.0,67.3,64.8,65.0,1.05,3.0,19.5,91.6,3
2024-09-27,CIPLA.NS,A_breakout_40d,A,1672.5,7.0,1555.425,96.5,50.3,93.9,60.6,58.0,85.3,0.86,3.0,25.6,85.1,2
2024-09-27,CIPLA.NS,F_vwap_reclaim,F,1672.5,2.66,1628.0497,96.5,100.0,93.9,60.6,84.1,65.0,0.86,3.0,19.5,92.6,2
2024-09-27,DIVISLAB.NS,F_vwap_reclaim,F,5457.8999,2.31,5331.9059,100.0,100.0,100.0,67.3,86.1,32.7,1.67,3.0,9.8,79.9,1
2024-09-27,EICHERMOT.NS,A_breakout_40d,A,5062.6001,7.0,4708.2181,100.0,60.9,79.5,65.1,58.0,85.3,0.12,0.46,25.6,78.7,1
2024-09-27,GRASIM.NS,C_macd_crossover,C,2783.1499,7.0,2588.3294,100.0,56.0,75.9,58.2,58.0,51.0,-0.44,0.0,15.3,66.2,1
2024-09-27,HCLTECH.NS,B_pullback_rebound,B,1808.4,4.81,1721.4,98.1,38.2,70.3,63.0,71.1,25.3,1.31,3.0,7.6,58.9,1
2024-09-27,HDFCLIFE.NS,C_macd_crossover,C,730.2,5.29,691.55,100.0,60.3,66.5,57.3,68.2,51.0,1.2,3.0,15.3,70.3,1
2024-09-27,HINDALCO.NS,A_breakout_40d,A,747.15,7.0,694.8495,90.5,63.6,79.7,73.5,58.0,85.3,0.42,1.67,25.6,78.8,1
2024-09-27,INFY.NS,B_pullback_rebound,B,1906.75,2.06,1867.4,100.0,54.9,86.8,53.0,87.6,25.3,1.02,3.0,7.6,66.7,1
2024-09-27,IOC.NS,C_macd_crossover,C,180.01,7.0,167.4093,79.5,100.0,93.3,62.6,58.0,51.0,0.11,0.43,15.3,78.7,2
2024-09-27,IOC.NS,F_vwap_reclaim,F,180.01,3.92,172.9476,79.5,100.0,93.3,62.6,76.5,65.0,0.11,0.43,19.5,85.5,2
2024-09-27,ITC.NS,C_macd_crossover,C,503.3158,3.37,486.3685,100.0,63.7,68.2,65.0,79.8,51.0,1.12,3.0,15.3,73.0,1
2024-09-27,JIOFIN.NS,A_breakout_40d,A,359.15,7.0,334.0095,73.9,61.1,84.8,62.1,58.0,85.3,0.13,0.54,25.6,74.1,1
2024-09-27,M&M.NS,A_breakout_40d,A,3183.6499,7.0,2960.7944,100.0,50.6,81.4,79.1,58.0,85.3,1.35,3.0,25.6,79.8,1
2024-09-27,MARUTI.NS,A_breakout_40d,A,13495.5996,7.0,12550.9076,75.6,56.7,73.3,78.7,58.0,85.3,0.3,1.21,25.6,73.3,1
2024-09-27,NTPC.NS,A_breakout_40d,A,436.9,7.0,406.317,100.0,51.5,95.3,68.1,58.0,85.3,1.32,3.0,25.6,81.5,1
2024-09-27,PIDILITIND.NS,A_breakout_40d,A,1681.725,7.0,1564.0042,87.7,62.9,79.0,65.6,58.0,85.3,0.39,1.58,25.6,82.7,2
2024-09-27,PIDILITIND.NS,C_macd_crossover,C,1681.725,6.02,1580.55,87.7,92.4,79.0,65.6,63.9,55.3,0.39,1.58,16.6,80.4,2
2024-09-27,RELIANCE.NS,A_breakout_40d,A,1526.175,7.0,1419.3428,65.0,52.8,70.4,63.7,58.0,85.3,-0.58,0.0,25.6,68.3,1
2024-09-27,SIEMENS.NS,A_breakout_40d,A,4282.2788,7.0,3982.5193,100.0,61.9,78.6,68.5,58.0,85.3,-0.59,0.0,25.6,78.4,1
2024-09-27,SUNPHARMA.NS,A_breakout_40d,A,1948.7,7.0,1812.291,100.0,71.2,79.8,79.6,58.0,85.3,1.75,3.0,25.6,88.7,2
2024-09-27,SUNPHARMA.NS,C_macd_crossover,C,1948.7,6.11,1829.6,100.0,100.0,79.8,79.6,63.3,55.3,1.75,3.0,16.6,86.2,2
2024-09-27,TATAPOWER.NS,A_breakout_40d,A,485.5,7.0,451.515,83.2,65.9,79.3,75.7,58.0,85.3,0.8,3.0,25.6,79.1,1
2024-09-27,TATASTEEL.NS,A_breakout_40d,A,166.55,7.0,154.8915,50.8,54.5,71.6,71.3,58.0,85.3,-0.38,0.0,25.6,66.2,1
2024-09-27,TVSMOTOR.NS,A_breakout_40d,A,2949.7,7.0,2743.221,100.0,66.2,76.9,74.8,58.0,85.3,1.67,3.0,25.6,82.2,1
2024-09-30,BPCL.NS,A_breakout_40d,A,369.95,7.0,344.0535,100.0,55.8,77.1,68.5,58.0,85.3,1.25,3.0,25.6,80.0,1
2024-09-30,JSWSTEEL.NS,A_breakout_40d,A,1030.05,7.0,957.9465,80.3,69.5,75.2,71.8,58.0,85.3,0.84,3.0,25.6,78.6,1
2024-09-30,TATASTEEL.NS,A_breakout_40d,A,168.55,7.0,156.7515,50.9,59.6,77.2,73.4,58.0,85.3,-0.05,0.0,25.6,68.1,1
2024-10-01,SIEMENS.NS,A_breakout_40d,A,4409.3643,7.0,4100.7088,100.0,73.7,75.5,72.8,58.0,85.3,0.06,0.24,25.6,80.7,1
2024-10-01,TECHM.NS,F_vwap_reclaim,F,1625.4,1.56,1600.0637,100.0,72.7,83.4,53.4,90.6,32.7,0.61,2.44,9.8,76.9,2
2024-10-03,JSWSTEEL.NS,A_breakout_40d,A,1039.1,7.0,966.363,82.3,57.0,90.7,72.8,58.0,85.3,1.22,3.0,25.6,78.5,1
2024-10-04,INFY.NS,B_pullback_rebound,B,1918.15,2.65,1867.4,100.0,46.5,69.2,55.1,84.1,25.3,0.5,1.99,7.6,61.3,1
2024-10-07,ITC.NS,B_pullback_rebound,B,491.2794,1.7,482.9501,100.0,55.8,66.4,50.1,89.8,25.3,0.57,2.29,7.6,63.8,1
2024-10-08,BRITANNIA.NS,F_vwap_reclaim,F,6204.3999,1.39,6118.2373,100.0,65.8,74.6,55.5,91.7,32.7,0.66,2.63,9.8,74.8,2
2024-10-08,ETERNAL.NS,B_pullback_rebound,B,278.7,6.14,261.6,100.0,48.4,64.0,54.7,63.2,25.3,2.03,3.0,7.6,59.1,1
2024-10-08,MAXHEALTH.NS,B_pullback_rebound,B,955.85,5.03,907.75,96.8,55.7,71.7,52.0,69.8,25.3,0.05,0.2,7.6,58.9,1
2024-10-08,PIDILITIND.NS,B_pullback_rebound,B,1592.625,1.45,1569.525,86.5,71.0,64.4,44.5,91.3,25.3,0.32,1.28,7.6,62.9,1
2024-10-08,RELIANCE.NS,D_rsi_bounce,D,1397.35,2.57,1361.375,59.3,100.0,59.5,35.6,84.6,0.0,-0.62,0.0,0.0,52.5,1
2024-10-08,SHRIRAMFIN.NS,B_pullback_rebound,B,665.86,2.2,651.2,100.0,81.0,69.8,46.0,86.8,25.3,1.93,3.0,7.6,69.4,1
2024-10-08,TRENT.NS,A_breakout_40d,A,8041.9502,7.0,7479.0137,100.0,70.0,75.4,70.8,58.0,85.3,3.45,3.0,25.6,87.6,3
2024-10-08,TRENT.NS,F_vwap_reclaim,F,8041.9502,5.56,7595.1612,100.0,100.0,75.4,70.8,66.7,65.0,3.45,3.0,19.5,88.8,3
2024-10-08,TVSMOTOR.NS,B_pullback_rebound,B,2740.55,4.36,2621.1499,100.0,68.7,67.4,47.5,73.9,25.3,0.99,3.0,7.6,64.9,1
2024-10-09,DIVISLAB.NS,A_breakout_40d,A,5989.75,7.0,5570.4675,100.0,100.0,100.0,83.2,58.0,85.3,1.76,3.0,25.6,97.2,3
2024-10-09,DIVISLAB.NS,C_macd_crossover,C,5989.75,7.0,5570.4675,100.0,100.0,100.0,83.2,58.0,55.3,1.76,3.0,16.6,88.2,3
2024-10-09,GODREJCP.NS,D_rsi_bounce,D,1333.4,2.49,1300.25,99.3,100.0,92.6,33.6,85.1,0.0,-1.02,0.0,0.0,64.8,1
2024-10-09,INDIGO.NS,B_pullback_rebound,B,4708.2998,5.9,4430.2998,100.0,70.6,66.7,48.4,64.6,25.3,0.46,1.85,7.6,62.7,1
2024-10-09,SIEMENS.NS,A_breakout_40d,A,4506.5127,7.0,4191.0568,100.0,67.6,73.9,66.3,58.0,85.3,0.65,2.58,25.6,81.4,1
2024-10-14,HDFCLIFE.NS,E_boll_squeeze,E,740.6,3.48,714.8375,100.0,100.0,67.1,62.3,79.1,23.0,0.25,1.0,6.9,69.6,1
2024-10-14,WIPRO.NS,F_vwap_reclaim,F,274.775,2.87,266.8928,77.2,100.0,89.3,59.2,82.8,32.7,0.18,0.71,9.8,70.9,1
2024-10-15,HCLTECH.NS,A_breakout_40d,A,1870.1,7.0,1739.193,100.0,56.1,78.5,69.8,58.0,85.3,1.2,3.0,25.6,80.2,1
2024-10-15,INDIGO.NS,B_pullback_rebound,B,4756.4502,6.86,4430.2998,100.0,53.9,76.4,51.2,58.9,25.3,0.6,2.41,7.6,60.5,1
2024-10-16,BPCL.NS,C_macd_crossover,C,350.75,6.41,328.25,100.0,54.5,66.7,55.1,61.5,51.0,-0.13,0.0,15.3,65.1,1
2024-10-16,HDFCLIFE.NS,F_vwap_reclaim,F,726.8,2.14,711.2573,100.0,96.5,73.0,54.0,87.2,32.7,0.24,0.95,9.8,78.4,2
2024-10-16,RELIANCE.NS,D_rsi_bounce,D,1354.075,0.99,1340.7,52.6,91.1,60.2,31.5,94.1,0.0,-0.9,0.0,0.0,50.7,1
2024-10-16,SIEMENS.NS,A_breakout_40d,A,4687.9541,7.0,4359.7973,100.0,61.8,92.4,71.7,58.0,85.3,1.23,3.0,25.6,83.2,1
2024-10-17,TECHM.NS,A_breakout_40d,A,1699.0,7.0,1580.07,100.0,53.1,70.5,61.0,58.0,85.3,1.04,3.0,25.6,78.3,1
2024-10-18,AXISBANK.NS,B_pullback_rebound,B,1196.85,6.09,1124.0,67.5,51.7,79.5,52.0,63.5,25.3,0.12,0.48,7.6,52.7,1
2024-10-18,SHRIRAMFIN.NS,B_pullback_rebound,B,668.93,2.95,649.19,100.0,72.4,74.2,48.2,82.3,25.3,1.33,3.0,7.6,67.7,1
2024-10-18,WIPRO.NS,F_vwap_reclaim,F,274.325,2.8,266.6488,78.8,100.0,100.0,57.3,83.2,32.7,0.75,3.0,9.8,79.9,2
2024-10-21,BAJAJ-AUTO.NS,D_rsi_bounce,D,10500.5,6.28,9841.0996,100.0,100.0,96.6,36.1,62.3,0.0,1.08,3.0,0.0,65.4,1
2024-10-21,HDFCBANK.NS,C_macd_crossover,C,864.35,6.69,806.5,81.4,76.5,68.1,58.4,59.8,51.0,0.39,1.57,15.3,67.5,1
2024-10-21,M&M.NS,B_pullback_rebound,B,2998.2,2.79,2914.7,100.0,77.2,67.9,48.6,83.3,25.3,1.21,3.0,7.6,68.0,1
2024-10-21,SILVERBEES.NS,A_breakout_40d,A,94.64,7.0,88.0152,78.9,92.6,84.8,71.9,58.0,85.3,1.33,3.0,25.6,89.2,3
2024-10-21,SILVERBEES.NS,C_macd_crossover,C,94.64,7.0,88.0152,78.9,100.0,84.8,71.9,58.0,55.3,1.33,3.0,16.6,81.7,3
2024-10-21,TECHM.NS,A_breakout_40d,A,1701.2,7.0,1582.116,100.0,51.0,85.8,60.6,58.0,85.3,1.3,3.0,25.6,79.9,1
2024-10-22,ICICIBANK.NS,F_vwap_reclaim,F,1267.5,1.17,1252.7004,95.4,56.8,72.2,54.0,93.0,32.7,0.68,2.71,9.8,72.0,2
2024-10-23,BAJFINANCE.NS,D_rsi_bounce,D,699.58,5.03,664.365,63.5,100.0,84.8,43.8,69.8,0.0,0.35,1.42,0.0,56.2,1
2024-10-23,TECHM.NS,A_breakout_40d,A,1735.95,7.0,1614.4335,100.0,66.3,70.6,64.8,58.0,85.3,1.34,3.0,25.6,81.1,1
2024-10-24,ADANIPOWER.NS,D_rsi_bounce,D,120.97,4.43,115.61,62.2,100.0,75.3,38.6,73.4,0.0,-1.41,0.0,0.0,53.7,1
2024-10-25,AXISBANK.NS,C_macd_crossover,C,1189.35,5.49,1124.0,67.7,90.6,64.9,51.2,67.0,51.0,0.21,0.84,15.3,67.1,1
2024-10-25,GODREJCP.NS,D_rsi_bounce,D,1291.25,4.07,1238.7,82.0,100.0,76.2,37.7,75.6,0.0,-0.86,0.0,0.0,58.0,1
2024-10-25,HCLTECH.NS,B_pullback_rebound,B,1852.35,3.18,1793.5,100.0,38.8,69.5,60.5,80.9,25.3,1.43,3.0,7.6,60.5,1
2024-10-25,ITC.NS,D_rsi_bounce,D,464.414,2.55,452.5702,100.0,100.0,86.1,39.6,84.7,0.0,-0.27,0.0,0.0,64.2,1
2024-10-25,SUNPHARMA.NS,B_pullback_rebound,B,1860.4,1.66,1829.45,100.0,67.0,64.2,46.0,90.0,25.3,0.7,2.81,7.6,66.1,1
2024-10-28,BPCL.NS,D_rsi_bounce,D,310.4,2.35,303.1,100.0,95.1,63.6,33.0,85.9,0.0,-0.36,0.0,0.0,60.3,1
2024-10-28,ICICIBANK.NS,C_macd_crossover,C,1292.85,5.84,1217.4,95.9,100.0,76.7,60.4,65.0,51.0,0.74,2.96,15.3,83.4,2
2024-10-28,ICICIBANK.NS,F_vwap_reclaim,F,1292.85,3.86,1242.9077,95.9,100.0,76.7,60.4,76.8,65.0,0.74,2.96,19.5,89.2,2
2024-10-28,LT.NS,D_rsi_bounce,D,3340.8,0.77,3315.05,53.9,72.1,66.0,31.2,95.4,0.0,-0.42,0.0,0.0,48.1,1
2024-10-28,SUNPHARMA.NS,B_pullback_rebound,B,1902.9,3.86,1829.45,100.0,47.8,68.6,55.7,76.8,25.3,0.7,2.8,7.6,61.3,1
2024-10-29,BEL.NS,F_vwap_reclaim,F,283.65,2.91,275.4098,100.0,100.0,77.7,51.9,82.6,32.7,-0.9,0.0,9.8,73.0,1
2024-10-29,COALINDIA.NS,D_rsi_bounce,D,445.55,2.31,435.25,80.7,82.1,60.6,30.7,86.1,0.0,-1.13,0.0,0.0,53.4,1
2024-10-29,EICHERMOT.NS,C_macd_crossover,C,4898.1499,7.0,4555.2794,89.0,100.0,74.0,57.5,58.0,51.0,-0.17,0.0,15.3,77.6,2
2024-10-29,EICHERMOT.NS,F_vwap_reclaim,F,4898.1499,4.24,4690.701,89.0,100.0,74.0,57.5,74.6,65.0,-0.17,0.0,19.5,84.1,2
2024-10-29,GOLDBEES.NS,A_breakout_40d,A,66.3,7.0,61.659,79.0,51.7,70.3,72.9,58.0,85.3,1.02,3.0,25.6,74.2,1
2024-10-29,SBILIFE.NS,D_rsi_bounce,D,1661.35,4.08,1593.6,100.0,100.0,65.1,38.3,75.5,0.0,-0.23,0.0,0.0,60.2,1
2024-10-29,SBIN.NS,A_breakout_40d,A,832.7,7.0,774.411,60.4,57.7,81.0,61.5,58.0,85.3,-0.13,0.0,25.6,74.7,3
2024-10-29,SBIN.NS,F_vwap_reclaim,F,832.7,5.01,790.9696,60.4,100.0,81.0,61.5,69.9,65.0,-0.13,0.0,19.5,78.7,3
2024-10-30,ADANIPORTS.NS,C_macd_crossover,C,1396.2,6.66,1303.15,69.3,74.3,64.0,49.7,60.0,51.0,-0.88,0.0,15.3,62.2,1
2024-10-30,BEL.NS,C_macd_crossover,C,288.55,7.0,268.3515,100.0,100.0,81.7,55.6,58.0,51.0,-0.78,0.0,15.3,75.7,1
2024-10-30,DABUR.NS,D_rsi_bounce,D,546.65,2.52,532.85,82.5,100.0,73.1,35.0,84.9,0.0,-1.15,0.0,0.0,58.9,1
2024-10-30,TATACONSUM.NS,D_rsi_bounce,D,1022.7,5.74,964.0,52.7,100.0,60.4,35.8,65.6,0.0,-1.58,0.0,0.0,48.7,1
2024-10-31,CIPLA.NS,F_vwap_reclaim,F,1551.75,1.4,1530.0893,86.1,66.1,100.0,49.6,91.6,32.7,-0.54,0.0,9.8,72.5,2
2024-10-31,DRREDDY.NS,D_rsi_bounce,D,1274.2,3.56,1228.8,76.3,100.0,64.7,36.8,78.6,0.0,-0.73,0.0,0.0,55.8,1
2024-10-31,HEROMOTOCO.NS,D_rsi_bounce,D,4989.5498,5.0,4740.1001,94.8,100.0,67.5,34.2,70.0,0.0,-0.48,0.0,0.0,58.6,1
2024-10-31,LT.NS,C_macd_crossover,C,3622.3,7.0,3368.739,53.1,95.0,100.0,57.5,58.0,51.0,-0.42,0.0,15.3,72.8,2
2024-10-31,LT.NS,F_vwap_reclaim,F,3622.3,4.47,3460.5578,53.1,100.0,100.0,57.5,73.2,65.0,-0.42,0.0,19.5,80.1,2
2024-10-31,ONGC.NS,D_rsi_bounce,D,266.15,4.08,255.3,71.8,100.0,64.4,33.8,75.5,0.0,-2.2,0.0,0.0,54.3,1
2024-11-05,BAJAJ-AUTO.NS,D_rsi_bounce,D,9874.8496,5.16,9365.0,100.0,100.0,63.2,37.0,69.0,0.0,-0.24,0.0,0.0,59.0,1
2024-11-05,BAJFINANCE.NS,C_macd_crossover,C,693.035,4.75,660.1,69.4,66.2,64.1,44.7,71.5,51.0,0.23,0.92,15.3,63.0,1
2024-11-05,HEROMOTOCO.NS,D_rsi_bounce,D,4820.7002,1.95,4726.5,90.9,61.4,60.2,30.4,88.3,0.0,-0.74,0.0,0.0,51.5,1
2024-11-05,JSWSTEEL.NS,F_vwap_reclaim,F,999.5,2.88,970.7024,92.4,100.0,100.0,57.5,82.7,32.7,0.34,1.34,9.8,75.9,1
2024-11-05,SBIN.NS,A_breakout_40d,A,849.2,7.0,789.756,57.8,65.9,79.6,65.0,58.0,85.3,0.14,0.56,25.6,71.4,1
2024-11-05,TITAN.NS,D_rsi_bounce,D,3230.25,1.24,3190.1001,54.5,64.3,60.9,30.9,92.5,0.0,-0.85,0.0,0.0,45.6,1
2024-11-06,ADANIPORTS.NS,C_macd_crossover,C,1370.0,5.41,1295.9,63.2,89.8,77.7,47.2,67.5,51.0,-0.88,0.0,15.3,71.9,2
2024-11-06,ASIANPAINT.NS,D_rsi_bounce,D,2897.3,0.85,2872.7,75.5,72.8,82.8,31.6,94.9,0.0,-0.79,0.0,0.0,54.6,1
2024-11-06,BEL.NS,A_breakout_40d,A,301.85,7.0,280.7205,99.3,72.9,94.6,63.3,58.0,85.3,-0.54,0.0,25.6,82.4,1
2024-11-06,COALINDIA.NS,D_rsi_bounce,D,435.8,2.02,427.0,67.5,58.3,63.0,30.4,87.9,0.0,-1.81,0.0,0.0,46.6,1
2024-11-06,HCLTECH.NS,B_pullback_rebound,B,1838.4,5.08,1745.0,100.0,47.5,67.5,55.3,69.5,25.3,0.5,2.02,7.6,59.3,1
2024-11-06,JSWSTEEL.NS,C_macd_crossover,C,1008.65,7.0,938.0445,92.6,100.0,75.7,59.7,58.0,51.0,0.39,1.55,15.3,75.1,1
2024-11-06,TCS.NS,C_macd_crossover,C,4139.6499,5.47,3913.25,72.6,100.0,72.9,52.0,67.2,51.0,-1.15,0.0,15.3,75.3,2
2024-11-06,TCS.NS,F_vwap_reclaim,F,4139.6499,2.18,4049.337,72.6,98.3,72.9,52.0,86.9,65.0,-1.15,0.0,19.5,81.9,2
2024-11-06,TECHM.NS,B_pullback_rebound,B,1693.55,5.79,1595.55,100.0,42.0,67.4,55.5,65.3,25.3,0.12,0.48,7.6,56.1,1
2024-11-07,APOLLOHOSP.NS,A_breakout_40d,A,7424.8501,7.0,6905.1106,91.5,71.1,100.0,72.5,58.0,85.3,0.38,1.52,25.6,87.9,4
2024-11-07,APOLLOHOSP.NS,F_vwap_reclaim,F,7424.8501,4.79,7068.9844,91.5,100.0,100.0,72.5,71.2,65.0,0.38,1.52,19.5,89.5,4
2024-11-08,APOLLOHOSP.NS,E_boll_squeeze,E,7421.3999,5.24,7032.515,91.8,76.6,96.7,72.2,68.6,23.0,0.48,1.93,6.9,66.8,1
2024-11-08,BRITANNIA.NS,C_macd_crossover,C,5747.1499,3.57,5541.8501,100.0,80.9,66.0,45.4,78.6,51.0,-0.18,0.0,15.3,72.4,1
2024-11-08,HINDUNILVR.NS,D_rsi_bounce,D,2507.7,1.66,2466.1001,95.9,100.0,60.7,31.4,90.0,0.0,-1.02,0.0,0.0,60.6,1
2024-11-08,TITAN.NS,D_rsi_bounce,D,3186.25,2.45,3108.1001,52.6,100.0,72.5,33.6,85.3,0.0,-1.05,0.0,0.0,52.9,1
2024-11-11,POWERGRID.NS,C_macd_crossover,C,329.8,6.4,308.7,82.6,100.0,76.9,54.9,61.6,51.0,-0.51,0.0,15.3,77.1,2
2024-11-11,POWERGRID.NS,F_vwap_reclaim,F,329.8,3.35,318.7426,82.6,100.0,76.9,54.9,79.9,65.0,-0.51,0.0,19.5,83.8,2
2024-11-12,TRENT.NS,D_rsi_bounce,D,6528.5498,4.85,6212.0498,100.0,72.4,64.2,31.6,70.9,0.0,-0.76,0.0,0.0,53.7,1
2024-11-14,EICHERMOT.NS,F_vwap_reclaim,F,4883.7002,2.8,4747.0481,79.9,100.0,100.0,54.0,83.2,32.7,-0.29,0.0,9.8,72.1,1
2024-11-18,HEROMOTOCO.NS,D_rsi_bounce,D,4733.0,5.62,4467.0,77.1,100.0,89.3,37.8,66.3,0.0,-1.74,0.0,0.0,57.4,1
2024-11-18,INDUSTOWER.NS,D_rsi_bounce,D,323.15,2.37,315.5,91.8,100.0,59.9,30.8,85.8,0.0,-3.16,0.0,0.0,59.1,1
2024-11-18,JIOFIN.NS,C_macd_crossover,C,318.8,6.52,298.0,50.5,72.1,66.8,46.9,60.9,51.0,-0.63,0.0,15.3,58.4,1
2024-11-19,DRREDDY.NS,D_rsi_bounce,D,1213.45,3.56,1170.2,62.4,100.0,58.5,33.6,78.6,0.0,-0.96,0.0,0.0,52.1,1
2024-11-19,HDFCBANK.NS,F_vwap_reclaim,F,871.125,1.53,857.8389,90.0,71.3,74.9,54.4,90.8,32.7,0.41,1.65,9.8,72.7,2
2024-11-21,POWERGRID.NS,F_vwap_reclaim,F,325.9,3.24,315.3406,76.0,100.0,80.5,53.2,80.6,32.7,-0.45,0.0,9.8,68.3,1
2024-11-22,BAJAJFINSV.NS,D_rsi_bounce,D,1600.85,2.22,1565.25,93.2,100.0,77.4,31.3,86.7,0.0,-1.37,0.0,0.0,61.8,1
2024-11-22,BHARTIARTL.NS,D_rsi_bounce,D,1569.3,3.72,1511.0,100.0,100.0,70.8,42.4,77.7,0.0,-0.07,0.0,0.0,61.4,1
2024-11-22,GRASIM.NS,C_macd_crossover,C,2598.6499,4.87,2472.05,85.0,55.9,65.7,49.0,70.8,51.0,-0.69,0.0,15.3,63.4,1
2024-11-22,HCLTECH.NS,C_macd_crossover,C,1898.4,6.08,1783.0,100.0,100.0,64.7,62.6,63.5,51.0,0.43,1.73,15.3,76.2,1
2024-11-22,HINDUNILVR.NS,D_rsi_bounce,D,2445.25,2.84,2375.75,83.6,100.0,59.0,37.4,82.9,0.0,-1.66,0.0,0.0,57.1,1
2024-11-22,ITC.NS,D_rsi_bounce,D,457.0477,4.06,438.5116,90.4,100.0,78.1,45.6,75.7,0.0,-0.85,0.0,0.0,60.2,1
2024-11-22,NTPC.NS,D_rsi_bounce,D,365.45,2.91,354.8,95.3,100.0,64.3,31.7,82.5,0.0,-0.78,0.0,0.0,59.9,1
2024-11-22,SBIN.NS,B_pullback_rebound,B,816.05,6.68,761.55,53.0,54.0,67.0,50.4,59.9,25.3,0.08,0.34,7.6,47.9,1
2024-11-22,SHRIRAMFIN.NS,D_rsi_bounce,D,570.01,2.88,553.6,100.0,100.0,62.7,32.6,82.7,0.0,-1.3,0.0,0.0,60.7,1
2024-11-22,ULTRACEMCO.NS,C_macd_crossover,C,11375.2998,7.0,10579.0288,78.0,100.0,64.4,58.8,58.0,51.0,-0.55,0.0,15.3,69.2,1
2024-11-25,APOLLOHOSP.NS,B_pullback_rebound,B,7075.0,6.8,6594.1499,89.0,39.9,69.0,54.5,59.2,25.3,-0.1,0.0,7.6,52.3,1
2024-11-25,AXISBANK.NS,C_macd_crossover,C,1155.9,3.47,1115.75,62.2,54.2,66.4,48.8,79.2,51.0,-0.31,0.0,15.3,59.8,1
2024-11-25,BEL.NS,F_vwap_reclaim,F,292.35,3.02,283.5133,85.8,100.0,81.4,55.7,81.9,32.7,-0.17,0.0,9.8,70.7,1
2024-11-25,BHARTIARTL.NS,C_macd_crossover,C,1578.75,4.29,1511.0,100.0,55.4,85.1,45.3,74.3,51.0,-0.06,0.0,15.3,69.2,1
2024-11-25,BPCL.NS,D_rsi_bounce,D,296.55,5.8,279.35,63.8,100.0,76.9,40.2,65.2,0.0,-1.84,0.0,0.0,53.1,1
2024-11-25,DIVISLAB.NS,C_macd_crossover,C,6138.4502,7.0,5708.7587,100.0,100.0,73.9,67.7,58.0,51.0,1.23,3.0,15.3,78.1,1
2024-11-25,HDFCBANK.NS,A_breakout_40d,A,892.8,7.0,830.304,90.5,51.0,100.0,61.8,58.0,85.3,0.58,2.33,25.6,84.2,3
2024-11-25,HDFCBANK.NS,F_vwap_reclaim,F,892.8,2.61,869.5157,90.5,100.0,100.0,61.8,84.4,65.0,0.58,2.33,19.5,91.6,3
2024-11-25,HEROMOTOCO.NS,F_vwap_reclaim,F,4858.2998,1.99,4761.6494,69.6,90.4,70.7,45.3,88.1,32.7,-1.71,0.0,9.8,64.7,1
2024-11-25,ICICIBANK.NS,F_vwap_reclaim,F,1300.95,2.31,1270.9545,93.8,100.0,74.0,59.0,86.2,32.7,0.28,1.13,9.8,78.1,2
2024-11-25,ITC.NS,C_macd_crossover,C,459.118,4.49,438.5116,89.4,75.7,67.1,47.5,73.1,51.0,-0.84,0.0,15.3,68.7,1
2024-11-25,LT.NS,C_macd_crossover,C,3753.0,7.0,3490.29,51.1,100.0,84.3,64.2,58.0,51.0,-0.01,0.0,15.3,66.5,1
2024-11-25,SIEMENS.NS,C_macd_crossover,C,4313.5659,7.0,4011.6163,100.0,100.0,100.0,61.1,58.0,51.0,0.31,1.23,15.3,84.5,2
2024-11-25,SIEMENS.NS,F_vwap_reclaim,F,4313.5659,6.2,4046.0493,100.0,100.0,100.0,61.1,62.8,65.0,0.31,1.23,19.5,89.3,2
2024-11-25,TCS.NS,A_breakout_40d,A,4315.1001,7.0,4013.0431,61.3,51.2,77.3,63.8,58.0,85.3,-0.79,0.0,25.6,68.2,1
2024-11-25,TRENT.NS,C_macd_crossover,C,6774.9502,7.0,6300.7037,100.0,100.0,66.2,46.1,58.0,51.0,-0.84,0.0,15.3,73.4,1
2024-11-25,TVSMOTOR.NS,F_vwap_reclaim,F,2458.3501,1.55,2420.3547,100.0,72.2,74.0,44.6,90.7,32.7,-1.26,0.0,9.8,67.9,1
2024-11-25,WIPRO.NS,A_breakout_40d,A,291.225,7.0,270.8393,87.2,62.5,74.9,63.3,58.0,85.3,0.83,3.0,25.6,83.3,2
2024-11-25,WIPRO.NS,C_macd_crossover,C,291.225,7.0,270.8393,87.2,93.4,74.9,63.3,58.0,55.3,0.83,3.0,16.6,80.5,2
2024-11-26,SHRIRAMFIN.NS,C_macd_crossover,C,609.27,7.0,566.6211,100.0,100.0,67.8,49.4,58.0,51.0,-1.23,0.0,15.3,73.7,1
2024-11-27,BEL.NS,A_breakout_40d,A,307.35,7.0,285.8355,84.3,64.6,73.0,64.5,58.0,85.3,0.12,0.48,25.6,75.4,1
2024-11-28,BPCL.NS,C_macd_crossover,C,290.95,3.99,279.35,58.6,77.7,70.2,36.9,76.1,51.0,-1.54,0.0,15.3,63.4,1
2024-11-28,PIDILITIND.NS,C_macd_crossover,C,1521.95,4.17,1458.45,67.8,83.2,66.2,46.4,75.0,51.0,-0.83,0.0,15.3,66.0,1
2024-11-29,BAJAJFINSV.NS,D_rsi_bounce,D,1579.95,1.13,1562.05,85.4,65.6,68.2,30.9,93.2,0.0,-1.48,0.0,0.0,53.0,1
2024-11-29,BHARTIARTL.NS,F_vwap_reclaim,F,1627.15,4.3,1557.1583,100.0,100.0,77.0,58.3,74.2,32.7,-0.28,0.0,9.8,71.9,1
2024-11-29,DIVISLAB.NS,F_vwap_reclaim,F,6172.7002,4.51,5894.4835,100.0,100.0,83.5,64.1,73.0,32.7,1.04,3.0,9.8,75.8,1
2024-12-02,APOLLOHOSP.NS,C_macd_crossover,C,7065.7998,6.68,6594.1499,87.0,63.3,64.1,54.1,59.9,51.0,-0.1,0.0,15.3,68.7,2
2024-12-02,TVSMOTOR.NS,F_vwap_reclaim,F,2493.3999,3.13,2415.4304,94.1,100.0,70.9,51.0,81.2,32.7,-1.43,0.0,9.8,70.7,1
2024-12-03,LT.NS,A_breakout_40d,A,3787.05,7.0,3521.9565,50.4,57.3,76.6,63.3,58.0,85.3,0.11,0.44,25.6,67.5,1
2024-12-03,ULTRACEMCO.NS,A_breakout_40d,A,11852.3496,7.0,11022.6851,73.9,64.0,72.4,65.3,58.0,85.3,-0.25,0.0,25.6,72.7,1
2024-12-04,BEL.NS,A_breakout_40d,A,312.85,7.0,290.9505,83.1,51.9,73.6,66.5,58.0,85.3,0.97,3.0,25.6,75.3,1
2024-12-04,HDFCLIFE.NS,D_rsi_bounce,D,650.25,2.76,632.3,95.2,100.0,76.8,35.3,83.4,0.0,-0.76,0.0,0.0,61.8,1
2024-12-04,PIDILITIND.NS,A_breakout_40d,A,1602.375,7.0,1490.2088,64.7,54.9,73.9,63.4,58.0,85.3,-0.44,0.0,25.6,69.2,1
2024-12-05,BRITANNIA.NS,D_rsi_bounce,D,4872.0,2.57,4746.8999,68.0,69.9,58.9,30.9,84.6,0.0,-2.2,0.0,0.0,48.0,1
2024-12-05,DRREDDY.NS,F_vwap_reclaim,F,1239.85,1.8,1217.5759,52.8,82.4,74.0,49.2,89.2,32.7,-0.74,0.0,9.8,60.4,1
2024-12-05,ETERNAL.NS,A_breakout_40d,A,299.35,7.0,278.3955,100.0,86.6,75.0,68.4,58.0,85.3,0.38,1.53,25.6,84.3,1
2024-12-05,ICICIBANK.NS,A_breakout_40d,A,1336.5,7.0,1242.945,90.0,52.8,70.2,66.3,58.0,85.3,0.09,0.36,25.6,73.8,1
2024-12-05,MAXHEALTH.NS,A_breakout_40d,A,1096.9,7.0,1020.117,100.0,62.6,77.6,67.4,58.0,85.3,0.32,1.3,25.6,79.6,1
2024-12-05,TCS.NS,A_breakout_40d,A,4464.0498,7.0,4151.5663,58.4,70.1,70.8,69.0,58.0,85.3,-0.02,0.0,25.6,70.7,1
2024-12-06,BAJAJ-AUTO.NS,D_rsi_bounce,D,9099.9004,3.88,8746.5,85.1,100.0,67.5,36.7,76.7,0.0,-2.83,0.0,0.0,57.6,1
2024-12-06,VEDL.NS,A_breakout_40d,A,501.4,7.0,466.302,100.0,53.6,95.9,72.2,58.0,85.3,0.43,1.7,25.6,80.8,1
2024-12-11,MAXHEALTH.NS,A_breakout_40d,A,1132.2,7.0,1052.946,100.0,60.8,80.0,71.8,58.0,85.3,1.0,3.0,25.6,81.4,1
2024-12-11,VEDL.NS,A_breakout_40d,A,514.35,7.0,478.3455,100.0,70.7,100.0,74.2,58.0,85.3,0.29,1.15,25.6,84.2,1
2024-12-12,MAXHEALTH.NS,A_breakout_40d,A,1167.7,7.0,1085.961,100.0,75.1,70.8,75.8,58.0,85.3,1.28,3.0,25.6,83.2,1
2024-12-12,TECHM.NS,A_breakout_40d,A,1789.6,7.0,1664.328,100.0,51.2,72.0,62.6,58.0,85.3,1.01,3.0,25.6,78.2,1
2024-12-12,VEDL.NS,A_breakout_40d,A,522.0,7.0,485.46,100.0,61.9,77.9,76.2,58.0,85.3,0.24,0.98,25.6,79.5,1
2024-12-13,ITC.NS,C_macd_crossover,C,452.5702,2.31,442.1225,71.6,58.4,88.3,46.9,86.1,51.0,-1.12,0.0,15.3,71.2,2
2024-12-13,ITC.NS,F_vwap_reclaim,F,452.5702,1.28,446.7727,71.6,61.4,88.3,46.9,92.3,65.0,-1.12,0.0,19.5,76.9,2
2024-12-19,CIPLA.NS,C_macd_crossover,C,1506.55,5.49,1423.8,50.8,100.0,65.0,53.8,67.0,51.0,-1.15,0.0,15.3,64.9,1
2024-12-24,INDIGO.NS,A_breakout_40d,A,4612.25,7.0,4289.3925,59.2,71.9,85.7,69.2,58.0,85.3,-0.41,0.0,25.6,78.1,2
2024-12-24,INDIGO.NS,C_macd_crossover,C,4612.25,7.0,4289.3925,59.2,100.0,85.7,69.2,58.0,55.3,-0.41,0.0,16.6,74.8,2
2024-12-26,INDIGO.NS,A_breakout_40d,A,4725.0,7.0,4394.25,58.3,69.6,75.9,74.0,58.0,85.3,-0.34,0.0,25.6,71.4,1
2024-12-30,APOLLOHOSP.NS,B_pullback_rebound,B,7314.25,2.42,7137.3999,87.0,41.9,67.3,59.0,85.5,25.3,0.31,1.23,7.6,57.1,1
2024-12-30,DIVISLAB.NS,F_vwap_reclaim,F,6045.0,1.58,5949.5155,100.0,73.6,100.0,58.1,90.5,32.7,-0.36,0.0,9.8,76.9,2
2024-12-30,ETERNAL.NS,B_pullback_rebound,B,282.1,4.61,269.1,100.0,63.3,87.7,51.0,72.4,25.3,-0.12,0.0,7.6,63.3,1
2024-12-30,HCLTECH.NS,F_vwap_reclaim,F,1928.95,1.43,1901.3503,100.0,67.5,90.4,56.1,91.4,32.7,0.3,1.21,9.8,75.7,2
2024-12-30,SUNPHARMA.NS,A_breakout_40d,A,1883.9,7.0,1752.027,88.0,59.7,100.0,67.4,58.0,85.3,-0.3,0.0,25.6,83.3,2
2024-12-30,TECHM.NS,B_pullback_rebound,B,1740.85,3.49,1680.1,100.0,55.3,100.0,51.7,79.1,25.3,0.32,1.28,7.6,65.6,1
2024-12-31,SIEMENS.NS,D_rsi_bounce,D,3836.658,2.23,3751.0735,77.4,100.0,59.2,30.3,86.6,0.0,-1.69,0.0,0.0,56.2,1
2025-01-01,GOLDBEES.NS,C_macd_crossover,C,64.35,2.41,62.8,74.0,56.3,65.3,51.7,85.5,51.0,-0.04,0.0,15.3,63.4,1
2025-01-02,EICHERMOT.NS,A_breakout_40d,A,5308.1001,7.0,4936.5331,64.6,98.9,100.0,75.5,58.0,85.3,0.48,1.91,25.6,88.6,3
2025-01-02,EICHERMOT.NS,F_vwap_reclaim,F,5308.1001,7.0,4936.5331,64.6,100.0,100.0,75.5,58.0,65.0,0.48,1.91,19.5,82.7,3
2025-01-02,INFY.NS,B_pullback_rebound,B,1957.85,6.02,1840.0,96.1,42.3,68.0,58.0,63.9,25.3,-0.04,0.0,7.6,54.8,1
2025-01-02,ITC.NS,A_breakout_40d,A,470.9137,7.0,437.9497,60.9,57.3,74.0,65.4,58.0,85.3,-0.16,0.0,25.6,69.0,1
2025-01-02,M&M.NS,A_breakout_40d,A,3211.1001,7.0,2986.3231,98.4,82.7,72.5,66.7,58.0,85.3,0.14,0.55,25.6,86.9,2
2025-01-02,M&M.NS,C_macd_crossover,C,3211.1001,7.0,2986.3231,98.4,100.0,72.5,66.7,58.0,55.3,0.14,0.55,16.6,81.4,2
2025-01-02,SHRIRAMFIN.NS,C_macd_crossover,C,612.01,7.0,569.1693,78.4,70.9,67.1,54.6,58.0,51.0,-1.31,0.0,15.3,68.6,2
2025-01-02,TVSMOTOR.NS,F_vwap_reclaim,F,2501.45,3.36,2417.3628,56.8,100.0,80.1,55.1,79.8,32.7,-1.35,0.0,9.8,69.4,2
2025-01-03,EICHERMOT.NS,A_breakout_40d,A,5310.75,7.0,4938.9975,65.0,50.4,74.0,75.5,58.0,85.3,0.64,2.57,25.6,71.3,1
2025-01-03,GOLDBEES.NS,B_pullback_rebound,B,65.07,3.49,62.8,72.9,40.6,64.4,58.1,79.1,25.3,-0.11,0.0,7.6,51.5,1
2025-01-03,TRENT.NS,E_boll_squeeze,E,7307.7002,3.67,7039.6325,100.0,96.7,65.6,60.8,78.0,23.0,-0.75,0.0,6.9,67.5,1
2025-01-06,APOLLOHOSP.NS,A_breakout_40d,A,7429.1499,7.0,6909.1094,87.6,50.5,77.8,61.3,58.0,85.3,0.58,2.33,25.6,75.6,1
2025-01-07,GOLDBEES.NS,B_pullback_rebound,B,64.77,3.04,62.8,71.8,44.9,67.6,54.6,81.8,25.3,-0.16,0.0,7.6,52.8,1
2025-01-07,HDFCLIFE.NS,D_rsi_bounce,D,619.85,2.66,603.35,58.2,100.0,58.6,40.8,84.0,0.0,-1.69,0.0,0.0,52.2,1
2025-01-10,GOLDBEES.NS,A_breakout_40d,A,65.93,7.0,61.3149,70.4,55.4,73.5,64.1,58.0,85.3,-0.11,0.0,25.6,70.3,1
2025-01-10,HCLTECH.NS,A_breakout_40d,A,1995.1,7.0,1855.443,100.0,59.3,78.0,63.2,58.0,85.3,0.47,1.89,25.6,84.5,3
2025-01-10,HCLTECH.NS,F_vwap_reclaim,F,1995.1,3.85,1918.3083,100.0,100.0,78.0,63.2,76.9,65.0,0.47,1.89,19.5,89.2,3
2025-01-10,INFY.NS,F_vwap_reclaim,F,1966.95,2.53,1917.0991,95.7,100.0,70.7,58.7,84.8,32.7,0.41,1.62,9.8,78.4,2
2025-01-10,TCS.NS,F_vwap_reclaim,F,4265.6499,2.24,4170.1784,60.3,100.0,100.0,55.0,86.6,32.7,0.09,0.38,9.8,69.0,1
2025-01-10,WIPRO.NS,B_pullback_rebound,B,300.55,3.74,289.3,100.0,57.7,78.0,51.7,77.5,25.3,0.68,2.73,7.6,64.4,1
2025-01-13,GOLDBEES.NS,A_breakout_40d,A,66.25,7.0,61.6125,69.8,53.9,100.0,66.3,58.0,85.3,-0.09,0.0,25.6,73.4,1
2025-01-13,TCS.NS,C_macd_crossover,C,4291.1001,6.51,4011.55,60.6,100.0,73.6,56.5,60.9,51.0,0.18,0.72,15.3,67.9,1
2025-01-14,BEL.NS,D_rsi_bounce,D,269.9,4.3,258.3,70.4,100.0,67.5,36.7,74.2,0.0,-0.24,0.0,0.0,54.3,1
2025-01-14,BHARTIARTL.NS,F_vwap_reclaim,F,1600.1,1.02,1583.8483,82.0,50.6,73.9,49.9,93.9,32.7,-0.24,0.0,9.8,60.6,1
2025-01-14,ETERNAL.NS,D_rsi_bounce,D,233.6,3.17,226.2,100.0,100.0,66.1,30.4,81.0,0.0,-0.58,0.0,0.0,60.8,1
2025-01-14,SBIN.NS,D_rsi_bounce,D,748.15,3.43,722.5,53.5,100.0,61.7,32.6,79.4,0.0,-0.72,0.0,0.0,50.8,1
2025-01-14,SHRIRAMFIN.NS,D_rsi_bounce,D,544.1,4.66,518.75,64.4,100.0,66.0,37.3,72.0,0.0,-1.48,0.0,0.0,52.7,1
2025-01-14,VEDL.NS,D_rsi_bounce,D,430.6,4.32,412.0,71.5,100.0,61.2,39.0,74.1,0.0,-0.72,0.0,0.0,53.8,1
2025-01-15,TRENT.NS,D_rsi_bounce,D,6390.25,3.95,6138.0,100.0,100.0,75.2,38.0,76.3,0.0,-1.24,0.0,0.0,61.6,1
2025-01-15,ULTRACEMCO.NS,D_rsi_bounce,D,10521.6504,0.57,10462.0,65.4,65.0,76.3,30.8,96.6,0.0,-0.33,0.0,0.0,50.4,1
2025-01-16,APOLLOHOSP.NS,D_rsi_bounce,D,6789.6499,2.68,6608.0,84.8,100.0,75.7,35.4,83.9,0.0,-0.26,0.0,0.0,59.6,1
2025-01-16,BHARTIARTL.NS,E_boll_squeeze,E,1630.2,1.96,1598.1925,80.8,100.0,65.2,58.2,88.2,23.0,-0.05,0.0,6.9,65.6,1
2025-01-16,HDFCBANK.NS,D_rsi_bounce,D,826.025,1.68,812.15,85.7,84.7,62.7,31.0,89.9,0.0,-0.5,0.0,0.0,55.8,1
2025-01-20,HDFCBANK.NS,D_rsi_bounce,D,825.625,1.63,812.15,83.7,100.0,59.3,33.5,90.2,0.0,-0.53,0.0,0.0,58.1,1
2025-01-20,WIPRO.NS,F_vwap_reclaim,F,300.25,1.56,295.5754,100.0,72.6,100.0,53.3,90.7,32.7,0.54,2.17,9.8,78.8,2
2025-01-21,LT.NS,C_macd_crossover,C,3541.1001,2.61,3448.6001,57.0,55.0,70.5,43.8,84.3,51.0,-0.19,0.0,15.3,60.0,1
2025-01-22,ETERNAL.NS,D_rsi_bounce,D,216.45,4.0,207.8,100.0,65.7,85.8,30.6,76.0,0.0,-0.67,0.0,0.0,55.8,1
2025-01-22,ICICIBANK.NS,D_rsi_bounce,D,1200.45,0.65,1192.7,77.3,71.5,62.7,31.4,96.1,0.0,-0.48,0.0,0.0,52.3,1
2025-01-22,WIPRO.NS,C_macd_crossover,C,309.1,7.0,287.463,100.0,100.0,90.1,59.2,58.0,51.0,0.59,2.37,15.3,84.3,2
2025-01-22,WIPRO.NS,F_vwap_reclaim,F,309.1,4.19,296.1432,100.0,100.0,90.1,59.2,74.8,65.0,0.59,2.37,19.5,90.9,2
2025-01-23,HDFCBANK.NS,C_macd_crossover,C,832.45,2.44,812.15,81.1,50.2,72.9,39.1,85.4,51.0,-0.59,0.0,15.3,64.1,1
2025-01-23,SHREECEM.NS,F_vwap_reclaim,F,25926.8008,1.76,25470.2079,52.7,81.0,80.7,51.8,89.4,32.7,0.26,1.03,9.8,62.1,1
2025-01-23,ULTRACEMCO.NS,F_vwap_reclaim,F,11420.9004,4.24,10936.0879,62.3,100.0,100.0,57.3,74.5,32.7,-0.27,0.0,9.8,72.4,2
2025-01-23,WIPRO.NS,A_breakout_40d,A,317.7,7.0,295.461,100.0,62.7,97.1,64.0,58.0,85.3,0.68,2.72,25.6,83.5,1
2025-01-28,BAJFINANCE.NS,A_breakout_40d,A,760.66,7.0,707.4138,50.5,67.6,85.2,62.6,58.0,85.3,1.08,3.0,25.6,78.3,3
2025-01-28,BAJFINANCE.NS,F_vwap_reclaim,F,760.66,4.38,727.3162,50.5,100.0,85.2,62.6,73.7,65.0,1.08,3.0,19.5,80.9,3
2025-01-28,BHARTIARTL.NS,B_pullback_rebound,B,1618.35,2.46,1578.5,78.2,47.6,64.9,51.2,85.2,25.3,0.43,1.74,7.6,56.4,1
2025-01-28,ICICIBANK.NS,C_macd_crossover,C,1246.9,4.88,1186.0,74.7,78.1,76.1,49.1,70.7,51.0,-0.35,0.0,15.3,72.1,2
2025-01-28,ICICIBANK.NS,F_vwap_reclaim,F,1246.9,1.63,1226.6113,74.7,75.5,76.1,49.1,90.2,65.0,-0.35,0.0,19.5,78.5,2
2025-01-30,BAJFINANCE.NS,A_breakout_40d,A,790.165,7.0,734.8534,53.6,64.6,100.0,69.1,58.0,85.3,1.46,3.0,25.6,75.4,1
2025-01-30,BEL.NS,C_macd_crossover,C,278.75,7.0,259.2375,57.2,97.7,97.8,50.0,58.0,51.0,-0.49,0.0,15.3,73.6,2
2025-01-30,BEL.NS,F_vwap_reclaim,F,278.75,2.87,270.7433,57.2,100.0,97.8,50.0,82.8,65.0,-0.49,0.0,19.5,81.7,2
2025-01-31,LT.NS,C_macd_crossover,C,3567.3999,4.83,3395.0,56.8,89.9,80.5,52.0,71.0,51.0,-0.16,0.0,15.3,71.6,2
2025-01-31,LT.NS,F_vwap_reclaim,F,3567.3999,2.3,3485.2783,56.8,100.0,80.5,52.0,86.2,65.0,-0.16,0.0,19.5,79.9,2
2025-01-31,SILVERBEES.NS,E_boll_squeeze,E,90.67,3.16,87.8015,56.4,100.0,67.3,63.2,81.0,23.0,0.16,0.62,6.9,60.8,1
2025-01-31,VEDL.NS,C_macd_crossover,C,441.4,6.09,414.5,58.3,67.2,75.3,47.6,63.4,51.0,-0.21,0.0,15.3,65.5,2
2025-01-31,VEDL.NS,F_vwap_reclaim,F,441.4,1.45,434.9841,58.3,68.4,75.3,47.6,91.3,65.0,-0.21,0.0,19.5,73.8,2
2025-02-01,TRENT.NS,C_macd_crossover,C,6189.5,7.0,5756.235,83.1,100.0,77.0,51.0,58.0,51.0,-1.14,0.0,15.3,76.6,2
2025-02-01,TRENT.NS,F_vwap_reclaim,F,6189.5,3.92,5946.5953,83.1,100.0,77.0,51.0,76.5,65.0,-1.14,0.0,19.5,83.4,2
2025-02-03,BAJFINANCE.NS,A_breakout_40d,A,842.58,7.0,783.5994,58.9,92.6,100.0,77.4,58.0,85.3,1.99,3.0,25.6,82.3,1
2025-02-03,DIVISLAB.NS,F_vwap_reclaim,F,5884.1001,2.9,5713.7007,100.0,100.0,100.0,53.2,82.6,32.7,-0.45,0.0,9.8,76.0,1
2025-02-03,EICHERMOT.NS,A_breakout_40d,A,5485.25,7.0,5101.2825,65.2,64.1,97.7,71.2,58.0,85.3,0.69,2.76,25.6,77.2,1
2025-02-04,DIVISLAB.NS,C_macd_crossover,C,6096.25,7.0,5669.5125,100.0,100.0,96.0,59.4,58.0,51.0,-0.4,0.0,15.3,77.7,1
2025-02-04,VEDL.NS,C_macd_crossover,C,437.7,6.33,410.0,56.5,79.7,67.5,47.4,62.0,51.0,-0.22,0.0,15.3,61.4,1
2025-02-05,GOLDBEES.NS,A_breakout_40d,A,71.57,7.0,66.5601,73.1,67.0,77.3,86.2,58.0,85.3,0.85,3.0,25.6,77.4,1
2025-02-05,SILVERBEES.NS,A_breakout_40d,A,93.03,7.0,86.5179,57.2,65.4,75.4,69.4,58.0,85.3,0.45,1.78,25.6,76.9,2
2025-02-07,BHARTIARTL.NS,F_vwap_reclaim,F,1676.75,3.58,1616.7922,76.7,100.0,96.0,59.8,78.5,32.7,0.43,1.74,9.8,72.1,1
2025-02-10,GOLDBEES.NS,A_breakout_40d,A,72.52,7.0,67.4436,75.4,60.6,82.1,86.9,58.0,85.3,1.15,3.0,25.6,77.2,1
2025-02-11,BHARTIARTL.NS,A_breakout_40d,A,1696.75,7.0,1577.9775,76.2,51.7,72.1,62.8,58.0,85.3,0.39,1.58,25.6,72.2,1
2025-02-12,APOLLOHOSP.NS,D_rsi_bounce,D,6374.5498,1.44,6282.5,74.5,89.7,100.0,31.0,91.3,0.0,-0.56,0.0,0.0,59.5,1
2025-02-13,BAJAJFINSV.NS,A_breakout_40d,A,1849.25,7.0,1719.8025,53.7,65.9,79.5,64.2,58.0,85.3,1.1,3.0,25.6,77.9,2
2025-02-13,BAJAJFINSV.NS,C_macd_crossover,C,1849.25,7.0,1719.8025,53.7,80.3,79.5,64.2,58.0,55.3,1.1,3.0,16.6,71.8,2
2025-02-13,KOTAKBANK.NS,A_breakout_40d,A,394.56,7.0,366.9408,62.6,55.2,97.1,63.9,58.0,85.3,1.02,3.0,25.6,74.8,1
2025-02-14,SHREECEM.NS,A_breakout_40d,A,28556.0508,7.0,26557.1272,61.8,54.3,76.1,65.8,58.0,85.3,0.45,1.81,25.6,70.6,1
2025-02-14,SILVERBEES.NS,A_breakout_40d,A,94.71,7.0,88.0803,58.8,64.4,78.0,67.9,58.0,85.3,0.57,2.26,25.6,77.9,2
2025-02-17,APOLLOHOSP.NS,D_rsi_bounce,D,6300.2002,1.35,6215.0,69.9,72.7,64.6,30.1,91.9,0.0,-1.25,0.0,0.0,50.7,1
2025-02-18,TECHM.NS,F_vwap_reclaim,F,1705.0,2.68,1659.2334,85.9,100.0,77.4,55.5,83.9,32.7,-0.57,0.0,9.8,70.4,1
2025-02-27,BAJAJFINSV.NS,A_breakout_40d,A,1925.55,7.0,1790.7615,61.7,63.0,70.1,67.9,58.0,85.3,1.3,3.0,25.6,72.8,1
2025-02-27,SHREECEM.NS,B_pullback_rebound,B,28306.4004,3.37,27352.4004,62.2,45.9,73.3,59.2,79.8,25.3,0.19,0.75,7.6,52.5,1
2025-02-27,SUNPHARMA.NS,D_rsi_bounce,D,1647.5,2.5,1606.25,60.3,100.0,63.4,38.0,85.0,0.0,-0.9,0.0,0.0,53.3,1
2025-02-28,HDFCBANK.NS,F_vwap_reclaim,F,866.2,2.46,844.8982,57.4,100.0,89.3,57.2,85.2,32.7,-0.8,0.0,9.8,71.5,3
2025-03-03,INFY.NS,D_rsi_bounce,D,1708.6,1.53,1682.45,67.9,100.0,67.9,30.7,90.8,0.0,-1.18,0.0,0.0,56.0,1
2025-03-05,BAJAJFINSV.NS,B_pullback_rebound,B,1801.8,0.92,1785.25,66.3,66.6,64.7,47.8,94.5,25.3,1.52,3.0,7.6,60.3,1
2025-03-05,HCLTECH.NS,D_rsi_bounce,D,1572.95,3.18,1523.0,67.9,100.0,67.8,30.7,80.9,0.0,-1.91,0.0,0.0,54.6,1
2025-03-05,INFY.NS,D_rsi_bounce,D,1711.5,2.42,1670.0,64.8,100.0,69.6,33.9,85.5,0.0,-1.19,0.0,0.0,55.0,1
2025-03-05,SUNPHARMA.NS,D_rsi_bounce,D,1582.45,1.67,1556.0,54.6,95.4,61.5,32.7,90.0,0.0,-1.23,0.0,0.0,51.6,1
2025-03-05,TECHM.NS,D_rsi_bounce,D,1538.1,6.83,1433.05,70.0,100.0,61.7,36.8,59.0,0.0,-1.24,0.0,0.0,51.4,1
2025-03-06,BAJAJFINSV.NS,B_pullback_rebound,B,1845.45,6.09,1733.0,67.5,48.4,64.5,53.6,63.4,25.3,1.5,3.0,7.6,52.7,1
2025-03-12,BAJFINANCE.NS,F_vwap_reclaim,F,848.445,1.64,834.5398,100.0,76.0,78.4,57.7,90.2,32.7,1.95,3.0,9.8,77.5,2
2025-03-12,KOTAKBANK.NS,F_vwap_reclaim,F,396.51,2.69,385.8348,72.2,100.0,71.8,60.5,83.8,32.7,0.93,3.0,9.8,70.1,1
2025-03-17,BAJAJFINSV.NS,F_vwap_reclaim,F,1871.6,1.99,1834.4091,72.9,90.3,100.0,57.0,88.1,32.7,1.16,3.0,9.8,77.5,2
2025-03-17,SHREECEM.NS,B_pullback_rebound,B,27734.5996,2.64,27002.1992,65.5,58.7,73.4,50.1,84.2,25.3,0.65,2.62,7.6,57.8,1
2025-03-19,BAJFINANCE.NS,E_boll_squeeze,E,873.16,2.89,847.9452,100.0,100.0,65.3,64.7,82.7,23.0,1.6,3.0,6.9,71.9,1
2025-03-19,GOLDBEES.NS,C_macd_crossover,C,74.25,3.68,71.52,95.2,70.9,67.0,71.7,77.9,51.0,1.24,3.0,15.3,73.3,1
2025-03-19,JSWSTEEL.NS,A_breakout_40d,A,1033.35,7.0,961.0155,53.7,61.5,72.7,68.0,58.0,85.3,1.08,3.0,25.6,71.3,1
2025-03-19,MAXHEALTH.NS,E_boll_squeeze,E,1087.45,7.0,1011.3285,81.5,96.4,64.2,61.9,58.0,23.0,-1.44,0.0,6.9,60.8,1
2025-03-19,WIPRO.NS,D_rsi_bounce,D,265.7,2.56,258.9,86.1,100.0,66.6,32.9,84.6,0.0,-1.12,0.0,0.0,58.7,1
2025-03-20,BAJAJFINSV.NS,B_pullback_rebound,B,1851.85,6.42,1733.0,74.4,49.2,65.3,53.5,61.5,25.3,0.87,3.0,7.6,54.0,1
2025-03-20,MAXHEALTH.NS,E_boll_squeeze,E,1135.85,7.0,1056.3405,79.8,82.6,76.5,67.4,58.0,23.0,-1.29,0.0,6.9,59.5,1
2025-03-21,BAJFINANCE.NS,A_breakout_40d,A,891.61,7.0,829.1973,100.0,66.9,89.6,68.3,58.0,85.3,1.69,3.0,25.6,88.8,2
2025-03-21,BAJFINANCE.NS,C_macd_crossover,C,891.61,7.0,829.1973,100.0,100.0,89.6,68.3,58.0,55.3,1.69,3.0,16.6,86.4,2
2025-03-21,BHARTIARTL.NS,A_breakout_40d,A,1725.8,7.0,1604.994,70.1,54.1,82.8,65.0,58.0,85.3,0.44,1.77,25.6,73.1,1
2025-03-21,JSWSTEEL.NS,A_breakout_40d,A,1058.7,7.0,984.591,56.1,56.4,71.0,73.4,58.0,85.3,1.33,3.0,25.6,70.7,1
2025-03-21,KOTAKBANK.NS,A_breakout_40d,A,415.8,7.0,386.694,76.6,67.0,100.0,73.5,58.0,85.3,1.24,3.0,25.6,80.6,1
2025-03-21,MARUTI.NS,C_macd_crossover,C,11732.7998,2.36,11456.3496,54.6,51.4,74.6,41.9,85.9,51.0,-0.13,0.0,15.3,59.5,1
2025-03-21,SHREECEM.NS,A_breakout_40d,A,28987.4004,7.0,26958.2824,67.9,59.3,79.6,64.6,58.0,85.3,0.86,3.0,25.6,74.4,1
2025-03-24,KOTAKBANK.NS,A_breakout_40d,A,435.23,7.0,404.7639,78.2,87.4,76.2,80.9,58.0,85.3,1.51,3.0,25.6,82.2,1
2025-03-25,BAJAJFINSV.NS,A_breakout_40d,A,1945.05,7.0,1808.8965,76.2,58.1,72.8,65.0,58.0,85.3,1.04,3.0,25.6,80.0,2
2025-03-25,HDFCBANK.NS,A_breakout_40d,A,910.725,7.0,846.9742,50.3,59.5,74.3,74.9,58.0,85.3,0.64,2.57,25.6,70.2,1
2025-03-25,SHREECEM.NS,A_breakout_40d,A,29544.0508,7.0,27475.9672,70.3,52.8,84.8,69.4,58.0,85.3,1.22,3.0,25.6,74.4,1
2025-03-27,BAJAJFINSV.NS,A_breakout_40d,A,2005.75,7.0,1865.3475,78.3,75.0,78.1,70.5,58.0,85.3,1.32,3.0,25.6,79.6,1
2025-03-27,HDFCBANK.NS,A_breakout_40d,A,912.675,7.0,848.7877,51.5,51.7,74.9,72.2,58.0,85.3,0.92,3.0,25.6,69.3,1
2025-03-27,SHREECEM.NS,A_breakout_40d,A,30146.4492,7.0,28036.1978,73.3,55.8,77.6,73.9,58.0,85.3,1.54,3.0,25.6,74.8,1
2025-03-28,SHREECEM.NS,A_breakout_40d,A,30502.9492,7.0,28367.7428,74.9,59.5,70.6,76.2,58.0,85.3,1.69,3.0,25.6,75.0,1
2025-03-28,SILVERBEES.NS,C_macd_crossover,C,97.6,3.68,94.01,76.2,70.4,67.7,67.1,77.9,51.0,0.89,3.0,15.3,69.4,1
2025-04-01,GOLDBEES.NS,A_breakout_40d,A,76.72,7.0,71.3496,100.0,73.9,91.9,75.8,58.0,85.3,1.11,3.0,25.6,90.7,2
2025-04-01,GOLDBEES.NS,C_macd_crossover,C,76.72,6.15,72.0,100.0,100.0,91.9,75.8,63.1,55.3,1.11,3.0,16.6,87.7,2
2025-04-03,DIVISLAB.NS,F_vwap_reclaim,F,5763.0,1.81,5658.7842,73.8,82.9,76.8,51.1,89.1,32.7,-0.31,0.0,9.8,70.1,3
2025-04-04,BAJFINANCE.NS,B_pullback_rebound,B,871.885,2.97,846.02,100.0,46.2,70.0,53.5,82.2,25.3,1.71,3.0,7.6,62.1,1
2025-04-08,BAJAJFINSV.NS,B_pullback_rebound,B,1903.2,4.19,1823.5,82.8,44.7,66.0,52.5,74.9,25.3,0.93,3.0,7.6,56.7,1
2025-04-08,HDFCBANK.NS,B_pullback_rebound,B,884.575,1.75,869.1,55.3,47.7,70.6,51.9,89.5,25.3,0.77,3.0,7.6,54.5,1
2025-04-08,SILVERBEES.NS,D_rsi_bounce,D,87.44,7.0,81.3192,77.9,71.5,59.7,30.8,58.0,0.0,0.29,1.18,0.0,47.9,1
2025-04-08,WIPRO.NS,D_rsi_bounce,D,247.25,7.0,229.9425,65.5,100.0,63.2,31.7,58.0,0.0,-1.97,0.0,0.0,50.4,1
2025-04-09,EICHERMOT.NS,B_pullback_rebound,B,5258.2998,4.91,4999.9502,70.1,45.3,66.9,53.4,70.5,25.3,0.29,1.15,7.6,52.0,1
2025-04-11,GOLDBEES.NS,A_breakout_40d,A,77.9,7.0,72.447,100.0,62.3,75.9,69.3,58.0,85.3,1.04,3.0,25.6,86.1,2
2025-04-11,GOLDBEES.NS,C_macd_crossover,C,77.9,7.0,72.447,100.0,94.3,75.9,69.3,58.0,55.3,1.04,3.0,16.6,83.5,2
2025-04-15,DIVISLAB.NS,F_vwap_reclaim,F,5734.5,2.65,5582.3424,68.9,100.0,70.9,53.0,84.1,32.7,-0.3,0.0,9.8,66.2,1
2025-04-15,EICHERMOT.NS,C_macd_crossover,C,5529.0,7.0,5141.97,70.7,88.8,68.6,64.2,58.0,51.0,0.27,1.06,15.3,67.2,1
2025-04-15,HDFCBANK.NS,A_breakout_40d,A,932.45,7.0,867.1785,57.4,66.1,78.2,65.8,58.0,85.3,0.78,3.0,25.6,78.6,2
2025-04-15,HDFCBANK.NS,C_macd_crossover,C,932.45,6.79,869.1,57.4,91.3,78.2,65.8,59.2,55.3,0.78,3.0,16.6,74.8,2
2025-04-16,EICHERMOT.NS,A_breakout_40d,A,5615.5,7.0,5222.415,71.1,62.5,76.4,66.9,58.0,85.3,0.46,1.85,25.6,74.2,1
2025-04-17,ICICIBANK.NS,C_macd_crossover,C,1406.7,7.0,1308.231,56.9,100.0,64.7,72.1,58.0,51.0,0.77,3.0,15.3,68.4,1
2025-04-21,DIVISLAB.NS,F_vwap_reclaim,F,5891.5,4.84,5606.2037,67.8,100.0,72.7,57.5,70.9,32.7,0.23,0.9,9.8,65.4,1
2025-04-22,HDFCBANK.NS,A_breakout_40d,A,980.85,7.0,912.1905,61.5,64.4,70.6,75.0,58.0,85.3,1.27,3.0,25.6,73.3,1
2025-04-24,DIVISLAB.NS,A_breakout_40d,A,6215.5,7.0,5780.415,65.7,81.7,100.0,66.1,58.0,85.3,0.1,0.39,25.6,78.6,1
2025-04-24,SHREECEM.NS,B_pullback_rebound,B,30705.0,4.28,29390.0,93.9,42.6,68.0,58.1,74.3,25.3,1.05,3.0,7.6,58.9,1
2025-05-02,BAJFINANCE.NS,B_pullback_rebound,B,886.85,3.52,855.6,100.0,57.6,67.9,48.9,78.9,25.3,0.72,2.89,7.6,63.4,1
2025-05-06,BHARTIARTL.NS,C_macd_crossover,C,1901.0,5.0,1806.0,78.9,72.4,65.9,66.5,70.0,51.0,0.9,3.0,15.3,68.9,1
2025-05-06,MAXHEALTH.NS,C_macd_crossover,C,1156.0,7.0,1075.08,72.9,100.0,78.3,59.6,58.0,51.0,0.91,3.0,15.3,78.0,2
2025-05-08,KOTAKBANK.NS,B_pullback_rebound,B,422.52,2.75,410.9,100.0,64.9,70.5,47.5,83.5,25.3,0.75,3.0,7.6,65.9,1
2025-05-12,BEL.NS,A_breakout_40d,A,322.8,7.0,300.204,50.2,64.4,76.9,66.1,58.0,85.3,2.19,3.0,25.6,71.6,1
2025-05-12,INDIGO.NS,F_vwap_reclaim,F,5476.5,3.75,5271.0266,99.1,100.0,75.7,59.0,77.5,32.7,1.85,3.0,9.8,75.1,1
2025-05-13,BEL.NS,A_breakout_40d,A,335.75,7.0,312.2475,52.8,82.1,88.4,71.9,58.0,85.3,2.31,3.0,25.6,77.3,1
2025-05-14,BEL.NS,A_breakout_40d,A,344.35,7.0,320.2455,55.4,70.5,74.3,74.9,58.0,85.3,2.49,3.0,25.6,73.8,1
2025-05-14,BHARTIARTL.NS,B_pullback_rebound,B,1834.2,0.96,1816.6,82.9,58.2,64.3,52.5,94.2,25.3,1.22,3.0,7.6,62.0,1
2025-05-14,SHREECEM.NS,F_vwap_reclaim,F,30620.0,1.92,30031.8279,98.7,87.6,100.0,59.1,88.5,32.7,0.5,2.0,9.8,81.2,2
2025-05-15,BAJAJFINSV.NS,B_pullback_rebound,B,2041.9,6.11,1917.2,95.3,46.7,64.8,55.4,63.4,25.3,0.76,3.0,7.6,58.0,1
2025-05-15,BHARTIARTL.NS,B_pullback_rebound,B,1867.2,2.71,1816.6,83.6,45.4,69.3,57.0,83.7,25.3,1.24,3.0,7.6,58.8,1
2025-05-15,EICHERMOT.NS,B_pullback_rebound,B,5466.0,3.76,5260.5,81.7,62.8,100.0,51.0,77.4,25.3,0.95,3.0,7.6,64.9,1
2025-05-15,HDFCBANK.NS,B_pullback_rebound,B,966.9,2.43,943.4,74.7,45.5,66.4,57.6,85.4,25.3,1.28,3.0,7.6,56.9,1
2025-05-15,JSWSTEEL.NS,C_macd_crossover,C,1038.3,7.0,965.619,72.9,100.0,94.5,57.8,58.0,51.0,0.23,0.9,15.3,77.9,2
2025-05-15,JSWSTEEL.NS,F_vwap_reclaim,F,1038.3,4.13,995.3973,72.9,100.0,94.5,57.8,75.2,65.0,0.23,0.9,19.5,84.5,2
2025-05-15,MAXHEALTH.NS,A_breakout_40d,A,1186.5,7.0,1103.445,78.3,56.7,72.9,62.1,58.0,85.3,1.4,3.0,25.6,75.1,1
2025-05-15,SHREECEM.NS,A_breakout_40d,A,31400.0,7.0,29202.0,99.5,56.3,100.0,65.8,58.0,85.3,0.65,2.59,25.6,87.4,2
2025-05-15,SHREECEM.NS,C_macd_crossover,C,31400.0,7.0,29202.0,99.5,100.0,100.0,65.8,58.0,55.3,0.65,2.59,16.6,87.2,2
2025-05-16,BEL.NS,A_breakout_40d,A,363.9,7.0,338.427,61.5,80.8,87.3,80.4,58.0,85.3,3.03,3.0,25.6,78.9,1
2025-05-19,DIVISLAB.NS,A_breakout_40d,A,6580.0,7.0,6119.4,61.7,88.3,100.0,70.6,58.0,85.3,1.07,3.0,25.6,81.8,1
2025-05-21,BEL.NS,A_breakout_40d,A,383.0,7.0,356.19,71.9,92.0,87.3,84.5,58.0,85.3,3.74,3.0,25.6,83.4,1
2025-05-21,GOLDBEES.NS,B_pullback_rebound,B,79.5,3.95,76.36,100.0,49.3,76.3,54.3,76.3,25.3,0.82,3.0,7.6,62.7,1
2025-05-21,INDUSTOWER.NS,B_pullback_rebound,B,387.95,2.89,376.75,50.0,61.7,73.9,51.4,82.7,25.3,1.73,3.0,7.6,55.7,1
2025-05-21,SILVERBEES.NS,B_pullback_rebound,B,94.26,3.72,90.75,75.5,38.7,65.0,55.1,77.7,25.3,0.09,0.35,7.6,51.7,1
2025-05-23,HDFCLIFE.NS,A_breakout_40d,A,780.4,7.0,725.772,65.4,71.8,73.7,73.1,58.0,85.3,2.07,3.0,25.6,75.9,1
2025-05-26,DIVISLAB.NS,A_breakout_40d,A,6737.0,7.0,6265.41,66.9,69.1,84.9,69.7,58.0,85.3,1.73,3.0,25.6,77.0,1
2025-05-28,HDFCLIFE.NS,A_breakout_40d,A,789.45,7.0,734.1885,71.2,59.3,70.1,73.6,58.0,85.3,2.17,3.0,25.6,74.1,1
2025-05-28,INDUSTOWER.NS,F_vwap_reclaim,F,391.3,1.55,385.2397,58.3,72.3,76.9,54.5,90.7,32.7,1.39,3.0,9.8,68.2,2
2025-05-29,AXISBANK.NS,B_pullback_rebound,B,1201.7,2.01,1177.5,60.1,42.7,68.6,57.0,87.9,25.3,1.55,3.0,7.6,54.1,1
2025-05-29,HDFCBANK.NS,B_pullback_rebound,B,963.75,1.58,948.5,83.1,50.3,69.3,54.5,90.5,25.3,1.29,3.0,7.6,60.6,1
2025-05-29,RELIANCE.NS,B_pullback_rebound,B,1417.8,1.47,1396.9,51.0,53.2,65.1,56.6,91.2,25.3,1.39,3.0,7.6,54.3,1
2025-05-30,BAJAJFINSV.NS,B_pullback_rebound,B,2017.4,1.26,1992.0,99.7,52.7,69.2,50.7,92.4,25.3,1.03,3.0,7.6,64.5,1
2025-05-30,HDFCBANK.NS,B_pullback_rebound,B,972.45,2.04,952.6,84.0,43.6,68.4,58.1,87.8,25.3,1.28,3.0,7.6,59.0,1
2025-05-30,RELIANCE.NS,B_pullback_rebound,B,1420.9,1.69,1396.9,52.3,51.4,65.1,57.3,89.9,25.3,1.32,3.0,7.6,54.1,1
2025-06-02,NESTLEIND.NS,B_pullback_rebound,B,1203.15,2.76,1170.0,51.8,44.6,65.2,53.3,83.5,25.3,0.91,3.0,7.6,51.6,1
2025-06-03,SILVERBEES.NS,A_breakout_40d,A,97.16,7.0,90.3588,71.6,52.6,94.1,64.2,58.0,85.3,-0.02,0.0,25.6,72.7,1
2025-06-05,RELIANCE.NS,B_pullback_rebound,B,1442.4,3.24,1395.6,57.9,40.0,66.8,61.3,80.5,25.3,1.3,3.0,7.6,52.0,1
2025-06-05,SILVERBEES.NS,A_breakout_40d,A,100.72,7.0,93.6696,71.2,71.4,72.6,72.9,58.0,85.3,0.1,0.39,25.6,79.3,2
2025-06-06,AXISBANK.NS,F_vwap_reclaim,F,1194.6,1.16,1180.7114,67.2,56.6,87.8,54.1,93.0,32.7,1.14,3.0,9.8,68.6,2
2025-06-06,BAJFINANCE.NS,A_breakout_40d,A,937.15,7.0,871.5495,100.0,54.2,86.2,59.4,58.0,85.3,0.42,1.69,25.6,84.2,2
2025-06-06,BAJFINANCE.NS,F_vwap_reclaim,F,937.15,3.5,904.306,100.0,100.0,86.2,59.4,79.0,65.0,0.42,1.69,19.5,90.2,2
2025-06-06,HDFCBANK.NS,C_macd_crossover,C,989.35,3.61,953.65,87.4,51.7,69.9,63.9,78.3,55.3,1.09,3.0,16.6,74.4,2
2025-06-06,HDFCBANK.NS,E_boll_squeeze,E,989.35,2.26,967.035,87.4,100.0,69.9,63.9,86.5,23.0,1.09,3.0,6.9,75.5,2
2025-06-06,MARUTI.NS,B_pullback_rebound,B,12462.0,3.58,12016.0,56.1,52.1,69.6,54.5,78.5,25.3,0.49,1.98,7.6,52.9,1
2025-06-06,SBILIFE.NS,B_pullback_rebound,B,1780.6,1.17,1759.8,73.3,50.0,73.9,57.7,93.0,25.3,1.83,3.0,7.6,59.6,1
2025-06-06,SHRIRAMFIN.NS,C_macd_crossover,C,688.25,7.0,640.0725,73.0,100.0,100.0,61.3,58.0,51.0,0.04,0.15,15.3,78.1,3
2025-06-06,SHRIRAMFIN.NS,F_vwap_reclaim,F,688.25,5.66,649.2856,73.0,100.0,100.0,61.3,66.0,65.0,0.04,0.15,19.5,83.4,3
2025-06-06,SILVERBEES.NS,A_breakout_40d,A,102.41,7.0,95.2413,71.5,63.4,77.2,75.9,58.0,85.3,0.29,1.17,25.6,79.2,2
2025-06-09,BAJAJFINSV.NS,F_vwap_reclaim,F,2017.4,1.33,1990.6264,99.9,63.3,85.0,52.0,92.0,32.7,0.6,2.38,9.8,75.3,2
2025-06-09,BAJFINANCE.NS,A_breakout_40d,A,960.75,7.0,893.4975,100.0,70.1,91.0,64.8,58.0,85.3,0.42,1.67,25.6,88.2,3
2025-06-09,BAJFINANCE.NS,C_macd_crossover,C,960.75,7.0,893.4975,100.0,100.0,91.0,64.8,58.0,55.3,0.42,1.67,16.6,85.2,3
2025-06-09,HDFCLIFE.NS,B_pullback_rebound,B,760.4,1.76,747.0,82.3,51.5,64.4,55.4,89.4,25.3,1.3,3.0,7.6,59.9,1
2025-06-09,KOTAKBANK.NS,C_macd_crossover,C,427.64,4.88,406.76,100.0,100.0,71.8,59.0,70.7,51.0,0.03,0.14,15.3,81.4,2
2025-06-09,KOTAKBANK.NS,F_vwap_reclaim,F,427.64,3.62,412.1732,100.0,100.0,71.8,59.0,78.3,65.0,0.03,0.14,19.5,86.7,2
2025-06-09,SBILIFE.NS,B_pullback_rebound,B,1790.8,2.21,1751.3,74.5,46.3,65.4,60.0,86.8,25.3,1.64,3.0,7.6,57.2,1
2025-06-09,SHRIRAMFIN.NS,E_boll_squeeze,E,698.0,5.64,658.65,72.9,100.0,74.8,63.5,66.2,23.0,0.03,0.11,6.9,62.5,1
2025-06-09,SILVERBEES.NS,A_breakout_40d,A,102.99,7.0,95.7807,71.8,54.5,79.8,76.9,58.0,85.3,0.52,2.08,25.6,73.8,1
2025-06-10,AXISBANK.NS,C_macd_crossover,C,1232.8,6.62,1151.2,69.0,50.3,64.5,62.9,60.3,51.0,1.01,3.0,15.3,60.9,1
2025-06-10,GRASIM.NS,C_macd_crossover,C,2708.0,7.0,2518.44,63.7,96.7,100.0,59.1,58.0,51.0,0.39,1.56,15.3,76.9,2
2025-06-10,GRASIM.NS,F_vwap_reclaim,F,2708.0,3.26,2619.7134,63.7,100.0,100.0,59.1,80.4,65.0,0.39,1.56,19.5,84.9,2
2025-06-11,BPCL.NS,A_breakout_40d,A,333.85,7.0,310.4805,59.1,77.0,100.0,67.0,58.0,85.3,1.43,3.0,25.6,84.0,3
2025-06-11,BPCL.NS,C_macd_crossover,C,333.85,7.0,310.4805,59.1,87.2,100.0,67.0,58.0,55.3,1.43,3.0,16.6,77.0,3
2025-06-11,TVSMOTOR.NS,B_pullback_rebound,B,2771.0,2.41,2704.2,75.2,51.4,74.6,54.0,85.5,25.3,1.26,3.0,7.6,59.2,1
2025-06-12,APOLLOHOSP.NS,B_pullback_rebound,B,6996.5,3.21,6772.0,53.1,44.7,64.9,55.1,80.7,25.3,0.53,2.13,7.6,50.7,1
2025-06-12,BAJAJFINSV.NS,B_pullback_rebound,B,2028.8,5.31,1921.0,98.9,43.6,77.5,53.6,68.1,25.3,0.41,1.65,7.6,59.0,1
2025-06-12,MAXHEALTH.NS,A_breakout_40d,A,1202.2,7.0,1118.046,87.4,55.1,81.2,60.7,58.0,85.3,0.34,1.37,25.6,76.0,1
2025-06-13,GOLDBEES.NS,A_breakout_40d,A,83.13,7.0,77.3109,100.0,52.2,73.5,66.5,58.0,85.3,0.99,3.0,25.6,78.7,1
2025-06-13,MAXHEALTH.NS,A_breakout_40d,A,1232.8,7.0,1146.504,87.7,70.4,72.4,65.5,58.0,85.3,0.59,2.35,25.6,84.1,2
2025-06-16,ULTRACEMCO.NS,F_vwap_reclaim,F,11495.0,2.25,11235.8609,60.2,100.0,70.7,52.8,86.5,32.7,-0.07,0.0,9.8,64.7,1
2025-06-18,BPCL.NS,B_pullback_rebound,B,315.85,5.24,299.3,66.1,53.7,66.4,51.0,68.6,25.3,1.07,3.0,7.6,54.3,1
2025-06-18,EICHERMOT.NS,C_macd_crossover,C,5393.0,3.22,5219.5,86.1,76.8,73.3,51.4,80.7,51.0,-0.0,0.0,15.3,75.2,2
2025-06-18,EICHERMOT.NS,F_vwap_reclaim,F,5393.0,1.59,5307.155,86.1,74.1,73.3,51.4,90.4,65.0,-0.0,0.0,19.5,80.3,2
2025-06-18,SILVERBEES.NS,A_breakout_40d,A,106.23,7.0,98.7939,73.9,65.7,70.7,76.6,58.0,85.3,0.84,3.0,25.6,76.1,1
2025-06-18,TITAN.NS,B_pullback_rebound,B,3467.8,2.45,3383.0,57.6,62.4,69.1,47.9,85.3,25.3,1.07,3.0,7.6,57.0,1
2025-06-19,EICHERMOT.NS,E_boll_squeeze,E,5493.5,2.3,5367.025,86.3,98.6,77.8,59.3,86.2,23.0,0.1,0.4,6.9,68.2,1
2025-06-19,TITAN.NS,B_pullback_rebound,B,3505.3999,3.49,3383.0,58.8,53.3,69.9,52.3,79.0,25.3,1.11,3.0,7.6,54.8,1
2025-06-20,ADANIPORTS.NS,B_pullback_rebound,B,1349.3,1.31,1331.6,78.8,93.5,79.1,40.6,92.1,25.3,1.55,3.0,7.6,69.5,1
2025-06-20,BEL.NS,A_breakout_40d,A,408.25,7.0,379.6725,100.0,58.7,100.0,72.8,58.0,85.3,3.54,3.0,25.6,88.6,2
2025-06-20,BHARTIARTL.NS,A_breakout_40d,A,1936.7,7.0,1801.131,96.3,65.0,88.3,69.1,58.0,85.3,0.81,3.0,25.6,87.5,2
2025-06-20,BHARTIARTL.NS,C_macd_crossover,C,1936.7,6.28,1815.0,96.3,100.0,88.3,69.1,62.3,55.3,0.81,3.0,16.6,86.1,2
2025-06-20,BRITANNIA.NS,B_pullback_rebound,B,5587.0,2.9,5425.0,67.8,47.8,69.4,55.6,82.6,25.3,1.01,3.0,7.6,56.0,1
2025-06-20,DIVISLAB.NS,B_pullback_rebound,B,6592.0,1.7,6480.0,82.1,53.7,65.5,54.7,89.8,25.3,1.66,3.0,7.6,60.5,1
2025-06-20,EICHERMOT.NS,E_boll_squeeze,E,5525.0,2.75,5373.275,86.9,88.3,70.3,61.4,83.5,23.0,0.28,1.12,6.9,65.7,1
2025-06-20,HDFCBANK.NS,F_vwap_reclaim,F,982.35,2.15,961.2719,90.8,96.8,74.0,58.5,87.1,32.7,0.8,3.0,9.8,78.9,2
2025-06-20,HDFCLIFE.NS,F_vwap_reclaim,F,778.95,2.27,761.2735,91.9,100.0,80.8,60.9,86.4,32.7,1.13,3.0,9.8,80.6,2
2025-06-20,ICICIBANK.NS,B_pullback_rebound,B,1427.1,1.65,1403.6,93.1,55.2,65.4,49.9,90.1,25.3,0.71,2.83,7.6,62.7,1
2025-06-20,JSWSTEEL.NS,F_vwap_reclaim,F,1005.55,1.53,990.1509,61.9,71.6,100.0,52.5,90.8,32.7,-0.2,0.0,9.8,68.8,2
2025-06-20,M&M.NS,A_breakout_40d,A,3184.3999,7.0,2961.4919,57.8,60.2,100.0,64.7,58.0,85.3,1.63,3.0,25.6,80.3,3
2025-06-20,M&M.NS,C_macd_crossover,C,3184.3999,7.0,2961.4919,57.8,90.6,100.0,64.7,58.0,55.3,1.63,3.0,16.6,77.4,3
2025-06-20,MAXHEALTH.NS,F_vwap_reclaim,F,1213.8,3.76,1168.1493,88.2,100.0,73.2,56.9,77.4,32.7,0.91,3.0,9.8,77.5,2
2025-06-20,RELIANCE.NS,A_breakout_40d,A,1466.2,7.0,1363.566,74.5,55.4,95.9,64.0,58.0,85.3,1.57,3.0,25.6,82.1,3
2025-06-20,RELIANCE.NS,F_vwap_reclaim,F,1466.2,3.21,1419.1584,74.5,100.0,95.9,64.0,80.7,65.0,1.57,3.0,19.5,88.1,3
2025-06-20,SBILIFE.NS,F_vwap_reclaim,F,1810.9,2.16,1771.7596,89.1,97.5,70.7,60.2,87.0,32.7,1.61,3.0,9.8,78.3,2
2025-06-20,SHRIRAMFIN.NS,B_pullback_rebound,B,666.35,3.43,643.5,74.1,47.6,65.7,51.5,79.4,25.3,0.38,1.51,7.6,54.6,1
2025-06-20,TATASTEEL.NS,B_pullback_rebound,B,151.97,1.43,149.8,61.6,75.4,66.5,43.8,91.4,25.3,0.41,1.64,7.6,59.4,1
2025-06-20,TITAN.NS,F_vwap_reclaim,F,3519.0,1.18,3477.3629,60.3,57.4,100.0,53.8,92.9,32.7,1.19,3.0,9.8,69.0,2
2025-06-20,TVSMOTOR.NS,C_macd_crossover,C,2812.1001,5.58,2655.1001,84.1,51.9,68.4,58.7,66.5,51.0,1.25,3.0,15.3,65.5,1
2025-06-23,ADANIPORTS.NS,B_pullback_rebound,B,1354.8,1.71,1331.6,80.8,88.7,71.8,42.1,89.7,25.3,1.54,3.0,7.6,67.7,1
2025-06-23,BEL.NS,A_breakout_40d,A,420.9,7.0,391.437,100.0,74.8,71.6,77.6,58.0,85.3,3.68,3.0,25.6,88.3,2
2025-06-23,DIVISLAB.NS,B_pullback_rebound,B,6636.0,2.72,6455.5,83.5,47.8,64.5,56.9,83.7,25.3,1.69,3.0,7.6,58.7,1
2025-06-24,ADANIPORTS.NS,B_pullback_rebound,B,1389.5,4.17,1331.6,83.1,67.3,96.1,50.2,75.0,25.3,1.63,3.0,7.6,65.2,1
2025-06-24,AMBUJACEM.NS,F_vwap_reclaim,F,554.2,1.41,546.405,53.3,66.5,94.8,53.5,91.6,32.7,0.08,0.32,9.8,65.8,2
2025-06-24,BPCL.NS,B_pullback_rebound,B,319.25,6.25,299.3,71.9,43.6,67.2,54.1,62.5,25.3,1.05,3.0,7.6,52.8,1
2025-06-24,IOC.NS,F_vwap_reclaim,F,142.84,1.81,140.2543,51.3,83.0,74.2,54.1,89.1,32.7,0.7,2.8,9.8,68.2,2
2025-06-24,TVSMOTOR.NS,C_macd_crossover,C,2837.1001,6.42,2655.1001,86.8,87.7,77.8,60.3,61.5,51.0,1.3,3.0,15.3,73.7,1
2025-06-25,MAXHEALTH.NS,C_macd_crossover,C,1239.0,6.97,1152.7,88.9,80.6,64.4,59.9,58.2,51.0,0.88,3.0,15.3,70.5,1
2025-06-25,SHREECEM.NS,D_rsi_bounce,D,29075.0,2.48,28355.0,97.6,100.0,79.0,41.0,85.1,0.0,-0.46,0.0,0.0,63.0,1
2025-06-25,TITAN.NS,A_breakout_40d,A,3652.2,7.0,3396.546,63.9,53.4,98.3,66.0,58.0,85.3,1.21,3.0,25.6,79.9,2
2025-06-25,TITAN.NS,C_macd_crossover,C,3652.2,7.0,3396.546,63.9,100.0,98.3,66.0,58.0,55.3,1.21,3.0,16.6,80.2,2
2025-06-26,AMBUJACEM.NS,C_macd_crossover,C,566.75,6.76,528.45,54.2,100.0,67.2,60.5,59.5,51.0,0.12,0.48,15.3,65.5,1
2025-06-26,BPCL.NS,C_macd_crossover,C,329.75,7.0,306.6675,74.6,95.2,75.4,62.0,58.0,51.0,1.03,3.0,15.3,72.1,1
2025-06-26,BRITANNIA.NS,A_breakout_40d,A,5828.0,7.0,5420.04,71.0,66.8,72.1,71.9,58.0,85.3,0.73,2.91,25.6,80.7,3
2025-06-26,BRITANNIA.NS,C_macd_crossover,C,5828.0,6.91,5425.0,71.0,100.0,72.1,71.9,58.5,55.3,0.73,2.91,16.6,78.4,3
2025-06-26,HDFCBANK.NS,A_breakout_40d,A,1010.9,7.0,940.137,92.7,66.8,89.3,68.0,58.0,85.3,0.95,3.0,25.6,82.3,1
2025-06-26,HDFCLIFE.NS,A_breakout_40d,A,799.45,7.0,743.4885,96.9,60.1,74.6,67.6,58.0,85.3,1.33,3.0,25.6,79.9,1
2025-06-26,ICICIBANK.NS,B_pullback_rebound,B,1439.1,2.47,1403.6,94.9,45.5,68.9,54.8,85.2,25.3,0.83,3.0,7.6,61.2,1
2025-06-26,IOC.NS,C_macd_crossover,C,146.28,6.75,136.4,54.3,100.0,70.0,60.7,59.5,51.0,0.77,3.0,15.3,68.4,1
2025-06-26,LT.NS,B_pullback_rebound,B,3659.6001,4.75,3485.8999,51.6,45.3,70.0,57.4,71.5,25.3,1.42,3.0,7.6,50.8,1
2025-06-26,MAXHEALTH.NS,A_breakout_40d,A,1266.5,7.0,1177.845,89.7,62.6,80.2,63.3,58.0,85.3,1.18,3.0,25.6,79.5,1
2025-06-26,RELIANCE.NS,C_macd_crossover,C,1495.3,5.42,1414.3,82.7,100.0,67.3,68.2,67.5,51.0,1.94,3.0,15.3,75.1,1
2025-06-26,SHREECEM.NS,F_vwap_reclaim,F,30105.0,3.72,28983.9019,96.8,100.0,79.8,56.5,77.7,32.7,-0.44,0.0,9.8,77.1,2
2025-06-26,SHRIRAMFIN.NS,A_breakout_40d,A,703.2,7.0,653.976,75.8,53.2,96.8,62.5,58.0,85.3,0.58,2.34,25.6,81.3,2
2025-06-26,SHRIRAMFIN.NS,C_macd_crossover,C,703.2,7.0,653.976,75.8,100.0,96.8,62.5,58.0,55.3,0.58,2.34,16.6,81.6,2
2025-06-26,TATASTEEL.NS,C_macd_crossover,C,160.54,6.69,149.8,68.0,75.0,74.9,63.6,59.9,51.0,1.6,3.0,15.3,66.9,1
2025-06-26,TITAN.NS,A_breakout_40d,A,3694.7,7.0,3436.071,65.1,59.3,73.0,68.8,58.0,85.3,1.2,3.0,25.6,73.2,1
2025-06-26,ULTRACEMCO.NS,A_breakout_40d,A,11951.0,7.0,11114.43,60.8,51.5,72.8,67.2,58.0,85.3,0.19,0.75,25.6,68.5,1
2025-06-27,ADANIPOWER.NS,C_macd_crossover,C,116.87,7.0,108.6891,54.1,100.0,91.8,61.3,58.0,51.0,0.64,2.57,15.3,70.6,1
2025-06-27,AMBUJACEM.NS,A_breakout_40d,A,574.95,7.0,534.7035,54.6,55.7,71.0,64.3,58.0,85.3,0.12,0.49,25.6,67.4,1
2025-06-27,BRITANNIA.NS,E_boll_squeeze,E,5794.5,2.97,5622.35,71.8,93.5,64.8,68.0,82.2,23.0,0.67,2.68,6.9,64.6,1
2025-06-27,DIVISLAB.NS,B_pullback_rebound,B,6658.0,3.04,6455.5,87.5,44.2,69.1,57.6,81.8,25.3,1.66,3.0,7.6,59.1,1
2025-06-27,HDFCLIFE.NS,A_breakout_40d,A,806.95,7.0,750.4635,97.9,57.5,100.0,70.0,58.0,85.3,1.26,3.0,25.6,82.9,1
2025-06-27,ICICIBANK.NS,C_macd_crossover,C,1462.2,4.01,1403.6,95.2,93.7,85.3,61.9,76.0,51.0,0.78,3.0,15.3,84.6,2
2025-06-27,INDIGO.NS,A_breakout_40d,A,5816.0,7.0,5408.88,100.0,67.0,83.4,66.2,58.0,85.3,0.82,3.0,25.6,82.9,1
2025-06-27,LT.NS,B_pullback_rebound,B,3679.2,5.25,3485.8999,52.8,41.1,71.5,59.5,68.5,25.3,1.34,3.0,7.6,50.0,1
2025-06-27,MAXHEALTH.NS,A_breakout_40d,A,1279.3,7.0,1189.749,90.7,58.1,100.0,64.9,58.0,85.3,1.28,3.0,25.6,81.4,1
2025-06-27,SBIN.NS,F_vwap_reclaim,F,805.4,1.15,796.1558,57.4,56.0,71.6,55.1,93.1,32.7,0.47,1.89,9.8,63.4,2
2025-06-27,TVSMOTOR.NS,A_breakout_40d,A,2939.3,7.0,2733.549,90.4,52.8,94.3,69.3,58.0,85.3,1.3,3.0,25.6,79.7,1
2025-06-27,ULTRACEMCO.NS,A_breakout_40d,A,12213.0,7.0,11358.09,61.0,67.5,71.9,72.5,58.0,85.3,0.23,0.9,25.6,71.9,1
2025-06-30,DIVISLAB.NS,A_breakout_40d,A,6809.5,7.0,6332.835,88.7,58.6,70.7,64.6,58.0,85.3,1.63,3.0,25.6,82.3,2
2025-06-30,INDIGO.NS,A_breakout_40d,A,5976.5,7.0,5558.145,100.0,72.1,76.0,70.7,58.0,85.3,0.93,3.0,25.6,83.1,1
2025-06-30,SBIN.NS,C_macd_crossover,C,820.35,4.71,781.7,57.5,100.0,73.0,62.7,71.7,51.0,0.48,1.91,15.3,75.1,2
2025-07-01,APOLLOHOSP.NS,A_breakout_40d,A,7496.0,7.0,6971.28,57.5,70.5,100.0,71.5,58.0,85.3,0.37,1.47,25.6,81.0,2
2025-07-02,AMBUJACEM.NS,A_breakout_40d,A,594.2,7.0,552.606,55.7,69.2,71.5,72.1,58.0,85.3,0.16,0.63,25.6,70.8,1
2025-07-02,JSWSTEEL.NS,A_breakout_40d,A,1059.9,7.0,985.707,62.1,66.6,70.6,65.8,58.0,85.3,0.14,0.55,25.6,71.1,1
2025-07-02,MARUTI.NS,F_vwap_reclaim,F,12622.0,1.43,12441.8975,69.2,67.3,73.8,53.3,91.4,32.7,0.67,2.67,9.8,68.8,2
2025-07-02,TATASTEEL.NS,A_breakout_40d,A,165.88,7.0,154.2684,73.6,63.5,92.2,69.8,58.0,85.3,1.58,3.0,25.6,78.2,1
2025-07-03,APOLLOHOSP.NS,A_breakout_40d,A,7565.0,7.0,7035.45,58.2,57.4,74.6,71.4,58.0,85.3,0.46,1.83,25.6,70.5,1
2025-07-03,MARUTI.NS,B_pullback_rebound,B,12752.0,3.39,12320.0,69.9,40.4,72.3,57.3,79.7,25.3,0.66,2.66,7.6,54.6,1
2025-07-03,TATASTEEL.NS,A_breakout_40d,A,165.91,7.0,154.2963,75.1,50.1,86.4,69.8,58.0,85.3,1.59,3.0,25.6,75.1,1
2025-07-04,BPCL.NS,A_breakout_40d,A,346.2,7.0,321.966,81.8,79.6,70.5,71.8,58.0,85.3,1.03,3.0,25.6,80.3,1
2025-07-07,GODREJCP.NS,F_vwap_reclaim,F,1268.4,6.04,1191.8226,64.8,100.0,100.0,67.5,63.8,32.7,-0.44,0.0,9.8,71.7,2
2025-07-08,ADANIPOWER.NS,A_breakout_40d,A,120.0,7.0,111.6,59.3,53.8,76.8,65.2,58.0,85.3,0.47,1.88,25.6,70.2,1
2025-07-08,GODREJCP.NS,E_boll_squeeze,E,1277.4,6.44,1195.12,65.3,83.9,69.7,69.0,61.4,23.0,-0.35,0.0,6.9,56.5,1
2025-07-08,KOTAKBANK.NS,A_breakout_40d,A,444.9,7.0,413.757,95.7,50.3,78.7,62.0,58.0,85.3,-0.33,0.0,25.6,80.0,2
2025-07-08,KOTAKBANK.NS,F_vwap_reclaim,F,444.9,3.44,429.5733,95.7,100.0,78.7,62.0,79.3,65.0,-0.33,0.0,19.5,86.8,2
2025-07-10,ADANIPOWER.NS,A_breakout_40d,A,121.16,7.0,112.6788,62.1,54.8,92.2,67.2,58.0,85.3,0.83,3.0,25.6,74.1,1
2025-07-11,SILVERBEES.NS,A_breakout_40d,A,106.69,7.0,99.2217,85.5,53.5,76.6,66.6,58.0,85.3,1.15,3.0,25.6,81.5,3
2025-07-11,SILVERBEES.NS,F_vwap_reclaim,F,106.69,3.64,102.8073,85.5,100.0,76.6,66.6,78.2,65.0,1.15,3.0,19.5,87.5,3
2025-07-14,APOLLOHOSP.NS,B_pullback_rebound,B,7220.0,0.84,7159.0,61.5,54.4,65.7,49.4,94.9,25.3,0.54,2.14,7.6,56.2,1
2025-07-14,GRASIM.NS,B_pullback_rebound,B,2784.3999,1.01,2756.3999,71.5,50.4,100.0,53.6,94.0,25.3,0.17,0.66,7.6,60.4,1
2025-07-14,SILVERBEES.NS,A_breakout_40d,A,110.02,7.0,102.3186,86.8,75.0,75.4,73.5,58.0,85.3,1.34,3.0,25.6,86.1,3
2025-07-14,SILVERBEES.NS,C_macd_crossover,C,110.02,7.0,102.3186,86.8,100.0,75.4,73.5,58.0,55.3,1.34,3.0,16.6,82.1,3
2025-07-14,TVSMOTOR.NS,B_pullback_rebound,B,2802.2,2.01,2746.0,94.8,63.2,66.6,46.9,88.0,25.3,0.28,1.11,7.6,62.7,1
2025-07-15,EICHERMOT.NS,F_vwap_reclaim,F,5591.0,1.12,5528.6537,82.8,54.7,71.2,51.8,93.3,32.7,0.19,0.77,9.8,67.0,2
2025-07-16,SBIN.NS,A_breakout_40d,A,831.7,7.0,773.481,58.3,61.1,72.0,66.4,58.0,85.3,0.37,1.48,25.6,70.4,1
2025-07-16,TATAPOWER.NS,C_macd_crossover,C,414.7,4.65,395.4,53.8,100.0,84.7,64.5,72.1,51.0,0.56,2.24,15.3,76.3,2
2025-07-17,DLF.NS,B_pullback_rebound,B,847.05,4.23,811.25,75.4,42.7,65.3,57.9,74.6,25.3,1.96,3.0,7.6,54.9,1
2025-07-18,TATASTEEL.NS,B_pullback_rebound,B,162.37,3.31,157.0,88.0,39.1,64.1,57.7,80.2,25.3,1.02,3.0,7.6,57.3,1
2025-07-21,AMBUJACEM.NS,A_breakout_40d,A,613.25,7.0,570.3225,69.7,72.2,72.0,74.7,58.0,85.3,1.18,3.0,25.6,76.7,1
2025-07-21,ETERNAL.NS,A_breakout_40d,A,271.7,7.0,252.681,56.9,53.3,88.7,62.2,58.0,85.3,1.22,3.0,25.6,77.1,3
2025-07-21,ETERNAL.NS,F_vwap_reclaim,F,271.7,3.99,260.8725,56.9,100.0,88.7,62.2,76.1,65.0,1.22,3.0,19.5,82.9,3
2025-07-21,HDFCBANK.NS,B_pullback_rebound,B,1000.25,2.37,976.5,92.0,47.1,64.3,55.6,85.8,25.3,0.29,1.16,7.6,58.6,1
2025-07-21,ICICIBANK.NS,C_macd_crossover,C,1465.8,3.91,1408.5,91.6,90.0,69.6,62.5,76.5,51.0,0.04,0.15,15.3,73.4,1
2025-07-21,ULTRACEMCO.NS,A_breakout_40d,A,12577.0,7.0,11696.61,67.2,51.0,73.7,68.6,58.0,85.3,0.76,3.0,25.6,72.0,1
2025-07-22,AMBUJACEM.NS,A_breakout_40d,A,620.55,7.0,577.1115,71.3,59.5,84.3,77.2,58.0,85.3,1.26,3.0,25.6,76.2,1
2025-07-22,ETERNAL.NS,A_breakout_40d,A,299.8,7.0,278.814,59.4,100.0,100.0,75.5,58.0,85.3,1.5,3.0,25.6,88.9,4
2025-07-22,ETERNAL.NS,F_vwap_reclaim,F,299.8,7.0,278.814,59.4,100.0,100.0,75.5,58.0,65.0,1.5,3.0,19.5,82.8,4
2025-07-22,SHREECEM.NS,C_macd_crossover,C,32345.0,5.39,30600.0,94.4,100.0,67.3,69.8,67.6,51.0,0.53,2.1,15.3,76.6,1
2025-07-23,ETERNAL.NS,A_breakout_40d,A,302.05,7.0,280.9065,61.8,56.0,73.2,76.2,58.0,85.3,1.81,3.0,25.6,72.1,1
2025-07-23,GOLDBEES.NS,A_breakout_40d,A,83.75,7.0,77.8875,100.0,56.0,74.1,67.2,58.0,85.3,0.35,1.41,25.6,78.0,1
2025-07-23,MARUTI.NS,B_pullback_rebound,B,12627.0,2.44,12319.0,73.2,44.7,64.3,54.3,85.4,25.3,0.0,0.01,7.6,53.1,1
2025-07-23,SBIN.NS,B_pullback_rebound,B,820.65,1.96,804.55,59.9,44.1,67.0,56.0,88.2,25.3,0.4,1.59,7.6,52.7,1
2025-07-24,ETERNAL.NS,A_breakout_40d,A,313.15,7.0,291.2295,64.2,79.4,93.3,79.4,58.0,85.3,2.13,3.0,25.6,80.0,1
2025-07-24,GRASIM.NS,B_pullback_rebound,B,2735.8999,1.26,2701.5,72.1,64.2,68.1,47.2,92.5,25.3,-0.01,0.0,7.6,58.1,1
2025-07-25,CIPLA.NS,C_macd_crossover,C,1532.5,5.09,1454.5,50.5,100.0,100.0,63.2,69.5,51.0,-0.13,0.0,15.3,75.0,3
2025-07-25,CIPLA.NS,F_vwap_reclaim,F,1532.5,3.56,1477.8728,50.5,100.0,100.0,63.2,78.6,65.0,-0.13,0.0,19.5,80.5,3
2025-07-25,SBILIFE.NS,F_vwap_reclaim,F,1832.1,1.59,1802.9087,100.0,74.1,80.0,55.1,90.4,32.7,0.27,1.08,9.8,75.4,2
2025-07-28,CIPLA.NS,A_breakout_40d,A,1572.0,7.0,1461.96,51.1,70.6,85.7,70.8,58.0,85.3,0.03,0.12,25.6,71.4,1
2025-07-29,BPCL.NS,B_pullback_rebound,B,334.95,1.18,331.0,100.0,69.3,64.4,48.0,92.9,25.3,0.66,2.63,7.6,66.9,1
2025-07-29,HDFCBANK.NS,C_macd_crossover,C,1010.8,3.39,976.5,91.7,59.3,65.8,58.9,79.6,51.0,0.45,1.8,15.3,73.8,2
2025-07-29,JIOFIN.NS,B_pullback_rebound,B,321.1,4.55,306.5,90.1,49.1,75.1,57.0,72.7,25.3,1.35,3.0,7.6,60.1,1
2025-07-29,JSWSTEEL.NS,B_pullback_rebound,B,1034.9,1.69,1017.4,66.1,52.1,70.1,54.0,89.9,25.3,0.15,0.6,7.6,55.2,1
2025-07-29,RELIANCE.NS,D_rsi_bounce,D,1417.1,2.33,1384.1,99.1,100.0,60.3,40.4,86.0,0.0,-0.24,0.0,0.0,60.9,1
2025-07-30,BPCL.NS,B_pullback_rebound,B,337.05,1.79,331.0,100.0,64.8,73.5,50.4,89.2,25.3,0.59,2.36,7.6,66.5,1
2025-07-30,JSWSTEEL.NS,B_pullback_rebound,B,1037.9,1.98,1017.4,66.4,48.9,65.4,55.9,88.1,25.3,0.14,0.54,7.6,53.7,1
2025-07-30,LT.NS,C_macd_crossover,C,3665.1001,7.0,3408.5431,62.8,100.0,100.0,63.2,58.0,51.0,-0.26,0.0,15.3,75.9,2
2025-07-30,LT.NS,F_vwap_reclaim,F,3665.1001,4.38,3504.509,62.8,100.0,100.0,63.2,73.7,65.0,-0.26,0.0,19.5,82.3,2
2025-07-31,BRITANNIA.NS,B_pullback_rebound,B,5771.0,3.48,5570.0,90.8,47.4,68.8,55.4,79.1,25.3,0.35,1.39,7.6,58.3,1
2025-07-31,HINDUNILVR.NS,F_vwap_reclaim,F,2521.2,3.14,2442.1381,50.7,100.0,100.0,64.1,81.2,32.7,0.4,1.58,9.8,67.8,1
2025-07-31,INDIGO.NS,F_vwap_reclaim,F,5910.5,2.13,5784.7515,100.0,96.1,99.0,58.1,87.2,32.7,0.51,2.03,9.8,82.8,2
2025-07-31,JIOFIN.NS,F_vwap_reclaim,F,329.25,3.35,318.2197,94.1,100.0,96.5,62.8,79.9,32.7,1.42,3.0,9.8,77.2,1
2025-07-31,JSWSTEEL.NS,E_boll_squeeze,E,1048.3,1.12,1036.605,66.8,100.0,82.7,61.5,93.3,23.0,0.23,0.91,6.9,71.8,2
2025-07-31,KOTAKBANK.NS,D_rsi_bounce,D,395.72,1.29,390.6,90.5,96.0,64.3,30.1,92.2,0.0,-0.42,0.0,0.0,59.5,1
2025-07-31,MARUTI.NS,C_macd_crossover,C,12608.0,2.7,12268.0,72.1,69.4,98.0,53.7,83.8,51.0,-0.2,0.0,15.3,69.7,1
2025-07-31,NESTLEIND.NS,D_rsi_bounce,D,1123.85,1.24,1109.95,70.9,88.9,59.4,32.7,92.6,0.0,-0.6,0.0,0.0,53.6,1
2025-08-01,AMBUJACEM.NS,F_vwap_reclaim,F,607.95,1.8,596.9812,78.2,82.8,74.2,57.0,89.2,32.7,0.72,2.87,9.8,73.7,2
2025-08-01,EICHERMOT.NS,B_pullback_rebound,B,5528.0,3.17,5353.0,80.0,53.4,100.0,50.4,81.0,25.3,0.08,0.32,7.6,60.4,1
2025-08-01,HINDUNILVR.NS,A_breakout_40d,A,2553.7,7.0,2374.941,51.7,58.5,84.0,67.3,58.0,85.3,0.53,2.12,25.6,75.8,2
2025-08-01,HINDUNILVR.NS,C_macd_crossover,C,2553.7,6.08,2398.5,51.7,85.4,84.0,67.3,63.5,55.3,0.53,2.12,16.6,73.0,2
2025-08-01,TVSMOTOR.NS,F_vwap_reclaim,F,2858.2,2.21,2795.1011,97.9,99.4,100.0,55.8,86.8,32.7,0.09,0.36,9.8,81.5,2
2025-08-04,EICHERMOT.NS,C_macd_crossover,C,5621.0,4.77,5353.0,79.9,52.2,65.9,57.7,71.4,51.0,0.2,0.81,15.3,67.8,2
2025-08-04,GODREJCP.NS,C_macd_crossover,C,1249.4,3.78,1202.2,67.7,53.5,72.0,54.0,77.3,51.0,-0.27,0.0,15.3,61.3,1
2025-08-04,HEROMOTOCO.NS,A_breakout_40d,A,4535.8999,7.0,4218.3869,60.0,64.7,90.9,63.6,58.0,85.3,0.11,0.44,25.6,77.8,3
2025-08-04,HEROMOTOCO.NS,F_vwap_reclaim,F,4535.8999,5.1,4304.393,60.0,100.0,90.9,63.6,69.4,65.0,0.11,0.44,19.5,80.3,3
2025-08-04,PIDILITIND.NS,D_rsi_bounce,D,1475.9,3.6,1422.8,56.3,100.0,75.1,49.7,78.4,0.0,-0.41,0.0,0.0,53.5,1
2025-08-04,TATASTEEL.NS,B_pullback_rebound,B,159.56,4.42,152.51,90.4,54.1,70.4,49.9,73.5,25.3,-0.17,0.0,7.6,57.4,1
2025-08-04,TVSMOTOR.NS,A_breakout_40d,A,2942.5,7.0,2736.525,98.4,50.9,89.8,65.1,58.0,85.3,0.23,0.91,25.6,83.1,2
2025-08-04,TVSMOTOR.NS,C_macd_crossover,C,2942.5,7.0,2736.525,98.4,100.0,89.8,65.1,58.0,55.3,0.23,0.91,16.6,83.9,2
2025-08-05,PIDILITIND.NS,C_macd_crossover,C,1498.8,5.07,1422.8,56.3,100.0,86.1,56.2,69.6,51.0,-0.35,0.0,15.3,74.2,2
2025-08-05,PIDILITIND.NS,F_vwap_reclaim,F,1498.8,2.34,1463.7963,56.3,100.0,86.1,56.2,86.0,65.0,-0.35,0.0,19.5,80.7,2
2025-08-05,SBILIFE.NS,C_macd_crossover,C,1857.0,4.22,1778.7,100.0,80.9,66.4,57.6,74.7,51.0,0.26,1.05,15.3,73.3,1
2025-08-06,SHREECEM.NS,B_pullback_rebound,B,30570.0,1.86,30000.0,87.0,61.8,69.8,46.9,88.8,25.3,-0.13,0.0,7.6,60.3,1
2025-08-07,ADANIPOWER.NS,B_pullback_rebound,B,115.79,3.1,112.2,83.4,63.2,82.0,48.4,81.4,25.3,0.38,1.53,7.6,61.9,1
2025-08-07,HEROMOTOCO.NS,A_breakout_40d,A,4660.7002,7.0,4334.4512,62.8,70.0,100.0,66.7,58.0,85.3,0.37,1.49,25.6,76.8,1
2025-08-08,BPCL.NS,D_rsi_bounce,D,319.45,3.85,307.15,100.0,100.0,74.6,41.0,76.9,0.0,-0.13,0.0,0.0,61.7,1
2025-08-08,TITAN.NS,F_vwap_reclaim,F,3460.2,2.12,3386.7847,70.0,95.8,100.0,52.7,87.3,32.7,-0.48,0.0,9.8,69.8,1
2025-08-11,ADANIENT.NS,D_rsi_bounce,D,2283.3999,5.19,2164.8,63.6,100.0,99.9,34.4,68.8,0.0,-1.02,0.0,0.0,56.4,1
2025-08-11,APOLLOHOSP.NS,B_pullback_rebound,B,7259.0,2.83,7053.5,69.9,57.1,68.5,48.6,83.0,25.3,0.34,1.37,7.6,56.4,1
2025-08-11,DLF.NS,D_rsi_bounce,D,764.95,2.85,743.15,91.5,100.0,59.7,37.4,82.9,0.0,-0.32,0.0,0.0,58.8,1
2025-08-11,GRASIM.NS,F_vwap_reclaim,F,2758.8999,1.5,2717.4695,76.3,70.4,77.8,51.4,91.0,32.7,0.68,2.71,9.8,71.2,2
2025-08-11,SBIN.NS,C_macd_crossover,C,823.45,4.48,786.55,60.9,86.8,67.0,61.6,73.1,51.0,0.06,0.25,15.3,65.8,1
2025-08-12,M&M.NS,B_pullback_rebound,B,3236.5,3.7,3116.7,81.2,44.2,67.9,56.4,77.8,25.3,0.61,2.42,7.6,56.5,1
2025-08-12,MARUTI.NS,A_breakout_40d,A,12840.0,7.0,11941.2,72.9,52.1,78.3,61.2,58.0,85.3,0.28,1.1,25.6,71.8,1
2025-08-12,ULTRACEMCO.NS,B_pullback_rebound,B,12449.0,3.0,12075.0,73.7,42.2,68.3,58.9,82.0,25.3,0.93,3.0,7.6,55.9,1
2025-08-13,APOLLOHOSP.NS,A_breakout_40d,A,7808.5,7.0,7261.905,71.4,70.2,100.0,67.6,58.0,85.3,0.6,2.41,25.6,84.5,3
2025-08-13,APOLLOHOSP.NS,F_vwap_reclaim,F,7808.5,6.04,7336.852,71.4,100.0,100.0,67.6,63.8,65.0,0.6,2.41,19.5,85.1,3
2025-08-13,DIVISLAB.NS,D_rsi_bounce,D,6100.5,4.0,5856.5,91.8,100.0,60.9,35.7,76.0,0.0,-0.85,0.0,0.0,58.0,1
2025-08-13,HEROMOTOCO.NS,A_breakout_40d,A,4768.7002,7.0,4434.8912,68.0,68.5,78.6,68.0,58.0,85.3,0.89,3.0,25.6,76.3,1
2025-08-13,HINDALCO.NS,A_breakout_40d,A,700.5,7.0,651.465,71.9,51.2,96.2,60.1,58.0,85.3,0.65,2.6,25.6,80.2,2
2025-08-13,HINDALCO.NS,F_vwap_reclaim,F,700.5,3.37,676.8936,71.9,100.0,96.2,60.1,79.8,65.0,0.65,2.6,19.5,87.0,2
2025-08-13,MAXHEALTH.NS,B_pullback_rebound,B,1267.1,2.51,1235.3,100.0,41.9,78.7,53.9,84.9,25.3,0.98,3.0,7.6,62.7,1
2025-08-13,TVSMOTOR.NS,A_breakout_40d,A,3019.2,7.0,2807.856,100.0,51.5,75.8,65.2,58.0,85.3,0.77,3.0,25.6,78.8,1
2025-08-13,VEDL.NS,C_macd_crossover,C,438.75,3.77,422.2,54.4,59.3,68.4,48.8,77.4,51.0,-0.09,0.0,15.3,59.2,1
2025-08-14,APOLLOHOSP.NS,A_breakout_40d,A,7821.5,7.0,7273.995,72.4,51.3,70.3,67.9,58.0,85.3,0.8,3.0,25.6,72.6,1
2025-08-18,AMBUJACEM.NS,B_pullback_rebound,B,590.05,3.14,571.55,83.2,65.0,72.9,48.9,81.2,25.3,0.55,2.2,7.6,61.7,1
2025-08-18,ASIANPAINT.NS,A_breakout_40d,A,2587.3999,7.0,2406.2819,52.6,68.6,73.9,72.5,58.0,85.3,1.13,3.0,25.6,72.7,1
2025-08-18,BAJAJFINSV.NS,C_macd_crossover,C,1993.5,5.16,1890.6,86.1,100.0,66.0,56.2,69.0,51.0,-0.25,0.0,15.3,72.5,1
2025-08-18,BAJFINANCE.NS,F_vwap_reclaim,F,905.2,1.78,889.07,100.0,81.8,80.5,53.0,89.3,32.7,-0.39,0.0,9.8,75.7,2
2025-08-18,EICHERMOT.NS,A_breakout_40d,A,5912.0,7.0,5498.16,81.5,70.5,97.3,73.9,58.0,85.3,0.72,2.87,25.6,81.9,1
2025-08-18,GRASIM.NS,E_boll_squeeze,E,2845.8999,3.44,2747.885,79.1,98.0,77.5,61.6,79.3,23.0,0.81,3.0,6.9,68.3,1
2025-08-18,HDFCBANK.NS,B_pullback_rebound,B,1001.8,1.9,982.75,90.3,48.6,64.8,53.4,88.6,25.3,0.22,0.87,7.6,58.7,1
2025-08-18,HEROMOTOCO.NS,A_breakout_40d,A,4984.0,7.0,4635.12,71.0,86.1,100.0,72.2,58.0,85.3,1.19,3.0,25.6,83.3,1
2025-08-18,HINDALCO.NS,C_macd_crossover,C,714.15,7.0,664.1595,73.6,100.0,69.5,64.1,58.0,51.0,0.78,3.0,15.3,77.1,2
2025-08-18,HINDUNILVR.NS,A_breakout_40d,A,2568.1001,7.0,2388.3331,59.5,54.5,81.6,63.3,58.0,85.3,0.58,2.3,25.6,76.3,2
2025-08-18,HINDUNILVR.NS,F_vwap_reclaim,F,2568.1001,3.16,2486.9223,59.5,100.0,81.6,63.3,81.0,65.0,0.58,2.3,19.5,82.6,2
2025-08-18,INDIGO.NS,E_boll_squeeze,E,6096.5,3.81,5864.275,100.0,96.0,69.3,65.2,77.1,23.0,0.98,3.0,6.9,70.9,1
2025-08-18,JSWSTEEL.NS,A_breakout_40d,A,1079.8,7.0,1004.214,71.0,61.3,76.8,64.4,58.0,85.3,0.75,3.0,25.6,80.1,3
2025-08-18,JSWSTEEL.NS,F_vwap_reclaim,F,1079.8,4.09,1035.6346,71.0,100.0,76.8,64.4,75.5,65.0,0.75,3.0,19.5,84.2,3
2025-08-18,M&M.NS,A_breakout_40d,A,3383.1001,7.0,3146.2831,82.2,74.6,87.1,68.5,58.0,85.3,0.69,2.74,25.6,81.2,1
2025-08-18,MARUTI.NS,A_breakout_40d,A,14068.0,7.0,13083.24,74.3,100.0,100.0,81.1,58.0,85.3,0.66,2.62,25.6,91.6,2
2025-08-18,MARUTI.NS,F_vwap_reclaim,F,14068.0,7.0,13083.24,74.3,100.0,100.0,81.1,58.0,65.0,0.66,2.62,19.5,85.5,2
2025-08-18,NESTLEIND.NS,C_macd_crossover,C,1144.1,5.19,1084.7,63.6,67.2,85.3,50.3,68.8,51.0,-0.81,0.0,15.3,68.7,2
2025-08-18,NESTLEIND.NS,F_vwap_reclaim,F,1144.1,1.06,1131.9743,63.6,52.4,85.3,50.3,93.6,65.0,-0.81,0.0,19.5,73.4,2
2025-08-18,SBILIFE.NS,A_breakout_40d,A,1863.0,7.0,1732.59,100.0,50.2,84.7,57.6,58.0,85.3,0.36,1.43,25.6,82.9,2
2025-08-18,SBILIFE.NS,C_macd_crossover,C,1863.0,4.4,1781.0,100.0,69.2,84.7,57.6,73.6,55.3,0.36,1.43,16.6,79.9,2
2025-08-18,SHREECEM.NS,C_macd_crossover,C,31340.0,4.28,30000.0,85.7,50.9,64.4,58.3,74.3,51.0,0.38,1.54,15.3,69.7,2
2025-08-18,TVSMOTOR.NS,A_breakout_40d,A,3219.7,7.0,2994.321,100.0,100.0,100.0,77.1,58.0,85.3,1.04,3.0,25.6,92.0,1
2025-08-18,ULTRACEMCO.NS,A_breakout_40d,A,12765.0,7.0,11871.45,76.2,62.0,98.2,66.4,58.0,85.3,1.11,3.0,25.6,84.1,3
2025-08-18,ULTRACEMCO.NS,F_vwap_reclaim,F,12765.0,3.81,12279.2912,76.2,100.0,98.2,66.4,77.2,65.0,1.11,3.0,19.5,88.3,3
2025-08-19,ADANIPORTS.NS,F_vwap_reclaim,F,1369.4,2.53,1334.8203,100.0,100.0,72.2,49.7,84.8,32.7,-0.87,0.0,9.8,72.6,1
2025-08-19,EICHERMOT.NS,A_breakout_40d,A,5938.5,7.0,5522.805,82.0,53.6,75.0,75.0,58.0,85.3,0.8,3.0,25.6,75.8,1
2025-08-19,HEROMOTOCO.NS,A_breakout_40d,A,5118.2002,7.0,4759.9262,72.7,71.5,72.8,75.3,58.0,85.3,1.39,3.0,25.6,77.3,1
2025-08-19,MARUTI.NS,A_breakout_40d,A,14250.0,7.0,13252.5,75.0,60.3,84.5,82.6,58.0,85.3,0.86,3.0,25.6,77.2,1
2025-08-19,RELIANCE.NS,C_macd_crossover,C,1420.1,4.15,1361.2,94.4,100.0,67.2,52.3,75.1,51.0,-0.31,0.0,15.3,75.0,1
2025-08-20,DABUR.NS,A_breakout_40d,A,535.0,7.0,497.55,50.7,51.0,100.0,63.3,58.0,85.3,0.57,2.29,25.6,76.2,3
2025-08-20,DABUR.NS,F_vwap_reclaim,F,535.0,3.08,518.5052,50.7,100.0,100.0,63.3,81.5,65.0,0.57,2.29,19.5,83.2,3
2025-08-20,HINDUNILVR.NS,A_breakout_40d,A,2669.8,7.0,2482.914,61.4,70.0,79.2,72.2,58.0,85.3,0.75,2.99,25.6,75.4,1
2025-08-20,TATASTEEL.NS,C_macd_crossover,C,161.92,4.38,154.83,88.7,69.5,65.6,55.2,73.7,51.0,0.1,0.4,15.3,67.9,1
2025-08-22,DIVISLAB.NS,C_macd_crossover,C,6151.5,4.8,5856.5,85.6,54.9,71.3,42.6,71.2,51.0,-0.87,0.0,15.3,63.9,1
2025-08-25,EICHERMOT.NS,A_breakout_40d,A,5990.5,7.0,5571.165,84.5,52.1,71.9,73.2,58.0,85.3,1.08,3.0,25.6,75.6,1
2025-08-26,BRITANNIA.NS,F_vwap_reclaim,F,5765.5,4.68,5495.6216,91.8,100.0,99.4,58.8,71.9,32.7,0.05,0.2,9.8,73.1,1
2025-08-26,EICHERMOT.NS,A_breakout_40d,A,6151.0,7.0,5720.43,85.4,71.4,91.4,79.1,58.0,85.3,1.16,3.0,25.6,82.3,1
2025-08-26,HINDUNILVR.NS,A_breakout_40d,A,2692.6001,7.0,2504.1181,66.1,56.8,87.1,70.6,58.0,85.3,1.26,3.0,25.6,74.7,1
2025-08-26,MARUTI.NS,A_breakout_40d,A,14714.0,7.0,13684.02,79.5,64.5,80.1,85.5,58.0,85.3,1.54,3.0,25.6,78.5,1
2025-08-28,SILVERBEES.NS,A_breakout_40d,A,112.78,7.0,104.8854,100.0,55.2,92.6,61.6,58.0,85.3,0.74,2.96,25.6,86.7,2
2025-08-28,SILVERBEES.NS,C_macd_crossover,C,112.78,5.44,106.64,100.0,89.4,92.6,61.6,67.3,55.3,0.74,2.96,16.6,85.8,2
2025-08-29,ASIANPAINT.NS,B_pullback_rebound,B,2518.6001,2.28,2461.2,65.8,43.7,65.7,57.2,86.3,25.3,1.05,3.0,7.6,54.8,1
2025-08-29,DABUR.NS,B_pullback_rebound,B,521.1,4.31,498.65,56.6,45.0,66.0,53.3,74.2,25.3,0.94,3.0,7.6,51.5,1
2025-08-29,SHRIRAMFIN.NS,D_rsi_bounce,D,580.25,1.77,570.0,69.8,100.0,78.6,34.1,89.4,0.0,-1.09,0.0,0.0,57.7,1
2025-08-29,SILVERBEES.NS,A_breakout_40d,A,113.58,7.0,105.6294,100.0,55.7,79.1,63.6,58.0,85.3,0.76,3.0,25.6,80.1,1
2025-08-29,TATAPOWER.NS,D_rsi_bounce,D,374.15,1.04,370.25,60.7,100.0,64.6,33.9,93.7,0.0,-0.48,0.0,0.0,54.7,1
2025-09-01,DABUR.NS,C_macd_crossover,C,523.65,4.63,499.4,57.8,57.7,69.4,54.7,72.2,51.0,1.0,3.0,15.3,67.2,2
2025-09-01,GOLDBEES.NS,A_breakout_40d,A,86.61,7.0,80.5473,100.0,61.9,93.4,74.2,58.0,85.3,0.23,0.91,25.6,81.4,1
2025-09-01,M&M.NS,B_pullback_rebound,B,3315.3999,3.87,3187.0,87.1,41.2,66.2,53.8,76.8,25.3,0.86,3.0,7.6,57.2,1
2025-09-01,SILVERBEES.NS,A_breakout_40d,A,118.59,7.0,110.2887,100.0,85.3,100.0,72.9,58.0,85.3,0.88,3.0,25.6,89.0,1
2025-09-02,DABUR.NS,A_breakout_40d,A,544.6,7.0,506.478,59.2,64.4,100.0,64.3,58.0,85.3,1.1,3.0,25.6,81.4,2
2025-09-02,DABUR.NS,F_vwap_reclaim,F,544.6,4.6,519.5542,59.2,100.0,100.0,64.3,72.4,65.0,1.1,3.0,19.5,84.4,2
2025-09-03,HDFCBANK.NS,D_rsi_bounce,D,954.45,1.09,944.0,86.9,100.0,60.3,35.5,93.4,0.0,-0.2,0.0,0.0,59.4,1
2025-09-03,HINDALCO.NS,A_breakout_40d,A,742.95,7.0,690.9435,82.6,74.4,72.5,69.1,58.0,85.3,1.02,3.0,25.6,79.6,1
2025-09-03,JSWSTEEL.NS,F_vwap_reclaim,F,1072.2,2.24,1048.148,74.9,100.0,80.3,58.3,86.5,32.7,0.44,1.77,9.8,70.9,1
2025-09-03,TATASTEEL.NS,A_breakout_40d,A,167.85,7.0,156.1005,90.5,71.4,100.0,64.0,58.0,85.3,0.38,1.53,25.6,87.5,3
2025-09-03,TATASTEEL.NS,F_vwap_reclaim,F,167.85,6.07,157.6543,90.5,100.0,100.0,64.0,63.6,65.0,0.38,1.53,19.5,87.9,3
2025-09-04,BRITANNIA.NS,A_breakout_40d,A,6083.0,7.0,5657.19,93.9,73.7,91.9,69.6,58.0,85.3,0.58,2.33,25.6,83.6,1
2025-09-04,DABUR.NS,A_breakout_40d,A,552.7,7.0,514.011,61.9,61.9,92.7,67.1,58.0,85.3,1.34,3.0,25.6,75.5,1
2025-09-04,EICHERMOT.NS,A_breakout_40d,A,6425.0,7.0,5975.25,89.8,56.7,77.4,82.9,58.0,85.3,1.39,3.0,25.6,78.6,1
2025-09-04,GRASIM.NS,F_vwap_reclaim,F,2809.8,1.55,2766.3077,81.9,72.3,73.2,53.9,90.7,32.7,0.26,1.05,9.8,70.6,2
2025-09-04,M&M.NS,A_breakout_40d,A,3481.5,7.0,3237.795,87.6,68.5,91.6,63.1,58.0,85.3,0.57,2.27,25.6,86.0,3
2025-09-04,M&M.NS,F_vwap_reclaim,F,3481.5,5.43,3292.3251,87.6,100.0,91.6,63.1,67.4,65.0,0.57,2.27,19.5,87.6,3
2025-09-05,INDUSTOWER.NS,F_vwap_reclaim,F,337.4,1.83,331.2156,63.2,83.9,70.3,42.6,89.0,32.7,-1.95,0.0,9.8,62.1,1
2025-09-08,ADANIPOWER.NS,A_breakout_40d,A,126.77,7.0,117.8961,97.8,81.7,100.0,69.2,58.0,85.3,1.09,3.0,25.6,87.7,1
2025-09-08,GOLDBEES.NS,A_breakout_40d,A,89.98,7.0,83.6814,100.0,62.0,73.0,83.7,58.0,85.3,0.81,3.0,25.6,81.1,1
2025-09-08,JSWSTEEL.NS,A_breakout_40d,A,1101.4,7.0,1024.302,75.6,63.9,79.0,66.3,58.0,85.3,0.57,2.28,25.6,76.2,1
2025-09-09,ADANIPOWER.NS,A_breakout_40d,A,128.73,7.0,119.7189,98.3,62.4,74.7,72.3,58.0,85.3,1.02,3.0,25.6,80.7,1
2025-09-09,GOLDBEES.NS,A_breakout_40d,A,91.17,7.0,84.7881,100.0,60.6,83.4,85.9,58.0,85.3,0.98,3.0,25.6,82.3,1
2025-09-10,BEL.NS,F_vwap_reclaim,F,388.05,4.03,372.3924,100.0,100.0,79.1,57.9,75.8,32.7,-0.99,0.0,9.8,72.4,1
2025-09-10,SBIN.NS,B_pullback_rebound,B,818.2,2.41,798.5,64.3,46.9,65.7,56.2,85.6,25.3,0.08,0.33,7.6,52.3,1
2025-09-11,GODREJCP.NS,C_macd_crossover,C,1266.5,3.66,1220.1,74.9,65.5,68.6,57.1,78.0,51.0,0.55,2.18,15.3,67.1,1
2025-09-11,SBIN.NS,C_macd_crossover,C,823.65,3.05,798.5,64.3,87.0,66.4,60.2,81.7,51.0,0.06,0.23,15.3,72.6,2
2025-09-12,BAJFINANCE.NS,A_breakout_40d,A,1003.25,7.0,933.0225,84.9,77.2,70.3,77.5,58.0,85.3,0.31,1.23,25.6,78.8,1
2025-09-15,DLF.NS,F_vwap_reclaim,F,775.7,2.89,753.3171,68.2,100.0,75.8,54.6,82.7,32.7,-0.99,0.0,9.8,66.5,1
2025-09-16,LT.NS,C_macd_crossover,C,3667.8,4.13,3516.3999,58.9,100.0,82.5,61.3,75.2,51.0,-0.1,0.0,15.3,75.2,2
2025-09-16,LT.NS,F_vwap_reclaim,F,3667.8,3.18,3551.2537,58.9,100.0,82.5,61.3,80.9,65.0,-0.1,0.0,19.5,80.2,2
2025-09-16,SBIN.NS,A_breakout_40d,A,831.55,7.0,773.3415,65.1,51.1,73.4,65.7,58.0,85.3,0.12,0.48,25.6,69.0,1
2025-09-16,TITAN.NS,B_pullback_rebound,B,3556.8,1.18,3515.0,66.0,63.7,64.8,46.9,92.9,25.3,-0.34,0.0,7.6,56.4,1
2025-09-17,BEL.NS,A_breakout_40d,A,412.2,7.0,383.346,100.0,68.1,82.8,70.6,58.0,85.3,-0.68,0.0,25.6,80.2,1
2025-09-17,BPCL.NS,E_boll_squeeze,E,323.55,2.35,315.95,94.7,100.0,66.7,57.1,85.9,23.0,-0.58,0.0,6.9,68.2,1
2025-09-17,SBIN.NS,A_breakout_40d,A,857.15,7.0,797.1495,65.6,74.6,94.9,77.0,58.0,85.3,0.25,1.0,25.6,77.4,1
2025-09-17,TATACONSUM.NS,A_breakout_40d,A,1136.3,7.0,1056.759,67.1,72.4,99.2,66.0,58.0,85.3,0.13,0.5,25.6,82.0,2
2025-09-17,TATACONSUM.NS,F_vwap_reclaim,F,1136.3,4.72,1082.7087,67.1,100.0,99.2,66.0,71.7,65.0,0.13,0.5,19.5,83.3,2
2025-09-17,ULTRACEMCO.NS,B_pullback_rebound,B,12721.0,3.12,12324.0,84.6,43.8,65.7,57.8,81.3,25.3,0.1,0.39,7.6,55.3,1
2025-09-18,HDFCLIFE.NS,F_vwap_reclaim,F,784.6,2.26,766.8687,95.6,100.0,73.3,56.5,86.4,32.7,-0.16,0.0,9.8,77.3,3
2025-09-18,SHREECEM.NS,C_macd_crossover,C,29960.0,2.44,29230.0,74.4,55.6,64.9,48.6,85.4,51.0,-0.57,0.0,15.3,63.1,1
2025-09-19,ADANIENT.NS,F_vwap_reclaim,F,2524.0,5.55,2383.7969,50.6,100.0,100.0,71.4,66.7,32.7,-0.7,0.0,9.8,64.4,1
2025-09-19,ADANIPORTS.NS,A_breakout_40d,A,1427.8,7.0,1327.854,90.0,53.9,100.0,68.4,58.0,85.3,-0.19,0.0,25.6,77.6,1
2025-09-19,ADANIPOWER.NS,A_breakout_40d,A,141.88,7.0,131.9484,100.0,100.0,100.0,76.4,58.0,85.3,0.94,3.0,25.6,97.0,3
2025-09-19,ADANIPOWER.NS,F_vwap_reclaim,F,141.88,7.0,131.9484,100.0,100.0,100.0,76.4,58.0,65.0,0.94,3.0,19.5,90.9,3
2025-09-19,BHARTIARTL.NS,A_breakout_40d,A,1962.4,7.0,1825.032,85.8,57.7,90.7,65.4,58.0,85.3,-0.45,0.0,25.6,76.2,1
2025-09-19,SBILIFE.NS,B_pullback_rebound,B,1841.7,3.92,1769.5,100.0,39.5,77.6,54.9,76.5,25.3,0.06,0.26,7.6,58.2,1
2025-09-19,SBIN.NS,A_breakout_40d,A,862.35,7.0,801.9855,66.7,54.9,82.7,76.8,58.0,85.3,0.44,1.78,25.6,72.9,1
2025-09-22,ADANIENT.NS,A_breakout_40d,A,2629.5,7.0,2445.435,50.7,56.5,100.0,77.9,58.0,85.3,-0.47,0.0,25.6,70.5,1
2025-09-22,ADANIPORTS.NS,A_breakout_40d,A,1444.2,7.0,1343.106,89.7,59.2,88.9,71.6,58.0,85.3,-0.14,0.0,25.6,77.2,1
2025-09-22,ADANIPOWER.NS,A_breakout_40d,A,170.25,7.0,158.3325,100.0,100.0,82.2,87.3,58.0,85.3,1.57,3.0,25.6,95.0,2
2025-09-22,ULTRACEMCO.NS,F_vwap_reclaim,F,12650.0,1.28,12488.625,84.1,61.2,82.5,54.1,92.3,32.7,0.11,0.45,9.8,69.6,2
2025-09-23,ADANIENT.NS,A_breakout_40d,A,2676.3999,7.0,2489.0519,51.0,64.3,100.0,80.0,58.0,85.3,-0.21,0.0,25.6,72.2,1
2025-09-23,GOLDBEES.NS,A_breakout_40d,A,95.13,7.0,88.4709,100.0,67.1,71.5,80.7,58.0,85.3,1.41,3.0,25.6,81.9,1
2025-09-23,JSWSTEEL.NS,A_breakout_40d,A,1138.4,7.0,1058.712,79.4,61.1,71.3,72.2,58.0,85.3,0.76,3.0,25.6,76.2,1
2025-09-23,MARUTI.NS,A_breakout_40d,A,16097.0,7.0,14970.21,100.0,61.7,70.3,80.3,58.0,85.3,2.48,3.0,25.6,80.6,1
2025-09-23,SBIN.NS,A_breakout_40d,A,870.6,7.0,809.658,68.0,57.7,77.7,75.1,58.0,85.3,0.62,2.48,25.6,73.7,1
2025-09-24,JSWSTEEL.NS,A_breakout_40d,A,1149.1,7.0,1068.663,80.1,57.5,71.4,74.6,58.0,85.3,0.84,3.0,25.6,75.8,1
2025-09-25,BHARTIARTL.NS,B_pullback_rebound,B,1935.6,2.76,1882.1,83.9,41.0,70.6,55.3,83.4,25.3,-0.04,0.0,7.6,55.1,1
2025-09-26,LT.NS,A_breakout_40d,A,3729.5,7.0,3468.435,62.5,57.8,100.0,64.2,58.0,85.3,0.41,1.66,25.6,74.4,1
2025-09-29,BAJAJFINSV.NS,B_pullback_rebound,B,2024.7,1.41,1996.1,71.1,55.5,76.0,50.1,91.5,25.3,0.1,0.39,7.6,57.5,1
2025-09-29,BPCL.NS,A_breakout_40d,A,338.1,7.0,314.433,87.3,68.6,81.2,65.7,58.0,85.3,-0.49,0.0,25.6,77.4,1
2025-09-29,INDIGO.NS,F_vwap_reclaim,F,5707.0,1.52,5620.1405,100.0,71.2,100.0,48.1,90.9,32.7,-0.4,0.0,9.8,71.2,1
2025-09-29,IOC.NS,A_breakout_40d,A,149.31,7.0,138.8583,74.2,54.4,81.6,64.7,58.0,85.3,-0.27,0.0,25.6,77.0,2
2025-09-29,IOC.NS,F_vwap_reclaim,F,149.31,3.78,143.6671,74.2,100.0,81.6,64.7,77.3,65.0,-0.27,0.0,19.5,82.7,2
2025-09-29,SBIN.NS,A_breakout_40d,A,870.75,7.0,809.7975,70.2,50.1,91.4,69.2,58.0,85.3,0.57,2.26,25.6,74.0,1
2025-09-29,SILVERBEES.NS,A_breakout_40d,A,139.06,7.0,129.3258,100.0,86.4,78.0,85.4,58.0,85.3,2.19,3.0,25.6,86.7,1
2025-09-29,TITAN.NS,D_rsi_bounce,D,3401.2,2.88,3303.1001,65.4,100.0,66.1,37.1,82.7,0.0,-0.04,0.0,0.0,54.4,1
2025-09-30,IOC.NS,A_breakout_40d,A,149.79,7.0,139.3047,74.0,52.6,70.6,65.7,58.0,85.3,-0.24,0.0,25.6,70.2,1
2025-09-30,VEDL.NS,A_breakout_40d,A,465.8,7.0,433.194,51.4,57.2,70.8,59.9,58.0,85.3,0.18,0.73,25.6,67.1,1
2025-10-01,BPCL.NS,A_breakout_40d,A,339.7,7.0,315.921,86.4,50.1,70.4,66.8,58.0,85.3,-0.35,0.0,25.6,72.2,1
2025-10-01,DIVISLAB.NS,D_rsi_bounce,D,5710.0,1.29,5636.5,53.5,71.5,75.8,30.8,92.3,0.0,-1.65,0.0,0.0,48.7,1
2025-10-01,HDFCBANK.NS,C_macd_crossover,C,965.25,2.71,939.1,75.7,63.7,66.6,50.7,83.7,51.0,-0.42,0.0,15.3,65.1,1
2025-10-01,ICICIBANK.NS,D_rsi_bounce,D,1372.0,2.14,1342.6,72.6,100.0,76.3,38.7,87.1,0.0,-0.51,0.0,0.0,57.8,1
2025-10-03,BAJAJ-AUTO.NS,B_pullback_rebound,B,8679.5,1.07,8586.5,63.6,77.7,83.7,42.2,93.6,25.3,0.39,1.57,7.6,62.7,1
2025-10-03,HEROMOTOCO.NS,A_breakout_40d,A,5550.5,7.0,5161.965,100.0,61.4,70.4,67.7,58.0,85.3,2.07,3.0,25.6,80.2,1
2025-10-03,HINDALCO.NS,A_breakout_40d,A,780.35,7.0,725.7255,96.3,65.0,73.8,74.1,58.0,85.3,1.17,3.0,25.6,85.8,3
2025-10-03,HINDALCO.NS,C_macd_crossover,C,780.35,6.2,731.95,96.3,99.6,73.8,74.1,62.8,55.3,1.17,3.0,16.6,84.4,3
2025-10-03,TATASTEEL.NS,F_vwap_reclaim,F,173.21,2.48,168.9059,94.1,100.0,92.1,61.7,85.1,32.7,0.49,1.97,9.8,76.4,1
2025-10-03,VEDL.NS,A_breakout_40d,A,470.95,7.0,437.9835,52.7,58.8,77.8,62.1,58.0,85.3,0.27,1.08,25.6,69.1,1
2025-10-06,APOLLOHOSP.NS,B_pullback_rebound,B,7662.0,3.95,7359.0,89.3,54.6,69.3,51.2,76.3,25.3,0.23,0.92,7.6,58.5,1
2025-10-06,GOLDBEES.NS,A_breakout_40d,A,99.22,7.0,92.2746,100.0,63.0,76.3,81.0,58.0,85.3,1.72,3.0,25.6,81.7,1
2025-10-06,IOC.NS,A_breakout_40d,A,154.84,7.0,144.0012,73.5,73.7,78.8,74.9,58.0,85.3,-0.03,0.0,25.6,75.7,1
2025-10-06,MAXHEALTH.NS,D_rsi_bounce,D,1139.7,6.99,1060.0,71.6,100.0,68.2,47.0,58.0,0.0,-1.0,0.0,0.0,52.7,1
2025-10-06,TVSMOTOR.NS,B_pullback_rebound,B,3510.8999,4.09,3367.2,100.0,45.6,65.7,63.7,75.4,25.3,1.97,3.0,7.6,60.7,1
2025-10-07,GOLDBEES.NS,A_breakout_40d,A,99.66,7.0,92.6838,100.0,53.5,72.3,81.7,58.0,85.3,1.78,3.0,25.6,79.3,1
2025-10-07,JIOFIN.NS,C_macd_crossover,C,309.9,5.71,292.2,100.0,87.0,75.1,51.6,65.7,51.0,-0.41,0.0,15.3,78.2,2
2025-10-07,JIOFIN.NS,F_vwap_reclaim,F,309.9,1.38,305.6283,100.0,65.3,75.1,51.6,91.7,65.0,-0.41,0.0,19.5,81.7,2
2025-10-08,GOLDBEES.NS,A_breakout_40d,A,101.69,7.0,94.5717,100.0,66.3,73.7,84.6,58.0,85.3,1.9,3.0,25.6,82.1,1
2025-10-08,SILVERBEES.NS,A_breakout_40d,A,150.93,7.0,140.3649,100.0,89.5,76.1,85.8,58.0,85.3,2.83,3.0,25.6,87.1,1
2025-10-08,TITAN.NS,C_macd_crossover,C,3565.6001,7.0,3316.0081,65.1,100.0,100.0,58.3,58.0,51.0,-0.03,0.0,15.3,76.2,2
2025-10-08,TITAN.NS,F_vwap_reclaim,F,3565.6001,4.54,3403.6178,65.1,100.0,100.0,58.3,72.7,65.0,-0.03,0.0,19.5,82.5,2
2025-10-09,DABUR.NS,D_rsi_bounce,D,485.4,1.29,479.15,65.9,100.0,58.9,31.5,92.3,0.0,-0.49,0.0,0.0,54.7,1
2025-10-09,SILVERBEES.NS,A_breakout_40d,A,156.16,7.0,145.2288,100.0,77.7,100.0,88.0,58.0,85.3,3.1,3.0,25.6,87.9,1
2025-10-09,TATAPOWER.NS,B_pullback_rebound,B,388.2,1.55,382.2,57.4,55.5,64.1,48.2,90.7,25.3,-0.21,0.0,7.6,52.7,1
2025-10-09,TATASTEEL.NS,A_breakout_40d,A,176.42,7.0,164.0706,94.9,64.4,97.7,64.6,58.0,85.3,0.64,2.58,25.6,87.8,3
2025-10-10,CIPLA.NS,C_macd_crossover,C,1561.8,5.54,1475.2,65.3,95.4,65.0,57.6,66.7,51.0,-0.06,0.0,15.3,67.0,1
2025-10-10,TATAPOWER.NS,B_pullback_rebound,B,390.1,2.2,381.5,57.3,51.8,74.4,50.5,86.8,25.3,-0.24,0.0,7.6,52.8,1
2025-10-13,SILVERBEES.NS,A_breakout_40d,A,164.34,7.0,152.8362,100.0,91.9,81.6,86.6,58.0,85.3,3.71,3.0,25.6,88.3,1
2025-10-14,APOLLOHOSP.NS,B_pullback_rebound,B,7759.0,5.16,7359.0,90.5,39.6,68.1,56.8,69.1,25.3,0.32,1.3,7.6,55.2,1
2025-10-14,GOLDBEES.NS,A_breakout_40d,A,105.09,7.0,97.7337,100.0,69.0,81.1,84.1,58.0,85.3,2.29,3.0,25.6,83.6,1
2025-10-14,SILVERBEES.NS,A_breakout_40d,A,174.31,7.0,162.1083,100.0,98.5,100.0,89.3,58.0,85.3,4.27,3.0,25.6,92.1,1
2025-10-15,BAJAJFINSV.NS,F_vwap_reclaim,F,2084.1001,3.11,2019.184,66.5,100.0,71.8,63.5,81.3,32.7,0.37,1.48,9.8,72.2,2
2025-10-15,BAJFINANCE.NS,C_macd_crossover,C,1059.9,7.0,985.707,85.4,84.5,66.6,69.5,58.0,51.0,1.61,3.0,15.3,71.1,1
2025-10-15,BPCL.NS,F_vwap_reclaim,F,337.9,1.7,332.151,84.4,78.5,84.2,56.4,89.8,32.7,0.24,0.95,9.8,73.6,2
2025-10-15,GOLDBEES.NS,A_breakout_40d,A,105.29,7.0,97.9197,100.0,51.5,74.4,84.3,58.0,85.3,2.37,3.0,25.6,79.2,1
2025-10-15,HINDALCO.NS,B_pullback_rebound,B,764.25,1.28,754.45,100.0,44.7,65.7,57.2,92.3,25.3,1.15,3.0,7.6,62.7,1
2025-10-15,NESTLEIND.NS,A_breakout_40d,A,1221.4,7.0,1135.902,55.6,50.4,74.9,62.1,58.0,85.3,0.63,2.53,25.6,74.0,2
2025-10-15,NESTLEIND.NS,F_vwap_reclaim,F,1221.4,4.19,1170.2167,55.6,100.0,74.9,62.1,74.9,65.0,0.63,2.53,19.5,80.2,2
2025-10-16,ADANIPORTS.NS,A_breakout_40d,A,1479.5,7.0,1375.935,83.7,65.9,89.6,69.5,58.0,85.3,0.45,1.79,25.6,79.2,1
2025-10-16,BRITANNIA.NS,B_pullback_rebound,B,6025.5,4.04,5782.0,90.4,39.4,66.2,56.9,75.8,25.3,0.24,0.94,7.6,55.4,1
2025-10-16,GODREJCP.NS,D_rsi_bounce,D,1120.1,2.04,1097.3,59.8,100.0,58.7,33.3,87.8,0.0,-1.03,0.0,0.0,52.9,1
2025-10-16,NESTLEIND.NS,A_breakout_40d,A,1276.6,7.0,1187.238,56.3,86.2,100.0,71.9,58.0,85.3,0.74,2.97,25.6,80.4,1
2025-10-16,TATACONSUM.NS,A_breakout_40d,A,1149.3,7.0,1068.849,66.7,53.1,81.0,61.7,58.0,85.3,0.5,2.01,25.6,77.1,3
2025-10-16,TATACONSUM.NS,F_vwap_reclaim,F,1149.3,2.8,1117.1769,66.7,100.0,81.0,61.7,83.2,65.0,0.5,2.01,19.5,83.9,3
2025-10-17,ADANIPOWER.NS,C_macd_crossover,C,165.98,7.0,154.3614,100.0,100.0,73.2,69.8,58.0,51.0,3.22,3.0,15.3,78.0,1
2025-10-17,ASIANPAINT.NS,F_vwap_reclaim,F,2507.8,4.53,2394.3093,74.0,100.0,100.0,64.6,72.8,32.7,-0.14,0.0,9.8,69.7,1
2025-10-17,BRITANNIA.NS,C_macd_crossover,C,6083.0,4.95,5782.0,90.6,65.8,67.7,60.1,70.3,51.0,0.31,1.22,15.3,68.2,1
2025-10-17,M&M.NS,C_macd_crossover,C,3647.2,6.9,3395.7,100.0,100.0,71.7,65.7,58.6,51.0,0.96,3.0,15.3,77.8,1
2025-10-17,NESTLEIND.NS,A_breakout_40d,A,1289.5,7.0,1199.235,57.2,58.1,77.4,73.7,58.0,85.3,0.86,3.0,25.6,72.0,1
2025-10-17,TATACONSUM.NS,A_breakout_40d,A,1166.0,7.0,1084.38,67.0,61.6,73.1,66.1,58.0,85.3,0.57,2.28,25.6,78.2,3
2025-10-17,TATACONSUM.NS,C_macd_crossover,C,1166.0,4.94,1108.4,67.0,84.2,73.1,66.1,70.4,55.3,0.57,2.28,16.6,75.5,3
2025-10-17,TVSMOTOR.NS,A_breakout_40d,A,3654.0,7.0,3398.22,100.0,64.0,79.5,75.8,58.0,85.3,2.08,3.0,25.6,87.1,2
2025-10-17,TVSMOTOR.NS,C_macd_crossover,C,3654.0,7.0,3398.22,100.0,100.0,79.5,75.8,58.0,55.3,2.08,3.0,16.6,85.3,2
2025-10-20,APOLLOHOSP.NS,A_breakout_40d,A,8010.0,7.0,7449.3,93.0,58.2,70.8,69.3,58.0,85.3,0.71,2.83,25.6,78.0,1
2025-10-20,BAJAJFINSV.NS,A_breakout_40d,A,2139.8,7.0,1990.014,67.0,69.0,79.6,70.7,58.0,85.3,0.76,3.0,25.6,76.4,1
2025-10-20,BHARTIARTL.NS,A_breakout_40d,A,2051.5,7.0,1907.895,77.7,65.7,70.7,75.5,58.0,85.3,0.39,1.56,25.6,75.5,1
2025-10-20,CIPLA.NS,A_breakout_40d,A,1639.1,7.0,1524.363,66.8,68.9,88.6,71.2,58.0,85.3,0.44,1.75,25.6,76.2,1
2025-10-20,RELIANCE.NS,A_breakout_40d,A,1466.8,7.0,1364.124,62.9,73.6,82.1,73.8,58.0,85.3,0.08,0.3,25.6,74.2,1
2025-10-23,AXISBANK.NS,A_breakout_40d,A,1258.8,7.0,1170.684,55.7,63.9,72.4,73.2,58.0,85.3,1.4,3.0,25.6,72.2,1
2025-10-23,BEL.NS,A_breakout_40d,A,418.65,7.0,389.3445,100.0,51.8,72.8,62.4,58.0,85.3,0.71,2.85,25.6,78.2,1
2025-10-23,HDFCBANK.NS,A_breakout_40d,A,1008.8,7.0,938.184,70.0,50.9,79.1,73.2,58.0,85.3,0.11,0.45,25.6,70.8,1
2025-10-23,SHRIRAMFIN.NS,A_breakout_40d,A,709.65,7.0,659.9745,51.5,66.6,75.4,76.6,58.0,85.3,1.04,3.0,25.6,77.4,2
2025-10-23,TATASTEEL.NS,B_pullback_rebound,B,174.16,2.82,169.25,97.8,39.3,67.1,57.3,83.1,25.3,0.84,3.0,7.6,60.1,1
2025-10-24,HINDALCO.NS,A_breakout_40d,A,824.45,7.0,766.7385,100.0,82.4,100.0,76.2,58.0,85.3,1.52,3.0,25.6,88.5,1
2025-10-24,VEDL.NS,A_breakout_40d,A,495.6,7.0,460.908,65.1,68.8,87.4,69.9,58.0,85.3,1.0,3.0,25.6,82.0,2
2025-10-24,VEDL.NS,C_macd_crossover,C,495.6,5.7,467.35,65.1,82.9,87.4,69.9,65.8,55.3,1.0,3.0,16.6,76.9,2
2025-10-27,BPCL.NS,F_vwap_reclaim,F,343.0,2.45,334.588,86.0,100.0,71.4,59.5,85.3,32.7,0.56,2.25,9.8,72.3,1
2025-10-27,GRASIM.NS,A_breakout_40d,A,2923.8999,7.0,2719.2269,79.3,62.5,76.0,65.5,58.0,85.3,0.47,1.87,25.6,75.8,1
2025-10-27,IOC.NS,F_vwap_reclaim,F,155.2,2.85,150.7705,78.5,100.0,71.4,61.3,82.9,32.7,0.77,3.0,9.8,71.2,1
2025-10-27,SBILIFE.NS,A_breakout_40d,A,1903.1,7.0,1769.883,89.0,69.6,97.3,69.4,58.0,85.3,0.04,0.17,25.6,80.4,1
2025-10-28,BHARTIARTL.NS,A_breakout_40d,A,2090.2,7.0,1943.886,79.3,53.9,79.6,72.7,58.0,85.3,0.93,3.0,25.6,75.9,1
2025-10-28,EICHERMOT.NS,B_pullback_rebound,B,7002.5,3.01,6792.0,100.0,43.7,67.9,58.7,82.0,25.3,1.91,3.0,7.6,61.4,1
2025-10-28,GRASIM.NS,A_breakout_40d,A,2932.8999,7.0,2727.5969,79.5,52.5,86.8,66.5,58.0,85.3,0.54,2.15,25.6,75.5,1
2025-10-28,JSWSTEEL.NS,A_breakout_40d,A,1184.2,7.0,1101.306,92.4,56.1,85.1,63.3,58.0,85.3,0.9,3.0,25.6,84.4,2
2025-10-28,JSWSTEEL.NS,F_vwap_reclaim,F,1184.2,3.5,1142.802,92.4,100.0,85.1,63.3,79.0,65.0,0.9,3.0,19.5,90.0,2
2025-10-28,KOTAKBANK.NS,B_pullback_rebound,B,432.16,1.8,424.4,50.4,42.9,66.3,56.9,89.2,25.3,1.04,3.0,7.6,52.1,1
2025-10-28,LT.NS,A_breakout_40d,A,3972.8,7.0,3694.704,74.6,60.0,79.2,75.0,58.0,85.3,0.72,2.86,25.6,76.1,1
2025-10-28,SBILIFE.NS,A_breakout_40d,A,1936.8,7.0,1801.224,88.9,64.2,82.0,73.9,58.0,85.3,0.16,0.66,25.6,77.9,1
2025-10-28,SBIN.NS,A_breakout_40d,A,930.25,7.0,865.1325,84.5,56.5,82.2,76.2,58.0,85.3,1.19,3.0,25.6,82.9,2
2025-10-28,TATASTEEL.NS,A_breakout_40d,A,181.81,7.0,169.0833,99.0,73.3,86.2,69.4,58.0,85.3,1.0,3.0,25.6,84.5,1
2025-10-29,ADANIENT.NS,B_pullback_rebound,B,2537.3999,2.3,2479.1001,58.3,50.5,78.2,54.1,86.2,25.3,1.04,3.0,7.6,56.2,1
2025-10-29,ADANIGREEN.NS,F_vwap_reclaim,F,1112.6,4.95,1057.4906,69.8,100.0,100.0,63.9,70.3,32.7,1.19,3.0,9.8,76.5,2
2025-10-29,ADANIPORTS.NS,F_vwap_reclaim,F,1454.8,2.04,1425.0508,86.5,92.7,71.3,57.6,87.7,32.7,0.81,3.0,9.8,71.9,1
2025-10-29,AMBUJACEM.NS,F_vwap_reclaim,F,571.75,1.94,560.6357,68.2,88.5,91.9,52.9,88.3,32.7,-0.38,0.0,9.8,72.0,3
2025-10-29,BPCL.NS,C_macd_crossover,C,348.1,6.0,327.2,86.6,62.9,66.5,62.8,64.0,51.0,0.55,2.18,15.3,66.9,1
2025-10-29,GRASIM.NS,A_breakout_40d,A,2958.7,7.0,2751.591,79.7,57.0,70.9,69.2,58.0,85.3,0.58,2.34,25.6,74.7,1
2025-10-29,IOC.NS,A_breakout_40d,A,163.09,7.0,151.6737,80.1,90.3,100.0,72.1,58.0,85.3,0.92,3.0,25.6,91.0,3
2025-10-29,IOC.NS,F_vwap_reclaim,F,163.09,5.94,153.4047,80.1,100.0,100.0,72.1,64.4,65.0,0.92,3.0,19.5,87.7,3
2025-10-29,JSWSTEEL.NS,A_breakout_40d,A,1207.9,7.0,1123.347,93.2,66.0,88.0,68.1,58.0,85.3,1.04,3.0,25.6,87.0,2
2025-10-29,JSWSTEEL.NS,C_macd_crossover,C,1207.9,6.33,1131.5,93.2,79.1,88.0,68.1,62.0,55.3,1.04,3.0,16.6,81.2,2
2025-10-29,NTPC.NS,C_macd_crossover,C,347.5,3.54,335.2,51.9,83.2,76.0,61.2,78.8,51.0,0.12,0.48,15.3,70.6,3
2025-10-29,NTPC.NS,F_vwap_reclaim,F,347.5,3.1,336.7361,51.9,100.0,76.0,61.2,81.4,65.0,0.12,0.48,19.5,78.5,3
2025-10-29,SBILIFE.NS,A_breakout_40d,A,1970.4,7.0,1832.472,88.8,63.9,83.6,77.5,58.0,85.3,0.33,1.31,25.6,78.8,1
2025-10-29,SHREECEM.NS,F_vwap_reclaim,F,29210.0,1.1,28889.8381,53.9,53.9,100.0,47.9,93.4,32.7,-0.55,0.0,9.8,58.9,1
2025-10-29,SHRIRAMFIN.NS,A_breakout_40d,A,738.45,7.0,686.7585,56.3,66.3,74.8,82.6,58.0,85.3,1.7,3.0,25.6,78.4,2
2025-10-29,TATAPOWER.NS,A_breakout_40d,A,410.7,7.0,381.951,60.1,70.9,85.9,69.6,58.0,85.3,0.43,1.73,25.6,74.9,1
2025-10-29,TATASTEEL.NS,A_breakout_40d,A,185.19,7.0,172.2267,100.0,64.9,77.6,73.1,58.0,85.3,1.2,3.0,25.6,82.0,1
2025-10-29,VEDL.NS,A_breakout_40d,A,516.2,7.0,480.066,69.0,67.3,83.2,75.9,58.0,85.3,1.5,3.0,25.6,77.1,1
2025-10-30,ADANIGREEN.NS,C_macd_crossover,C,1140.1,7.0,1060.293,71.4,100.0,97.8,67.2,58.0,51.0,1.32,3.0,15.3,75.4,1
2025-10-30,BPCL.NS,A_breakout_40d,A,357.6,7.0,332.568,87.3,71.8,78.1,68.8,58.0,85.3,0.74,2.96,25.6,80.8,1
2025-10-30,COALINDIA.NS,F_vwap_reclaim,F,387.7,1.2,383.058,51.6,58.0,86.1,49.2,92.8,32.7,0.13,0.53,9.8,62.9,2
2025-10-30,IOC.NS,A_breakout_40d,A,163.51,7.0,152.0643,81.1,52.1,86.6,72.6,58.0,85.3,1.09,3.0,25.6,76.8,1
2025-10-30,LT.NS,A_breakout_40d,A,3987.5,7.0,3708.375,75.8,53.0,92.5,74.2,58.0,85.3,0.76,3.0,25.6,76.7,1
2025-10-31,BEL.NS,A_breakout_40d,A,426.1,7.0,396.273,100.0,57.7,100.0,63.1,58.0,85.3,0.79,3.0,25.6,88.1,3
2025-10-31,BEL.NS,F_vwap_reclaim,F,426.1,3.76,410.0922,100.0,100.0,100.0,63.1,77.5,65.0,0.79,3.0,19.5,93.2,3
2025-10-31,COALINDIA.NS,B_pullback_rebound,B,388.65,2.41,379.3,51.6,46.4,77.5,50.4,85.6,25.3,0.09,0.36,7.6,51.2,1
2025-10-31,EICHERMOT.NS,F_vwap_reclaim,F,7007.0,1.85,6877.5559,100.0,84.5,77.8,57.4,88.9,32.7,1.74,3.0,9.8,79.0,2
2025-10-31,IOC.NS,A_breakout_40d,A,165.9,7.0,154.287,82.2,61.7,73.4,75.1,58.0,85.3,1.3,3.0,25.6,77.3,1
2025-10-31,SHRIRAMFIN.NS,A_breakout_40d,A,748.9,7.0,696.477,58.4,61.3,100.0,84.2,58.0,85.3,1.8,3.0,25.6,81.2,2
2025-11-03,AMBUJACEM.NS,F_vwap_reclaim,F,577.2,2.71,561.5763,66.2,100.0,100.0,56.3,83.8,32.7,-0.34,0.0,9.8,69.4,1
2025-11-03,BEL.NS,C_macd_crossover,C,422.3,4.26,404.3,100.0,51.8,76.1,59.5,74.4,51.0,0.86,3.0,15.3,70.8,1
2025-11-03,BPCL.NS,A_breakout_40d,A,367.3,7.0,341.589,88.4,71.7,88.0,73.2,58.0,85.3,1.07,3.0,25.6,82.4,1
2025-11-03,DABUR.NS,F_vwap_reclaim,F,503.3,2.13,492.5623,61.2,96.3,73.8,49.5,87.2,32.7,-0.3,0.0,9.8,64.6,1
2025-11-03,DLF.NS,F_vwap_reclaim,F,777.2,2.97,754.1,55.8,100.0,74.1,57.5,82.2,32.7,0.1,0.4,9.8,64.2,1
2025-11-03,GODREJCP.NS,F_vwap_reclaim,F,1178.6,5.03,1119.2773,52.5,100.0,97.7,60.3,69.8,32.7,-0.71,0.0,9.8,64.6,1
2025-11-03,SHRIRAMFIN.NS,A_breakout_40d,A,796.45,7.0,740.6985,60.2,100.0,100.0,89.5,58.0,85.3,2.02,3.0,25.6,89.4,2
2025-11-03,TATACONSUM.NS,A_breakout_40d,A,1197.5,7.0,1113.675,71.8,63.9,82.8,67.5,58.0,85.3,0.93,3.0,25.6,76.6,1
2025-11-04,BHARTIARTL.NS,A_breakout_40d,A,2113.3,7.0,1965.369,80.6,54.8,88.4,69.4,58.0,85.3,0.9,3.0,25.6,77.4,1
2025-11-04,DIVISLAB.NS,A_breakout_40d,A,6804.5,7.0,6328.185,53.8,50.1,70.6,71.8,58.0,85.3,1.01,3.0,25.6,68.8,1
2025-11-04,M&M.NS,F_vwap_reclaim,F,3581.2,1.8,3516.7427,100.0,82.6,74.6,55.6,89.2,32.7,0.51,2.02,9.8,77.2,2
2025-11-04,SBIN.NS,A_breakout_40d,A,957.6,7.0,890.568,88.5,56.7,75.5,79.7,58.0,85.3,1.36,3.0,25.6,83.0,2
2025-11-04,TITAN.NS,A_breakout_40d,A,3813.5,7.0,3546.555,73.0,58.7,83.1,68.8,58.0,85.3,0.54,2.15,25.6,75.0,1
2025-11-06,ASIANPAINT.NS,A_breakout_40d,A,2602.8999,7.0,2420.6969,70.8,64.7,100.0,69.1,58.0,85.3,-0.14,0.0,25.6,80.9,2
2025-11-06,ASIANPAINT.NS,F_vwap_reclaim,F,2602.8999,4.73,2479.7,70.8,100.0,100.0,69.1,71.6,65.0,-0.14,0.0,19.5,83.8,2
2025-11-06,BRITANNIA.NS,F_vwap_reclaim,F,6013.5,2.17,5883.296,94.9,97.6,100.0,56.4,87.0,32.7,0.55,2.21,9.8,82.4,2
2025-11-06,SBIN.NS,A_breakout_40d,A,960.75,7.0,893.4975,89.6,52.6,80.3,80.3,58.0,85.3,1.43,3.0,25.6,83.0,2
2025-11-07,ADANIENT.NS,D_rsi_bounce,D,2369.3999,2.61,2307.6001,59.9,100.0,88.1,36.5,84.4,0.0,0.22,0.88,0.0,57.2,1
2025-11-07,BRITANNIA.NS,C_macd_crossover,C,6157.5,6.21,5775.0,95.3,100.0,85.8,64.4,62.7,51.0,0.61,2.46,15.3,78.7,1
2025-11-07,EICHERMOT.NS,B_pullback_rebound,B,6886.0,1.37,6792.0,100.0,56.0,65.9,49.6,91.8,25.3,1.45,3.0,7.6,64.7,1
2025-11-07,HINDALCO.NS,B_pullback_rebound,B,790.4,2.56,770.15,100.0,64.6,76.0,47.1,84.6,25.3,1.51,3.0,7.6,66.7,1
2025-11-10,ASIANPAINT.NS,A_breakout_40d,A,2650.3999,7.0,2464.8719,71.2,61.2,72.8,73.1,58.0,85.3,0.2,0.81,25.6,72.7,1
2025-11-11,BEL.NS,A_breakout_40d,A,427.3,7.0,397.389,100.0,52.3,71.8,60.8,58.0,85.3,1.16,3.0,25.6,78.3,1
2025-11-11,BHARTIARTL.NS,F_vwap_reclaim,F,2042.3,1.37,2014.4168,81.0,64.8,71.8,53.9,91.8,32.7,0.71,2.84,9.8,70.6,2
2025-11-11,ETERNAL.NS,D_rsi_bounce,D,305.8,1.64,300.8,100.0,100.0,60.5,34.4,90.2,0.0,-0.37,0.0,0.0,61.5,1
2025-11-11,HINDUNILVR.NS,D_rsi_bounce,D,2427.5,1.11,2400.6001,78.1,100.0,58.9,34.7,93.4,0.0,-0.88,0.0,0.0,57.4,1
2025-11-11,INDIGO.NS,B_pullback_rebound,B,5782.5,4.18,5541.0,82.3,47.8,65.5,53.1,74.9,25.3,-0.62,0.0,7.6,54.2,1
2025-11-12,ADANIPORTS.NS,A_breakout_40d,A,1506.9,7.0,1401.417,88.5,64.8,76.3,68.3,58.0,85.3,0.98,3.0,25.6,84.3,2
2025-11-12,ADANIPORTS.NS,C_macd_crossover,C,1506.9,6.43,1410.0,88.5,100.0,76.3,68.3,61.4,55.3,0.98,3.0,16.6,82.9,2
2025-11-12,ASIANPAINT.NS,A_breakout_40d,A,2769.8,7.0,2575.914,72.0,83.9,90.5,80.6,58.0,85.3,0.66,2.62,25.6,81.7,1
2025-11-12,HDFCLIFE.NS,E_boll_squeeze,E,783.1,4.59,747.175,72.1,90.3,67.1,63.7,72.5,23.0,-0.31,0.0,6.9,60.2,1
2025-11-12,JIOFIN.NS,C_macd_crossover,C,309.5,5.17,293.5,96.9,54.7,64.9,54.4,69.0,51.0,-0.41,0.0,15.3,70.4,2
2025-11-12,ONGC.NS,B_pullback_rebound,B,253.85,3.09,246.0,53.4,42.6,66.2,58.2,81.4,25.3,0.69,2.78,7.6,51.4,1
2025-11-13,ASIANPAINT.NS,A_breakout_40d,A,2879.3999,7.0,2677.8419,72.6,81.7,100.0,84.8,58.0,85.3,0.83,3.0,25.6,83.1,1
2025-11-13,ICICIBANK.NS,C_macd_crossover,C,1385.9,4.94,1317.4,51.9,100.0,66.2,55.8,70.3,51.0,-0.38,0.0,15.3,70.8,2
2025-11-13,INDIGO.NS,C_macd_crossover,C,5905.5,6.17,5541.0,81.2,100.0,71.7,59.5,63.0,51.0,-0.19,0.0,15.3,71.5,1
2025-11-13,JIOFIN.NS,B_pullback_rebound,B,310.7,5.54,293.5,96.3,41.1,71.3,56.0,66.8,25.3,-0.29,0.0,7.6,55.4,1
2025-11-13,PIDILITIND.NS,C_macd_crossover,C,1481.4,2.93,1438.0,57.5,57.8,67.6,48.4,82.4,51.0,-0.5,0.0,15.3,60.2,1
2025-11-14,ADANIENT.NS,F_vwap_reclaim,F,2440.0,1.31,2407.925,62.1,62.7,100.0,49.1,92.1,32.7,0.41,1.64,9.8,63.7,1
2025-11-14,ASIANPAINT.NS,A_breakout_40d,A,2906.3999,7.0,2702.9519,73.5,57.5,73.3,85.6,58.0,85.3,1.02,3.0,25.6,75.0,1
2025-11-14,BAJAJFINSV.NS,B_pullback_rebound,B,2065.8,5.49,1952.4,71.9,64.3,64.0,48.7,67.1,25.3,0.6,2.38,7.6,56.4,1
2025-11-14,HEROMOTOCO.NS,B_pullback_rebound,B,5538.5,5.16,5252.5,100.0,46.5,75.3,55.0,69.0,25.3,0.57,2.28,7.6,60.3,1
2025-11-14,TATACONSUM.NS,B_pullback_rebound,B,1157.8,2.06,1134.0,74.1,56.6,64.9,51.0,87.7,25.3,0.69,2.76,7.6,58.8,1
2025-11-17,HEROMOTOCO.NS,A_breakout_40d,A,5798.5,7.0,5392.605,100.0,71.5,98.5,67.2,58.0,85.3,0.63,2.52,25.6,90.3,2
2025-11-17,HEROMOTOCO.NS,C_macd_crossover,C,5798.5,7.0,5392.605,100.0,100.0,98.5,67.2,58.0,55.3,0.63,2.52,16.6,87.0,2
2025-11-17,KOTAKBANK.NS,B_pullback_rebound,B,420.58,2.08,411.84,53.5,60.9,77.8,49.0,87.5,25.3,0.63,2.52,7.6,56.8,1
2025-11-17,PIDILITIND.NS,C_macd_crossover,C,1475.5,2.54,1438.0,56.2,71.1,69.7,47.5,84.8,51.0,-0.49,0.0,15.3,63.1,1
2025-11-17,SIEMENS.NS,C_macd_crossover,C,3232.6001,7.0,3006.3181,57.6,100.0,100.0,62.4,58.0,51.0,-0.12,0.0,15.3,74.8,2
2025-11-17,SIEMENS.NS,F_vwap_reclaim,F,3232.6001,4.43,3089.3507,57.6,100.0,100.0,62.4,73.4,65.0,-0.12,0.0,19.5,81.2,2
2025-11-17,TATACONSUM.NS,B_pullback_rebound,B,1178.9,3.81,1134.0,74.3,43.2,68.8,57.1,77.1,25.3,0.71,2.84,7.6,55.4,1
2025-11-18,AXISBANK.NS,A_breakout_40d,A,1265.4,7.0,1176.822,73.1,54.2,76.4,69.0,58.0,85.3,1.61,3.0,25.6,74.2,1
2025-11-18,HEROMOTOCO.NS,A_breakout_40d,A,5799.5,7.0,5393.535,100.0,50.1,76.8,67.3,58.0,85.3,0.68,2.7,25.6,78.4,1
2025-11-18,PIDILITIND.NS,F_vwap_reclaim,F,1491.0,1.86,1463.3375,55.7,84.9,76.6,52.0,88.9,32.7,-0.5,0.0,9.8,61.9,1
2025-11-19,TATACONSUM.NS,B_pullback_rebound,B,1162.1,2.42,1134.0,75.0,53.8,66.6,51.6,85.5,25.3,0.68,2.71,7.6,58.2,1
2025-11-19,TITAN.NS,A_breakout_40d,A,3933.1001,7.0,3657.7831,74.9,61.1,74.2,73.5,58.0,85.3,0.59,2.36,25.6,75.2,1
2025-11-20,BAJAJFINSV.NS,B_pullback_rebound,B,2095.6001,6.83,1952.4,71.6,48.8,66.9,53.5,59.0,25.3,0.38,1.53,7.6,51.7,1
2025-11-20,EICHERMOT.NS,A_breakout_40d,A,7125.5,7.0,6626.715,100.0,58.9,74.6,62.6,58.0,85.3,0.52,2.08,25.6,84.2,2
2025-11-20,EICHERMOT.NS,C_macd_crossover,C,7125.5,6.39,6670.0,100.0,81.3,74.6,62.6,61.6,55.3,0.52,2.08,16.6,80.2,2
2025-11-20,HEROMOTOCO.NS,A_breakout_40d,A,5999.5,7.0,5579.535,100.0,66.7,74.8,73.9,58.0,85.3,0.81,3.0,25.6,82.0,1
2025-11-20,RELIANCE.NS,A_breakout_40d,A,1549.1,7.0,1440.663,70.2,65.6,73.7,75.2,58.0,85.3,1.09,3.0,25.6,80.7,2
2025-11-20,TATACONSUM.NS,B_pullback_rebound,B,1173.9,3.4,1134.0,75.4,45.7,68.2,54.8,79.6,25.3,0.71,2.85,7.6,56.4,1
2025-11-21,MARUTI.NS,F_vwap_reclaim,F,15977.0,1.84,15682.8165,100.0,84.3,71.9,54.6,89.0,32.7,0.54,2.14,9.8,77.2,3
2025-11-21,TATACONSUM.NS,B_pullback_rebound,B,1183.1,4.15,1134.0,75.8,40.2,78.5,57.2,75.1,25.3,0.79,3.0,7.6,56.2,1
2025-11-24,BAJAJ-AUTO.NS,B_pullback_rebound,B,9007.5,3.57,8685.5,77.0,40.4,64.8,55.7,78.6,25.3,-0.34,0.0,7.6,52.2,1
2025-11-24,EICHERMOT.NS,A_breakout_40d,A,7258.5,7.0,6750.405,100.0,63.9,84.1,67.4,58.0,85.3,0.49,1.97,25.6,81.5,1
2025-11-24,TATACONSUM.NS,C_macd_crossover,C,1186.0,4.38,1134.0,76.2,52.0,91.7,58.0,73.7,51.0,0.8,3.0,15.3,72.9,2
2025-11-26,SIEMENS.NS,A_breakout_40d,A,3318.8,7.0,3086.484,59.9,66.5,95.4,66.2,58.0,85.3,0.13,0.54,25.6,73.9,1
2025-11-27,BAJFINANCE.NS,F_vwap_reclaim,F,1033.8,2.02,1012.9138,100.0,91.7,71.9,52.4,87.9,32.7,0.25,1.01,9.8,77.4,2
2025-11-27,HDFCBANK.NS,E_boll_squeeze,E,1009.5,1.61,993.255,64.9,100.0,66.2,59.9,90.3,23.0,0.34,1.36,6.9,64.3,1
2025-11-27,JSWSTEEL.NS,B_pullback_rebound,B,1160.6,4.85,1104.3,98.9,55.9,75.0,50.8,70.9,25.3,0.29,1.17,7.6,61.0,1
2025-11-27,KOTAKBANK.NS,B_pullback_rebound,B,422.04,2.24,412.6,56.7,44.2,65.2,52.4,86.6,25.3,0.58,2.33,7.6,52.3,1
2025-11-27,SILVERBEES.NS,C_macd_crossover,C,155.7,7.0,144.801,100.0,100.0,68.9,60.0,58.0,51.0,2.07,3.0,15.3,77.2,1
2025-11-27,SUNPHARMA.NS,A_breakout_40d,A,1810.3,7.0,1683.579,51.1,52.4,71.4,76.3,58.0,85.3,1.13,3.0,25.6,69.0,1
2025-12-01,ADANIPORTS.NS,A_breakout_40d,A,1530.5,7.0,1423.365,91.0,57.2,75.6,67.8,58.0,85.3,0.76,3.0,25.6,78.2,1
2025-12-01,JSWSTEEL.NS,F_vwap_reclaim,F,1168.4,1.45,1151.4282,98.7,68.4,82.8,53.0,91.3,32.7,0.4,1.6,9.8,74.9,2
2025-12-01,TVSMOTOR.NS,A_breakout_40d,A,3661.8,7.0,3405.474,100.0,50.8,73.7,67.8,58.0,85.3,0.12,0.49,25.6,76.0,1
2025-12-01,VEDL.NS,C_macd_crossover,C,533.3,7.0,495.969,95.3,54.7,64.2,65.0,58.0,51.0,1.4,3.0,15.3,66.7,1
2025-12-02,HINDUNILVR.NS,E_boll_squeeze,E,2477.8,1.83,2432.43,65.6,100.0,69.2,55.1,89.0,23.0,-0.49,0.0,6.9,63.1,1
2025-12-02,SIEMENS.NS,A_breakout_40d,A,3361.0,7.0,3125.73,59.8,60.2,72.7,68.1,58.0,85.3,0.09,0.38,25.6,69.6,1
2025-12-03,INDUSTOWER.NS,F_vwap_reclaim,F,404.65,1.42,398.8935,56.3,67.1,83.2,60.3,91.5,32.7,1.22,3.0,9.8,67.9,2
2025-12-04,ADANIENT.NS,D_rsi_bounce,D,2217.8999,2.06,2172.2,58.8,100.0,65.5,33.0,87.6,0.0,-0.94,0.0,0.0,53.5,1
2025-12-04,APOLLOHOSP.NS,D_rsi_bounce,D,7201.0,0.7,7150.5,77.7,70.8,58.5,31.0,95.8,0.0,-0.75,0.0,0.0,51.6,1
2025-12-05,BAJAJFINSV.NS,C_macd_crossover,C,2096.5,3.37,2025.8,67.7,67.8,67.1,54.3,79.8,51.0,-0.01,0.0,15.3,63.9,1
2025-12-05,INDUSTOWER.NS,A_breakout_40d,A,415.7,7.0,386.601,58.2,56.5,79.2,66.3,58.0,85.3,1.29,3.0,25.6,76.9,4
2025-12-05,INDUSTOWER.NS,F_vwap_reclaim,F,415.7,3.58,400.7999,58.2,100.0,79.2,66.3,78.5,65.0,1.29,3.0,19.5,82.4,4
2025-12-05,JSWSTEEL.NS,B_pullback_rebound,B,1162.2,4.98,1104.3,97.8,48.4,65.0,51.4,70.1,25.3,0.3,1.22,7.6,57.9,1
2025-12-05,SBIN.NS,F_vwap_reclaim,F,971.5,1.32,958.6769,100.0,63.0,75.2,58.1,92.1,32.7,1.12,3.0,9.8,74.8,2
2025-12-05,SHRIRAMFIN.NS,F_vwap_reclaim,F,854.9,3.44,825.5018,100.0,100.0,75.3,68.0,79.4,32.7,2.93,3.0,9.8,75.7,1
2025-12-09,AMBUJACEM.NS,D_rsi_bounce,D,533.05,1.22,526.55,52.0,100.0,72.2,34.4,92.7,0.0,-0.92,0.0,0.0,53.8,1
2025-12-09,ETERNAL.NS,D_rsi_bounce,D,291.7,2.59,284.15,100.0,100.0,58.7,37.0,84.5,0.0,-1.37,0.0,0.0,60.6,1
2025-12-09,TITAN.NS,B_pullback_rebound,B,3849.0,2.36,3758.1001,83.6,53.0,70.9,54.1,85.8,25.3,1.02,3.0,7.6,60.8,1
2025-12-10,TATASTEEL.NS,D_rsi_bounce,D,162.23,1.34,160.06,91.9,100.0,58.1,33.3,92.0,0.0,-0.42,0.0,0.0,59.8,1
2025-12-10,VEDL.NS,F_vwap_reclaim,F,524.2,1.59,515.8755,100.0,73.9,72.4,55.7,90.5,32.7,1.34,3.0,9.8,76.3,2
2025-12-12,APOLLOHOSP.NS,D_rsi_bounce,D,7101.0,1.8,6973.0,72.2,100.0,59.2,33.3,89.2,0.0,-0.61,0.0,0.0,55.6,1
2025-12-12,GOLDBEES.NS,A_breakout_40d,A,109.61,7.0,101.9373,100.0,61.1,73.7,70.0,58.0,85.3,1.22,3.0,25.6,80.6,1
2025-12-12,GRASIM.NS,E_boll_squeeze,E,2836.7,3.21,2745.75,64.8,99.1,79.5,63.7,80.8,23.0,0.02,0.1,6.9,63.3,1
2025-12-12,IOC.NS,B_pullback_rebound,B,163.67,2.04,160.33,100.0,56.6,66.6,50.3,87.8,25.3,0.95,3.0,7.6,64.4,1
2025-12-12,LT.NS,F_vwap_reclaim,F,4074.1001,2.03,3991.5108,95.2,91.9,71.1,61.5,87.8,32.7,0.86,3.0,9.8,78.6,2
2025-12-12,TATASTEEL.NS,C_macd_crossover,C,171.89,6.88,160.06,90.8,100.0,76.5,54.8,58.7,51.0,-0.29,0.0,15.3,78.3,2
2025-12-12,TATASTEEL.NS,F_vwap_reclaim,F,171.89,3.18,166.4184,90.8,100.0,76.5,54.8,80.9,65.0,-0.29,0.0,19.5,85.6,2
2025-12-12,ULTRACEMCO.NS,C_macd_crossover,C,11723.0,3.9,11266.0,51.6,88.2,73.3,51.5,76.6,51.0,-0.54,0.0,15.3,70.1,2
2025-12-12,ULTRACEMCO.NS,F_vwap_reclaim,F,11723.0,1.82,11509.6306,51.6,83.4,73.3,51.5,89.1,65.0,-0.54,0.0,19.5,75.0,2
2025-12-12,VEDL.NS,A_breakout_40d,A,543.6,7.0,505.548,100.0,57.7,79.2,64.3,58.0,85.3,1.4,3.0,25.6,85.5,2
2025-12-12,VEDL.NS,C_macd_crossover,C,543.6,7.0,505.548,100.0,63.5,79.2,64.3,58.0,55.3,1.4,3.0,16.6,77.6,2
2025-12-15,GOLDBEES.NS,A_breakout_40d,A,110.95,7.0,103.1835,100.0,59.8,73.8,72.8,58.0,85.3,1.28,3.0,25.6,80.5,1
2025-12-15,INDIGO.NS,D_rsi_bounce,D,4965.5,6.45,4645.0,62.1,100.0,64.2,30.2,61.3,0.0,-1.3,0.0,0.0,50.3,1
2025-12-15,IOC.NS,F_vwap_reclaim,F,168.55,2.86,163.7341,100.0,100.0,100.0,61.1,82.9,32.7,1.0,3.0,9.8,79.2,1
2025-12-16,IOC.NS,C_macd_crossover,C,167.74,4.42,160.33,100.0,71.2,85.9,58.8,73.5,51.0,1.0,3.0,15.3,75.8,1
2025-12-16,TITAN.NS,F_vwap_reclaim,F,3929.5,2.51,3830.7708,87.9,100.0,82.0,62.6,84.9,32.7,1.3,3.0,9.8,74.8,1
2025-12-16,VEDL.NS,A_breakout_40d,A,569.5,7.0,529.635,100.0,79.3,100.0,72.5,58.0,85.3,1.66,3.0,25.6,87.7,1
2025-12-17,SILVERBEES.NS,A_breakout_40d,A,192.16,7.0,178.7088,100.0,81.5,70.7,81.2,58.0,85.3,3.13,3.0,25.6,84.7,1
2025-12-17,TATACONSUM.NS,C_macd_crossover,C,1179.8,4.06,1131.9,76.1,93.6,64.6,58.1,75.6,51.0,0.21,0.84,15.3,75.8,2
2025-12-17,VEDL.NS,A_breakout_40d,A,569.8,7.0,529.914,100.0,50.4,88.2,72.6,58.0,85.3,1.74,3.0,25.6,80.4,1
2025-12-18,SHRIRAMFIN.NS,A_breakout_40d,A,869.45,7.0,808.5885,100.0,51.7,74.4,65.8,58.0,85.3,2.7,3.0,25.6,78.7,1
2025-12-19,ASIANPAINT.NS,B_pullback_rebound,B,2799.8999,1.93,2746.0,98.5,65.4,96.8,50.5,88.4,25.3,1.65,3.0,7.6,69.8,1
2025-12-19,BHARTIARTL.NS,B_pullback_rebound,B,2097.7,2.85,2038.0,92.0,50.9,68.3,52.1,82.9,25.3,0.91,3.0,7.6,61.2,1
2025-12-19,DIVISLAB.NS,F_vwap_reclaim,F,6478.5,2.06,6344.944,68.3,93.4,100.0,54.3,87.6,32.7,0.68,2.73,9.8,76.7,2
2025-12-19,HDFCLIFE.NS,B_pullback_rebound,B,766.45,2.28,749.0,58.0,50.0,67.8,51.3,86.3,25.3,0.07,0.26,7.6,52.0,1
2025-12-19,INDUSINDBK.NS,B_pullback_rebound,B,844.7,2.21,826.0,61.8,51.8,84.3,53.5,86.7,25.3,1.22,3.0,7.6,58.0,1
2025-12-19,RELIANCE.NS,B_pullback_rebound,B,1565.1,2.88,1520.1,82.6,41.4,67.8,63.8,82.7,25.3,1.2,3.0,7.6,57.7,1
2025-12-19,SHRIRAMFIN.NS,A_breakout_40d,A,901.7,7.0,838.581,100.0,79.7,100.0,72.8,58.0,85.3,2.7,3.0,25.6,92.8,2
2025-12-22,GOLDBEES.NS,A_breakout_40d,A,111.39,7.0,103.5927,100.0,53.2,84.4,70.2,58.0,85.3,1.07,3.0,25.6,80.4,1
2025-12-22,INFY.NS,A_breakout_40d,A,1689.6,7.0,1571.328,50.1,74.8,97.0,75.2,58.0,85.3,1.0,3.0,25.6,81.6,2
2025-12-22,SHRIRAMFIN.NS,A_breakout_40d,A,934.85,7.0,869.4105,100.0,79.4,100.0,77.9,58.0,85.3,2.83,3.0,25.6,87.9,1
2025-12-22,SILVERBEES.NS,A_breakout_40d,A,199.95,7.0,185.9535,100.0,77.7,70.8,83.6,58.0,85.3,3.17,3.0,25.6,84.0,1
2025-12-24,INDUSTOWER.NS,C_macd_crossover,C,423.9,5.36,401.2,71.6,74.2,68.7,66.1,67.9,51.0,1.56,3.0,15.3,67.9,1
2025-12-26,INDUSINDBK.NS,B_pullback_rebound,B,849.85,2.81,826.0,68.3,47.8,68.7,54.7,83.2,25.3,1.19,3.0,7.6,56.0,1
2025-12-26,SILVERBEES.NS,A_breakout_40d,A,219.85,7.0,204.4605,100.0,90.6,71.5,89.3,58.0,85.3,3.24,3.0,25.6,86.8,1
2025-12-26,TITAN.NS,A_breakout_40d,A,3992.0,7.0,3712.56,92.0,61.8,72.6,66.7,58.0,85.3,1.04,3.0,25.6,78.9,1
2025-12-29,JSWSTEEL.NS,C_macd_crossover,C,1092.6,1.78,1073.2,85.6,53.1,73.1,41.3,89.3,51.0,-0.6,0.0,15.3,66.3,1
2025-12-30,ADANIPOWER.NS,F_vwap_reclaim,F,144.65,2.27,141.3635,100.0,100.0,71.2,49.8,86.4,32.7,-0.78,0.0,9.8,72.6,1
2025-12-30,BAJAJ-AUTO.NS,A_breakout_40d,A,9282.0,7.0,8632.26,75.9,59.8,71.2,61.1,58.0,85.3,0.1,0.39,25.6,72.4,1
2025-12-30,BHARTIARTL.NS,F_vwap_reclaim,F,2099.8,1.05,2077.8219,92.7,51.9,70.1,50.6,93.7,32.7,0.73,2.91,9.8,70.4,2
2025-12-30,HINDALCO.NS,A_breakout_40d,A,884.15,7.0,822.2595,100.0,60.3,100.0,69.8,58.0,85.3,1.24,3.0,25.6,83.9,1
2025-12-30,INDUSINDBK.NS,B_pullback_rebound,B,841.5,1.84,826.0,71.6,54.6,69.5,50.5,88.9,25.3,1.16,3.0,7.6,58.8,1
2025-12-30,M&M.NS,B_pullback_rebound,B,3660.3,3.28,3540.1001,100.0,45.9,64.5,52.7,80.3,25.3,0.39,1.55,7.6,59.5,1
2025-12-30,SBIN.NS,B_pullback_rebound,B,973.45,1.66,957.25,100.0,44.0,75.7,56.1,90.0,25.3,0.91,3.0,7.6,63.5,1
2025-12-30,SHRIRAMFIN.NS,A_breakout_40d,A,979.4,7.0,910.842,100.0,54.7,72.4,77.6,58.0,85.3,3.68,3.0,25.6,79.4,1
2025-12-30,TVSMOTOR.NS,B_pullback_rebound,B,3634.6001,2.01,3561.3999,100.0,51.2,95.8,52.9,87.9,25.3,0.31,1.23,7.6,65.4,1
2025-12-31,BPCL.NS,A_breakout_40d,A,384.0,7.0,357.12,100.0,68.2,82.8,67.7,58.0,85.3,0.99,3.0,25.6,83.2,1
2025-12-31,DABUR.NS,C_macd_crossover,C,503.6,3.5,485.95,55.9,100.0,79.3,53.8,79.0,51.0,-0.04,0.0,15.3,74.5,2
2025-12-31,DABUR.NS,F_vwap_reclaim,F,503.6,1.94,493.8213,55.9,88.4,79.3,53.8,88.3,65.0,-0.04,0.0,19.5,77.7,2
2025-12-31,IOC.NS,F_vwap_reclaim,F,166.46,2.27,162.6838,100.0,100.0,78.5,56.3,86.4,32.7,0.53,2.11,9.8,75.9,1
2025-12-31,JSWSTEEL.NS,F_vwap_reclaim,F,1164.8,4.7,1110.0176,84.4,100.0,100.0,62.6,71.8,32.7,-0.44,0.0,9.8,71.6,1
2025-12-31,ONGC.NS,F_vwap_reclaim,F,240.38,2.33,234.7706,56.0,100.0,71.9,54.4,86.0,32.7,-0.44,0.0,9.8,64.0,1
2025-12-31,TITAN.NS,A_breakout_40d,A,4051.5,7.0,3767.895,93.1,61.9,74.8,70.5,58.0,85.3,1.04,3.0,25.6,79.6,1
2026-01-01,ADANIPOWER.NS,F_vwap_reclaim,F,148.76,4.21,142.492,100.0,100.0,100.0,57.2,74.7,32.7,-1.15,0.0,9.8,80.0,2
2026-01-01,INDUSINDBK.NS,C_macd_crossover,C,890.2,7.0,827.886,74.0,100.0,67.3,67.5,58.0,51.0,1.33,3.0,15.3,77.0,2
2026-01-01,INDUSTOWER.NS,A_breakout_40d,A,435.8,7.0,405.294,78.9,72.5,92.4,69.5,58.0,85.3,2.0,3.0,25.6,81.1,1
2026-01-02,DABUR.NS,F_vwap_reclaim,F,522.6,5.01,496.4435,56.0,100.0,100.0,67.3,70.0,32.7,-0.01,0.0,9.8,65.8,1
2026-01-02,DRREDDY.NS,B_pullback_rebound,B,1256.1,0.64,1248.0,53.1,58.7,69.5,45.3,96.1,25.3,0.03,0.1,7.6,53.9,1
2026-01-02,HEROMOTOCO.NS,B_pullback_rebound,B,5933.0,7.0,5517.69,100.0,40.5,67.2,55.5,58.0,25.3,0.29,1.14,7.6,55.3,1
2026-01-02,INDUSINDBK.NS,A_breakout_40d,A,902.45,7.0,839.2785,75.1,61.0,79.0,70.4,58.0,85.3,1.43,3.0,25.6,81.3,2
2026-01-02,INDUSTOWER.NS,A_breakout_40d,A,442.05,7.0,411.1065,80.2,61.5,72.9,72.3,58.0,85.3,2.0,3.0,25.6,76.7,1
2026-01-02,TVSMOTOR.NS,A_breakout_40d,A,3847.8,7.0,3578.454,100.0,61.3,76.8,68.7,58.0,85.3,0.26,1.02,25.6,79.0,1
2026-01-05,BRITANNIA.NS,F_vwap_reclaim,F,6026.5,1.41,5941.5,70.9,67.9,85.1,54.3,91.5,32.7,-0.09,0.0,9.8,68.1,2
2026-01-05,CIPLA.NS,B_pullback_rebound,B,1519.8,2.89,1475.9,50.1,41.6,69.9,54.1,82.7,25.3,-0.73,0.0,7.6,48.2,1
2026-01-05,NESTLEIND.NS,A_breakout_40d,A,1314.6,7.0,1222.578,75.5,62.1,89.7,69.1,58.0,85.3,0.06,0.25,25.6,75.2,1
2026-01-05,SBIN.NS,A_breakout_40d,A,1005.55,7.0,935.1615,100.0,55.3,72.5,70.8,58.0,85.3,0.92,3.0,25.6,79.3,1
2026-01-05,TATACONSUM.NS,F_vwap_reclaim,F,1182.1,1.16,1168.4,74.5,79.8,72.3,53.7,93.0,32.7,0.13,0.5,9.8,70.2,2
2026-01-06,APOLLOHOSP.NS,E_boll_squeeze,E,7348.0,3.75,7072.75,52.2,96.4,75.6,60.5,77.5,23.0,-1.08,0.0,6.9,59.1,1
2026-01-06,AXISBANK.NS,A_breakout_40d,A,1293.8,7.0,1203.234,85.2,52.2,73.4,64.8,58.0,85.3,0.36,1.45,25.6,74.2,1
2026-01-06,BAJAJ-AUTO.NS,A_breakout_40d,A,9661.0,7.0,8984.73,75.2,58.6,70.8,70.4,58.0,85.3,0.45,1.82,25.6,73.6,1
2026-01-06,BRITANNIA.NS,C_macd_crossover,C,6129.5,3.25,5930.5,70.4,55.6,68.1,62.4,80.5,51.0,-0.06,0.0,15.3,62.5,1
2026-01-06,DIVISLAB.NS,C_macd_crossover,C,6642.5,5.38,6285.0,62.7,100.0,81.2,63.1,67.7,51.0,-0.26,0.0,15.3,74.8,2
2026-01-06,DIVISLAB.NS,F_vwap_reclaim,F,6642.5,4.28,6358.5052,62.7,100.0,81.2,63.1,74.3,65.0,-0.26,0.0,19.5,79.9,2
2026-01-06,HDFCLIFE.NS,C_macd_crossover,C,777.85,5.41,735.75,54.5,100.0,64.8,60.9,67.5,51.0,0.21,0.86,15.3,66.8,1
2026-01-06,HINDALCO.NS,A_breakout_40d,A,942.25,7.0,876.2925,100.0,59.1,79.1,81.2,58.0,85.3,1.51,3.0,25.6,86.2,2
2026-01-06,INDUSINDBK.NS,A_breakout_40d,A,914.25,7.0,850.2525,77.3,60.5,87.7,72.3,58.0,85.3,1.66,3.0,25.6,77.9,1
2026-01-07,APOLLOHOSP.NS,E_boll_squeeze,E,7447.5,4.79,7090.575,51.2,84.6,74.7,64.5,71.2,23.0,-0.96,0.0,6.9,55.7,1
2026-01-07,BRITANNIA.NS,A_breakout_40d,A,6185.0,7.0,5752.05,70.2,57.2,78.5,65.8,58.0,85.3,0.05,0.21,25.6,71.6,1
2026-01-07,HCLTECH.NS,F_vwap_reclaim,F,1647.7,1.14,1628.8885,67.1,55.7,81.9,52.9,93.1,32.7,0.73,2.9,9.8,67.5,2
2026-01-07,SUNPHARMA.NS,C_macd_crossover,C,1782.6,4.24,1707.0,66.9,80.3,72.8,59.0,74.6,51.0,0.3,1.18,15.3,67.6,1
2026-01-07,TITAN.NS,A_breakout_40d,A,4273.2002,7.0,3974.0762,94.2,81.4,100.0,83.3,58.0,85.3,0.97,3.0,25.6,87.3,1
2026-01-09,ASIANPAINT.NS,B_pullback_rebound,B,2825.5,3.2,2735.0,100.0,39.1,69.8,54.6,80.8,25.3,1.09,3.0,7.6,60.4,1
2026-01-09,DRREDDY.NS,D_rsi_bounce,D,1210.1,0.65,1202.2,50.5,71.6,67.9,31.0,96.1,0.0,-0.35,0.0,0.0,47.6,1
2026-01-09,HCLTECH.NS,B_pullback_rebound,B,1661.4,4.89,1580.1,68.2,44.0,72.7,56.0,70.6,25.3,0.64,2.57,7.6,53.7,1
2026-01-09,TECHM.NS,B_pullback_rebound,B,1582.2,0.5,1574.289,54.3,60.6,66.4,50.1,97.0,25.3,0.93,3.0,7.6,57.3,1
2026-01-12,ASIANPAINT.NS,E_boll_squeeze,E,2896.3999,3.55,2793.54,100.0,94.5,70.3,62.5,78.7,23.0,1.14,3.0,6.9,70.8,1
2026-01-12,COALINDIA.NS,A_breakout_40d,A,432.3,7.0,402.039,50.5,51.2,73.0,71.7,58.0,85.3,0.95,3.0,25.6,68.7,1
2026-01-12,GOLDBEES.NS,A_breakout_40d,A,116.76,7.0,108.5868,100.0,67.1,71.5,71.8,58.0,85.3,1.33,3.0,25.6,86.6,2
2026-01-12,GOLDBEES.NS,C_macd_crossover,C,116.76,6.05,109.7,100.0,72.2,71.5,71.8,63.7,55.3,1.33,3.0,16.6,79.4,2
2026-01-12,HCLTECH.NS,B_pullback_rebound,B,1667.6,5.25,1580.1,68.8,40.9,78.8,57.4,68.5,25.3,0.68,2.74,7.6,53.8,1
2026-01-13,HCLTECH.NS,C_macd_crossover,C,1665.0,5.1,1580.1,69.5,67.9,99.0,56.6,69.4,51.0,0.72,2.89,15.3,70.0,1
2026-01-13,ONGC.NS,F_vwap_reclaim,F,243.78,3.7,234.7666,50.0,100.0,90.9,57.4,77.8,32.7,-0.7,0.0,9.8,64.2,1
2026-01-13,SBIN.NS,A_breakout_40d,A,1028.45,7.0,956.4585,100.0,57.5,71.2,70.6,58.0,85.3,0.8,3.0,25.6,79.6,1
2026-01-13,TECHM.NS,F_vwap_reclaim,F,1614.8,1.52,1590.1974,56.0,71.3,84.6,57.9,90.9,32.7,1.01,3.0,9.8,68.7,2
2026-01-14,AXISBANK.NS,A_breakout_40d,A,1298.8,7.0,1207.884,84.4,52.0,74.4,61.5,58.0,85.3,0.31,1.23,25.6,78.7,2
2026-01-14,AXISBANK.NS,F_vwap_reclaim,F,1298.8,3.68,1250.9929,84.4,100.0,74.4,61.5,77.9,65.0,0.31,1.23,19.5,85.0,2
2026-01-14,GOLDBEES.NS,A_breakout_40d,A,118.01,7.0,109.7493,100.0,58.6,72.3,73.2,58.0,85.3,1.52,3.0,25.6,80.0,1
2026-01-14,INDUSINDBK.NS,A_breakout_40d,A,944.5,7.0,878.385,81.0,76.5,97.1,72.1,58.0,85.3,1.25,3.0,25.6,83.0,1
2026-01-14,SILVERBEES.NS,A_breakout_40d,A,262.81,7.0,244.4133,100.0,92.6,70.2,84.1,58.0,85.3,5.88,3.0,25.6,86.9,1
2026-01-14,TATASTEEL.NS,A_breakout_40d,A,189.25,7.0,176.0025,82.5,63.1,80.8,68.3,58.0,85.3,-0.04,0.0,25.6,80.4,2
2026-01-14,VEDL.NS,A_breakout_40d,A,675.75,7.0,628.4475,100.0,98.4,98.8,81.2,58.0,85.3,2.29,3.0,25.6,91.7,1
2026-01-16,GRASIM.NS,B_pullback_rebound,B,2809.6001,2.54,2738.3,53.9,53.2,65.0,50.6,84.8,25.3,-0.25,0.0,7.6,50.9,1
2026-01-16,INDUSINDBK.NS,A_breakout_40d,A,953.85,7.0,887.0805,83.1,57.9,87.7,73.8,58.0,85.3,1.63,3.0,25.6,78.5,1
2026-01-16,INFY.NS,A_breakout_40d,A,1689.8,7.0,1571.514,66.7,50.1,94.1,65.9,58.0,85.3,0.87,3.0,25.6,79.3,2
2026-01-16,INFY.NS,F_vwap_reclaim,F,1689.8,3.78,1625.9152,66.7,100.0,94.1,65.9,77.3,65.0,0.87,3.0,19.5,85.9,2
2026-01-16,SBIN.NS,A_breakout_40d,A,1042.3,7.0,969.339,100.0,60.8,71.1,74.6,58.0,85.3,0.83,3.0,25.6,80.4,1
2026-01-16,TATACONSUM.NS,B_pullback_rebound,B,1189.1,2.03,1165.0,70.8,47.5,68.1,53.0,87.8,25.3,0.01,0.03,7.6,54.0,1
2026-01-16,TECHM.NS,A_breakout_40d,A,1670.5,7.0,1553.565,59.0,61.6,99.7,65.9,58.0,85.3,1.24,3.0,25.6,80.8,2
2026-01-16,TECHM.NS,F_vwap_reclaim,F,1670.5,4.3,1598.5901,59.0,100.0,99.7,65.9,74.2,65.0,1.24,3.0,19.5,84.6,2
2026-01-16,VEDL.NS,A_breakout_40d,A,682.7,7.0,634.911,100.0,58.2,77.8,82.3,58.0,85.3,2.82,3.0,25.6,80.9,1
2026-01-16,WIPRO.NS,F_vwap_reclaim,F,267.45,1.39,263.7269,59.6,65.9,76.2,56.9,91.6,32.7,0.9,3.0,9.8,67.3,2
2026-01-19,AXISBANK.NS,A_breakout_40d,A,1307.5,7.0,1215.975,84.9,55.4,78.9,63.2,58.0,85.3,0.5,2.02,25.6,75.9,1
2026-01-19,GOLDBEES.NS,A_breakout_40d,A,121.1,7.0,112.623,100.0,70.9,76.1,77.9,58.0,85.3,1.71,3.0,25.6,83.1,1
2026-01-19,LT.NS,D_rsi_bounce,D,3869.8,0.85,3837.0,93.8,79.5,63.2,31.7,94.9,0.0,-0.18,0.0,0.0,57.1,1
2026-01-19,TECHM.NS,A_breakout_40d,A,1718.3,7.0,1598.019,60.7,72.9,100.0,71.3,58.0,85.3,1.47,3.0,25.6,83.6,2
2026-01-19,TECHM.NS,C_macd_crossover,C,1718.3,7.0,1598.019,60.7,100.0,100.0,71.3,58.0,55.3,1.47,3.0,16.6,80.0,2
2026-01-20,GOLDBEES.NS,A_breakout_40d,A,125.86,7.0,117.0498,100.0,81.4,100.0,83.4,58.0,85.3,1.85,3.0,25.6,88.5,1
2026-01-20,SILVERBEES.NS,A_breakout_40d,A,297.62,7.0,276.7866,100.0,91.5,87.2,89.8,58.0,85.3,7.34,3.0,25.6,89.0,1
2026-01-20,TATACONSUM.NS,B_pullback_rebound,B,1185.0,1.58,1166.3,70.4,50.4,82.4,51.7,90.5,25.3,0.03,0.14,7.6,56.8,1
2026-01-21,DABUR.NS,F_vwap_reclaim,F,516.2,1.51,508.4263,57.0,70.5,86.7,55.1,91.0,32.7,-0.13,0.0,9.8,66.0,2
2026-01-21,GOLDBEES.NS,A_breakout_40d,A,134.97,7.0,125.5221,100.0,100.0,100.0,89.0,58.0,85.3,2.1,3.0,25.6,92.4,1
2026-01-21,SBILIFE.NS,B_pullback_rebound,B,2055.3999,0.55,2044.0,96.7,51.1,67.5,51.5,96.7,25.3,0.4,1.58,7.6,62.6,1
2026-01-21,TATASTEEL.NS,B_pullback_rebound,B,184.41,3.84,177.33,81.9,38.5,65.3,57.4,77.0,25.3,0.38,1.53,7.6,54.2,1
2026-01-22,ADANIGREEN.NS,D_rsi_bounce,D,904.3,4.01,868.0,54.8,100.0,65.7,31.0,75.9,0.0,-1.5,0.0,0.0,51.1,1
2026-01-22,ADANIPORTS.NS,D_rsi_bounce,D,1414.2,4.89,1345.0,76.3,100.0,62.7,41.2,70.6,0.0,-0.44,0.0,0.0,54.5,1
2026-01-22,AXISBANK.NS,B_pullback_rebound,B,1294.8,3.19,1253.5,85.3,39.6,64.2,57.0,80.9,25.3,0.58,2.3,7.6,56.3,1
2026-01-22,COALINDIA.NS,B_pullback_rebound,B,423.2,2.75,411.55,58.1,43.7,65.2,57.6,83.5,25.3,1.09,3.0,7.6,52.8,1
2026-01-22,DABUR.NS,A_breakout_40d,A,525.35,7.0,488.5755,56.8,52.1,81.9,61.7,58.0,85.3,-0.1,0.0,25.6,73.0,2
2026-01-22,DABUR.NS,C_macd_crossover,C,525.35,4.62,501.1,56.8,68.4,81.9,61.7,72.3,55.3,-0.1,0.0,16.6,69.3,2
2026-01-22,DIVISLAB.NS,D_rsi_bounce,D,6071.0,1.91,5955.0,54.1,100.0,58.5,33.7,88.5,0.0,-0.87,0.0,0.0,51.8,1
2026-01-22,GRASIM.NS,B_pullback_rebound,B,2787.6001,2.93,2706.0,53.4,55.8,70.3,49.0,82.4,25.3,0.07,0.28,7.6,51.9,1
2026-01-22,SBIN.NS,A_breakout_40d,A,1048.35,7.0,974.9655,100.0,54.6,70.9,70.9,58.0,85.3,0.85,3.0,25.6,79.0,1
2026-01-22,SUNPHARMA.NS,D_rsi_bounce,D,1634.2,2.09,1600.0,67.0,100.0,60.6,32.6,87.4,0.0,-0.36,0.0,0.0,54.5,1
2026-01-22,TATACONSUM.NS,B_pullback_rebound,B,1175.2,1.4,1158.7,70.1,56.2,69.6,48.8,91.6,25.3,0.13,0.51,7.6,56.7,1
2026-01-22,TATASTEEL.NS,C_macd_crossover,C,189.1,6.22,177.33,82.0,66.2,64.9,63.6,62.7,51.0,0.39,1.55,15.3,65.6,1
2026-01-27,ADANIPORTS.NS,D_rsi_bounce,D,1363.9,5.27,1292.0,73.1,100.0,80.9,38.8,68.4,0.0,-0.82,0.0,0.0,55.9,1
2026-01-27,AXISBANK.NS,A_breakout_40d,A,1315.8,7.0,1223.694,85.2,55.1,100.0,59.5,58.0,85.3,0.51,2.02,25.6,83.6,3
2026-01-27,AXISBANK.NS,F_vwap_reclaim,F,1315.8,3.14,1274.538,85.2,100.0,100.0,59.5,81.2,65.0,0.51,2.02,19.5,89.7,3
2026-01-27,GRASIM.NS,F_vwap_reclaim,F,2856.2,2.65,2780.397,53.2,100.0,88.7,57.9,84.1,32.7,-0.01,0.0,9.8,65.5,1
2026-01-27,HINDALCO.NS,A_breakout_40d,A,961.85,7.0,894.5205,100.0,55.4,72.9,67.8,58.0,85.3,1.73,3.0,25.6,79.3,1
2026-01-27,INDUSINDBK.NS,B_pullback_rebound,B,894.75,1.75,879.1,84.2,58.6,73.7,50.6,89.5,25.3,0.7,2.78,7.6,62.6,1
2026-01-27,JSWSTEEL.NS,A_breakout_40d,A,1222.0,7.0,1136.46,78.5,71.7,83.2,64.9,58.0,85.3,0.01,0.05,25.6,81.5,4
2026-01-27,JSWSTEEL.NS,F_vwap_reclaim,F,1222.0,4.83,1162.9287,78.5,100.0,83.2,64.9,71.0,65.0,0.01,0.05,19.5,82.9,4
2026-01-27,LT.NS,D_rsi_bounce,D,3787.8,1.79,3720.1001,89.6,100.0,65.1,33.1,89.3,0.0,-0.46,0.0,0.0,59.9,1
2026-01-27,SBILIFE.NS,B_pullback_rebound,B,2038.2,2.55,1986.3,94.9,58.0,70.7,48.6,84.7,25.3,0.19,0.77,7.6,61.5,1
2026-01-27,SBIN.NS,A_breakout_40d,A,1053.15,7.0,979.4295,100.0,53.7,73.5,66.8,58.0,85.3,0.84,3.0,25.6,79.0,1
2026-01-27,SILVERBEES.NS,A_breakout_40d,A,317.85,7.0,295.6005,100.0,68.5,75.6,75.4,58.0,85.3,7.76,3.0,25.6,82.5,1
2026-01-27,TATACONSUM.NS,F_vwap_reclaim,F,1187.4,1.33,1171.5577,69.9,63.5,100.0,52.7,92.0,32.7,0.16,0.62,9.8,69.6,2
2026-01-28,AXISBANK.NS,A_breakout_40d,A,1319.8,7.0,1227.414,85.3,52.4,85.4,60.3,58.0,85.3,0.49,1.98,25.6,76.2,1
2026-01-28,BEL.NS,A_breakout_40d,A,453.0,7.0,421.29,70.6,100.0,100.0,72.4,58.0,85.3,-0.12,0.0,25.6,88.0,3
2026-01-28,BEL.NS,F_vwap_reclaim,F,453.0,7.0,421.29,70.6,100.0,100.0,72.4,58.0,65.0,-0.12,0.0,19.5,81.9,3
2026-01-28,COALINDIA.NS,A_breakout_40d,A,444.05,7.0,412.9665,60.4,71.7,75.1,67.7,58.0,85.3,0.99,3.0,25.6,79.9,2
2026-01-28,COALINDIA.NS,F_vwap_reclaim,F,444.05,5.19,420.9878,60.4,100.0,75.1,67.7,68.8,65.0,0.99,3.0,19.5,81.0,2
2026-01-28,DABUR.NS,B_pullback_rebound,B,515.75,2.84,501.1,55.4,50.9,65.6,52.6,83.0,25.3,-0.09,0.0,7.6,50.6,1
2026-01-28,GOLDBEES.NS,A_breakout_40d,A,135.82,7.0,126.3126,100.0,55.0,81.0,72.7,58.0,85.3,2.5,3.0,25.6,80.4,1
2026-01-28,HINDALCO.NS,A_breakout_40d,A,998.2,7.0,928.326,100.0,80.2,82.4,74.5,58.0,85.3,1.83,3.0,25.6,90.7,2
2026-01-28,HINDALCO.NS,C_macd_crossover,C,998.2,7.0,928.326,100.0,100.0,82.4,74.5,58.0,55.3,1.83,3.0,16.6,85.7,2
2026-01-28,IOC.NS,C_macd_crossover,C,162.85,4.45,155.61,90.0,97.9,69.4,54.4,73.3,51.0,-0.8,0.0,15.3,73.8,1
2026-01-28,M&M.NS,D_rsi_bounce,D,3449.2,3.05,3344.1001,94.6,100.0,81.2,32.4,81.7,0.0,-0.61,0.0,0.0,61.9,1
2026-01-28,SBILIFE.NS,B_pullback_rebound,B,2053.2,3.26,1986.3,94.3,53.3,73.9,51.9,80.5,25.3,0.19,0.76,7.6,60.3,1
2026-01-28,TVSMOTOR.NS,F_vwap_reclaim,F,3728.3999,1.72,3664.2127,100.0,79.4,100.0,55.6,89.7,32.7,0.43,1.71,9.8,79.6,2
2026-01-28,VEDL.NS,A_breakout_40d,A,737.1,7.0,685.503,100.0,85.9,73.0,85.7,58.0,85.3,3.03,3.0,25.6,86.0,1
2026-01-29,ADANIPORTS.NS,F_vwap_reclaim,F,1417.8,1.82,1391.9922,70.6,83.4,79.0,48.5,89.1,32.7,-0.86,0.0,9.8,64.8,1
2026-01-29,AXISBANK.NS,A_breakout_40d,A,1363.7,7.0,1268.241,85.4,76.6,83.4,67.7,58.0,85.3,0.55,2.2,25.6,81.2,1
2026-01-29,BHARTIARTL.NS,D_rsi_bounce,D,1967.9,1.47,1939.0,79.4,100.0,62.0,30.1,91.2,0.0,-0.61,0.0,0.0,57.6,1
2026-01-29,BPCL.NS,C_macd_crossover,C,366.95,5.85,345.5,89.3,94.6,83.8,55.2,64.9,51.0,-0.43,0.0,15.3,78.7,2
2026-01-29,COALINDIA.NS,A_breakout_40d,A,455.75,7.0,423.8475,61.7,71.1,72.0,72.0,58.0,85.3,1.19,3.0,25.6,79.8,2
2026-01-29,COALINDIA.NS,C_macd_crossover,C,455.75,7.0,423.8475,61.7,100.0,72.0,72.0,58.0,55.3,1.19,3.0,16.6,76.6,2
2026-01-29,GOLDBEES.NS,A_breakout_40d,A,146.53,7.0,136.2729,100.0,100.0,93.6,78.9,58.0,85.3,2.74,3.0,25.6,91.3,1
2026-01-29,HINDALCO.NS,A_breakout_40d,A,1024.05,7.0,952.3665,100.0,70.7,84.9,78.0,58.0,85.3,2.02,3.0,25.6,84.2,1
2026-01-29,JSWSTEEL.NS,A_breakout_40d,A,1237.5,7.0,1150.875,78.2,60.1,70.4,67.2,58.0,85.3,0.28,1.12,25.6,73.7,1
2026-01-29,LT.NS,F_vwap_reclaim,F,3932.8999,1.32,3880.9283,87.7,63.0,84.2,51.0,92.1,32.7,-0.47,0.0,9.8,65.3,1
2026-01-29,SBIN.NS,A_breakout_40d,A,1066.2,7.0,991.566,100.0,52.0,73.2,70.0,58.0,85.3,0.89,3.0,25.6,78.7,1
2026-01-29,TATASTEEL.NS,A_breakout_40d,A,202.32,7.0,188.1576,82.8,85.0,81.2,74.6,58.0,85.3,1.03,3.0,25.6,83.1,1
2026-01-29,VEDL.NS,A_breakout_40d,A,766.35,7.0,712.7055,100.0,81.7,75.2,88.3,58.0,85.3,3.37,3.0,25.6,85.5,1
2026-01-30,AXISBANK.NS,A_breakout_40d,A,1370.4,7.0,1274.472,85.6,53.9,76.6,68.7,58.0,85.3,0.59,2.37,25.6,76.0,1
2026-01-30,INDUSTOWER.NS,C_macd_crossover,C,444.3,7.0,413.199,89.0,92.8,69.0,63.2,58.0,51.0,0.53,2.14,15.3,72.7,1
2026-01-30,M&M.NS,D_rsi_bounce,D,3431.8,3.23,3321.0,91.4,100.0,86.0,34.7,80.6,0.0,-0.73,0.0,0.0,61.8,1
2026-01-30,NESTLEIND.NS,A_breakout_40d,A,1332.4,7.0,1239.132,73.5,57.6,100.0,61.9,58.0,85.3,0.23,0.93,25.6,80.7,2
2026-01-30,NESTLEIND.NS,F_vwap_reclaim,F,1332.4,2.93,1293.3078,73.5,100.0,100.0,61.9,82.4,65.0,0.23,0.93,19.5,86.5,2
2026-01-30,TVSMOTOR.NS,B_pullback_rebound,B,3677.3999,4.93,3496.0,100.0,57.2,66.5,50.8,70.4,25.3,0.5,2.0,7.6,61.1,1
2026-02-02,SUNPHARMA.NS,D_rsi_bounce,D,1627.9,2.72,1583.7,62.4,100.0,59.8,39.1,83.7,0.0,-0.89,0.0,0.0,53.1,1
2026-02-03,ADANIPORTS.NS,A_breakout_40d,A,1530.8,7.0,1423.644,68.5,54.2,100.0,63.0,58.0,85.3,-0.41,0.0,25.6,78.2,2
2026-02-03,ADANIPORTS.NS,F_vwap_reclaim,F,1530.8,7.0,1423.644,68.5,100.0,100.0,63.0,58.0,65.0,-0.41,0.0,19.5,81.2,2
2026-02-03,ADANIPOWER.NS,C_macd_crossover,C,143.62,7.0,133.5666,94.9,91.1,100.0,55.8,58.0,51.0,-1.01,0.0,15.3,80.3,2
2026-02-03,ADANIPOWER.NS,F_vwap_reclaim,F,143.62,4.09,137.7493,94.9,100.0,100.0,55.8,75.5,65.0,-1.01,0.0,19.5,88.7,2
2026-02-03,BAJAJ-AUTO.NS,F_vwap_reclaim,F,9595.5,1.79,9424.19,78.9,82.0,73.8,58.0,89.3,32.7,0.65,2.62,9.8,73.4,2
2026-02-03,BAJFINANCE.NS,C_macd_crossover,C,964.4,7.0,896.892,62.7,100.0,79.8,52.5,58.0,51.0,-0.83,0.0,15.3,72.9,2
2026-02-03,BAJFINANCE.NS,F_vwap_reclaim,F,964.4,3.11,934.3654,62.7,100.0,79.8,52.5,81.3,65.0,-0.83,0.0,19.5,80.4,2
2026-02-03,BHARTIARTL.NS,D_rsi_bounce,D,1997.3,3.59,1925.6,75.9,100.0,62.6,42.7,78.5,0.0,-0.85,0.0,0.0,55.6,1
2026-02-03,COALINDIA.NS,B_pullback_rebound,B,429.4,4.16,411.55,65.0,48.9,69.4,53.8,75.1,25.3,1.43,3.0,7.6,54.5,1
2026-02-03,GRASIM.NS,F_vwap_reclaim,F,2808.8999,1.28,2773.0218,53.5,61.2,75.6,51.1,92.3,32.7,0.21,0.84,9.8,62.8,2
2026-02-03,HEROMOTOCO.NS,C_macd_crossover,C,5763.0,7.0,5359.59,100.0,100.0,67.0,54.8,58.0,51.0,-0.5,0.0,15.3,73.8,1
2026-02-03,HINDALCO.NS,B_pullback_rebound,B,955.3,6.05,897.5,100.0,42.3,67.2,55.1,63.7,25.3,2.07,3.0,7.6,58.4,1
2026-02-03,INDUSINDBK.NS,F_vwap_reclaim,F,922.4,1.88,905.0419,84.9,86.0,77.2,59.6,88.7,32.7,0.72,2.86,9.8,76.1,2
2026-02-03,INFY.NS,B_pullback_rebound,B,1656.0,2.29,1618.0,72.9,42.9,65.1,54.2,86.2,25.3,0.79,3.0,7.6,55.9,1
2026-02-03,M&M.NS,F_vwap_reclaim,F,3527.8999,1.15,3487.419,88.6,56.0,82.7,45.5,93.1,32.7,-0.74,0.0,9.8,63.9,1
2026-02-03,MARUTI.NS,D_rsi_bounce,D,14782.0,4.9,14058.0,100.0,100.0,67.0,33.2,70.6,0.0,-0.76,0.0,0.0,59.6,1
2026-02-03,RELIANCE.NS,C_macd_crossover,C,1437.1,7.0,1336.503,70.8,97.3,74.1,46.6,58.0,51.0,-0.85,0.0,15.3,73.1,2
2026-02-03,RELIANCE.NS,F_vwap_reclaim,F,1437.1,1.23,1419.4949,70.8,59.1,74.1,46.6,92.6,65.0,-0.85,0.0,19.5,74.5,2
2026-02-03,SBIN.NS,F_vwap_reclaim,F,1064.2,3.49,1027.0985,100.0,100.0,73.0,60.6,79.1,32.7,0.84,3.0,9.8,75.2,1
2026-02-03,SHRIRAMFIN.NS,F_vwap_reclaim,F,1000.4,1.53,985.1356,100.0,71.4,70.3,55.8,90.8,32.7,2.01,3.0,9.8,75.6,2
2026-02-03,SILVERBEES.NS,B_pullback_rebound,B,247.34,7.0,230.0262,100.0,100.0,70.5,47.8,58.0,25.3,6.79,3.0,7.6,69.3,1
2026-02-03,SUNPHARMA.NS,C_macd_crossover,C,1702.1,6.96,1583.7,62.0,100.0,94.8,54.4,58.3,51.0,-0.85,0.0,15.3,74.8,2
2026-02-03,SUNPHARMA.NS,F_vwap_reclaim,F,1702.1,3.17,1648.146,62.0,100.0,94.8,54.4,81.0,65.0,-0.85,0.0,19.5,82.2,2
2026-02-04,ADANIPORTS.NS,A_breakout_40d,A,1567.9,7.0,1458.147,68.6,69.4,84.9,66.3,58.0,85.3,-0.13,0.0,25.6,74.3,1
2026-02-04,ADANIPOWER.NS,A_breakout_40d,A,155.29,7.0,144.4197,94.7,85.1,100.0,68.4,58.0,85.3,-0.62,0.0,25.6,84.7,1
2026-02-04,BHARTIARTL.NS,C_macd_crossover,C,2025.8,4.95,1925.6,75.1,100.0,64.7,51.2,70.3,51.0,-0.82,0.0,15.3,70.1,1
2026-02-04,IOC.NS,A_breakout_40d,A,172.78,7.0,160.6854,86.3,70.1,87.9,70.4,58.0,85.3,-0.14,0.0,25.6,78.5,1
2026-02-05,IOC.NS,A_breakout_40d,A,175.77,7.0,163.4661,86.4,63.8,93.7,73.6,58.0,85.3,0.11,0.43,25.6,78.6,1
2026-02-06,BHARTIARTL.NS,F_vwap_reclaim,F,2038.4,2.91,1979.0142,73.4,100.0,81.8,54.0,82.5,32.7,-0.72,0.0,9.8,68.3,1
2026-02-09,INDUSINDBK.NS,B_pullback_rebound,B,927.9,7.0,862.947,86.8,39.2,67.2,59.5,58.0,25.3,0.82,3.0,7.6,54.4,1
2026-02-09,SBIN.NS,A_breakout_40d,A,1146.0,7.0,1065.78,100.0,100.0,100.0,73.5,58.0,85.3,1.07,3.0,25.6,91.9,1
2026-02-10,INDUSTOWER.NS,A_breakout_40d,A,459.15,7.0,427.0095,94.5,55.3,74.4,66.7,58.0,85.3,1.11,3.0,25.6,78.3,1
2026-02-10,TATASTEEL.NS,A_breakout_40d,A,208.01,7.0,193.4493,88.7,72.5,87.3,69.8,58.0,85.3,1.84,3.0,25.6,82.4,1
2026-02-11,BRITANNIA.NS,F_vwap_reclaim,F,6019.0,3.34,5817.6677,62.4,100.0,79.7,57.8,79.9,32.7,0.1,0.38,9.8,66.0,1
2026-02-11,EICHERMOT.NS,A_breakout_40d,A,7771.0,7.0,7227.03,100.0,69.9,100.0,69.4,58.0,85.3,0.29,1.17,25.6,84.0,1
2026-02-11,IOC.NS,A_breakout_40d,A,181.31,7.0,168.6183,87.2,63.9,72.5,78.0,58.0,85.3,0.84,3.0,25.6,78.7,1
2026-02-11,SBIN.NS,A_breakout_40d,A,1182.9,7.0,1100.097,100.0,75.8,86.1,77.1,58.0,85.3,1.44,3.0,25.6,85.4,1
2026-02-12,EICHERMOT.NS,A_breakout_40d,A,7943.0,7.0,7386.99,100.0,67.7,81.3,72.9,58.0,85.3,0.52,2.1,25.6,82.1,1
2026-02-12,SBIN.NS,A_breakout_40d,A,1192.4,7.0,1108.932,100.0,56.4,87.1,78.0,58.0,85.3,1.71,3.0,25.6,81.7,1
2026-02-13,BAJFINANCE.NS,A_breakout_40d,A,1024.75,7.0,953.0175,58.5,60.3,84.8,65.6,58.0,85.3,-0.4,0.0,25.6,70.5,1
2026-02-13,EICHERMOT.NS,A_breakout_40d,A,8065.0,7.0,7500.45,100.0,62.3,73.1,75.1,58.0,85.3,0.8,3.0,25.6,80.9,1
2026-02-17,INDUSINDBK.NS,C_macd_crossover,C,943.8,5.17,895.0,90.3,87.9,69.5,64.4,69.0,51.0,0.84,3.0,15.3,74.6,1
2026-02-19,ONGC.NS,F_vwap_reclaim,F,274.65,4.07,263.4727,59.2,100.0,74.4,60.4,75.6,32.7,1.2,3.0,9.8,66.7,1
2026-02-20,NTPC.NS,A_breakout_40d,A,372.95,7.0,346.8435,60.8,58.3,70.6,64.2,58.0,85.3,1.38,3.0,25.6,71.7,1
2026-02-23,NTPC.NS,C_macd_crossover,C,375.45,3.85,361.0,62.1,57.2,68.7,65.8,76.9,51.0,1.42,3.0,15.3,63.8,1
2026-02-24,NTPC.NS,A_breakout_40d,A,382.75,7.0,355.9575,63.4,65.6,75.6,70.1,58.0,85.3,1.49,3.0,25.6,74.5,1
2026-02-25,HEROMOTOCO.NS,F_vwap_reclaim,F,5737.5,2.47,5595.9382,98.6,100.0,77.1,55.6,85.2,32.7,-0.78,0.0,9.8,78.1,2
2026-02-25,IOC.NS,C_macd_crossover,C,183.03,5.93,172.17,89.9,100.0,68.0,68.1,64.4,51.0,0.82,3.0,15.3,76.2,1
2026-02-25,JSWSTEEL.NS,A_breakout_40d,A,1275.0,7.0,1185.75,84.9,63.1,70.3,65.7,58.0,85.3,1.17,3.0,25.6,82.4,2
2026-02-25,JSWSTEEL.NS,E_boll_squeeze,E,1275.0,2.82,1239.055,84.9,100.0,70.3,65.7,83.1,0.0,1.17,3.0,0.0,67.7,2
2026-02-25,TATASTEEL.NS,C_macd_crossover,C,214.64,6.56,200.55,100.0,84.5,67.6,67.9,60.6,51.0,2.28,3.0,15.3,74.5,1
2026-02-26,INDUSINDBK.NS,A_breakout_40d,A,964.6,7.0,897.078,95.5,59.0,84.4,67.4,58.0,85.3,1.05,3.0,25.6,85.6,2
2026-02-26,INDUSINDBK.NS,C_macd_crossover,C,964.6,6.35,903.35,95.5,95.5,84.4,67.4,61.9,55.3,1.05,3.0,16.6,84.5,2
2026-03-02,BEL.NS,A_breakout_40d,A,453.95,7.0,422.1735,72.5,51.7,88.0,61.6,58.0,85.3,1.36,3.0,25.6,79.8,3
2026-03-02,BEL.NS,C_macd_crossover,C,453.95,5.47,429.1,72.5,54.7,88.0,61.6,67.2,55.3,1.36,3.0,16.6,72.7,3
2026-03-02,BEL.NS,E_boll_squeeze,E,453.95,3.04,440.1575,72.5,100.0,88.0,61.6,81.8,0.0,1.36,3.0,0.0,67.2,3
2026-03-02,ONGC.NS,A_breakout_40d,A,282.2,7.0,262.446,68.8,56.0,100.0,64.2,58.0,85.3,1.8,3.0,25.6,81.6,2
2026-03-02,ONGC.NS,C_macd_crossover,C,282.2,6.96,262.55,68.8,52.5,100.0,64.2,58.2,55.3,1.8,3.0,16.6,71.9,2
2026-03-04,BHARTIARTL.NS,D_rsi_bounce,D,1905.9,3.04,1847.9,60.5,100.0,90.1,37.3,81.7,0.0,-0.95,0.0,0.0,56.4,1
2026-03-04,COALINDIA.NS,F_vwap_reclaim,F,435.15,2.86,422.6942,84.4,100.0,90.3,56.1,82.8,32.7,1.16,3.0,9.8,74.7,1
2026-03-05,ADANIPORTS.NS,B_pullback_rebound,B,1499.3,6.02,1409.0,64.2,67.7,69.4,49.3,63.9,25.3,-0.01,0.0,7.6,53.4,1
2026-03-05,BAJAJ-AUTO.NS,B_pullback_rebound,B,9804.5,2.94,9516.5,86.4,50.4,64.2,52.1,82.4,25.3,0.93,3.0,7.6,59.4,1
2026-03-05,BEL.NS,A_breakout_40d,A,460.0,7.0,427.8,74.1,60.7,86.6,62.7,58.0,85.3,1.46,3.0,25.6,81.8,2
2026-03-05,BEL.NS,C_macd_crossover,C,460.0,6.45,430.35,74.1,100.0,86.6,62.7,61.3,55.3,1.46,3.0,16.6,81.2,2
2026-03-05,HINDALCO.NS,C_macd_crossover,C,954.95,6.66,891.35,100.0,92.9,95.2,55.3,60.0,51.0,0.92,3.0,15.3,84.3,2
2026-03-05,HINDALCO.NS,F_vwap_reclaim,F,954.95,3.43,922.1863,100.0,100.0,95.2,55.3,79.4,65.0,0.92,3.0,19.5,92.7,2
2026-03-05,IOC.NS,B_pullback_rebound,B,171.54,1.36,169.21,91.4,78.7,72.7,46.3,91.9,25.3,0.85,3.0,7.6,68.3,1
2026-03-05,JSWSTEEL.NS,B_pullback_rebound,B,1248.1,3.85,1200.0,89.7,49.5,66.9,53.3,76.9,25.3,1.44,3.0,7.6,59.5,1
2026-03-05,NTPC.NS,F_vwap_reclaim,F,378.05,2.4,368.9615,72.0,100.0,70.2,58.7,85.6,32.7,1.63,3.0,9.8,70.1,1
2026-03-06,BEL.NS,A_breakout_40d,A,468.45,7.0,435.6585,75.2,64.7,73.1,66.2,58.0,85.3,1.49,3.0,25.6,76.2,1
2026-03-06,BRITANNIA.NS,B_pullback_rebound,B,5983.0,2.3,5845.5,61.0,57.2,64.8,48.4,86.2,25.3,-0.2,0.0,7.6,53.2,1
2026-03-06,SUNPHARMA.NS,A_breakout_40d,A,1799.4,7.0,1673.442,55.3,56.1,74.8,66.2,58.0,85.3,0.02,0.07,25.6,67.8,1
2026-03-09,SUNPHARMA.NS,A_breakout_40d,A,1807.4,7.0,1680.882,55.6,53.6,76.6,67.4,58.0,85.3,0.17,0.66,25.6,68.2,1
2026-03-10,ASIANPAINT.NS,D_rsi_bounce,D,2280.3999,5.17,2162.6001,55.5,100.0,59.7,33.9,69.0,0.0,-1.99,0.0,0.0,49.5,1
2026-03-10,GODREJCP.NS,D_rsi_bounce,D,1111.6,3.9,1068.3,52.7,100.0,71.7,35.5,76.6,0.0,-0.64,0.0,0.0,51.6,1
2026-03-10,KOTAKBANK.NS,D_rsi_bounce,D,391.85,1.72,385.1,52.0,100.0,70.3,34.1,89.7,0.0,-0.81,0.0,0.0,53.1,1
2026-03-10,MARUTI.NS,D_rsi_bounce,D,13867.0,3.62,13365.0,74.7,100.0,59.3,34.9,78.3,0.0,-1.63,0.0,0.0,54.7,1
2026-03-10,SHRIRAMFIN.NS,F_vwap_reclaim,F,1062.9,2.55,1035.8183,100.0,100.0,91.2,54.2,84.7,32.7,0.75,2.99,9.8,83.1,2
2026-03-10,TVSMOTOR.NS,B_pullback_rebound,B,3785.1001,5.35,3582.5,100.0,59.1,67.3,49.9,67.9,25.3,0.21,0.85,7.6,60.1,1
2026-03-10,ULTRACEMCO.NS,D_rsi_bounce,D,11654.0,2.79,11329.0,62.7,100.0,79.0,34.0,83.3,0.0,0.19,0.74,0.0,56.2,1
2026-03-12,ADANIPOWER.NS,C_macd_crossover,C,149.11,7.0,138.6723,77.3,100.0,100.0,61.7,58.0,51.0,-0.14,0.0,15.3,78.7,2
2026-03-12,ADANIPOWER.NS,F_vwap_reclaim,F,149.11,5.55,140.8368,77.3,100.0,100.0,61.7,66.7,65.0,-0.14,0.0,19.5,84.2,2
2026-03-12,COALINDIA.NS,A_breakout_40d,A,470.1,7.0,437.193,90.1,75.2,90.1,69.1,58.0,85.3,1.11,3.0,25.6,83.6,1
2026-03-12,NTPC.NS,A_breakout_40d,A,390.55,7.0,363.2115,78.9,61.7,80.3,65.5,58.0,85.3,1.61,3.0,25.6,77.3,1
2026-03-12,TECHM.NS,C_macd_crossover,C,1349.8,3.39,1304.1,56.3,81.0,64.5,28.1,79.7,51.0,-1.78,0.0,15.3,63.1,1
2026-03-13,TATACONSUM.NS,D_rsi_bounce,D,1083.6,2.97,1051.4,60.6,100.0,96.3,37.3,82.2,0.0,-0.87,0.0,0.0,57.3,1
2026-03-16,AXISBANK.NS,D_rsi_bounce,D,1214.7,1.68,1194.3,94.3,100.0,66.5,31.9,89.9,0.0,-0.05,0.0,0.0,61.0,1
2026-03-16,GRASIM.NS,D_rsi_bounce,D,2654.3999,3.44,2563.1001,54.6,100.0,75.2,39.8,79.4,0.0,-0.57,0.0,0.0,53.0,1
2026-03-16,M&M.NS,D_rsi_bounce,D,3036.1001,3.74,2922.6001,58.7,100.0,73.4,33.9,77.6,0.0,-1.62,0.0,0.0,53.2,1
2026-03-16,NESTLEIND.NS,D_rsi_bounce,D,1213.4,1.05,1200.6,74.4,100.0,61.7,33.2,93.7,0.0,-0.46,0.0,0.0,57.0,1
2026-03-16,ULTRACEMCO.NS,D_rsi_bounce,D,11099.0,4.74,10573.0,60.7,100.0,86.0,34.2,71.6,0.0,-0.49,0.0,0.0,54.4,1
2026-03-17,ADANIPOWER.NS,A_breakout_40d,A,155.6,7.0,144.708,76.1,51.6,75.4,66.9,58.0,85.3,0.27,1.08,25.6,72.2,1
2026-03-17,LT.NS,D_rsi_bounce,D,3542.8,4.13,3396.6001,74.0,100.0,64.7,32.0,75.2,0.0,-1.22,0.0,0.0,54.7,1
2026-03-17,MARUTI.NS,D_rsi_bounce,D,12972.0,4.41,12400.0,61.5,100.0,85.1,31.8,73.5,0.0,-2.42,0.0,0.0,54.6,1
2026-03-18,TECHM.NS,D_rsi_bounce,D,1385.2,5.85,1304.1,51.2,100.0,68.4,42.3,64.9,0.0,-1.62,0.0,0.0,49.5,1
2026-03-20,NESTLEIND.NS,D_rsi_bounce,D,1193.6,1.33,1177.7,70.9,90.5,63.9,31.2,92.0,0.0,-0.8,0.0,0.0,54.4,1
2026-03-20,NTPC.NS,B_pullback_rebound,B,380.95,2.51,371.4,83.1,46.9,68.1,55.3,85.0,25.3,0.89,3.0,7.6,59.0,1
2026-03-20,POWERGRID.NS,B_pullback_rebound,B,297.6,4.07,285.5,50.9,55.2,73.4,53.3,75.6,25.3,1.05,3.0,7.6,53.5,1
2026-03-20,SUNPHARMA.NS,B_pullback_rebound,B,1777.1,2.21,1737.9,57.4,49.3,65.7,53.4,86.8,25.3,0.18,0.73,7.6,51.9,1
2026-03-20,TATASTEEL.NS,B_pullback_rebound,B,196.77,7.0,182.9961,100.0,62.7,66.7,49.9,58.0,25.3,0.46,1.82,7.6,60.2,1
2026-03-23,POWERGRID.NS,B_pullback_rebound,B,302.1,5.49,285.5,52.3,43.6,67.0,58.3,67.0,25.3,1.13,3.0,7.6,49.6,1
2026-03-24,BRITANNIA.NS,D_rsi_bounce,D,5513.5,0.69,5475.5,54.2,72.1,70.5,30.3,95.9,0.0,-0.73,0.0,0.0,48.7,1
2026-03-24,GOLDBEES.NS,D_rsi_bounce,D,115.49,7.0,107.4057,100.0,100.0,69.6,35.8,58.0,0.0,0.5,2.0,0.0,60.2,1
2026-03-24,INDUSINDBK.NS,D_rsi_bounce,D,797.25,3.18,771.9,91.2,100.0,69.4,34.1,80.9,0.0,-0.93,0.0,0.0,59.6,1
2026-03-24,LT.NS,D_rsi_bounce,D,3516.8,6.5,3288.1001,66.3,100.0,65.1,38.4,61.0,0.0,-1.58,0.0,0.0,51.4,1
2026-03-24,TATACONSUM.NS,D_rsi_bounce,D,1053.1,3.18,1019.6,53.4,100.0,61.3,38.3,80.9,0.0,-1.27,0.0,0.0,51.1,1
2026-03-24,ULTRACEMCO.NS,D_rsi_bounce,D,10764.0,4.08,10325.0,55.1,100.0,59.2,37.1,75.5,0.0,-1.03,0.0,0.0,50.4,1
2026-03-27,ONGC.NS,C_macd_crossover,C,281.95,7.0,262.2135,86.7,88.6,82.7,63.2,58.0,51.0,1.27,3.0,15.3,79.1,2
2026-03-27,ONGC.NS,F_vwap_reclaim,F,281.95,3.56,271.908,86.7,100.0,82.7,63.2,78.6,65.0,1.27,3.0,19.5,88.5,2
2026-03-30,COALINDIA.NS,B_pullback_rebound,B,450.45,2.59,438.8,94.7,47.7,65.5,53.2,84.5,25.3,0.46,1.83,7.6,59.8,1
2026-03-30,ONGC.NS,A_breakout_40d,A,284.65,7.0,264.7245,87.7,56.9,70.2,65.2,58.0,85.3,1.34,3.0,25.6,76.7,1
2026-04-01,ADANIPOWER.NS,A_breakout_40d,A,157.11,7.0,146.1123,74.5,57.8,70.2,62.4,58.0,85.3,0.73,2.9,25.6,74.1,1
2026-04-01,SBILIFE.NS,D_rsi_bounce,D,1790.5,1.37,1766.0,67.6,81.7,59.2,30.9,91.8,0.0,-1.29,0.0,0.0,51.3,1
2026-04-01,SBIN.NS,D_rsi_bounce,D,1017.8,4.13,975.8,100.0,100.0,60.0,38.8,75.2,0.0,0.01,0.05,0.0,59.5,1
